# .PCD v0.7 - Point Cloud Data file format
VERSION 0.7
FIELDS x y z rgb
SIZE 4 4 4 4
TYPE F F F U
COUNT 1 1 1 1
WIDTH 6504
HEIGHT 1
VIEWPOINT 0 0 0 1 0 0 0
POINTS 6504
DATA ascii
1 0 0 4278222847
1.0526316 0 0 4278222847
1.1052631 0 0 4278222847
1.1578947 0 0 4278222847
1.2105263 0 0 4278222847
1.2631578 0 0 4278222847
1.3157895 0 0 4278222847
1.3684211 0 0 4278222847
1.4210527 0 0 4278222847
1.4736842 0 0 4278222847
1.5263158 0 0 4278222847
1.5789473 0 0 4278222847
1.6315789 0 0 4278222847
1.6842105 0 0 4278222847
1.7368422 0 0 4278222847
1.7894738 0 0 4278222847
1.8421053 0 0 4278222847
1.8947368 0 0 4278222847
1.9473684 0 0 4278222847
2 0 0 4278222847
2 0.052631579 0 4278222847
2 0.10526316 0 4278222847
2 0.15789473 0 4278222847
2 0.21052632 0 4278222847
2 0.2631579 0 4278222847
2 0.31578946 0 4278222847
2 0.36842105 0 4278222847
2 0.42105263 0 4278222847
2 0.47368422 0 4278222847
2 0.52631581 0 4278222847
2 0.57894737 0 4278222847
2 0.63157892 0 4278222847
2 0.68421054 0 4278222847
2 0.7368421 0 4278222847
2 0.78947371 0 4278222847
2 0.84210527 0 4278222847
2 0.89473683 0 4278222847
2 0.94736844 0 4278222847
2 1 0 4278222847
1.9473684 1 0 4278222847
1.8947369 1 0 4278222847
1.8421053 1 0 4278222847
1.7894737 1 0 4278222847
1.7368422 1 0 4278222847
1.6842105 1 0 4278222847
1.6315789 1 0 4278222847
1.5789473 1 0 4278222847
1.5263158 1 0 4278222847
1.4736842 1 0 4278222847
1.4210527 1 0 4278222847
1.3684211 1 0 4278222847
1.3157895 1 0 4278222847
1.2631578 1 0 4278222847
1.2105262 1 0 4278222847
1.1578947 1 0 4278222847
1.1052632 1 0 4278222847
1.0526316 1 0 4278222847
1 1 0 4278222847
1 0.94736844 0 4278222847
1 0.89473683 0 4278222847
1 0.84210527 0 4278222847
1 0.78947365 0 4278222847
1 0.7368421 0 4278222847
1 0.68421054 0 4278222847
1 0.63157892 0 4278222847
1 0.57894737 0 4278222847
1 0.52631581 0 4278222847
1 0.47368419 0 4278222847
1 0.42105263 0 4278222847
1 0.36842108 0 4278222847
1 0.31578946 0 4278222847
1 0.2631579 0 4278222847
1 0.21052629 0 4278222847
1 0.15789473 0 4278222847
1 0.10526317 0 4278222847
1 0.052631557 0 4278222847
1 0 1 4278222847
1.0526316 0 1 4278222847
1.1052631 0 1 4278222847
1.1578947 0 1 4278222847
1.2105263 0 1 4278222847
1.2631578 0 1 4278222847
1.3157895 0 1 4278222847
1.3684211 0 1 4278222847
1.4210527 0 1 4278222847
1.4736842 0 1 4278222847
1.5263158 0 1 4278222847
1.5789473 0 1 4278222847
1.6315789 0 1 4278222847
1.6842105 0 1 4278222847
1.7368422 0 1 4278222847
1.7894738 0 1 4278222847
1.8421053 0 1 4278222847
1.8947368 0 1 4278222847
1.9473684 0 1 4278222847
2 0 1 4278222847
2 0.052631579 1 4278222847
2 0.10526316 1 4278222847
2 0.15789473 1 4278222847
2 0.21052632 1 4278222847
2 0.2631579 1 4278222847
2 0.31578946 1 4278222847
2 0.36842105 1 4278222847
2 0.42105263 1 4278222847
2 0.47368422 1 4278222847
2 0.52631581 1 4278222847
2 0.57894737 1 4278222847
2 0.63157892 1 4278222847
2 0.68421054 1 4278222847
2 0.7368421 1 4278222847
2 0.78947371 1 4278222847
2 0.84210527 1 4278222847
2 0.89473683 1 4278222847
2 0.94736844 1 4278222847
2 1 1 4278222847
1.9473684 1 1 4278222847
1.8947369 1 1 4278222847
1.8421053 1 1 4278222847
1.7894737 1 1 4278222847
1.7368422 1 1 4278222847
1.6842105 1 1 4278222847
1.6315789 1 1 4278222847
1.5789473 1 1 4278222847
1.5263158 1 1 4278222847
1.4736842 1 1 4278222847
1.4210527 1 1 4278222847
1.3684211 1 1 4278222847
1.3157895 1 1 4278222847
1.2631578 1 1 4278222847
1.2105262 1 1 4278222847
1.1578947 1 1 4278222847
1.1052632 1 1 4278222847
1.0526316 1 1 4278222847
1 1 1 4278222847
1 0.94736844 1 4278222847
1 0.89473683 1 4278222847
1 0.84210527 1 4278222847
1 0.78947365 1 4278222847
1 0.7368421 1 4278222847
1 0.68421054 1 4278222847
1 0.63157892 1 4278222847
1 0.57894737 1 4278222847
1 0.52631581 1 4278222847
1 0.47368419 1 4278222847
1 0.42105263 1 4278222847
1 0.36842108 1 4278222847
1 0.31578946 1 4278222847
1 0.2631579 1 4278222847
1 0.21052629 1 4278222847
1 0.15789473 1 4278222847
1 0.10526317 1 4278222847
1 0.052631557 1 4278222847
1 1 0.94736844 4278222847
1 1 0.89473683 4278222847
1 1 0.84210527 4278222847
1 1 0.78947365 4278222847
1 1 0.7368421 4278222847
1 1 0.68421054 4278222847
1 1 0.63157892 4278222847
1 1 0.57894737 4278222847
1 1 0.52631581 4278222847
1 1 0.47368419 4278222847
1 1 0.42105263 4278222847
1 1 0.36842108 4278222847
1 1 0.31578946 4278222847
1 1 0.2631579 4278222847
1 1 0.21052629 4278222847
1 1 0.15789473 4278222847
1 1 0.10526317 4278222847
1 1 0.052631557 4278222847
2 1 0.94736844 4278222847
2 1 0.89473683 4278222847
2 1 0.84210527 4278222847
2 1 0.78947365 4278222847
2 1 0.7368421 4278222847
2 1 0.68421054 4278222847
2 1 0.63157892 4278222847
2 1 0.57894737 4278222847
2 1 0.52631581 4278222847
2 1 0.47368419 4278222847
2 1 0.42105263 4278222847
2 1 0.36842108 4278222847
2 1 0.31578946 4278222847
2 1 0.2631579 4278222847
2 1 0.21052629 4278222847
2 1 0.15789473 4278222847
2 1 0.10526317 4278222847
2 1 0.052631557 4278222847
2 0 0.94736844 4278222847
2 0 0.89473683 4278222847
2 0 0.84210527 4278222847
2 0 0.78947365 4278222847
2 0 0.7368421 4278222847
2 0 0.68421054 4278222847
2 0 0.63157892 4278222847
2 0 0.57894737 4278222847
2 0 0.52631581 4278222847
2 0 0.47368419 4278222847
2 0 0.42105263 4278222847
2 0 0.36842108 4278222847
2 0 0.31578946 4278222847
2 0 0.2631579 4278222847
2 0 0.21052629 4278222847
2 0 0.15789473 4278222847
2 0 0.10526317 4278222847
2 0 0.052631557 4278222847
1 0 0.94736844 4278222847
1 0 0.89473683 4278222847
1 0 0.84210527 4278222847
1 0 0.78947365 4278222847
1 0 0.7368421 4278222847
1 0 0.68421054 4278222847
1 0 0.63157892 4278222847
1 0 0.57894737 4278222847
1 0 0.52631581 4278222847
1 0 0.47368419 4278222847
1 0 0.42105263 4278222847
1 0 0.36842108 4278222847
1 0 0.31578946 4278222847
1 0 0.2631579 4278222847
1 0 0.21052629 4278222847
1 0 0.15789473 4278222847
1 0 0.10526317 4278222847
1 0 0.052631557 4278222847
1.0526316 0.94736844 0 4278222847
1.0526316 0.89473683 0 4278222847
1.0526316 0.84210527 0 4278222847
1.0526316 0.78947365 0 4278222847
1.0526316 0.7368421 0 4278222847
1.0526316 0.68421054 0 4278222847
1.0526316 0.63157892 0 4278222847
1.0526316 0.57894737 0 4278222847
1.0526316 0.52631581 0 4278222847
1.0526316 0.47368419 0 4278222847
1.0526316 0.42105263 0 4278222847
1.0526316 0.36842108 0 4278222847
1.0526316 0.31578946 0 4278222847
1.0526316 0.2631579 0 4278222847
1.0526316 0.21052629 0 4278222847
1.0526316 0.15789473 0 4278222847
1.0526316 0.10526317 0 4278222847
1.0526316 0.052631557 0 4278222847
1.1052632 0.94736844 0 4278222847
1.1052632 0.89473683 0 4278222847
1.1052632 0.84210527 0 4278222847
1.1052632 0.78947365 0 4278222847
1.1052632 0.7368421 0 4278222847
1.1052632 0.68421054 0 4278222847
1.1052632 0.63157892 0 4278222847
1.1052632 0.57894737 0 4278222847
1.1052632 0.52631581 0 4278222847
1.1052632 0.47368419 0 4278222847
1.1052632 0.42105263 0 4278222847
1.1052632 0.36842108 0 4278222847
1.1052632 0.31578946 0 4278222847
1.1052632 0.2631579 0 4278222847
1.1052632 0.21052629 0 4278222847
1.1052632 0.15789473 0 4278222847
1.1052632 0.10526317 0 4278222847
1.1052632 0.052631557 0 4278222847
1.1578947 0.94736844 0 4278222847
1.1578947 0.89473683 0 4278222847
1.1578947 0.84210527 0 4278222847
1.1578947 0.78947365 0 4278222847
1.1578947 0.7368421 0 4278222847
1.1578947 0.68421054 0 4278222847
1.1578947 0.63157892 0 4278222847
1.1578947 0.57894737 0 4278222847
1.1578947 0.52631581 0 4278222847
1.1578947 0.47368419 0 4278222847
1.1578947 0.42105263 0 4278222847
1.1578947 0.36842108 0 4278222847
1.1578947 0.31578946 0 4278222847
1.1578947 0.2631579 0 4278222847
1.1578947 0.21052629 0 4278222847
1.1578947 0.15789473 0 4278222847
1.1578947 0.10526317 0 4278222847
1.1578947 0.052631557 0 4278222847
1.2105262 0.94736844 0 4278222847
1.2105262 0.89473683 0 4278222847
1.2105262 0.84210527 0 4278222847
1.2105262 0.78947365 0 4278222847
1.2105262 0.7368421 0 4278222847
1.2105262 0.68421054 0 4278222847
1.2105262 0.63157892 0 4278222847
1.2105262 0.57894737 0 4278222847
1.2105262 0.52631581 0 4278222847
1.2105262 0.47368419 0 4278222847
1.2105262 0.42105263 0 4278222847
1.2105262 0.36842108 0 4278222847
1.2105262 0.31578946 0 4278222847
1.2105262 0.2631579 0 4278222847
1.2105262 0.21052629 0 4278222847
1.2105262 0.15789473 0 4278222847
1.2105262 0.10526317 0 4278222847
1.2105262 0.052631557 0 4278222847
1.2631578 0.94736844 0 4278222847
1.2631578 0.89473683 0 4278222847
1.2631578 0.84210527 0 4278222847
1.2631578 0.78947365 0 4278222847
1.2631578 0.7368421 0 4278222847
1.2631578 0.68421054 0 4278222847
1.2631578 0.63157892 0 4278222847
1.2631578 0.57894737 0 4278222847
1.2631578 0.52631581 0 4278222847
1.2631578 0.47368419 0 4278222847
1.2631578 0.42105263 0 4278222847
1.2631578 0.36842108 0 4278222847
1.2631578 0.31578946 0 4278222847
1.2631578 0.2631579 0 4278222847
1.2631578 0.21052629 0 4278222847
1.2631578 0.15789473 0 4278222847
1.2631578 0.10526317 0 4278222847
1.2631578 0.052631557 0 4278222847
1.3157895 0.94736844 0 4278222847
1.3157895 0.89473683 0 4278222847
1.3157895 0.84210527 0 4278222847
1.3157895 0.78947365 0 4278222847
1.3157895 0.7368421 0 4278222847
1.3157895 0.68421054 0 4278222847
1.3157895 0.63157892 0 4278222847
1.3157895 0.57894737 0 4278222847
1.3157895 0.52631581 0 4278222847
1.3157895 0.47368419 0 4278222847
1.3157895 0.42105263 0 4278222847
1.3157895 0.36842108 0 4278222847
1.3157895 0.31578946 0 4278222847
1.3157895 0.2631579 0 4278222847
1.3157895 0.21052629 0 4278222847
1.3157895 0.15789473 0 4278222847
1.3157895 0.10526317 0 4278222847
1.3157895 0.052631557 0 4278222847
1.3684211 0.94736844 0 4278222847
1.3684211 0.89473683 0 4278222847
1.3684211 0.84210527 0 4278222847
1.3684211 0.78947365 0 4278222847
1.3684211 0.7368421 0 4278222847
1.3684211 0.68421054 0 4278222847
1.3684211 0.63157892 0 4278222847
1.3684211 0.57894737 0 4278222847
1.3684211 0.52631581 0 4278222847
1.3684211 0.47368419 0 4278222847
1.3684211 0.42105263 0 4278222847
1.3684211 0.36842108 0 4278222847
1.3684211 0.31578946 0 4278222847
1.3684211 0.2631579 0 4278222847
1.3684211 0.21052629 0 4278222847
1.3684211 0.15789473 0 4278222847
1.3684211 0.10526317 0 4278222847
1.3684211 0.052631557 0 4278222847
1.4210527 0.94736844 0 4278222847
1.4210527 0.89473683 0 4278222847
1.4210527 0.84210527 0 4278222847
1.4210527 0.78947365 0 4278222847
1.4210527 0.7368421 0 4278222847
1.4210527 0.68421054 0 4278222847
1.4210527 0.63157892 0 4278222847
1.4210527 0.57894737 0 4278222847
1.4210527 0.52631581 0 4278222847
1.4210527 0.47368419 0 4278222847
1.4210527 0.42105263 0 4278222847
1.4210527 0.36842108 0 4278222847
1.4210527 0.31578946 0 4278222847
1.4210527 0.2631579 0 4278222847
1.4210527 0.21052629 0 4278222847
1.4210527 0.15789473 0 4278222847
1.4210527 0.10526317 0 4278222847
1.4210527 0.052631557 0 4278222847
1.4736842 0.94736844 0 4278222847
1.4736842 0.89473683 0 4278222847
1.4736842 0.84210527 0 4278222847
1.4736842 0.78947365 0 4278222847
1.4736842 0.7368421 0 4278222847
1.4736842 0.68421054 0 4278222847
1.4736842 0.63157892 0 4278222847
1.4736842 0.57894737 0 4278222847
1.4736842 0.52631581 0 4278222847
1.4736842 0.47368419 0 4278222847
1.4736842 0.42105263 0 4278222847
1.4736842 0.36842108 0 4278222847
1.4736842 0.31578946 0 4278222847
1.4736842 0.2631579 0 4278222847
1.4736842 0.21052629 0 4278222847
1.4736842 0.15789473 0 4278222847
1.4736842 0.10526317 0 4278222847
1.4736842 0.052631557 0 4278222847
1.5263158 0.94736844 0 4278222847
1.5263158 0.89473683 0 4278222847
1.5263158 0.84210527 0 4278222847
1.5263158 0.78947365 0 4278222847
1.5263158 0.7368421 0 4278222847
1.5263158 0.68421054 0 4278222847
1.5263158 0.63157892 0 4278222847
1.5263158 0.57894737 0 4278222847
1.5263158 0.52631581 0 4278222847
1.5263158 0.47368419 0 4278222847
1.5263158 0.42105263 0 4278222847
1.5263158 0.36842108 0 4278222847
1.5263158 0.31578946 0 4278222847
1.5263158 0.2631579 0 4278222847
1.5263158 0.21052629 0 4278222847
1.5263158 0.15789473 0 4278222847
1.5263158 0.10526317 0 4278222847
1.5263158 0.052631557 0 4278222847
1.5789473 0.94736844 0 4278222847
1.5789473 0.89473683 0 4278222847
1.5789473 0.84210527 0 4278222847
1.5789473 0.78947365 0 4278222847
1.5789473 0.7368421 0 4278222847
1.5789473 0.68421054 0 4278222847
1.5789473 0.63157892 0 4278222847
1.5789473 0.57894737 0 4278222847
1.5789473 0.52631581 0 4278222847
1.5789473 0.47368419 0 4278222847
1.5789473 0.42105263 0 4278222847
1.5789473 0.36842108 0 4278222847
1.5789473 0.31578946 0 4278222847
1.5789473 0.2631579 0 4278222847
1.5789473 0.21052629 0 4278222847
1.5789473 0.15789473 0 4278222847
1.5789473 0.10526317 0 4278222847
1.5789473 0.052631557 0 4278222847
1.6315789 0.94736844 0 4278222847
1.6315789 0.89473683 0 4278222847
1.6315789 0.84210527 0 4278222847
1.6315789 0.78947365 0 4278222847
1.6315789 0.7368421 0 4278222847
1.6315789 0.68421054 0 4278222847
1.6315789 0.63157892 0 4278222847
1.6315789 0.57894737 0 4278222847
1.6315789 0.52631581 0 4278222847
1.6315789 0.47368419 0 4278222847
1.6315789 0.42105263 0 4278222847
1.6315789 0.36842108 0 4278222847
1.6315789 0.31578946 0 4278222847
1.6315789 0.2631579 0 4278222847
1.6315789 0.21052629 0 4278222847
1.6315789 0.15789473 0 4278222847
1.6315789 0.10526317 0 4278222847
1.6315789 0.052631557 0 4278222847
1.6842105 0.94736844 0 4278222847
1.6842105 0.89473683 0 4278222847
1.6842105 0.84210527 0 4278222847
1.6842105 0.78947365 0 4278222847
1.6842105 0.7368421 0 4278222847
1.6842105 0.68421054 0 4278222847
1.6842105 0.63157892 0 4278222847
1.6842105 0.57894737 0 4278222847
1.6842105 0.52631581 0 4278222847
1.6842105 0.47368419 0 4278222847
1.6842105 0.42105263 0 4278222847
1.6842105 0.36842108 0 4278222847
1.6842105 0.31578946 0 4278222847
1.6842105 0.2631579 0 4278222847
1.6842105 0.21052629 0 4278222847
1.6842105 0.15789473 0 4278222847
1.6842105 0.10526317 0 4278222847
1.6842105 0.052631557 0 4278222847
1.7368422 0.94736844 0 4278222847
1.7368422 0.89473683 0 4278222847
1.7368422 0.84210527 0 4278222847
1.7368422 0.78947365 0 4278222847
1.7368422 0.7368421 0 4278222847
1.7368422 0.68421054 0 4278222847
1.7368422 0.63157892 0 4278222847
1.7368422 0.57894737 0 4278222847
1.7368422 0.52631581 0 4278222847
1.7368422 0.47368419 0 4278222847
1.7368422 0.42105263 0 4278222847
1.7368422 0.36842108 0 4278222847
1.7368422 0.31578946 0 4278222847
1.7368422 0.2631579 0 4278222847
1.7368422 0.21052629 0 4278222847
1.7368422 0.15789473 0 4278222847
1.7368422 0.10526317 0 4278222847
1.7368422 0.052631557 0 4278222847
1.7894737 0.94736844 0 4278222847
1.7894737 0.89473683 0 4278222847
1.7894737 0.84210527 0 4278222847
1.7894737 0.78947365 0 4278222847
1.7894737 0.7368421 0 4278222847
1.7894737 0.68421054 0 4278222847
1.7894737 0.63157892 0 4278222847
1.7894737 0.57894737 0 4278222847
1.7894737 0.52631581 0 4278222847
1.7894737 0.47368419 0 4278222847
1.7894737 0.42105263 0 4278222847
1.7894737 0.36842108 0 4278222847
1.7894737 0.31578946 0 4278222847
1.7894737 0.2631579 0 4278222847
1.7894737 0.21052629 0 4278222847
1.7894737 0.15789473 0 4278222847
1.7894737 0.10526317 0 4278222847
1.7894737 0.052631557 0 4278222847
1.8421053 0.94736844 0 4278222847
1.8421053 0.89473683 0 4278222847
1.8421053 0.84210527 0 4278222847
1.8421053 0.78947365 0 4278222847
1.8421053 0.7368421 0 4278222847
1.8421053 0.68421054 0 4278222847
1.8421053 0.63157892 0 4278222847
1.8421053 0.57894737 0 4278222847
1.8421053 0.52631581 0 4278222847
1.8421053 0.47368419 0 4278222847
1.8421053 0.42105263 0 4278222847
1.8421053 0.36842108 0 4278222847
1.8421053 0.31578946 0 4278222847
1.8421053 0.2631579 0 4278222847
1.8421053 0.21052629 0 4278222847
1.8421053 0.15789473 0 4278222847
1.8421053 0.10526317 0 4278222847
1.8421053 0.052631557 0 4278222847
1.8947369 0.94736844 0 4278222847
1.8947369 0.89473683 0 4278222847
1.8947369 0.84210527 0 4278222847
1.8947369 0.78947365 0 4278222847
1.8947369 0.7368421 0 4278222847
1.8947369 0.68421054 0 4278222847
1.8947369 0.63157892 0 4278222847
1.8947369 0.57894737 0 4278222847
1.8947369 0.52631581 0 4278222847
1.8947369 0.47368419 0 4278222847
1.8947369 0.42105263 0 4278222847
1.8947369 0.36842108 0 4278222847
1.8947369 0.31578946 0 4278222847
1.8947369 0.2631579 0 4278222847
1.8947369 0.21052629 0 4278222847
1.8947369 0.15789473 0 4278222847
1.8947369 0.10526317 0 4278222847
1.8947369 0.052631557 0 4278222847
1.9473684 0.94736844 0 4278222847
1.9473684 0.89473683 0 4278222847
1.9473684 0.84210527 0 4278222847
1.9473684 0.78947365 0 4278222847
1.9473684 0.7368421 0 4278222847
1.9473684 0.68421054 0 4278222847
1.9473684 0.63157892 0 4278222847
1.9473684 0.57894737 0 4278222847
1.9473684 0.52631581 0 4278222847
1.9473684 0.47368419 0 4278222847
1.9473684 0.42105263 0 4278222847
1.9473684 0.36842108 0 4278222847
1.9473684 0.31578946 0 4278222847
1.9473684 0.2631579 0 4278222847
1.9473684 0.21052629 0 4278222847
1.9473684 0.15789473 0 4278222847
1.9473684 0.10526317 0 4278222847
1.9473684 0.052631557 0 4278222847
1.0526316 0.94736844 1 4278222847
1.0526316 0.89473683 1 4278222847
1.0526316 0.84210527 1 4278222847
1.0526316 0.78947365 1 4278222847
1.0526316 0.7368421 1 4278222847
1.0526316 0.68421054 1 4278222847
1.0526316 0.63157892 1 4278222847
1.0526316 0.57894737 1 4278222847
1.0526316 0.52631581 1 4278222847
1.0526316 0.47368419 1 4278222847
1.0526316 0.42105263 1 4278222847
1.0526316 0.36842108 1 4278222847
1.0526316 0.31578946 1 4278222847
1.0526316 0.2631579 1 4278222847
1.0526316 0.21052629 1 4278222847
1.0526316 0.15789473 1 4278222847
1.0526316 0.10526317 1 4278222847
1.0526316 0.052631557 1 4278222847
1.1052632 0.94736844 1 4278222847
1.1052632 0.89473683 1 4278222847
1.1052632 0.84210527 1 4278222847
1.1052632 0.78947365 1 4278222847
1.1052632 0.7368421 1 4278222847
1.1052632 0.68421054 1 4278222847
1.1052632 0.63157892 1 4278222847
1.1052632 0.57894737 1 4278222847
1.1052632 0.52631581 1 4278222847
1.1052632 0.47368419 1 4278222847
1.1052632 0.42105263 1 4278222847
1.1052632 0.36842108 1 4278222847
1.1052632 0.31578946 1 4278222847
1.1052632 0.2631579 1 4278222847
1.1052632 0.21052629 1 4278222847
1.1052632 0.15789473 1 4278222847
1.1052632 0.10526317 1 4278222847
1.1052632 0.052631557 1 4278222847
1.1578947 0.94736844 1 4278222847
1.1578947 0.89473683 1 4278222847
1.1578947 0.84210527 1 4278222847
1.1578947 0.78947365 1 4278222847
1.1578947 0.7368421 1 4278222847
1.1578947 0.68421054 1 4278222847
1.1578947 0.63157892 1 4278222847
1.1578947 0.57894737 1 4278222847
1.1578947 0.52631581 1 4278222847
1.1578947 0.47368419 1 4278222847
1.1578947 0.42105263 1 4278222847
1.1578947 0.36842108 1 4278222847
1.1578947 0.31578946 1 4278222847
1.1578947 0.2631579 1 4278222847
1.1578947 0.21052629 1 4278222847
1.1578947 0.15789473 1 4278222847
1.1578947 0.10526317 1 4278222847
1.1578947 0.052631557 1 4278222847
1.2105262 0.94736844 1 4278222847
1.2105262 0.89473683 1 4278222847
1.2105262 0.84210527 1 4278222847
1.2105262 0.78947365 1 4278222847
1.2105262 0.7368421 1 4278222847
1.2105262 0.68421054 1 4278222847
1.2105262 0.63157892 1 4278222847
1.2105262 0.57894737 1 4278222847
1.2105262 0.52631581 1 4278222847
1.2105262 0.47368419 1 4278222847
1.2105262 0.42105263 1 4278222847
1.2105262 0.36842108 1 4278222847
1.2105262 0.31578946 1 4278222847
1.2105262 0.2631579 1 4278222847
1.2105262 0.21052629 1 4278222847
1.2105262 0.15789473 1 4278222847
1.2105262 0.10526317 1 4278222847
1.2105262 0.052631557 1 4278222847
1.2631578 0.94736844 1 4278222847
1.2631578 0.89473683 1 4278222847
1.2631578 0.84210527 1 4278222847
1.2631578 0.78947365 1 4278222847
1.2631578 0.7368421 1 4278222847
1.2631578 0.68421054 1 4278222847
1.2631578 0.63157892 1 4278222847
1.2631578 0.57894737 1 4278222847
1.2631578 0.52631581 1 4278222847
1.2631578 0.47368419 1 4278222847
1.2631578 0.42105263 1 4278222847
1.2631578 0.36842108 1 4278222847
1.2631578 0.31578946 1 4278222847
1.2631578 0.2631579 1 4278222847
1.2631578 0.21052629 1 4278222847
1.2631578 0.15789473 1 4278222847
1.2631578 0.10526317 1 4278222847
1.2631578 0.052631557 1 4278222847
1.3157895 0.94736844 1 4278222847
1.3157895 0.89473683 1 4278222847
1.3157895 0.84210527 1 4278222847
1.3157895 0.78947365 1 4278222847
1.3157895 0.7368421 1 4278222847
1.3157895 0.68421054 1 4278222847
1.3157895 0.63157892 1 4278222847
1.3157895 0.57894737 1 4278222847
1.3157895 0.52631581 1 4278222847
1.3157895 0.47368419 1 4278222847
1.3157895 0.42105263 1 4278222847
1.3157895 0.36842108 1 4278222847
1.3157895 0.31578946 1 4278222847
1.3157895 0.2631579 1 4278222847
1.3157895 0.21052629 1 4278222847
1.3157895 0.15789473 1 4278222847
1.3157895 0.10526317 1 4278222847
1.3157895 0.052631557 1 4278222847
1.3684211 0.94736844 1 4278222847
1.3684211 0.89473683 1 4278222847
1.3684211 0.84210527 1 4278222847
1.3684211 0.78947365 1 4278222847
1.3684211 0.7368421 1 4278222847
1.3684211 0.68421054 1 4278222847
1.3684211 0.63157892 1 4278222847
1.3684211 0.57894737 1 4278222847
1.3684211 0.52631581 1 4278222847
1.3684211 0.47368419 1 4278222847
1.3684211 0.42105263 1 4278222847
1.3684211 0.36842108 1 4278222847
1.3684211 0.31578946 1 4278222847
1.3684211 0.2631579 1 4278222847
1.3684211 0.21052629 1 4278222847
1.3684211 0.15789473 1 4278222847
1.3684211 0.10526317 1 4278222847
1.3684211 0.052631557 1 4278222847
1.4210527 0.94736844 1 4278222847
1.4210527 0.89473683 1 4278222847
1.4210527 0.84210527 1 4278222847
1.4210527 0.78947365 1 4278222847
1.4210527 0.7368421 1 4278222847
1.4210527 0.68421054 1 4278222847
1.4210527 0.63157892 1 4278222847
1.4210527 0.57894737 1 4278222847
1.4210527 0.52631581 1 4278222847
1.4210527 0.47368419 1 4278222847
1.4210527 0.42105263 1 4278222847
1.4210527 0.36842108 1 4278222847
1.4210527 0.31578946 1 4278222847
1.4210527 0.2631579 1 4278222847
1.4210527 0.21052629 1 4278222847
1.4210527 0.15789473 1 4278222847
1.4210527 0.10526317 1 4278222847
1.4210527 0.052631557 1 4278222847
1.4736842 0.94736844 1 4278222847
1.4736842 0.89473683 1 4278222847
1.4736842 0.84210527 1 4278222847
1.4736842 0.78947365 1 4278222847
1.4736842 0.7368421 1 4278222847
1.4736842 0.68421054 1 4278222847
1.4736842 0.63157892 1 4278222847
1.4736842 0.57894737 1 4278222847
1.4736842 0.52631581 1 4278222847
1.4736842 0.47368419 1 4278222847
1.4736842 0.42105263 1 4278222847
1.4736842 0.36842108 1 4278222847
1.4736842 0.31578946 1 4278222847
1.4736842 0.2631579 1 4278222847
1.4736842 0.21052629 1 4278222847
1.4736842 0.15789473 1 4278222847
1.4736842 0.10526317 1 4278222847
1.4736842 0.052631557 1 4278222847
1.5263158 0.94736844 1 4278222847
1.5263158 0.89473683 1 4278222847
1.5263158 0.84210527 1 4278222847
1.5263158 0.78947365 1 4278222847
1.5263158 0.7368421 1 4278222847
1.5263158 0.68421054 1 4278222847
1.5263158 0.63157892 1 4278222847
1.5263158 0.57894737 1 4278222847
1.5263158 0.52631581 1 4278222847
1.5263158 0.47368419 1 4278222847
1.5263158 0.42105263 1 4278222847
1.5263158 0.36842108 1 4278222847
1.5263158 0.31578946 1 4278222847
1.5263158 0.2631579 1 4278222847
1.5263158 0.21052629 1 4278222847
1.5263158 0.15789473 1 4278222847
1.5263158 0.10526317 1 4278222847
1.5263158 0.052631557 1 4278222847
1.5789473 0.94736844 1 4278222847
1.5789473 0.89473683 1 4278222847
1.5789473 0.84210527 1 4278222847
1.5789473 0.78947365 1 4278222847
1.5789473 0.7368421 1 4278222847
1.5789473 0.68421054 1 4278222847
1.5789473 0.63157892 1 4278222847
1.5789473 0.57894737 1 4278222847
1.5789473 0.52631581 1 4278222847
1.5789473 0.47368419 1 4278222847
1.5789473 0.42105263 1 4278222847
1.5789473 0.36842108 1 4278222847
1.5789473 0.31578946 1 4278222847
1.5789473 0.2631579 1 4278222847
1.5789473 0.21052629 1 4278222847
1.5789473 0.15789473 1 4278222847
1.5789473 0.10526317 1 4278222847
1.5789473 0.052631557 1 4278222847
1.6315789 0.94736844 1 4278222847
1.6315789 0.89473683 1 4278222847
1.6315789 0.84210527 1 4278222847
1.6315789 0.78947365 1 4278222847
1.6315789 0.7368421 1 4278222847
1.6315789 0.68421054 1 4278222847
1.6315789 0.63157892 1 4278222847
1.6315789 0.57894737 1 4278222847
1.6315789 0.52631581 1 4278222847
1.6315789 0.47368419 1 4278222847
1.6315789 0.42105263 1 4278222847
1.6315789 0.36842108 1 4278222847
1.6315789 0.31578946 1 4278222847
1.6315789 0.2631579 1 4278222847
1.6315789 0.21052629 1 4278222847
1.6315789 0.15789473 1 4278222847
1.6315789 0.10526317 1 4278222847
1.6315789 0.052631557 1 4278222847
1.6842105 0.94736844 1 4278222847
1.6842105 0.89473683 1 4278222847
1.6842105 0.84210527 1 4278222847
1.6842105 0.78947365 1 4278222847
1.6842105 0.7368421 1 4278222847
1.6842105 0.68421054 1 4278222847
1.6842105 0.63157892 1 4278222847
1.6842105 0.57894737 1 4278222847
1.6842105 0.52631581 1 4278222847
1.6842105 0.47368419 1 4278222847
1.6842105 0.42105263 1 4278222847
1.6842105 0.36842108 1 4278222847
1.6842105 0.31578946 1 4278222847
1.6842105 0.2631579 1 4278222847
1.6842105 0.21052629 1 4278222847
1.6842105 0.15789473 1 4278222847
1.6842105 0.10526317 1 4278222847
1.6842105 0.052631557 1 4278222847
1.7368422 0.94736844 1 4278222847
1.7368422 0.89473683 1 4278222847
1.7368422 0.84210527 1 4278222847
1.7368422 0.78947365 1 4278222847
1.7368422 0.7368421 1 4278222847
1.7368422 0.68421054 1 4278222847
1.7368422 0.63157892 1 4278222847
1.7368422 0.57894737 1 4278222847
1.7368422 0.52631581 1 4278222847
1.7368422 0.47368419 1 4278222847
1.7368422 0.42105263 1 4278222847
1.7368422 0.36842108 1 4278222847
1.7368422 0.31578946 1 4278222847
1.7368422 0.2631579 1 4278222847
1.7368422 0.21052629 1 4278222847
1.7368422 0.15789473 1 4278222847
1.7368422 0.10526317 1 4278222847
1.7368422 0.052631557 1 4278222847
1.7894737 0.94736844 1 4278222847
1.7894737 0.89473683 1 4278222847
1.7894737 0.84210527 1 4278222847
1.7894737 0.78947365 1 4278222847
1.7894737 0.7368421 1 4278222847
1.7894737 0.68421054 1 4278222847
1.7894737 0.63157892 1 4278222847
1.7894737 0.57894737 1 4278222847
1.7894737 0.52631581 1 4278222847
1.7894737 0.47368419 1 4278222847
1.7894737 0.42105263 1 4278222847
1.7894737 0.36842108 1 4278222847
1.7894737 0.31578946 1 4278222847
1.7894737 0.2631579 1 4278222847
1.7894737 0.21052629 1 4278222847
1.7894737 0.15789473 1 4278222847
1.7894737 0.10526317 1 4278222847
1.7894737 0.052631557 1 4278222847
1.8421053 0.94736844 1 4278222847
1.8421053 0.89473683 1 4278222847
1.8421053 0.84210527 1 4278222847
1.8421053 0.78947365 1 4278222847
1.8421053 0.7368421 1 4278222847
1.8421053 0.68421054 1 4278222847
1.8421053 0.63157892 1 4278222847
1.8421053 0.57894737 1 4278222847
1.8421053 0.52631581 1 4278222847
1.8421053 0.47368419 1 4278222847
1.8421053 0.42105263 1 4278222847
1.8421053 0.36842108 1 4278222847
1.8421053 0.31578946 1 4278222847
1.8421053 0.2631579 1 4278222847
1.8421053 0.21052629 1 4278222847
1.8421053 0.15789473 1 4278222847
1.8421053 0.10526317 1 4278222847
1.8421053 0.052631557 1 4278222847
1.8947369 0.94736844 1 4278222847
1.8947369 0.89473683 1 4278222847
1.8947369 0.84210527 1 4278222847
1.8947369 0.78947365 1 4278222847
1.8947369 0.7368421 1 4278222847
1.8947369 0.68421054 1 4278222847
1.8947369 0.63157892 1 4278222847
1.8947369 0.57894737 1 4278222847
1.8947369 0.52631581 1 4278222847
1.8947369 0.47368419 1 4278222847
1.8947369 0.42105263 1 4278222847
1.8947369 0.36842108 1 4278222847
1.8947369 0.31578946 1 4278222847
1.8947369 0.2631579 1 4278222847
1.8947369 0.21052629 1 4278222847
1.8947369 0.15789473 1 4278222847
1.8947369 0.10526317 1 4278222847
1.8947369 0.052631557 1 4278222847
1.9473684 0.94736844 1 4278222847
1.9473684 0.89473683 1 4278222847
1.9473684 0.84210527 1 4278222847
1.9473684 0.78947365 1 4278222847
1.9473684 0.7368421 1 4278222847
1.9473684 0.68421054 1 4278222847
1.9473684 0.63157892 1 4278222847
1.9473684 0.57894737 1 4278222847
1.9473684 0.52631581 1 4278222847
1.9473684 0.47368419 1 4278222847
1.9473684 0.42105263 1 4278222847
1.9473684 0.36842108 1 4278222847
1.9473684 0.31578946 1 4278222847
1.9473684 0.2631579 1 4278222847
1.9473684 0.21052629 1 4278222847
1.9473684 0.15789473 1 4278222847
1.9473684 0.10526317 1 4278222847
1.9473684 0.052631557 1 4278222847
1.0526316 1 0.94736844 4278222847
1.0526316 1 0.89473683 4278222847
1.0526316 1 0.84210527 4278222847
1.0526316 1 0.78947365 4278222847
1.0526316 1 0.7368421 4278222847
1.0526316 1 0.68421054 4278222847
1.0526316 1 0.63157892 4278222847
1.0526316 1 0.57894737 4278222847
1.0526316 1 0.52631581 4278222847
1.0526316 1 0.47368419 4278222847
1.0526316 1 0.42105263 4278222847
1.0526316 1 0.36842108 4278222847
1.0526316 1 0.31578946 4278222847
1.0526316 1 0.2631579 4278222847
1.0526316 1 0.21052629 4278222847
1.0526316 1 0.15789473 4278222847
1.0526316 1 0.10526317 4278222847
1.0526316 1 0.052631557 4278222847
1.1052632 1 0.94736844 4278222847
1.1052632 1 0.89473683 4278222847
1.1052632 1 0.84210527 4278222847
1.1052632 1 0.78947365 4278222847
1.1052632 1 0.7368421 4278222847
1.1052632 1 0.68421054 4278222847
1.1052632 1 0.63157892 4278222847
1.1052632 1 0.57894737 4278222847
1.1052632 1 0.52631581 4278222847
1.1052632 1 0.47368419 4278222847
1.1052632 1 0.42105263 4278222847
1.1052632 1 0.36842108 4278222847
1.1052632 1 0.31578946 4278222847
1.1052632 1 0.2631579 4278222847
1.1052632 1 0.21052629 4278222847
1.1052632 1 0.15789473 4278222847
1.1052632 1 0.10526317 4278222847
1.1052632 1 0.052631557 4278222847
1.1578947 1 0.94736844 4278222847
1.1578947 1 0.89473683 4278222847
1.1578947 1 0.84210527 4278222847
1.1578947 1 0.78947365 4278222847
1.1578947 1 0.7368421 4278222847
1.1578947 1 0.68421054 4278222847
1.1578947 1 0.63157892 4278222847
1.1578947 1 0.57894737 4278222847
1.1578947 1 0.52631581 4278222847
1.1578947 1 0.47368419 4278222847
1.1578947 1 0.42105263 4278222847
1.1578947 1 0.36842108 4278222847
1.1578947 1 0.31578946 4278222847
1.1578947 1 0.2631579 4278222847
1.1578947 1 0.21052629 4278222847
1.1578947 1 0.15789473 4278222847
1.1578947 1 0.10526317 4278222847
1.1578947 1 0.052631557 4278222847
1.2105262 1 0.94736844 4278222847
1.2105262 1 0.89473683 4278222847
1.2105262 1 0.84210527 4278222847
1.2105262 1 0.78947365 4278222847
1.2105262 1 0.7368421 4278222847
1.2105262 1 0.68421054 4278222847
1.2105262 1 0.63157892 4278222847
1.2105262 1 0.57894737 4278222847
1.2105262 1 0.52631581 4278222847
1.2105262 1 0.47368419 4278222847
1.2105262 1 0.42105263 4278222847
1.2105262 1 0.36842108 4278222847
1.2105262 1 0.31578946 4278222847
1.2105262 1 0.2631579 4278222847
1.2105262 1 0.21052629 4278222847
1.2105262 1 0.15789473 4278222847
1.2105262 1 0.10526317 4278222847
1.2105262 1 0.052631557 4278222847
1.2631578 1 0.94736844 4278222847
1.2631578 1 0.89473683 4278222847
1.2631578 1 0.84210527 4278222847
1.2631578 1 0.78947365 4278222847
1.2631578 1 0.7368421 4278222847
1.2631578 1 0.68421054 4278222847
1.2631578 1 0.63157892 4278222847
1.2631578 1 0.57894737 4278222847
1.2631578 1 0.52631581 4278222847
1.2631578 1 0.47368419 4278222847
1.2631578 1 0.42105263 4278222847
1.2631578 1 0.36842108 4278222847
1.2631578 1 0.31578946 4278222847
1.2631578 1 0.2631579 4278222847
1.2631578 1 0.21052629 4278222847
1.2631578 1 0.15789473 4278222847
1.2631578 1 0.10526317 4278222847
1.2631578 1 0.052631557 4278222847
1.3157895 1 0.94736844 4278222847
1.3157895 1 0.89473683 4278222847
1.3157895 1 0.84210527 4278222847
1.3157895 1 0.78947365 4278222847
1.3157895 1 0.7368421 4278222847
1.3157895 1 0.68421054 4278222847
1.3157895 1 0.63157892 4278222847
1.3157895 1 0.57894737 4278222847
1.3157895 1 0.52631581 4278222847
1.3157895 1 0.47368419 4278222847
1.3157895 1 0.42105263 4278222847
1.3157895 1 0.36842108 4278222847
1.3157895 1 0.31578946 4278222847
1.3157895 1 0.2631579 4278222847
1.3157895 1 0.21052629 4278222847
1.3157895 1 0.15789473 4278222847
1.3157895 1 0.10526317 4278222847
1.3157895 1 0.052631557 4278222847
1.3684211 1 0.94736844 4278222847
1.3684211 1 0.89473683 4278222847
1.3684211 1 0.84210527 4278222847
1.3684211 1 0.78947365 4278222847
1.3684211 1 0.7368421 4278222847
1.3684211 1 0.68421054 4278222847
1.3684211 1 0.63157892 4278222847
1.3684211 1 0.57894737 4278222847
1.3684211 1 0.52631581 4278222847
1.3684211 1 0.47368419 4278222847
1.3684211 1 0.42105263 4278222847
1.3684211 1 0.36842108 4278222847
1.3684211 1 0.31578946 4278222847
1.3684211 1 0.2631579 4278222847
1.3684211 1 0.21052629 4278222847
1.3684211 1 0.15789473 4278222847
1.3684211 1 0.10526317 4278222847
1.3684211 1 0.052631557 4278222847
1.4210527 1 0.94736844 4278222847
1.4210527 1 0.89473683 4278222847
1.4210527 1 0.84210527 4278222847
1.4210527 1 0.78947365 4278222847
1.4210527 1 0.7368421 4278222847
1.4210527 1 0.68421054 4278222847
1.4210527 1 0.63157892 4278222847
1.4210527 1 0.57894737 4278222847
1.4210527 1 0.52631581 4278222847
1.4210527 1 0.47368419 4278222847
1.4210527 1 0.42105263 4278222847
1.4210527 1 0.36842108 4278222847
1.4210527 1 0.31578946 4278222847
1.4210527 1 0.2631579 4278222847
1.4210527 1 0.21052629 4278222847
1.4210527 1 0.15789473 4278222847
1.4210527 1 0.10526317 4278222847
1.4210527 1 0.052631557 4278222847
1.4736842 1 0.94736844 4278222847
1.4736842 1 0.89473683 4278222847
1.4736842 1 0.84210527 4278222847
1.4736842 1 0.78947365 4278222847
1.4736842 1 0.7368421 4278222847
1.4736842 1 0.68421054 4278222847
1.4736842 1 0.63157892 4278222847
1.4736842 1 0.57894737 4278222847
1.4736842 1 0.52631581 4278222847
1.4736842 1 0.47368419 4278222847
1.4736842 1 0.42105263 4278222847
1.4736842 1 0.36842108 4278222847
1.4736842 1 0.31578946 4278222847
1.4736842 1 0.2631579 4278222847
1.4736842 1 0.21052629 4278222847
1.4736842 1 0.15789473 4278222847
1.4736842 1 0.10526317 4278222847
1.4736842 1 0.052631557 4278222847
1.5263158 1 0.94736844 4278222847
1.5263158 1 0.89473683 4278222847
1.5263158 1 0.84210527 4278222847
1.5263158 1 0.78947365 4278222847
1.5263158 1 0.7368421 4278222847
1.5263158 1 0.68421054 4278222847
1.5263158 1 0.63157892 4278222847
1.5263158 1 0.57894737 4278222847
1.5263158 1 0.52631581 4278222847
1.5263158 1 0.47368419 4278222847
1.5263158 1 0.42105263 4278222847
1.5263158 1 0.36842108 4278222847
1.5263158 1 0.31578946 4278222847
1.5263158 1 0.2631579 4278222847
1.5263158 1 0.21052629 4278222847
1.5263158 1 0.15789473 4278222847
1.5263158 1 0.10526317 4278222847
1.5263158 1 0.052631557 4278222847
1.5789473 1 0.94736844 4278222847
1.5789473 1 0.89473683 4278222847
1.5789473 1 0.84210527 4278222847
1.5789473 1 0.78947365 4278222847
1.5789473 1 0.7368421 4278222847
1.5789473 1 0.68421054 4278222847
1.5789473 1 0.63157892 4278222847
1.5789473 1 0.57894737 4278222847
1.5789473 1 0.52631581 4278222847
1.5789473 1 0.47368419 4278222847
1.5789473 1 0.42105263 4278222847
1.5789473 1 0.36842108 4278222847
1.5789473 1 0.31578946 4278222847
1.5789473 1 0.2631579 4278222847
1.5789473 1 0.21052629 4278222847
1.5789473 1 0.15789473 4278222847
1.5789473 1 0.10526317 4278222847
1.5789473 1 0.052631557 4278222847
1.6315789 1 0.94736844 4278222847
1.6315789 1 0.89473683 4278222847
1.6315789 1 0.84210527 4278222847
1.6315789 1 0.78947365 4278222847
1.6315789 1 0.7368421 4278222847
1.6315789 1 0.68421054 4278222847
1.6315789 1 0.63157892 4278222847
1.6315789 1 0.57894737 4278222847
1.6315789 1 0.52631581 4278222847
1.6315789 1 0.47368419 4278222847
1.6315789 1 0.42105263 4278222847
1.6315789 1 0.36842108 4278222847
1.6315789 1 0.31578946 4278222847
1.6315789 1 0.2631579 4278222847
1.6315789 1 0.21052629 4278222847
1.6315789 1 0.15789473 4278222847
1.6315789 1 0.10526317 4278222847
1.6315789 1 0.052631557 4278222847
1.6842105 1 0.94736844 4278222847
1.6842105 1 0.89473683 4278222847
1.6842105 1 0.84210527 4278222847
1.6842105 1 0.78947365 4278222847
1.6842105 1 0.7368421 4278222847
1.6842105 1 0.68421054 4278222847
1.6842105 1 0.63157892 4278222847
1.6842105 1 0.57894737 4278222847
1.6842105 1 0.52631581 4278222847
1.6842105 1 0.47368419 4278222847
1.6842105 1 0.42105263 4278222847
1.6842105 1 0.36842108 4278222847
1.6842105 1 0.31578946 4278222847
1.6842105 1 0.2631579 4278222847
1.6842105 1 0.21052629 4278222847
1.6842105 1 0.15789473 4278222847
1.6842105 1 0.10526317 4278222847
1.6842105 1 0.052631557 4278222847
1.7368422 1 0.94736844 4278222847
1.7368422 1 0.89473683 4278222847
1.7368422 1 0.84210527 4278222847
1.7368422 1 0.78947365 4278222847
1.7368422 1 0.7368421 4278222847
1.7368422 1 0.68421054 4278222847
1.7368422 1 0.63157892 4278222847
1.7368422 1 0.57894737 4278222847
1.7368422 1 0.52631581 4278222847
1.7368422 1 0.47368419 4278222847
1.7368422 1 0.42105263 4278222847
1.7368422 1 0.36842108 4278222847
1.7368422 1 0.31578946 4278222847
1.7368422 1 0.2631579 4278222847
1.7368422 1 0.21052629 4278222847
1.7368422 1 0.15789473 4278222847
1.7368422 1 0.10526317 4278222847
1.7368422 1 0.052631557 4278222847
1.7894737 1 0.94736844 4278222847
1.7894737 1 0.89473683 4278222847
1.7894737 1 0.84210527 4278222847
1.7894737 1 0.78947365 4278222847
1.7894737 1 0.7368421 4278222847
1.7894737 1 0.68421054 4278222847
1.7894737 1 0.63157892 4278222847
1.7894737 1 0.57894737 4278222847
1.7894737 1 0.52631581 4278222847
1.7894737 1 0.47368419 4278222847
1.7894737 1 0.42105263 4278222847
1.7894737 1 0.36842108 4278222847
1.7894737 1 0.31578946 4278222847
1.7894737 1 0.2631579 4278222847
1.7894737 1 0.21052629 4278222847
1.7894737 1 0.15789473 4278222847
1.7894737 1 0.10526317 4278222847
1.7894737 1 0.052631557 4278222847
1.8421053 1 0.94736844 4278222847
1.8421053 1 0.89473683 4278222847
1.8421053 1 0.84210527 4278222847
1.8421053 1 0.78947365 4278222847
1.8421053 1 0.7368421 4278222847
1.8421053 1 0.68421054 4278222847
1.8421053 1 0.63157892 4278222847
1.8421053 1 0.57894737 4278222847
1.8421053 1 0.52631581 4278222847
1.8421053 1 0.47368419 4278222847
1.8421053 1 0.42105263 4278222847
1.8421053 1 0.36842108 4278222847
1.8421053 1 0.31578946 4278222847
1.8421053 1 0.2631579 4278222847
1.8421053 1 0.21052629 4278222847
1.8421053 1 0.15789473 4278222847
1.8421053 1 0.10526317 4278222847
1.8421053 1 0.052631557 4278222847
1.8947369 1 0.94736844 4278222847
1.8947369 1 0.89473683 4278222847
1.8947369 1 0.84210527 4278222847
1.8947369 1 0.78947365 4278222847
1.8947369 1 0.7368421 4278222847
1.8947369 1 0.68421054 4278222847
1.8947369 1 0.63157892 4278222847
1.8947369 1 0.57894737 4278222847
1.8947369 1 0.52631581 4278222847
1.8947369 1 0.47368419 4278222847
1.8947369 1 0.42105263 4278222847
1.8947369 1 0.36842108 4278222847
1.8947369 1 0.31578946 4278222847
1.8947369 1 0.2631579 4278222847
1.8947369 1 0.21052629 4278222847
1.8947369 1 0.15789473 4278222847
1.8947369 1 0.10526317 4278222847
1.8947369 1 0.052631557 4278222847
1.9473684 1 0.94736844 4278222847
1.9473684 1 0.89473683 4278222847
1.9473684 1 0.84210527 4278222847
1.9473684 1 0.78947365 4278222847
1.9473684 1 0.7368421 4278222847
1.9473684 1 0.68421054 4278222847
1.9473684 1 0.63157892 4278222847
1.9473684 1 0.57894737 4278222847
1.9473684 1 0.52631581 4278222847
1.9473684 1 0.47368419 4278222847
1.9473684 1 0.42105263 4278222847
1.9473684 1 0.36842108 4278222847
1.9473684 1 0.31578946 4278222847
1.9473684 1 0.2631579 4278222847
1.9473684 1 0.21052629 4278222847
1.9473684 1 0.15789473 4278222847
1.9473684 1 0.10526317 4278222847
1.9473684 1 0.052631557 4278222847
2 0.94736844 0.94736844 4278222847
2 0.94736844 0.89473683 4278222847
2 0.94736844 0.84210527 4278222847
2 0.94736844 0.78947365 4278222847
2 0.94736844 0.7368421 4278222847
2 0.94736844 0.68421054 4278222847
2 0.94736844 0.63157892 4278222847
2 0.94736844 0.57894737 4278222847
2 0.94736844 0.52631581 4278222847
2 0.94736844 0.47368419 4278222847
2 0.94736844 0.42105263 4278222847
2 0.94736844 0.36842108 4278222847
2 0.94736844 0.31578946 4278222847
2 0.94736844 0.2631579 4278222847
2 0.94736844 0.21052629 4278222847
2 0.94736844 0.15789473 4278222847
2 0.94736844 0.10526317 4278222847
2 0.94736844 0.052631557 4278222847
2 0.89473683 0.94736844 4278222847
2 0.89473683 0.89473683 4278222847
2 0.89473683 0.84210527 4278222847
2 0.89473683 0.78947365 4278222847
2 0.89473683 0.7368421 4278222847
2 0.89473683 0.68421054 4278222847
2 0.89473683 0.63157892 4278222847
2 0.89473683 0.57894737 4278222847
2 0.89473683 0.52631581 4278222847
2 0.89473683 0.47368419 4278222847
2 0.89473683 0.42105263 4278222847
2 0.89473683 0.36842108 4278222847
2 0.89473683 0.31578946 4278222847
2 0.89473683 0.2631579 4278222847
2 0.89473683 0.21052629 4278222847
2 0.89473683 0.15789473 4278222847
2 0.89473683 0.10526317 4278222847
2 0.89473683 0.052631557 4278222847
2 0.84210527 0.94736844 4278222847
2 0.84210527 0.89473683 4278222847
2 0.84210527 0.84210527 4278222847
2 0.84210527 0.78947365 4278222847
2 0.84210527 0.7368421 4278222847
2 0.84210527 0.68421054 4278222847
2 0.84210527 0.63157892 4278222847
2 0.84210527 0.57894737 4278222847
2 0.84210527 0.52631581 4278222847
2 0.84210527 0.47368419 4278222847
2 0.84210527 0.42105263 4278222847
2 0.84210527 0.36842108 4278222847
2 0.84210527 0.31578946 4278222847
2 0.84210527 0.2631579 4278222847
2 0.84210527 0.21052629 4278222847
2 0.84210527 0.15789473 4278222847
2 0.84210527 0.10526317 4278222847
2 0.84210527 0.052631557 4278222847
2 0.78947371 0.94736844 4278222847
2 0.78947371 0.89473683 4278222847
2 0.78947371 0.84210527 4278222847
2 0.78947371 0.78947365 4278222847
2 0.78947371 0.7368421 4278222847
2 0.78947371 0.68421054 4278222847
2 0.78947371 0.63157892 4278222847
2 0.78947371 0.57894737 4278222847
2 0.78947371 0.52631581 4278222847
2 0.78947371 0.47368419 4278222847
2 0.78947371 0.42105263 4278222847
2 0.78947371 0.36842108 4278222847
2 0.78947371 0.31578946 4278222847
2 0.78947371 0.2631579 4278222847
2 0.78947371 0.21052629 4278222847
2 0.78947371 0.15789473 4278222847
2 0.78947371 0.10526317 4278222847
2 0.78947371 0.052631557 4278222847
2 0.7368421 0.94736844 4278222847
2 0.7368421 0.89473683 4278222847
2 0.7368421 0.84210527 4278222847
2 0.7368421 0.78947365 4278222847
2 0.7368421 0.7368421 4278222847
2 0.7368421 0.68421054 4278222847
2 0.7368421 0.63157892 4278222847
2 0.7368421 0.57894737 4278222847
2 0.7368421 0.52631581 4278222847
2 0.7368421 0.47368419 4278222847
2 0.7368421 0.42105263 4278222847
2 0.7368421 0.36842108 4278222847
2 0.7368421 0.31578946 4278222847
2 0.7368421 0.2631579 4278222847
2 0.7368421 0.21052629 4278222847
2 0.7368421 0.15789473 4278222847
2 0.7368421 0.10526317 4278222847
2 0.7368421 0.052631557 4278222847
2 0.68421054 0.94736844 4278222847
2 0.68421054 0.89473683 4278222847
2 0.68421054 0.84210527 4278222847
2 0.68421054 0.78947365 4278222847
2 0.68421054 0.7368421 4278222847
2 0.68421054 0.68421054 4278222847
2 0.68421054 0.63157892 4278222847
2 0.68421054 0.57894737 4278222847
2 0.68421054 0.52631581 4278222847
2 0.68421054 0.47368419 4278222847
2 0.68421054 0.42105263 4278222847
2 0.68421054 0.36842108 4278222847
2 0.68421054 0.31578946 4278222847
2 0.68421054 0.2631579 4278222847
2 0.68421054 0.21052629 4278222847
2 0.68421054 0.15789473 4278222847
2 0.68421054 0.10526317 4278222847
2 0.68421054 0.052631557 4278222847
2 0.63157892 0.94736844 4278222847
2 0.63157892 0.89473683 4278222847
2 0.63157892 0.84210527 4278222847
2 0.63157892 0.78947365 4278222847
2 0.63157892 0.7368421 4278222847
2 0.63157892 0.68421054 4278222847
2 0.63157892 0.63157892 4278222847
2 0.63157892 0.57894737 4278222847
2 0.63157892 0.52631581 4278222847
2 0.63157892 0.47368419 4278222847
2 0.63157892 0.42105263 4278222847
2 0.63157892 0.36842108 4278222847
2 0.63157892 0.31578946 4278222847
2 0.63157892 0.2631579 4278222847
2 0.63157892 0.21052629 4278222847
2 0.63157892 0.15789473 4278222847
2 0.63157892 0.10526317 4278222847
2 0.63157892 0.052631557 4278222847
2 0.57894737 0.94736844 4278222847
2 0.57894737 0.89473683 4278222847
2 0.57894737 0.84210527 4278222847
2 0.57894737 0.78947365 4278222847
2 0.57894737 0.7368421 4278222847
2 0.57894737 0.68421054 4278222847
2 0.57894737 0.63157892 4278222847
2 0.57894737 0.57894737 4278222847
2 0.57894737 0.52631581 4278222847
2 0.57894737 0.47368419 4278222847
2 0.57894737 0.42105263 4278222847
2 0.57894737 0.36842108 4278222847
2 0.57894737 0.31578946 4278222847
2 0.57894737 0.2631579 4278222847
2 0.57894737 0.21052629 4278222847
2 0.57894737 0.15789473 4278222847
2 0.57894737 0.10526317 4278222847
2 0.57894737 0.052631557 4278222847
2 0.52631581 0.94736844 4278222847
2 0.52631581 0.89473683 4278222847
2 0.52631581 0.84210527 4278222847
2 0.52631581 0.78947365 4278222847
2 0.52631581 0.7368421 4278222847
2 0.52631581 0.68421054 4278222847
2 0.52631581 0.63157892 4278222847
2 0.52631581 0.57894737 4278222847
2 0.52631581 0.52631581 4278222847
2 0.52631581 0.47368419 4278222847
2 0.52631581 0.42105263 4278222847
2 0.52631581 0.36842108 4278222847
2 0.52631581 0.31578946 4278222847
2 0.52631581 0.2631579 4278222847
2 0.52631581 0.21052629 4278222847
2 0.52631581 0.15789473 4278222847
2 0.52631581 0.10526317 4278222847
2 0.52631581 0.052631557 4278222847
2 0.47368422 0.94736844 4278222847
2 0.47368422 0.89473683 4278222847
2 0.47368422 0.84210527 4278222847
2 0.47368422 0.78947365 4278222847
2 0.47368422 0.7368421 4278222847
2 0.47368422 0.68421054 4278222847
2 0.47368422 0.63157892 4278222847
2 0.47368422 0.57894737 4278222847
2 0.47368422 0.52631581 4278222847
2 0.47368422 0.47368419 4278222847
2 0.47368422 0.42105263 4278222847
2 0.47368422 0.36842108 4278222847
2 0.47368422 0.31578946 4278222847
2 0.47368422 0.2631579 4278222847
2 0.47368422 0.21052629 4278222847
2 0.47368422 0.15789473 4278222847
2 0.47368422 0.10526317 4278222847
2 0.47368422 0.052631557 4278222847
2 0.42105263 0.94736844 4278222847
2 0.42105263 0.89473683 4278222847
2 0.42105263 0.84210527 4278222847
2 0.42105263 0.78947365 4278222847
2 0.42105263 0.7368421 4278222847
2 0.42105263 0.68421054 4278222847
2 0.42105263 0.63157892 4278222847
2 0.42105263 0.57894737 4278222847
2 0.42105263 0.52631581 4278222847
2 0.42105263 0.47368419 4278222847
2 0.42105263 0.42105263 4278222847
2 0.42105263 0.36842108 4278222847
2 0.42105263 0.31578946 4278222847
2 0.42105263 0.2631579 4278222847
2 0.42105263 0.21052629 4278222847
2 0.42105263 0.15789473 4278222847
2 0.42105263 0.10526317 4278222847
2 0.42105263 0.052631557 4278222847
2 0.36842105 0.94736844 4278222847
2 0.36842105 0.89473683 4278222847
2 0.36842105 0.84210527 4278222847
2 0.36842105 0.78947365 4278222847
2 0.36842105 0.7368421 4278222847
2 0.36842105 0.68421054 4278222847
2 0.36842105 0.63157892 4278222847
2 0.36842105 0.57894737 4278222847
2 0.36842105 0.52631581 4278222847
2 0.36842105 0.47368419 4278222847
2 0.36842105 0.42105263 4278222847
2 0.36842105 0.36842108 4278222847
2 0.36842105 0.31578946 4278222847
2 0.36842105 0.2631579 4278222847
2 0.36842105 0.21052629 4278222847
2 0.36842105 0.15789473 4278222847
2 0.36842105 0.10526317 4278222847
2 0.36842105 0.052631557 4278222847
2 0.31578946 0.94736844 4278222847
2 0.31578946 0.89473683 4278222847
2 0.31578946 0.84210527 4278222847
2 0.31578946 0.78947365 4278222847
2 0.31578946 0.7368421 4278222847
2 0.31578946 0.68421054 4278222847
2 0.31578946 0.63157892 4278222847
2 0.31578946 0.57894737 4278222847
2 0.31578946 0.52631581 4278222847
2 0.31578946 0.47368419 4278222847
2 0.31578946 0.42105263 4278222847
2 0.31578946 0.36842108 4278222847
2 0.31578946 0.31578946 4278222847
2 0.31578946 0.2631579 4278222847
2 0.31578946 0.21052629 4278222847
2 0.31578946 0.15789473 4278222847
2 0.31578946 0.10526317 4278222847
2 0.31578946 0.052631557 4278222847
2 0.2631579 0.94736844 4278222847
2 0.2631579 0.89473683 4278222847
2 0.2631579 0.84210527 4278222847
2 0.2631579 0.78947365 4278222847
2 0.2631579 0.7368421 4278222847
2 0.2631579 0.68421054 4278222847
2 0.2631579 0.63157892 4278222847
2 0.2631579 0.57894737 4278222847
2 0.2631579 0.52631581 4278222847
2 0.2631579 0.47368419 4278222847
2 0.2631579 0.42105263 4278222847
2 0.2631579 0.36842108 4278222847
2 0.2631579 0.31578946 4278222847
2 0.2631579 0.2631579 4278222847
2 0.2631579 0.21052629 4278222847
2 0.2631579 0.15789473 4278222847
2 0.2631579 0.10526317 4278222847
2 0.2631579 0.052631557 4278222847
2 0.21052632 0.94736844 4278222847
2 0.21052632 0.89473683 4278222847
2 0.21052632 0.84210527 4278222847
2 0.21052632 0.78947365 4278222847
2 0.21052632 0.7368421 4278222847
2 0.21052632 0.68421054 4278222847
2 0.21052632 0.63157892 4278222847
2 0.21052632 0.57894737 4278222847
2 0.21052632 0.52631581 4278222847
2 0.21052632 0.47368419 4278222847
2 0.21052632 0.42105263 4278222847
2 0.21052632 0.36842108 4278222847
2 0.21052632 0.31578946 4278222847
2 0.21052632 0.2631579 4278222847
2 0.21052632 0.21052629 4278222847
2 0.21052632 0.15789473 4278222847
2 0.21052632 0.10526317 4278222847
2 0.21052632 0.052631557 4278222847
2 0.15789473 0.94736844 4278222847
2 0.15789473 0.89473683 4278222847
2 0.15789473 0.84210527 4278222847
2 0.15789473 0.78947365 4278222847
2 0.15789473 0.7368421 4278222847
2 0.15789473 0.68421054 4278222847
2 0.15789473 0.63157892 4278222847
2 0.15789473 0.57894737 4278222847
2 0.15789473 0.52631581 4278222847
2 0.15789473 0.47368419 4278222847
2 0.15789473 0.42105263 4278222847
2 0.15789473 0.36842108 4278222847
2 0.15789473 0.31578946 4278222847
2 0.15789473 0.2631579 4278222847
2 0.15789473 0.21052629 4278222847
2 0.15789473 0.15789473 4278222847
2 0.15789473 0.10526317 4278222847
2 0.15789473 0.052631557 4278222847
2 0.10526316 0.94736844 4278222847
2 0.10526316 0.89473683 4278222847
2 0.10526316 0.84210527 4278222847
2 0.10526316 0.78947365 4278222847
2 0.10526316 0.7368421 4278222847
2 0.10526316 0.68421054 4278222847
2 0.10526316 0.63157892 4278222847
2 0.10526316 0.57894737 4278222847
2 0.10526316 0.52631581 4278222847
2 0.10526316 0.47368419 4278222847
2 0.10526316 0.42105263 4278222847
2 0.10526316 0.36842108 4278222847
2 0.10526316 0.31578946 4278222847
2 0.10526316 0.2631579 4278222847
2 0.10526316 0.21052629 4278222847
2 0.10526316 0.15789473 4278222847
2 0.10526316 0.10526317 4278222847
2 0.10526316 0.052631557 4278222847
2 0.052631579 0.94736844 4278222847
2 0.052631579 0.89473683 4278222847
2 0.052631579 0.84210527 4278222847
2 0.052631579 0.78947365 4278222847
2 0.052631579 0.7368421 4278222847
2 0.052631579 0.68421054 4278222847
2 0.052631579 0.63157892 4278222847
2 0.052631579 0.57894737 4278222847
2 0.052631579 0.52631581 4278222847
2 0.052631579 0.47368419 4278222847
2 0.052631579 0.42105263 4278222847
2 0.052631579 0.36842108 4278222847
2 0.052631579 0.31578946 4278222847
2 0.052631579 0.2631579 4278222847
2 0.052631579 0.21052629 4278222847
2 0.052631579 0.15789473 4278222847
2 0.052631579 0.10526317 4278222847
2 0.052631579 0.052631557 4278222847
1.0526316 0 0.94736844 4278222847
1.0526316 0 0.89473683 4278222847
1.0526316 0 0.84210527 4278222847
1.0526316 0 0.78947365 4278222847
1.0526316 0 0.7368421 4278222847
1.0526316 0 0.68421054 4278222847
1.0526316 0 0.63157892 4278222847
1.0526316 0 0.57894737 4278222847
1.0526316 0 0.52631581 4278222847
1.0526316 0 0.47368419 4278222847
1.0526316 0 0.42105263 4278222847
1.0526316 0 0.36842108 4278222847
1.0526316 0 0.31578946 4278222847
1.0526316 0 0.2631579 4278222847
1.0526316 0 0.21052629 4278222847
1.0526316 0 0.15789473 4278222847
1.0526316 0 0.10526317 4278222847
1.0526316 0 0.052631557 4278222847
1.1052631 0 0.94736844 4278222847
1.1052631 0 0.89473683 4278222847
1.1052631 0 0.84210527 4278222847
1.1052631 0 0.78947365 4278222847
1.1052631 0 0.7368421 4278222847
1.1052631 0 0.68421054 4278222847
1.1052631 0 0.63157892 4278222847
1.1052631 0 0.57894737 4278222847
1.1052631 0 0.52631581 4278222847
1.1052631 0 0.47368419 4278222847
1.1052631 0 0.42105263 4278222847
1.1052631 0 0.36842108 4278222847
1.1052631 0 0.31578946 4278222847
1.1052631 0 0.2631579 4278222847
1.1052631 0 0.21052629 4278222847
1.1052631 0 0.15789473 4278222847
1.1052631 0 0.10526317 4278222847
1.1052631 0 0.052631557 4278222847
1.1578947 0 0.94736844 4278222847
1.1578947 0 0.89473683 4278222847
1.1578947 0 0.84210527 4278222847
1.1578947 0 0.78947365 4278222847
1.1578947 0 0.7368421 4278222847
1.1578947 0 0.68421054 4278222847
1.1578947 0 0.63157892 4278222847
1.1578947 0 0.57894737 4278222847
1.1578947 0 0.52631581 4278222847
1.1578947 0 0.47368419 4278222847
1.1578947 0 0.42105263 4278222847
1.1578947 0 0.36842108 4278222847
1.1578947 0 0.31578946 4278222847
1.1578947 0 0.2631579 4278222847
1.1578947 0 0.21052629 4278222847
1.1578947 0 0.15789473 4278222847
1.1578947 0 0.10526317 4278222847
1.1578947 0 0.052631557 4278222847
1.2105263 0 0.94736844 4278222847
1.2105263 0 0.89473683 4278222847
1.2105263 0 0.84210527 4278222847
1.2105263 0 0.78947365 4278222847
1.2105263 0 0.7368421 4278222847
1.2105263 0 0.68421054 4278222847
1.2105263 0 0.63157892 4278222847
1.2105263 0 0.57894737 4278222847
1.2105263 0 0.52631581 4278222847
1.2105263 0 0.47368419 4278222847
1.2105263 0 0.42105263 4278222847
1.2105263 0 0.36842108 4278222847
1.2105263 0 0.31578946 4278222847
1.2105263 0 0.2631579 4278222847
1.2105263 0 0.21052629 4278222847
1.2105263 0 0.15789473 4278222847
1.2105263 0 0.10526317 4278222847
1.2105263 0 0.052631557 4278222847
1.2631578 0 0.94736844 4278222847
1.2631578 0 0.89473683 4278222847
1.2631578 0 0.84210527 4278222847
1.2631578 0 0.78947365 4278222847
1.2631578 0 0.7368421 4278222847
1.2631578 0 0.68421054 4278222847
1.2631578 0 0.63157892 4278222847
1.2631578 0 0.57894737 4278222847
1.2631578 0 0.52631581 4278222847
1.2631578 0 0.47368419 4278222847
1.2631578 0 0.42105263 4278222847
1.2631578 0 0.36842108 4278222847
1.2631578 0 0.31578946 4278222847
1.2631578 0 0.2631579 4278222847
1.2631578 0 0.21052629 4278222847
1.2631578 0 0.15789473 4278222847
1.2631578 0 0.10526317 4278222847
1.2631578 0 0.052631557 4278222847
1.3157895 0 0.94736844 4278222847
1.3157895 0 0.89473683 4278222847
1.3157895 0 0.84210527 4278222847
1.3157895 0 0.78947365 4278222847
1.3157895 0 0.7368421 4278222847
1.3157895 0 0.68421054 4278222847
1.3157895 0 0.63157892 4278222847
1.3157895 0 0.57894737 4278222847
1.3157895 0 0.52631581 4278222847
1.3157895 0 0.47368419 4278222847
1.3157895 0 0.42105263 4278222847
1.3157895 0 0.36842108 4278222847
1.3157895 0 0.31578946 4278222847
1.3157895 0 0.2631579 4278222847
1.3157895 0 0.21052629 4278222847
1.3157895 0 0.15789473 4278222847
1.3157895 0 0.10526317 4278222847
1.3157895 0 0.052631557 4278222847
1.3684211 0 0.94736844 4278222847
1.3684211 0 0.89473683 4278222847
1.3684211 0 0.84210527 4278222847
1.3684211 0 0.78947365 4278222847
1.3684211 0 0.7368421 4278222847
1.3684211 0 0.68421054 4278222847
1.3684211 0 0.63157892 4278222847
1.3684211 0 0.57894737 4278222847
1.3684211 0 0.52631581 4278222847
1.3684211 0 0.47368419 4278222847
1.3684211 0 0.42105263 4278222847
1.3684211 0 0.36842108 4278222847
1.3684211 0 0.31578946 4278222847
1.3684211 0 0.2631579 4278222847
1.3684211 0 0.21052629 4278222847
1.3684211 0 0.15789473 4278222847
1.3684211 0 0.10526317 4278222847
1.3684211 0 0.052631557 4278222847
1.4210527 0 0.94736844 4278222847
1.4210527 0 0.89473683 4278222847
1.4210527 0 0.84210527 4278222847
1.4210527 0 0.78947365 4278222847
1.4210527 0 0.7368421 4278222847
1.4210527 0 0.68421054 4278222847
1.4210527 0 0.63157892 4278222847
1.4210527 0 0.57894737 4278222847
1.4210527 0 0.52631581 4278222847
1.4210527 0 0.47368419 4278222847
1.4210527 0 0.42105263 4278222847
1.4210527 0 0.36842108 4278222847
1.4210527 0 0.31578946 4278222847
1.4210527 0 0.2631579 4278222847
1.4210527 0 0.21052629 4278222847
1.4210527 0 0.15789473 4278222847
1.4210527 0 0.10526317 4278222847
1.4210527 0 0.052631557 4278222847
1.4736842 0 0.94736844 4278222847
1.4736842 0 0.89473683 4278222847
1.4736842 0 0.84210527 4278222847
1.4736842 0 0.78947365 4278222847
1.4736842 0 0.7368421 4278222847
1.4736842 0 0.68421054 4278222847
1.4736842 0 0.63157892 4278222847
1.4736842 0 0.57894737 4278222847
1.4736842 0 0.52631581 4278222847
1.4736842 0 0.47368419 4278222847
1.4736842 0 0.42105263 4278222847
1.4736842 0 0.36842108 4278222847
1.4736842 0 0.31578946 4278222847
1.4736842 0 0.2631579 4278222847
1.4736842 0 0.21052629 4278222847
1.4736842 0 0.15789473 4278222847
1.4736842 0 0.10526317 4278222847
1.4736842 0 0.052631557 4278222847
1.5263158 0 0.94736844 4278222847
1.5263158 0 0.89473683 4278222847
1.5263158 0 0.84210527 4278222847
1.5263158 0 0.78947365 4278222847
1.5263158 0 0.7368421 4278222847
1.5263158 0 0.68421054 4278222847
1.5263158 0 0.63157892 4278222847
1.5263158 0 0.57894737 4278222847
1.5263158 0 0.52631581 4278222847
1.5263158 0 0.47368419 4278222847
1.5263158 0 0.42105263 4278222847
1.5263158 0 0.36842108 4278222847
1.5263158 0 0.31578946 4278222847
1.5263158 0 0.2631579 4278222847
1.5263158 0 0.21052629 4278222847
1.5263158 0 0.15789473 4278222847
1.5263158 0 0.10526317 4278222847
1.5263158 0 0.052631557 4278222847
1.5789473 0 0.94736844 4278222847
1.5789473 0 0.89473683 4278222847
1.5789473 0 0.84210527 4278222847
1.5789473 0 0.78947365 4278222847
1.5789473 0 0.7368421 4278222847
1.5789473 0 0.68421054 4278222847
1.5789473 0 0.63157892 4278222847
1.5789473 0 0.57894737 4278222847
1.5789473 0 0.52631581 4278222847
1.5789473 0 0.47368419 4278222847
1.5789473 0 0.42105263 4278222847
1.5789473 0 0.36842108 4278222847
1.5789473 0 0.31578946 4278222847
1.5789473 0 0.2631579 4278222847
1.5789473 0 0.21052629 4278222847
1.5789473 0 0.15789473 4278222847
1.5789473 0 0.10526317 4278222847
1.5789473 0 0.052631557 4278222847
1.6315789 0 0.94736844 4278222847
1.6315789 0 0.89473683 4278222847
1.6315789 0 0.84210527 4278222847
1.6315789 0 0.78947365 4278222847
1.6315789 0 0.7368421 4278222847
1.6315789 0 0.68421054 4278222847
1.6315789 0 0.63157892 4278222847
1.6315789 0 0.57894737 4278222847
1.6315789 0 0.52631581 4278222847
1.6315789 0 0.47368419 4278222847
1.6315789 0 0.42105263 4278222847
1.6315789 0 0.36842108 4278222847
1.6315789 0 0.31578946 4278222847
1.6315789 0 0.2631579 4278222847
1.6315789 0 0.21052629 4278222847
1.6315789 0 0.15789473 4278222847
1.6315789 0 0.10526317 4278222847
1.6315789 0 0.052631557 4278222847
1.6842105 0 0.94736844 4278222847
1.6842105 0 0.89473683 4278222847
1.6842105 0 0.84210527 4278222847
1.6842105 0 0.78947365 4278222847
1.6842105 0 0.7368421 4278222847
1.6842105 0 0.68421054 4278222847
1.6842105 0 0.63157892 4278222847
1.6842105 0 0.57894737 4278222847
1.6842105 0 0.52631581 4278222847
1.6842105 0 0.47368419 4278222847
1.6842105 0 0.42105263 4278222847
1.6842105 0 0.36842108 4278222847
1.6842105 0 0.31578946 4278222847
1.6842105 0 0.2631579 4278222847
1.6842105 0 0.21052629 4278222847
1.6842105 0 0.15789473 4278222847
1.6842105 0 0.10526317 4278222847
1.6842105 0 0.052631557 4278222847
1.7368422 0 0.94736844 4278222847
1.7368422 0 0.89473683 4278222847
1.7368422 0 0.84210527 4278222847
1.7368422 0 0.78947365 4278222847
1.7368422 0 0.7368421 4278222847
1.7368422 0 0.68421054 4278222847
1.7368422 0 0.63157892 4278222847
1.7368422 0 0.57894737 4278222847
1.7368422 0 0.52631581 4278222847
1.7368422 0 0.47368419 4278222847
1.7368422 0 0.42105263 4278222847
1.7368422 0 0.36842108 4278222847
1.7368422 0 0.31578946 4278222847
1.7368422 0 0.2631579 4278222847
1.7368422 0 0.21052629 4278222847
1.7368422 0 0.15789473 4278222847
1.7368422 0 0.10526317 4278222847
1.7368422 0 0.052631557 4278222847
1.7894738 0 0.94736844 4278222847
1.7894738 0 0.89473683 4278222847
1.7894738 0 0.84210527 4278222847
1.7894738 0 0.78947365 4278222847
1.7894738 0 0.7368421 4278222847
1.7894738 0 0.68421054 4278222847
1.7894738 0 0.63157892 4278222847
1.7894738 0 0.57894737 4278222847
1.7894738 0 0.52631581 4278222847
1.7894738 0 0.47368419 4278222847
1.7894738 0 0.42105263 4278222847
1.7894738 0 0.36842108 4278222847
1.7894738 0 0.31578946 4278222847
1.7894738 0 0.2631579 4278222847
1.7894738 0 0.21052629 4278222847
1.7894738 0 0.15789473 4278222847
1.7894738 0 0.10526317 4278222847
1.7894738 0 0.052631557 4278222847
1.8421053 0 0.94736844 4278222847
1.8421053 0 0.89473683 4278222847
1.8421053 0 0.84210527 4278222847
1.8421053 0 0.78947365 4278222847
1.8421053 0 0.7368421 4278222847
1.8421053 0 0.68421054 4278222847
1.8421053 0 0.63157892 4278222847
1.8421053 0 0.57894737 4278222847
1.8421053 0 0.52631581 4278222847
1.8421053 0 0.47368419 4278222847
1.8421053 0 0.42105263 4278222847
1.8421053 0 0.36842108 4278222847
1.8421053 0 0.31578946 4278222847
1.8421053 0 0.2631579 4278222847
1.8421053 0 0.21052629 4278222847
1.8421053 0 0.15789473 4278222847
1.8421053 0 0.10526317 4278222847
1.8421053 0 0.052631557 4278222847
1.8947368 0 0.94736844 4278222847
1.8947368 0 0.89473683 4278222847
1.8947368 0 0.84210527 4278222847
1.8947368 0 0.78947365 4278222847
1.8947368 0 0.7368421 4278222847
1.8947368 0 0.68421054 4278222847
1.8947368 0 0.63157892 4278222847
1.8947368 0 0.57894737 4278222847
1.8947368 0 0.52631581 4278222847
1.8947368 0 0.47368419 4278222847
1.8947368 0 0.42105263 4278222847
1.8947368 0 0.36842108 4278222847
1.8947368 0 0.31578946 4278222847
1.8947368 0 0.2631579 4278222847
1.8947368 0 0.21052629 4278222847
1.8947368 0 0.15789473 4278222847
1.8947368 0 0.10526317 4278222847
1.8947368 0 0.052631557 4278222847
1.9473684 0 0.94736844 4278222847
1.9473684 0 0.89473683 4278222847
1.9473684 0 0.84210527 4278222847
1.9473684 0 0.78947365 4278222847
1.9473684 0 0.7368421 4278222847
1.9473684 0 0.68421054 4278222847
1.9473684 0 0.63157892 4278222847
1.9473684 0 0.57894737 4278222847
1.9473684 0 0.52631581 4278222847
1.9473684 0 0.47368419 4278222847
1.9473684 0 0.42105263 4278222847
1.9473684 0 0.36842108 4278222847
1.9473684 0 0.31578946 4278222847
1.9473684 0 0.2631579 4278222847
1.9473684 0 0.21052629 4278222847
1.9473684 0 0.15789473 4278222847
1.9473684 0 0.10526317 4278222847
1.9473684 0 0.052631557 4278222847
1 0.94736844 0.94736844 4278222847
1 0.94736844 0.89473683 4278222847
1 0.94736844 0.84210527 4278222847
1 0.94736844 0.78947365 4278222847
1 0.94736844 0.7368421 4278222847
1 0.94736844 0.68421054 4278222847
1 0.94736844 0.63157892 4278222847
1 0.94736844 0.57894737 4278222847
1 0.94736844 0.52631581 4278222847
1 0.94736844 0.47368419 4278222847
1 0.94736844 0.42105263 4278222847
1 0.94736844 0.36842108 4278222847
1 0.94736844 0.31578946 4278222847
1 0.94736844 0.2631579 4278222847
1 0.94736844 0.21052629 4278222847
1 0.94736844 0.15789473 4278222847
1 0.94736844 0.10526317 4278222847
1 0.94736844 0.052631557 4278222847
1 0.89473683 0.94736844 4278222847
1 0.89473683 0.89473683 4278222847
1 0.89473683 0.84210527 4278222847
1 0.89473683 0.78947365 4278222847
1 0.89473683 0.7368421 4278222847
1 0.89473683 0.68421054 4278222847
1 0.89473683 0.63157892 4278222847
1 0.89473683 0.57894737 4278222847
1 0.89473683 0.52631581 4278222847
1 0.89473683 0.47368419 4278222847
1 0.89473683 0.42105263 4278222847
1 0.89473683 0.36842108 4278222847
1 0.89473683 0.31578946 4278222847
1 0.89473683 0.2631579 4278222847
1 0.89473683 0.21052629 4278222847
1 0.89473683 0.15789473 4278222847
1 0.89473683 0.10526317 4278222847
1 0.89473683 0.052631557 4278222847
1 0.84210527 0.94736844 4278222847
1 0.84210527 0.89473683 4278222847
1 0.84210527 0.84210527 4278222847
1 0.84210527 0.78947365 4278222847
1 0.84210527 0.7368421 4278222847
1 0.84210527 0.68421054 4278222847
1 0.84210527 0.63157892 4278222847
1 0.84210527 0.57894737 4278222847
1 0.84210527 0.52631581 4278222847
1 0.84210527 0.47368419 4278222847
1 0.84210527 0.42105263 4278222847
1 0.84210527 0.36842108 4278222847
1 0.84210527 0.31578946 4278222847
1 0.84210527 0.2631579 4278222847
1 0.84210527 0.21052629 4278222847
1 0.84210527 0.15789473 4278222847
1 0.84210527 0.10526317 4278222847
1 0.84210527 0.052631557 4278222847
1 0.78947365 0.94736844 4278222847
1 0.78947365 0.89473683 4278222847
1 0.78947365 0.84210527 4278222847
1 0.78947365 0.78947365 4278222847
1 0.78947365 0.7368421 4278222847
1 0.78947365 0.68421054 4278222847
1 0.78947365 0.63157892 4278222847
1 0.78947365 0.57894737 4278222847
1 0.78947365 0.52631581 4278222847
1 0.78947365 0.47368419 4278222847
1 0.78947365 0.42105263 4278222847
1 0.78947365 0.36842108 4278222847
1 0.78947365 0.31578946 4278222847
1 0.78947365 0.2631579 4278222847
1 0.78947365 0.21052629 4278222847
1 0.78947365 0.15789473 4278222847
1 0.78947365 0.10526317 4278222847
1 0.78947365 0.052631557 4278222847
1 0.7368421 0.94736844 4278222847
1 0.7368421 0.89473683 4278222847
1 0.7368421 0.84210527 4278222847
1 0.7368421 0.78947365 4278222847
1 0.7368421 0.7368421 4278222847
1 0.7368421 0.68421054 4278222847
1 0.7368421 0.63157892 4278222847
1 0.7368421 0.57894737 4278222847
1 0.7368421 0.52631581 4278222847
1 0.7368421 0.47368419 4278222847
1 0.7368421 0.42105263 4278222847
1 0.7368421 0.36842108 4278222847
1 0.7368421 0.31578946 4278222847
1 0.7368421 0.2631579 4278222847
1 0.7368421 0.21052629 4278222847
1 0.7368421 0.15789473 4278222847
1 0.7368421 0.10526317 4278222847
1 0.7368421 0.052631557 4278222847
1 0.68421054 0.94736844 4278222847
1 0.68421054 0.89473683 4278222847
1 0.68421054 0.84210527 4278222847
1 0.68421054 0.78947365 4278222847
1 0.68421054 0.7368421 4278222847
1 0.68421054 0.68421054 4278222847
1 0.68421054 0.63157892 4278222847
1 0.68421054 0.57894737 4278222847
1 0.68421054 0.52631581 4278222847
1 0.68421054 0.47368419 4278222847
1 0.68421054 0.42105263 4278222847
1 0.68421054 0.36842108 4278222847
1 0.68421054 0.31578946 4278222847
1 0.68421054 0.2631579 4278222847
1 0.68421054 0.21052629 4278222847
1 0.68421054 0.15789473 4278222847
1 0.68421054 0.10526317 4278222847
1 0.68421054 0.052631557 4278222847
1 0.63157892 0.94736844 4278222847
1 0.63157892 0.89473683 4278222847
1 0.63157892 0.84210527 4278222847
1 0.63157892 0.78947365 4278222847
1 0.63157892 0.7368421 4278222847
1 0.63157892 0.68421054 4278222847
1 0.63157892 0.63157892 4278222847
1 0.63157892 0.57894737 4278222847
1 0.63157892 0.52631581 4278222847
1 0.63157892 0.47368419 4278222847
1 0.63157892 0.42105263 4278222847
1 0.63157892 0.36842108 4278222847
1 0.63157892 0.31578946 4278222847
1 0.63157892 0.2631579 4278222847
1 0.63157892 0.21052629 4278222847
1 0.63157892 0.15789473 4278222847
1 0.63157892 0.10526317 4278222847
1 0.63157892 0.052631557 4278222847
1 0.57894737 0.94736844 4278222847
1 0.57894737 0.89473683 4278222847
1 0.57894737 0.84210527 4278222847
1 0.57894737 0.78947365 4278222847
1 0.57894737 0.7368421 4278222847
1 0.57894737 0.68421054 4278222847
1 0.57894737 0.63157892 4278222847
1 0.57894737 0.57894737 4278222847
1 0.57894737 0.52631581 4278222847
1 0.57894737 0.47368419 4278222847
1 0.57894737 0.42105263 4278222847
1 0.57894737 0.36842108 4278222847
1 0.57894737 0.31578946 4278222847
1 0.57894737 0.2631579 4278222847
1 0.57894737 0.21052629 4278222847
1 0.57894737 0.15789473 4278222847
1 0.57894737 0.10526317 4278222847
1 0.57894737 0.052631557 4278222847
1 0.52631581 0.94736844 4278222847
1 0.52631581 0.89473683 4278222847
1 0.52631581 0.84210527 4278222847
1 0.52631581 0.78947365 4278222847
1 0.52631581 0.7368421 4278222847
1 0.52631581 0.68421054 4278222847
1 0.52631581 0.63157892 4278222847
1 0.52631581 0.57894737 4278222847
1 0.52631581 0.52631581 4278222847
1 0.52631581 0.47368419 4278222847
1 0.52631581 0.42105263 4278222847
1 0.52631581 0.36842108 4278222847
1 0.52631581 0.31578946 4278222847
1 0.52631581 0.2631579 4278222847
1 0.52631581 0.21052629 4278222847
1 0.52631581 0.15789473 4278222847
1 0.52631581 0.10526317 4278222847
1 0.52631581 0.052631557 4278222847
1 0.47368419 0.94736844 4278222847
1 0.47368419 0.89473683 4278222847
1 0.47368419 0.84210527 4278222847
1 0.47368419 0.78947365 4278222847
1 0.47368419 0.7368421 4278222847
1 0.47368419 0.68421054 4278222847
1 0.47368419 0.63157892 4278222847
1 0.47368419 0.57894737 4278222847
1 0.47368419 0.52631581 4278222847
1 0.47368419 0.47368419 4278222847
1 0.47368419 0.42105263 4278222847
1 0.47368419 0.36842108 4278222847
1 0.47368419 0.31578946 4278222847
1 0.47368419 0.2631579 4278222847
1 0.47368419 0.21052629 4278222847
1 0.47368419 0.15789473 4278222847
1 0.47368419 0.10526317 4278222847
1 0.47368419 0.052631557 4278222847
1 0.42105263 0.94736844 4278222847
1 0.42105263 0.89473683 4278222847
1 0.42105263 0.84210527 4278222847
1 0.42105263 0.78947365 4278222847
1 0.42105263 0.7368421 4278222847
1 0.42105263 0.68421054 4278222847
1 0.42105263 0.63157892 4278222847
1 0.42105263 0.57894737 4278222847
1 0.42105263 0.52631581 4278222847
1 0.42105263 0.47368419 4278222847
1 0.42105263 0.42105263 4278222847
1 0.42105263 0.36842108 4278222847
1 0.42105263 0.31578946 4278222847
1 0.42105263 0.2631579 4278222847
1 0.42105263 0.21052629 4278222847
1 0.42105263 0.15789473 4278222847
1 0.42105263 0.10526317 4278222847
1 0.42105263 0.052631557 4278222847
1 0.36842108 0.94736844 4278222847
1 0.36842108 0.89473683 4278222847
1 0.36842108 0.84210527 4278222847
1 0.36842108 0.78947365 4278222847
1 0.36842108 0.7368421 4278222847
1 0.36842108 0.68421054 4278222847
1 0.36842108 0.63157892 4278222847
1 0.36842108 0.57894737 4278222847
1 0.36842108 0.52631581 4278222847
1 0.36842108 0.47368419 4278222847
1 0.36842108 0.42105263 4278222847
1 0.36842108 0.36842108 4278222847
1 0.36842108 0.31578946 4278222847
1 0.36842108 0.2631579 4278222847
1 0.36842108 0.21052629 4278222847
1 0.36842108 0.15789473 4278222847
1 0.36842108 0.10526317 4278222847
1 0.36842108 0.052631557 4278222847
1 0.31578946 0.94736844 4278222847
1 0.31578946 0.89473683 4278222847
1 0.31578946 0.84210527 4278222847
1 0.31578946 0.78947365 4278222847
1 0.31578946 0.7368421 4278222847
1 0.31578946 0.68421054 4278222847
1 0.31578946 0.63157892 4278222847
1 0.31578946 0.57894737 4278222847
1 0.31578946 0.52631581 4278222847
1 0.31578946 0.47368419 4278222847
1 0.31578946 0.42105263 4278222847
1 0.31578946 0.36842108 4278222847
1 0.31578946 0.31578946 4278222847
1 0.31578946 0.2631579 4278222847
1 0.31578946 0.21052629 4278222847
1 0.31578946 0.15789473 4278222847
1 0.31578946 0.10526317 4278222847
1 0.31578946 0.052631557 4278222847
1 0.2631579 0.94736844 4278222847
1 0.2631579 0.89473683 4278222847
1 0.2631579 0.84210527 4278222847
1 0.2631579 0.78947365 4278222847
1 0.2631579 0.7368421 4278222847
1 0.2631579 0.68421054 4278222847
1 0.2631579 0.63157892 4278222847
1 0.2631579 0.57894737 4278222847
1 0.2631579 0.52631581 4278222847
1 0.2631579 0.47368419 4278222847
1 0.2631579 0.42105263 4278222847
1 0.2631579 0.36842108 4278222847
1 0.2631579 0.31578946 4278222847
1 0.2631579 0.2631579 4278222847
1 0.2631579 0.21052629 4278222847
1 0.2631579 0.15789473 4278222847
1 0.2631579 0.10526317 4278222847
1 0.2631579 0.052631557 4278222847
1 0.21052629 0.94736844 4278222847
1 0.21052629 0.89473683 4278222847
1 0.21052629 0.84210527 4278222847
1 0.21052629 0.78947365 4278222847
1 0.21052629 0.7368421 4278222847
1 0.21052629 0.68421054 4278222847
1 0.21052629 0.63157892 4278222847
1 0.21052629 0.57894737 4278222847
1 0.21052629 0.52631581 4278222847
1 0.21052629 0.47368419 4278222847
1 0.21052629 0.42105263 4278222847
1 0.21052629 0.36842108 4278222847
1 0.21052629 0.31578946 4278222847
1 0.21052629 0.2631579 4278222847
1 0.21052629 0.21052629 4278222847
1 0.21052629 0.15789473 4278222847
1 0.21052629 0.10526317 4278222847
1 0.21052629 0.052631557 4278222847
1 0.15789473 0.94736844 4278222847
1 0.15789473 0.89473683 4278222847
1 0.15789473 0.84210527 4278222847
1 0.15789473 0.78947365 4278222847
1 0.15789473 0.7368421 4278222847
1 0.15789473 0.68421054 4278222847
1 0.15789473 0.63157892 4278222847
1 0.15789473 0.57894737 4278222847
1 0.15789473 0.52631581 4278222847
1 0.15789473 0.47368419 4278222847
1 0.15789473 0.42105263 4278222847
1 0.15789473 0.36842108 4278222847
1 0.15789473 0.31578946 4278222847
1 0.15789473 0.2631579 4278222847
1 0.15789473 0.21052629 4278222847
1 0.15789473 0.15789473 4278222847
1 0.15789473 0.10526317 4278222847
1 0.15789473 0.052631557 4278222847
1 0.10526317 0.94736844 4278222847
1 0.10526317 0.89473683 4278222847
1 0.10526317 0.84210527 4278222847
1 0.10526317 0.78947365 4278222847
1 0.10526317 0.7368421 4278222847
1 0.10526317 0.68421054 4278222847
1 0.10526317 0.63157892 4278222847
1 0.10526317 0.57894737 4278222847
1 0.10526317 0.52631581 4278222847
1 0.10526317 0.47368419 4278222847
1 0.10526317 0.42105263 4278222847
1 0.10526317 0.36842108 4278222847
1 0.10526317 0.31578946 4278222847
1 0.10526317 0.2631579 4278222847
1 0.10526317 0.21052629 4278222847
1 0.10526317 0.15789473 4278222847
1 0.10526317 0.10526317 4278222847
1 0.10526317 0.052631557 4278222847
1 0.052631557 0.94736844 4278222847
1 0.052631557 0.89473683 4278222847
1 0.052631557 0.84210527 4278222847
1 0.052631557 0.78947365 4278222847
1 0.052631557 0.7368421 4278222847
1 0.052631557 0.68421054 4278222847
1 0.052631557 0.63157892 4278222847
1 0.052631557 0.57894737 4278222847
1 0.052631557 0.52631581 4278222847
1 0.052631557 0.47368419 4278222847
1 0.052631557 0.42105263 4278222847
1 0.052631557 0.36842108 4278222847
1 0.052631557 0.31578946 4278222847
1 0.052631557 0.2631579 4278222847
1 0.052631557 0.21052629 4278222847
1 0.052631557 0.15789473 4278222847
1 0.052631557 0.10526317 4278222847
1 0.052631557 0.052631557 4278222847
2 0 0 4278222847
2.0526316 0 0 4278222847
2.1052632 0 0 4278222847
2.1578946 0 0 4278222847
2.2105262 0 0 4278222847
2.2631578 0 0 4278222847
2.3157895 0 0 4278222847
2.3684211 0 0 4278222847
2.4210527 0 0 4278222847
2.4736843 0 0 4278222847
2.5263157 0 0 4278222847
2.5789473 0 0 4278222847
2.6315789 0 0 4278222847
2.6842105 0 0 4278222847
2.7368422 0 0 4278222847
2.7894738 0 0 4278222847
2.8421054 0 0 4278222847
2.8947368 0 0 4278222847
2.9473684 0 0 4278222847
3 0 0 4278222847
3 0.052631579 0 4278222847
3 0.10526316 0 4278222847
3 0.15789473 0 4278222847
3 0.21052632 0 4278222847
3 0.2631579 0 4278222847
3 0.31578946 0 4278222847
3 0.36842105 0 4278222847
3 0.42105263 0 4278222847
3 0.47368422 0 4278222847
3 0.52631581 0 4278222847
3 0.57894737 0 4278222847
3 0.63157892 0 4278222847
3 0.68421054 0 4278222847
3 0.7368421 0 4278222847
3 0.78947371 0 4278222847
3 0.84210527 0 4278222847
3 0.89473683 0 4278222847
3 0.94736844 0 4278222847
3 1 0 4278222847
2.9473684 1 0 4278222847
2.8947368 1 0 4278222847
2.8421054 1 0 4278222847
2.7894738 1 0 4278222847
2.7368422 1 0 4278222847
2.6842105 1 0 4278222847
2.6315789 1 0 4278222847
2.5789473 1 0 4278222847
2.5263157 1 0 4278222847
2.4736843 1 0 4278222847
2.4210527 1 0 4278222847
2.3684211 1 0 4278222847
2.3157895 1 0 4278222847
2.2631578 1 0 4278222847
2.2105262 1 0 4278222847
2.1578946 1 0 4278222847
2.1052632 1 0 4278222847
2.0526316 1 0 4278222847
2 1 0 4278222847
2 0.94736844 0 4278222847
2 0.89473683 0 4278222847
2 0.84210527 0 4278222847
2 0.78947365 0 4278222847
2 0.7368421 0 4278222847
2 0.68421054 0 4278222847
2 0.63157892 0 4278222847
2 0.57894737 0 4278222847
2 0.52631581 0 4278222847
2 0.47368419 0 4278222847
2 0.42105263 0 4278222847
2 0.36842108 0 4278222847
2 0.31578946 0 4278222847
2 0.2631579 0 4278222847
2 0.21052629 0 4278222847
2 0.15789473 0 4278222847
2 0.10526317 0 4278222847
2 0.052631557 0 4278222847
2 0 1 4278222847
2.0526316 0 1 4278222847
2.1052632 0 1 4278222847
2.1578946 0 1 4278222847
2.2105262 0 1 4278222847
2.2631578 0 1 4278222847
2.3157895 0 1 4278222847
2.3684211 0 1 4278222847
2.4210527 0 1 4278222847
2.4736843 0 1 4278222847
2.5263157 0 1 4278222847
2.5789473 0 1 4278222847
2.6315789 0 1 4278222847
2.6842105 0 1 4278222847
2.7368422 0 1 4278222847
2.7894738 0 1 4278222847
2.8421054 0 1 4278222847
2.8947368 0 1 4278222847
2.9473684 0 1 4278222847
3 0 1 4278222847
3 0.052631579 1 4278222847
3 0.10526316 1 4278222847
3 0.15789473 1 4278222847
3 0.21052632 1 4278222847
3 0.2631579 1 4278222847
3 0.31578946 1 4278222847
3 0.36842105 1 4278222847
3 0.42105263 1 4278222847
3 0.47368422 1 4278222847
3 0.52631581 1 4278222847
3 0.57894737 1 4278222847
3 0.63157892 1 4278222847
3 0.68421054 1 4278222847
3 0.7368421 1 4278222847
3 0.78947371 1 4278222847
3 0.84210527 1 4278222847
3 0.89473683 1 4278222847
3 0.94736844 1 4278222847
3 1 1 4278222847
2.9473684 1 1 4278222847
2.8947368 1 1 4278222847
2.8421054 1 1 4278222847
2.7894738 1 1 4278222847
2.7368422 1 1 4278222847
2.6842105 1 1 4278222847
2.6315789 1 1 4278222847
2.5789473 1 1 4278222847
2.5263157 1 1 4278222847
2.4736843 1 1 4278222847
2.4210527 1 1 4278222847
2.3684211 1 1 4278222847
2.3157895 1 1 4278222847
2.2631578 1 1 4278222847
2.2105262 1 1 4278222847
2.1578946 1 1 4278222847
2.1052632 1 1 4278222847
2.0526316 1 1 4278222847
2 1 1 4278222847
2 0.94736844 1 4278222847
2 0.89473683 1 4278222847
2 0.84210527 1 4278222847
2 0.78947365 1 4278222847
2 0.7368421 1 4278222847
2 0.68421054 1 4278222847
2 0.63157892 1 4278222847
2 0.57894737 1 4278222847
2 0.52631581 1 4278222847
2 0.47368419 1 4278222847
2 0.42105263 1 4278222847
2 0.36842108 1 4278222847
2 0.31578946 1 4278222847
2 0.2631579 1 4278222847
2 0.21052629 1 4278222847
2 0.15789473 1 4278222847
2 0.10526317 1 4278222847
2 0.052631557 1 4278222847
2 1 0.94736844 4278222847
2 1 0.89473683 4278222847
2 1 0.84210527 4278222847
2 1 0.78947365 4278222847
2 1 0.7368421 4278222847
2 1 0.68421054 4278222847
2 1 0.63157892 4278222847
2 1 0.57894737 4278222847
2 1 0.52631581 4278222847
2 1 0.47368419 4278222847
2 1 0.42105263 4278222847
2 1 0.36842108 4278222847
2 1 0.31578946 4278222847
2 1 0.2631579 4278222847
2 1 0.21052629 4278222847
2 1 0.15789473 4278222847
2 1 0.10526317 4278222847
2 1 0.052631557 4278222847
3 1 0.94736844 4278222847
3 1 0.89473683 4278222847
3 1 0.84210527 4278222847
3 1 0.78947365 4278222847
3 1 0.7368421 4278222847
3 1 0.68421054 4278222847
3 1 0.63157892 4278222847
3 1 0.57894737 4278222847
3 1 0.52631581 4278222847
3 1 0.47368419 4278222847
3 1 0.42105263 4278222847
3 1 0.36842108 4278222847
3 1 0.31578946 4278222847
3 1 0.2631579 4278222847
3 1 0.21052629 4278222847
3 1 0.15789473 4278222847
3 1 0.10526317 4278222847
3 1 0.052631557 4278222847
3 0 0.94736844 4278222847
3 0 0.89473683 4278222847
3 0 0.84210527 4278222847
3 0 0.78947365 4278222847
3 0 0.7368421 4278222847
3 0 0.68421054 4278222847
3 0 0.63157892 4278222847
3 0 0.57894737 4278222847
3 0 0.52631581 4278222847
3 0 0.47368419 4278222847
3 0 0.42105263 4278222847
3 0 0.36842108 4278222847
3 0 0.31578946 4278222847
3 0 0.2631579 4278222847
3 0 0.21052629 4278222847
3 0 0.15789473 4278222847
3 0 0.10526317 4278222847
3 0 0.052631557 4278222847
2 0 0.94736844 4278222847
2 0 0.89473683 4278222847
2 0 0.84210527 4278222847
2 0 0.78947365 4278222847
2 0 0.7368421 4278222847
2 0 0.68421054 4278222847
2 0 0.63157892 4278222847
2 0 0.57894737 4278222847
2 0 0.52631581 4278222847
2 0 0.47368419 4278222847
2 0 0.42105263 4278222847
2 0 0.36842108 4278222847
2 0 0.31578946 4278222847
2 0 0.2631579 4278222847
2 0 0.21052629 4278222847
2 0 0.15789473 4278222847
2 0 0.10526317 4278222847
2 0 0.052631557 4278222847
2.0526316 0.94736844 0 4278222847
2.0526316 0.89473683 0 4278222847
2.0526316 0.84210527 0 4278222847
2.0526316 0.78947365 0 4278222847
2.0526316 0.7368421 0 4278222847
2.0526316 0.68421054 0 4278222847
2.0526316 0.63157892 0 4278222847
2.0526316 0.57894737 0 4278222847
2.0526316 0.52631581 0 4278222847
2.0526316 0.47368419 0 4278222847
2.0526316 0.42105263 0 4278222847
2.0526316 0.36842108 0 4278222847
2.0526316 0.31578946 0 4278222847
2.0526316 0.2631579 0 4278222847
2.0526316 0.21052629 0 4278222847
2.0526316 0.15789473 0 4278222847
2.0526316 0.10526317 0 4278222847
2.0526316 0.052631557 0 4278222847
2.1052632 0.94736844 0 4278222847
2.1052632 0.89473683 0 4278222847
2.1052632 0.84210527 0 4278222847
2.1052632 0.78947365 0 4278222847
2.1052632 0.7368421 0 4278222847
2.1052632 0.68421054 0 4278222847
2.1052632 0.63157892 0 4278222847
2.1052632 0.57894737 0 4278222847
2.1052632 0.52631581 0 4278222847
2.1052632 0.47368419 0 4278222847
2.1052632 0.42105263 0 4278222847
2.1052632 0.36842108 0 4278222847
2.1052632 0.31578946 0 4278222847
2.1052632 0.2631579 0 4278222847
2.1052632 0.21052629 0 4278222847
2.1052632 0.15789473 0 4278222847
2.1052632 0.10526317 0 4278222847
2.1052632 0.052631557 0 4278222847
2.1578946 0.94736844 0 4278222847
2.1578946 0.89473683 0 4278222847
2.1578946 0.84210527 0 4278222847
2.1578946 0.78947365 0 4278222847
2.1578946 0.7368421 0 4278222847
2.1578946 0.68421054 0 4278222847
2.1578946 0.63157892 0 4278222847
2.1578946 0.57894737 0 4278222847
2.1578946 0.52631581 0 4278222847
2.1578946 0.47368419 0 4278222847
2.1578946 0.42105263 0 4278222847
2.1578946 0.36842108 0 4278222847
2.1578946 0.31578946 0 4278222847
2.1578946 0.2631579 0 4278222847
2.1578946 0.21052629 0 4278222847
2.1578946 0.15789473 0 4278222847
2.1578946 0.10526317 0 4278222847
2.1578946 0.052631557 0 4278222847
2.2105262 0.94736844 0 4278222847
2.2105262 0.89473683 0 4278222847
2.2105262 0.84210527 0 4278222847
2.2105262 0.78947365 0 4278222847
2.2105262 0.7368421 0 4278222847
2.2105262 0.68421054 0 4278222847
2.2105262 0.63157892 0 4278222847
2.2105262 0.57894737 0 4278222847
2.2105262 0.52631581 0 4278222847
2.2105262 0.47368419 0 4278222847
2.2105262 0.42105263 0 4278222847
2.2105262 0.36842108 0 4278222847
2.2105262 0.31578946 0 4278222847
2.2105262 0.2631579 0 4278222847
2.2105262 0.21052629 0 4278222847
2.2105262 0.15789473 0 4278222847
2.2105262 0.10526317 0 4278222847
2.2105262 0.052631557 0 4278222847
2.2631578 0.94736844 0 4278222847
2.2631578 0.89473683 0 4278222847
2.2631578 0.84210527 0 4278222847
2.2631578 0.78947365 0 4278222847
2.2631578 0.7368421 0 4278222847
2.2631578 0.68421054 0 4278222847
2.2631578 0.63157892 0 4278222847
2.2631578 0.57894737 0 4278222847
2.2631578 0.52631581 0 4278222847
2.2631578 0.47368419 0 4278222847
2.2631578 0.42105263 0 4278222847
2.2631578 0.36842108 0 4278222847
2.2631578 0.31578946 0 4278222847
2.2631578 0.2631579 0 4278222847
2.2631578 0.21052629 0 4278222847
2.2631578 0.15789473 0 4278222847
2.2631578 0.10526317 0 4278222847
2.2631578 0.052631557 0 4278222847
2.3157895 0.94736844 0 4278222847
2.3157895 0.89473683 0 4278222847
2.3157895 0.84210527 0 4278222847
2.3157895 0.78947365 0 4278222847
2.3157895 0.7368421 0 4278222847
2.3157895 0.68421054 0 4278222847
2.3157895 0.63157892 0 4278222847
2.3157895 0.57894737 0 4278222847
2.3157895 0.52631581 0 4278222847
2.3157895 0.47368419 0 4278222847
2.3157895 0.42105263 0 4278222847
2.3157895 0.36842108 0 4278222847
2.3157895 0.31578946 0 4278222847
2.3157895 0.2631579 0 4278222847
2.3157895 0.21052629 0 4278222847
2.3157895 0.15789473 0 4278222847
2.3157895 0.10526317 0 4278222847
2.3157895 0.052631557 0 4278222847
2.3684211 0.94736844 0 4278222847
2.3684211 0.89473683 0 4278222847
2.3684211 0.84210527 0 4278222847
2.3684211 0.78947365 0 4278222847
2.3684211 0.7368421 0 4278222847
2.3684211 0.68421054 0 4278222847
2.3684211 0.63157892 0 4278222847
2.3684211 0.57894737 0 4278222847
2.3684211 0.52631581 0 4278222847
2.3684211 0.47368419 0 4278222847
2.3684211 0.42105263 0 4278222847
2.3684211 0.36842108 0 4278222847
2.3684211 0.31578946 0 4278222847
2.3684211 0.2631579 0 4278222847
2.3684211 0.21052629 0 4278222847
2.3684211 0.15789473 0 4278222847
2.3684211 0.10526317 0 4278222847
2.3684211 0.052631557 0 4278222847
2.4210527 0.94736844 0 4278222847
2.4210527 0.89473683 0 4278222847
2.4210527 0.84210527 0 4278222847
2.4210527 0.78947365 0 4278222847
2.4210527 0.7368421 0 4278222847
2.4210527 0.68421054 0 4278222847
2.4210527 0.63157892 0 4278222847
2.4210527 0.57894737 0 4278222847
2.4210527 0.52631581 0 4278222847
2.4210527 0.47368419 0 4278222847
2.4210527 0.42105263 0 4278222847
2.4210527 0.36842108 0 4278222847
2.4210527 0.31578946 0 4278222847
2.4210527 0.2631579 0 4278222847
2.4210527 0.21052629 0 4278222847
2.4210527 0.15789473 0 4278222847
2.4210527 0.10526317 0 4278222847
2.4210527 0.052631557 0 4278222847
2.4736843 0.94736844 0 4278222847
2.4736843 0.89473683 0 4278222847
2.4736843 0.84210527 0 4278222847
2.4736843 0.78947365 0 4278222847
2.4736843 0.7368421 0 4278222847
2.4736843 0.68421054 0 4278222847
2.4736843 0.63157892 0 4278222847
2.4736843 0.57894737 0 4278222847
2.4736843 0.52631581 0 4278222847
2.4736843 0.47368419 0 4278222847
2.4736843 0.42105263 0 4278222847
2.4736843 0.36842108 0 4278222847
2.4736843 0.31578946 0 4278222847
2.4736843 0.2631579 0 4278222847
2.4736843 0.21052629 0 4278222847
2.4736843 0.15789473 0 4278222847
2.4736843 0.10526317 0 4278222847
2.4736843 0.052631557 0 4278222847
2.5263157 0.94736844 0 4278222847
2.5263157 0.89473683 0 4278222847
2.5263157 0.84210527 0 4278222847
2.5263157 0.78947365 0 4278222847
2.5263157 0.7368421 0 4278222847
2.5263157 0.68421054 0 4278222847
2.5263157 0.63157892 0 4278222847
2.5263157 0.57894737 0 4278222847
2.5263157 0.52631581 0 4278222847
2.5263157 0.47368419 0 4278222847
2.5263157 0.42105263 0 4278222847
2.5263157 0.36842108 0 4278222847
2.5263157 0.31578946 0 4278222847
2.5263157 0.2631579 0 4278222847
2.5263157 0.21052629 0 4278222847
2.5263157 0.15789473 0 4278222847
2.5263157 0.10526317 0 4278222847
2.5263157 0.052631557 0 4278222847
2.5789473 0.94736844 0 4278222847
2.5789473 0.89473683 0 4278222847
2.5789473 0.84210527 0 4278222847
2.5789473 0.78947365 0 4278222847
2.5789473 0.7368421 0 4278222847
2.5789473 0.68421054 0 4278222847
2.5789473 0.63157892 0 4278222847
2.5789473 0.57894737 0 4278222847
2.5789473 0.52631581 0 4278222847
2.5789473 0.47368419 0 4278222847
2.5789473 0.42105263 0 4278222847
2.5789473 0.36842108 0 4278222847
2.5789473 0.31578946 0 4278222847
2.5789473 0.2631579 0 4278222847
2.5789473 0.21052629 0 4278222847
2.5789473 0.15789473 0 4278222847
2.5789473 0.10526317 0 4278222847
2.5789473 0.052631557 0 4278222847
2.6315789 0.94736844 0 4278222847
2.6315789 0.89473683 0 4278222847
2.6315789 0.84210527 0 4278222847
2.6315789 0.78947365 0 4278222847
2.6315789 0.7368421 0 4278222847
2.6315789 0.68421054 0 4278222847
2.6315789 0.63157892 0 4278222847
2.6315789 0.57894737 0 4278222847
2.6315789 0.52631581 0 4278222847
2.6315789 0.47368419 0 4278222847
2.6315789 0.42105263 0 4278222847
2.6315789 0.36842108 0 4278222847
2.6315789 0.31578946 0 4278222847
2.6315789 0.2631579 0 4278222847
2.6315789 0.21052629 0 4278222847
2.6315789 0.15789473 0 4278222847
2.6315789 0.10526317 0 4278222847
2.6315789 0.052631557 0 4278222847
2.6842105 0.94736844 0 4278222847
2.6842105 0.89473683 0 4278222847
2.6842105 0.84210527 0 4278222847
2.6842105 0.78947365 0 4278222847
2.6842105 0.7368421 0 4278222847
2.6842105 0.68421054 0 4278222847
2.6842105 0.63157892 0 4278222847
2.6842105 0.57894737 0 4278222847
2.6842105 0.52631581 0 4278222847
2.6842105 0.47368419 0 4278222847
2.6842105 0.42105263 0 4278222847
2.6842105 0.36842108 0 4278222847
2.6842105 0.31578946 0 4278222847
2.6842105 0.2631579 0 4278222847
2.6842105 0.21052629 0 4278222847
2.6842105 0.15789473 0 4278222847
2.6842105 0.10526317 0 4278222847
2.6842105 0.052631557 0 4278222847
2.7368422 0.94736844 0 4278222847
2.7368422 0.89473683 0 4278222847
2.7368422 0.84210527 0 4278222847
2.7368422 0.78947365 0 4278222847
2.7368422 0.7368421 0 4278222847
2.7368422 0.68421054 0 4278222847
2.7368422 0.63157892 0 4278222847
2.7368422 0.57894737 0 4278222847
2.7368422 0.52631581 0 4278222847
2.7368422 0.47368419 0 4278222847
2.7368422 0.42105263 0 4278222847
2.7368422 0.36842108 0 4278222847
2.7368422 0.31578946 0 4278222847
2.7368422 0.2631579 0 4278222847
2.7368422 0.21052629 0 4278222847
2.7368422 0.15789473 0 4278222847
2.7368422 0.10526317 0 4278222847
2.7368422 0.052631557 0 4278222847
2.7894738 0.94736844 0 4278222847
2.7894738 0.89473683 0 4278222847
2.7894738 0.84210527 0 4278222847
2.7894738 0.78947365 0 4278222847
2.7894738 0.7368421 0 4278222847
2.7894738 0.68421054 0 4278222847
2.7894738 0.63157892 0 4278222847
2.7894738 0.57894737 0 4278222847
2.7894738 0.52631581 0 4278222847
2.7894738 0.47368419 0 4278222847
2.7894738 0.42105263 0 4278222847
2.7894738 0.36842108 0 4278222847
2.7894738 0.31578946 0 4278222847
2.7894738 0.2631579 0 4278222847
2.7894738 0.21052629 0 4278222847
2.7894738 0.15789473 0 4278222847
2.7894738 0.10526317 0 4278222847
2.7894738 0.052631557 0 4278222847
2.8421054 0.94736844 0 4278222847
2.8421054 0.89473683 0 4278222847
2.8421054 0.84210527 0 4278222847
2.8421054 0.78947365 0 4278222847
2.8421054 0.7368421 0 4278222847
2.8421054 0.68421054 0 4278222847
2.8421054 0.63157892 0 4278222847
2.8421054 0.57894737 0 4278222847
2.8421054 0.52631581 0 4278222847
2.8421054 0.47368419 0 4278222847
2.8421054 0.42105263 0 4278222847
2.8421054 0.36842108 0 4278222847
2.8421054 0.31578946 0 4278222847
2.8421054 0.2631579 0 4278222847
2.8421054 0.21052629 0 4278222847
2.8421054 0.15789473 0 4278222847
2.8421054 0.10526317 0 4278222847
2.8421054 0.052631557 0 4278222847
2.8947368 0.94736844 0 4278222847
2.8947368 0.89473683 0 4278222847
2.8947368 0.84210527 0 4278222847
2.8947368 0.78947365 0 4278222847
2.8947368 0.7368421 0 4278222847
2.8947368 0.68421054 0 4278222847
2.8947368 0.63157892 0 4278222847
2.8947368 0.57894737 0 4278222847
2.8947368 0.52631581 0 4278222847
2.8947368 0.47368419 0 4278222847
2.8947368 0.42105263 0 4278222847
2.8947368 0.36842108 0 4278222847
2.8947368 0.31578946 0 4278222847
2.8947368 0.2631579 0 4278222847
2.8947368 0.21052629 0 4278222847
2.8947368 0.15789473 0 4278222847
2.8947368 0.10526317 0 4278222847
2.8947368 0.052631557 0 4278222847
2.9473684 0.94736844 0 4278222847
2.9473684 0.89473683 0 4278222847
2.9473684 0.84210527 0 4278222847
2.9473684 0.78947365 0 4278222847
2.9473684 0.7368421 0 4278222847
2.9473684 0.68421054 0 4278222847
2.9473684 0.63157892 0 4278222847
2.9473684 0.57894737 0 4278222847
2.9473684 0.52631581 0 4278222847
2.9473684 0.47368419 0 4278222847
2.9473684 0.42105263 0 4278222847
2.9473684 0.36842108 0 4278222847
2.9473684 0.31578946 0 4278222847
2.9473684 0.2631579 0 4278222847
2.9473684 0.21052629 0 4278222847
2.9473684 0.15789473 0 4278222847
2.9473684 0.10526317 0 4278222847
2.9473684 0.052631557 0 4278222847
2.0526316 0.94736844 1 4278222847
2.0526316 0.89473683 1 4278222847
2.0526316 0.84210527 1 4278222847
2.0526316 0.78947365 1 4278222847
2.0526316 0.7368421 1 4278222847
2.0526316 0.68421054 1 4278222847
2.0526316 0.63157892 1 4278222847
2.0526316 0.57894737 1 4278222847
2.0526316 0.52631581 1 4278222847
2.0526316 0.47368419 1 4278222847
2.0526316 0.42105263 1 4278222847
2.0526316 0.36842108 1 4278222847
2.0526316 0.31578946 1 4278222847
2.0526316 0.2631579 1 4278222847
2.0526316 0.21052629 1 4278222847
2.0526316 0.15789473 1 4278222847
2.0526316 0.10526317 1 4278222847
2.0526316 0.052631557 1 4278222847
2.1052632 0.94736844 1 4278222847
2.1052632 0.89473683 1 4278222847
2.1052632 0.84210527 1 4278222847
2.1052632 0.78947365 1 4278222847
2.1052632 0.7368421 1 4278222847
2.1052632 0.68421054 1 4278222847
2.1052632 0.63157892 1 4278222847
2.1052632 0.57894737 1 4278222847
2.1052632 0.52631581 1 4278222847
2.1052632 0.47368419 1 4278222847
2.1052632 0.42105263 1 4278222847
2.1052632 0.36842108 1 4278222847
2.1052632 0.31578946 1 4278222847
2.1052632 0.2631579 1 4278222847
2.1052632 0.21052629 1 4278222847
2.1052632 0.15789473 1 4278222847
2.1052632 0.10526317 1 4278222847
2.1052632 0.052631557 1 4278222847
2.1578946 0.94736844 1 4278222847
2.1578946 0.89473683 1 4278222847
2.1578946 0.84210527 1 4278222847
2.1578946 0.78947365 1 4278222847
2.1578946 0.7368421 1 4278222847
2.1578946 0.68421054 1 4278222847
2.1578946 0.63157892 1 4278222847
2.1578946 0.57894737 1 4278222847
2.1578946 0.52631581 1 4278222847
2.1578946 0.47368419 1 4278222847
2.1578946 0.42105263 1 4278222847
2.1578946 0.36842108 1 4278222847
2.1578946 0.31578946 1 4278222847
2.1578946 0.2631579 1 4278222847
2.1578946 0.21052629 1 4278222847
2.1578946 0.15789473 1 4278222847
2.1578946 0.10526317 1 4278222847
2.1578946 0.052631557 1 4278222847
2.2105262 0.94736844 1 4278222847
2.2105262 0.89473683 1 4278222847
2.2105262 0.84210527 1 4278222847
2.2105262 0.78947365 1 4278222847
2.2105262 0.7368421 1 4278222847
2.2105262 0.68421054 1 4278222847
2.2105262 0.63157892 1 4278222847
2.2105262 0.57894737 1 4278222847
2.2105262 0.52631581 1 4278222847
2.2105262 0.47368419 1 4278222847
2.2105262 0.42105263 1 4278222847
2.2105262 0.36842108 1 4278222847
2.2105262 0.31578946 1 4278222847
2.2105262 0.2631579 1 4278222847
2.2105262 0.21052629 1 4278222847
2.2105262 0.15789473 1 4278222847
2.2105262 0.10526317 1 4278222847
2.2105262 0.052631557 1 4278222847
2.2631578 0.94736844 1 4278222847
2.2631578 0.89473683 1 4278222847
2.2631578 0.84210527 1 4278222847
2.2631578 0.78947365 1 4278222847
2.2631578 0.7368421 1 4278222847
2.2631578 0.68421054 1 4278222847
2.2631578 0.63157892 1 4278222847
2.2631578 0.57894737 1 4278222847
2.2631578 0.52631581 1 4278222847
2.2631578 0.47368419 1 4278222847
2.2631578 0.42105263 1 4278222847
2.2631578 0.36842108 1 4278222847
2.2631578 0.31578946 1 4278222847
2.2631578 0.2631579 1 4278222847
2.2631578 0.21052629 1 4278222847
2.2631578 0.15789473 1 4278222847
2.2631578 0.10526317 1 4278222847
2.2631578 0.052631557 1 4278222847
2.3157895 0.94736844 1 4278222847
2.3157895 0.89473683 1 4278222847
2.3157895 0.84210527 1 4278222847
2.3157895 0.78947365 1 4278222847
2.3157895 0.7368421 1 4278222847
2.3157895 0.68421054 1 4278222847
2.3157895 0.63157892 1 4278222847
2.3157895 0.57894737 1 4278222847
2.3157895 0.52631581 1 4278222847
2.3157895 0.47368419 1 4278222847
2.3157895 0.42105263 1 4278222847
2.3157895 0.36842108 1 4278222847
2.3157895 0.31578946 1 4278222847
2.3157895 0.2631579 1 4278222847
2.3157895 0.21052629 1 4278222847
2.3157895 0.15789473 1 4278222847
2.3157895 0.10526317 1 4278222847
2.3157895 0.052631557 1 4278222847
2.3684211 0.94736844 1 4278222847
2.3684211 0.89473683 1 4278222847
2.3684211 0.84210527 1 4278222847
2.3684211 0.78947365 1 4278222847
2.3684211 0.7368421 1 4278222847
2.3684211 0.68421054 1 4278222847
2.3684211 0.63157892 1 4278222847
2.3684211 0.57894737 1 4278222847
2.3684211 0.52631581 1 4278222847
2.3684211 0.47368419 1 4278222847
2.3684211 0.42105263 1 4278222847
2.3684211 0.36842108 1 4278222847
2.3684211 0.31578946 1 4278222847
2.3684211 0.2631579 1 4278222847
2.3684211 0.21052629 1 4278222847
2.3684211 0.15789473 1 4278222847
2.3684211 0.10526317 1 4278222847
2.3684211 0.052631557 1 4278222847
2.4210527 0.94736844 1 4278222847
2.4210527 0.89473683 1 4278222847
2.4210527 0.84210527 1 4278222847
2.4210527 0.78947365 1 4278222847
2.4210527 0.7368421 1 4278222847
2.4210527 0.68421054 1 4278222847
2.4210527 0.63157892 1 4278222847
2.4210527 0.57894737 1 4278222847
2.4210527 0.52631581 1 4278222847
2.4210527 0.47368419 1 4278222847
2.4210527 0.42105263 1 4278222847
2.4210527 0.36842108 1 4278222847
2.4210527 0.31578946 1 4278222847
2.4210527 0.2631579 1 4278222847
2.4210527 0.21052629 1 4278222847
2.4210527 0.15789473 1 4278222847
2.4210527 0.10526317 1 4278222847
2.4210527 0.052631557 1 4278222847
2.4736843 0.94736844 1 4278222847
2.4736843 0.89473683 1 4278222847
2.4736843 0.84210527 1 4278222847
2.4736843 0.78947365 1 4278222847
2.4736843 0.7368421 1 4278222847
2.4736843 0.68421054 1 4278222847
2.4736843 0.63157892 1 4278222847
2.4736843 0.57894737 1 4278222847
2.4736843 0.52631581 1 4278222847
2.4736843 0.47368419 1 4278222847
2.4736843 0.42105263 1 4278222847
2.4736843 0.36842108 1 4278222847
2.4736843 0.31578946 1 4278222847
2.4736843 0.2631579 1 4278222847
2.4736843 0.21052629 1 4278222847
2.4736843 0.15789473 1 4278222847
2.4736843 0.10526317 1 4278222847
2.4736843 0.052631557 1 4278222847
2.5263157 0.94736844 1 4278222847
2.5263157 0.89473683 1 4278222847
2.5263157 0.84210527 1 4278222847
2.5263157 0.78947365 1 4278222847
2.5263157 0.7368421 1 4278222847
2.5263157 0.68421054 1 4278222847
2.5263157 0.63157892 1 4278222847
2.5263157 0.57894737 1 4278222847
2.5263157 0.52631581 1 4278222847
2.5263157 0.47368419 1 4278222847
2.5263157 0.42105263 1 4278222847
2.5263157 0.36842108 1 4278222847
2.5263157 0.31578946 1 4278222847
2.5263157 0.2631579 1 4278222847
2.5263157 0.21052629 1 4278222847
2.5263157 0.15789473 1 4278222847
2.5263157 0.10526317 1 4278222847
2.5263157 0.052631557 1 4278222847
2.5789473 0.94736844 1 4278222847
2.5789473 0.89473683 1 4278222847
2.5789473 0.84210527 1 4278222847
2.5789473 0.78947365 1 4278222847
2.5789473 0.7368421 1 4278222847
2.5789473 0.68421054 1 4278222847
2.5789473 0.63157892 1 4278222847
2.5789473 0.57894737 1 4278222847
2.5789473 0.52631581 1 4278222847
2.5789473 0.47368419 1 4278222847
2.5789473 0.42105263 1 4278222847
2.5789473 0.36842108 1 4278222847
2.5789473 0.31578946 1 4278222847
2.5789473 0.2631579 1 4278222847
2.5789473 0.21052629 1 4278222847
2.5789473 0.15789473 1 4278222847
2.5789473 0.10526317 1 4278222847
2.5789473 0.052631557 1 4278222847
2.6315789 0.94736844 1 4278222847
2.6315789 0.89473683 1 4278222847
2.6315789 0.84210527 1 4278222847
2.6315789 0.78947365 1 4278222847
2.6315789 0.7368421 1 4278222847
2.6315789 0.68421054 1 4278222847
2.6315789 0.63157892 1 4278222847
2.6315789 0.57894737 1 4278222847
2.6315789 0.52631581 1 4278222847
2.6315789 0.47368419 1 4278222847
2.6315789 0.42105263 1 4278222847
2.6315789 0.36842108 1 4278222847
2.6315789 0.31578946 1 4278222847
2.6315789 0.2631579 1 4278222847
2.6315789 0.21052629 1 4278222847
2.6315789 0.15789473 1 4278222847
2.6315789 0.10526317 1 4278222847
2.6315789 0.052631557 1 4278222847
2.6842105 0.94736844 1 4278222847
2.6842105 0.89473683 1 4278222847
2.6842105 0.84210527 1 4278222847
2.6842105 0.78947365 1 4278222847
2.6842105 0.7368421 1 4278222847
2.6842105 0.68421054 1 4278222847
2.6842105 0.63157892 1 4278222847
2.6842105 0.57894737 1 4278222847
2.6842105 0.52631581 1 4278222847
2.6842105 0.47368419 1 4278222847
2.6842105 0.42105263 1 4278222847
2.6842105 0.36842108 1 4278222847
2.6842105 0.31578946 1 4278222847
2.6842105 0.2631579 1 4278222847
2.6842105 0.21052629 1 4278222847
2.6842105 0.15789473 1 4278222847
2.6842105 0.10526317 1 4278222847
2.6842105 0.052631557 1 4278222847
2.7368422 0.94736844 1 4278222847
2.7368422 0.89473683 1 4278222847
2.7368422 0.84210527 1 4278222847
2.7368422 0.78947365 1 4278222847
2.7368422 0.7368421 1 4278222847
2.7368422 0.68421054 1 4278222847
2.7368422 0.63157892 1 4278222847
2.7368422 0.57894737 1 4278222847
2.7368422 0.52631581 1 4278222847
2.7368422 0.47368419 1 4278222847
2.7368422 0.42105263 1 4278222847
2.7368422 0.36842108 1 4278222847
2.7368422 0.31578946 1 4278222847
2.7368422 0.2631579 1 4278222847
2.7368422 0.21052629 1 4278222847
2.7368422 0.15789473 1 4278222847
2.7368422 0.10526317 1 4278222847
2.7368422 0.052631557 1 4278222847
2.7894738 0.94736844 1 4278222847
2.7894738 0.89473683 1 4278222847
2.7894738 0.84210527 1 4278222847
2.7894738 0.78947365 1 4278222847
2.7894738 0.7368421 1 4278222847
2.7894738 0.68421054 1 4278222847
2.7894738 0.63157892 1 4278222847
2.7894738 0.57894737 1 4278222847
2.7894738 0.52631581 1 4278222847
2.7894738 0.47368419 1 4278222847
2.7894738 0.42105263 1 4278222847
2.7894738 0.36842108 1 4278222847
2.7894738 0.31578946 1 4278222847
2.7894738 0.2631579 1 4278222847
2.7894738 0.21052629 1 4278222847
2.7894738 0.15789473 1 4278222847
2.7894738 0.10526317 1 4278222847
2.7894738 0.052631557 1 4278222847
2.8421054 0.94736844 1 4278222847
2.8421054 0.89473683 1 4278222847
2.8421054 0.84210527 1 4278222847
2.8421054 0.78947365 1 4278222847
2.8421054 0.7368421 1 4278222847
2.8421054 0.68421054 1 4278222847
2.8421054 0.63157892 1 4278222847
2.8421054 0.57894737 1 4278222847
2.8421054 0.52631581 1 4278222847
2.8421054 0.47368419 1 4278222847
2.8421054 0.42105263 1 4278222847
2.8421054 0.36842108 1 4278222847
2.8421054 0.31578946 1 4278222847
2.8421054 0.2631579 1 4278222847
2.8421054 0.21052629 1 4278222847
2.8421054 0.15789473 1 4278222847
2.8421054 0.10526317 1 4278222847
2.8421054 0.052631557 1 4278222847
2.8947368 0.94736844 1 4278222847
2.8947368 0.89473683 1 4278222847
2.8947368 0.84210527 1 4278222847
2.8947368 0.78947365 1 4278222847
2.8947368 0.7368421 1 4278222847
2.8947368 0.68421054 1 4278222847
2.8947368 0.63157892 1 4278222847
2.8947368 0.57894737 1 4278222847
2.8947368 0.52631581 1 4278222847
2.8947368 0.47368419 1 4278222847
2.8947368 0.42105263 1 4278222847
2.8947368 0.36842108 1 4278222847
2.8947368 0.31578946 1 4278222847
2.8947368 0.2631579 1 4278222847
2.8947368 0.21052629 1 4278222847
2.8947368 0.15789473 1 4278222847
2.8947368 0.10526317 1 4278222847
2.8947368 0.052631557 1 4278222847
2.9473684 0.94736844 1 4278222847
2.9473684 0.89473683 1 4278222847
2.9473684 0.84210527 1 4278222847
2.9473684 0.78947365 1 4278222847
2.9473684 0.7368421 1 4278222847
2.9473684 0.68421054 1 4278222847
2.9473684 0.63157892 1 4278222847
2.9473684 0.57894737 1 4278222847
2.9473684 0.52631581 1 4278222847
2.9473684 0.47368419 1 4278222847
2.9473684 0.42105263 1 4278222847
2.9473684 0.36842108 1 4278222847
2.9473684 0.31578946 1 4278222847
2.9473684 0.2631579 1 4278222847
2.9473684 0.21052629 1 4278222847
2.9473684 0.15789473 1 4278222847
2.9473684 0.10526317 1 4278222847
2.9473684 0.052631557 1 4278222847
2.0526316 1 0.94736844 4278222847
2.0526316 1 0.89473683 4278222847
2.0526316 1 0.84210527 4278222847
2.0526316 1 0.78947365 4278222847
2.0526316 1 0.7368421 4278222847
2.0526316 1 0.68421054 4278222847
2.0526316 1 0.63157892 4278222847
2.0526316 1 0.57894737 4278222847
2.0526316 1 0.52631581 4278222847
2.0526316 1 0.47368419 4278222847
2.0526316 1 0.42105263 4278222847
2.0526316 1 0.36842108 4278222847
2.0526316 1 0.31578946 4278222847
2.0526316 1 0.2631579 4278222847
2.0526316 1 0.21052629 4278222847
2.0526316 1 0.15789473 4278222847
2.0526316 1 0.10526317 4278222847
2.0526316 1 0.052631557 4278222847
2.1052632 1 0.94736844 4278222847
2.1052632 1 0.89473683 4278222847
2.1052632 1 0.84210527 4278222847
2.1052632 1 0.78947365 4278222847
2.1052632 1 0.7368421 4278222847
2.1052632 1 0.68421054 4278222847
2.1052632 1 0.63157892 4278222847
2.1052632 1 0.57894737 4278222847
2.1052632 1 0.52631581 4278222847
2.1052632 1 0.47368419 4278222847
2.1052632 1 0.42105263 4278222847
2.1052632 1 0.36842108 4278222847
2.1052632 1 0.31578946 4278222847
2.1052632 1 0.2631579 4278222847
2.1052632 1 0.21052629 4278222847
2.1052632 1 0.15789473 4278222847
2.1052632 1 0.10526317 4278222847
2.1052632 1 0.052631557 4278222847
2.1578946 1 0.94736844 4278222847
2.1578946 1 0.89473683 4278222847
2.1578946 1 0.84210527 4278222847
2.1578946 1 0.78947365 4278222847
2.1578946 1 0.7368421 4278222847
2.1578946 1 0.68421054 4278222847
2.1578946 1 0.63157892 4278222847
2.1578946 1 0.57894737 4278222847
2.1578946 1 0.52631581 4278222847
2.1578946 1 0.47368419 4278222847
2.1578946 1 0.42105263 4278222847
2.1578946 1 0.36842108 4278222847
2.1578946 1 0.31578946 4278222847
2.1578946 1 0.2631579 4278222847
2.1578946 1 0.21052629 4278222847
2.1578946 1 0.15789473 4278222847
2.1578946 1 0.10526317 4278222847
2.1578946 1 0.052631557 4278222847
2.2105262 1 0.94736844 4278222847
2.2105262 1 0.89473683 4278222847
2.2105262 1 0.84210527 4278222847
2.2105262 1 0.78947365 4278222847
2.2105262 1 0.7368421 4278222847
2.2105262 1 0.68421054 4278222847
2.2105262 1 0.63157892 4278222847
2.2105262 1 0.57894737 4278222847
2.2105262 1 0.52631581 4278222847
2.2105262 1 0.47368419 4278222847
2.2105262 1 0.42105263 4278222847
2.2105262 1 0.36842108 4278222847
2.2105262 1 0.31578946 4278222847
2.2105262 1 0.2631579 4278222847
2.2105262 1 0.21052629 4278222847
2.2105262 1 0.15789473 4278222847
2.2105262 1 0.10526317 4278222847
2.2105262 1 0.052631557 4278222847
2.2631578 1 0.94736844 4278222847
2.2631578 1 0.89473683 4278222847
2.2631578 1 0.84210527 4278222847
2.2631578 1 0.78947365 4278222847
2.2631578 1 0.7368421 4278222847
2.2631578 1 0.68421054 4278222847
2.2631578 1 0.63157892 4278222847
2.2631578 1 0.57894737 4278222847
2.2631578 1 0.52631581 4278222847
2.2631578 1 0.47368419 4278222847
2.2631578 1 0.42105263 4278222847
2.2631578 1 0.36842108 4278222847
2.2631578 1 0.31578946 4278222847
2.2631578 1 0.2631579 4278222847
2.2631578 1 0.21052629 4278222847
2.2631578 1 0.15789473 4278222847
2.2631578 1 0.10526317 4278222847
2.2631578 1 0.052631557 4278222847
2.3157895 1 0.94736844 4278222847
2.3157895 1 0.89473683 4278222847
2.3157895 1 0.84210527 4278222847
2.3157895 1 0.78947365 4278222847
2.3157895 1 0.7368421 4278222847
2.3157895 1 0.68421054 4278222847
2.3157895 1 0.63157892 4278222847
2.3157895 1 0.57894737 4278222847
2.3157895 1 0.52631581 4278222847
2.3157895 1 0.47368419 4278222847
2.3157895 1 0.42105263 4278222847
2.3157895 1 0.36842108 4278222847
2.3157895 1 0.31578946 4278222847
2.3157895 1 0.2631579 4278222847
2.3157895 1 0.21052629 4278222847
2.3157895 1 0.15789473 4278222847
2.3157895 1 0.10526317 4278222847
2.3157895 1 0.052631557 4278222847
2.3684211 1 0.94736844 4278222847
2.3684211 1 0.89473683 4278222847
2.3684211 1 0.84210527 4278222847
2.3684211 1 0.78947365 4278222847
2.3684211 1 0.7368421 4278222847
2.3684211 1 0.68421054 4278222847
2.3684211 1 0.63157892 4278222847
2.3684211 1 0.57894737 4278222847
2.3684211 1 0.52631581 4278222847
2.3684211 1 0.47368419 4278222847
2.3684211 1 0.42105263 4278222847
2.3684211 1 0.36842108 4278222847
2.3684211 1 0.31578946 4278222847
2.3684211 1 0.2631579 4278222847
2.3684211 1 0.21052629 4278222847
2.3684211 1 0.15789473 4278222847
2.3684211 1 0.10526317 4278222847
2.3684211 1 0.052631557 4278222847
2.4210527 1 0.94736844 4278222847
2.4210527 1 0.89473683 4278222847
2.4210527 1 0.84210527 4278222847
2.4210527 1 0.78947365 4278222847
2.4210527 1 0.7368421 4278222847
2.4210527 1 0.68421054 4278222847
2.4210527 1 0.63157892 4278222847
2.4210527 1 0.57894737 4278222847
2.4210527 1 0.52631581 4278222847
2.4210527 1 0.47368419 4278222847
2.4210527 1 0.42105263 4278222847
2.4210527 1 0.36842108 4278222847
2.4210527 1 0.31578946 4278222847
2.4210527 1 0.2631579 4278222847
2.4210527 1 0.21052629 4278222847
2.4210527 1 0.15789473 4278222847
2.4210527 1 0.10526317 4278222847
2.4210527 1 0.052631557 4278222847
2.4736843 1 0.94736844 4278222847
2.4736843 1 0.89473683 4278222847
2.4736843 1 0.84210527 4278222847
2.4736843 1 0.78947365 4278222847
2.4736843 1 0.7368421 4278222847
2.4736843 1 0.68421054 4278222847
2.4736843 1 0.63157892 4278222847
2.4736843 1 0.57894737 4278222847
2.4736843 1 0.52631581 4278222847
2.4736843 1 0.47368419 4278222847
2.4736843 1 0.42105263 4278222847
2.4736843 1 0.36842108 4278222847
2.4736843 1 0.31578946 4278222847
2.4736843 1 0.2631579 4278222847
2.4736843 1 0.21052629 4278222847
2.4736843 1 0.15789473 4278222847
2.4736843 1 0.10526317 4278222847
2.4736843 1 0.052631557 4278222847
2.5263157 1 0.94736844 4278222847
2.5263157 1 0.89473683 4278222847
2.5263157 1 0.84210527 4278222847
2.5263157 1 0.78947365 4278222847
2.5263157 1 0.7368421 4278222847
2.5263157 1 0.68421054 4278222847
2.5263157 1 0.63157892 4278222847
2.5263157 1 0.57894737 4278222847
2.5263157 1 0.52631581 4278222847
2.5263157 1 0.47368419 4278222847
2.5263157 1 0.42105263 4278222847
2.5263157 1 0.36842108 4278222847
2.5263157 1 0.31578946 4278222847
2.5263157 1 0.2631579 4278222847
2.5263157 1 0.21052629 4278222847
2.5263157 1 0.15789473 4278222847
2.5263157 1 0.10526317 4278222847
2.5263157 1 0.052631557 4278222847
2.5789473 1 0.94736844 4278222847
2.5789473 1 0.89473683 4278222847
2.5789473 1 0.84210527 4278222847
2.5789473 1 0.78947365 4278222847
2.5789473 1 0.7368421 4278222847
2.5789473 1 0.68421054 4278222847
2.5789473 1 0.63157892 4278222847
2.5789473 1 0.57894737 4278222847
2.5789473 1 0.52631581 4278222847
2.5789473 1 0.47368419 4278222847
2.5789473 1 0.42105263 4278222847
2.5789473 1 0.36842108 4278222847
2.5789473 1 0.31578946 4278222847
2.5789473 1 0.2631579 4278222847
2.5789473 1 0.21052629 4278222847
2.5789473 1 0.15789473 4278222847
2.5789473 1 0.10526317 4278222847
2.5789473 1 0.052631557 4278222847
2.6315789 1 0.94736844 4278222847
2.6315789 1 0.89473683 4278222847
2.6315789 1 0.84210527 4278222847
2.6315789 1 0.78947365 4278222847
2.6315789 1 0.7368421 4278222847
2.6315789 1 0.68421054 4278222847
2.6315789 1 0.63157892 4278222847
2.6315789 1 0.57894737 4278222847
2.6315789 1 0.52631581 4278222847
2.6315789 1 0.47368419 4278222847
2.6315789 1 0.42105263 4278222847
2.6315789 1 0.36842108 4278222847
2.6315789 1 0.31578946 4278222847
2.6315789 1 0.2631579 4278222847
2.6315789 1 0.21052629 4278222847
2.6315789 1 0.15789473 4278222847
2.6315789 1 0.10526317 4278222847
2.6315789 1 0.052631557 4278222847
2.6842105 1 0.94736844 4278222847
2.6842105 1 0.89473683 4278222847
2.6842105 1 0.84210527 4278222847
2.6842105 1 0.78947365 4278222847
2.6842105 1 0.7368421 4278222847
2.6842105 1 0.68421054 4278222847
2.6842105 1 0.63157892 4278222847
2.6842105 1 0.57894737 4278222847
2.6842105 1 0.52631581 4278222847
2.6842105 1 0.47368419 4278222847
2.6842105 1 0.42105263 4278222847
2.6842105 1 0.36842108 4278222847
2.6842105 1 0.31578946 4278222847
2.6842105 1 0.2631579 4278222847
2.6842105 1 0.21052629 4278222847
2.6842105 1 0.15789473 4278222847
2.6842105 1 0.10526317 4278222847
2.6842105 1 0.052631557 4278222847
2.7368422 1 0.94736844 4278222847
2.7368422 1 0.89473683 4278222847
2.7368422 1 0.84210527 4278222847
2.7368422 1 0.78947365 4278222847
2.7368422 1 0.7368421 4278222847
2.7368422 1 0.68421054 4278222847
2.7368422 1 0.63157892 4278222847
2.7368422 1 0.57894737 4278222847
2.7368422 1 0.52631581 4278222847
2.7368422 1 0.47368419 4278222847
2.7368422 1 0.42105263 4278222847
2.7368422 1 0.36842108 4278222847
2.7368422 1 0.31578946 4278222847
2.7368422 1 0.2631579 4278222847
2.7368422 1 0.21052629 4278222847
2.7368422 1 0.15789473 4278222847
2.7368422 1 0.10526317 4278222847
2.7368422 1 0.052631557 4278222847
2.7894738 1 0.94736844 4278222847
2.7894738 1 0.89473683 4278222847
2.7894738 1 0.84210527 4278222847
2.7894738 1 0.78947365 4278222847
2.7894738 1 0.7368421 4278222847
2.7894738 1 0.68421054 4278222847
2.7894738 1 0.63157892 4278222847
2.7894738 1 0.57894737 4278222847
2.7894738 1 0.52631581 4278222847
2.7894738 1 0.47368419 4278222847
2.7894738 1 0.42105263 4278222847
2.7894738 1 0.36842108 4278222847
2.7894738 1 0.31578946 4278222847
2.7894738 1 0.2631579 4278222847
2.7894738 1 0.21052629 4278222847
2.7894738 1 0.15789473 4278222847
2.7894738 1 0.10526317 4278222847
2.7894738 1 0.052631557 4278222847
2.8421054 1 0.94736844 4278222847
2.8421054 1 0.89473683 4278222847
2.8421054 1 0.84210527 4278222847
2.8421054 1 0.78947365 4278222847
2.8421054 1 0.7368421 4278222847
2.8421054 1 0.68421054 4278222847
2.8421054 1 0.63157892 4278222847
2.8421054 1 0.57894737 4278222847
2.8421054 1 0.52631581 4278222847
2.8421054 1 0.47368419 4278222847
2.8421054 1 0.42105263 4278222847
2.8421054 1 0.36842108 4278222847
2.8421054 1 0.31578946 4278222847
2.8421054 1 0.2631579 4278222847
2.8421054 1 0.21052629 4278222847
2.8421054 1 0.15789473 4278222847
2.8421054 1 0.10526317 4278222847
2.8421054 1 0.052631557 4278222847
2.8947368 1 0.94736844 4278222847
2.8947368 1 0.89473683 4278222847
2.8947368 1 0.84210527 4278222847
2.8947368 1 0.78947365 4278222847
2.8947368 1 0.7368421 4278222847
2.8947368 1 0.68421054 4278222847
2.8947368 1 0.63157892 4278222847
2.8947368 1 0.57894737 4278222847
2.8947368 1 0.52631581 4278222847
2.8947368 1 0.47368419 4278222847
2.8947368 1 0.42105263 4278222847
2.8947368 1 0.36842108 4278222847
2.8947368 1 0.31578946 4278222847
2.8947368 1 0.2631579 4278222847
2.8947368 1 0.21052629 4278222847
2.8947368 1 0.15789473 4278222847
2.8947368 1 0.10526317 4278222847
2.8947368 1 0.052631557 4278222847
2.9473684 1 0.94736844 4278222847
2.9473684 1 0.89473683 4278222847
2.9473684 1 0.84210527 4278222847
2.9473684 1 0.78947365 4278222847
2.9473684 1 0.7368421 4278222847
2.9473684 1 0.68421054 4278222847
2.9473684 1 0.63157892 4278222847
2.9473684 1 0.57894737 4278222847
2.9473684 1 0.52631581 4278222847
2.9473684 1 0.47368419 4278222847
2.9473684 1 0.42105263 4278222847
2.9473684 1 0.36842108 4278222847
2.9473684 1 0.31578946 4278222847
2.9473684 1 0.2631579 4278222847
2.9473684 1 0.21052629 4278222847
2.9473684 1 0.15789473 4278222847
2.9473684 1 0.10526317 4278222847
2.9473684 1 0.052631557 4278222847
3 0.94736844 0.94736844 4278222847
3 0.94736844 0.89473683 4278222847
3 0.94736844 0.84210527 4278222847
3 0.94736844 0.78947365 4278222847
3 0.94736844 0.7368421 4278222847
3 0.94736844 0.68421054 4278222847
3 0.94736844 0.63157892 4278222847
3 0.94736844 0.57894737 4278222847
3 0.94736844 0.52631581 4278222847
3 0.94736844 0.47368419 4278222847
3 0.94736844 0.42105263 4278222847
3 0.94736844 0.36842108 4278222847
3 0.94736844 0.31578946 4278222847
3 0.94736844 0.2631579 4278222847
3 0.94736844 0.21052629 4278222847
3 0.94736844 0.15789473 4278222847
3 0.94736844 0.10526317 4278222847
3 0.94736844 0.052631557 4278222847
3 0.89473683 0.94736844 4278222847
3 0.89473683 0.89473683 4278222847
3 0.89473683 0.84210527 4278222847
3 0.89473683 0.78947365 4278222847
3 0.89473683 0.7368421 4278222847
3 0.89473683 0.68421054 4278222847
3 0.89473683 0.63157892 4278222847
3 0.89473683 0.57894737 4278222847
3 0.89473683 0.52631581 4278222847
3 0.89473683 0.47368419 4278222847
3 0.89473683 0.42105263 4278222847
3 0.89473683 0.36842108 4278222847
3 0.89473683 0.31578946 4278222847
3 0.89473683 0.2631579 4278222847
3 0.89473683 0.21052629 4278222847
3 0.89473683 0.15789473 4278222847
3 0.89473683 0.10526317 4278222847
3 0.89473683 0.052631557 4278222847
3 0.84210527 0.94736844 4278222847
3 0.84210527 0.89473683 4278222847
3 0.84210527 0.84210527 4278222847
3 0.84210527 0.78947365 4278222847
3 0.84210527 0.7368421 4278222847
3 0.84210527 0.68421054 4278222847
3 0.84210527 0.63157892 4278222847
3 0.84210527 0.57894737 4278222847
3 0.84210527 0.52631581 4278222847
3 0.84210527 0.47368419 4278222847
3 0.84210527 0.42105263 4278222847
3 0.84210527 0.36842108 4278222847
3 0.84210527 0.31578946 4278222847
3 0.84210527 0.2631579 4278222847
3 0.84210527 0.21052629 4278222847
3 0.84210527 0.15789473 4278222847
3 0.84210527 0.10526317 4278222847
3 0.84210527 0.052631557 4278222847
3 0.78947371 0.94736844 4278222847
3 0.78947371 0.89473683 4278222847
3 0.78947371 0.84210527 4278222847
3 0.78947371 0.78947365 4278222847
3 0.78947371 0.7368421 4278222847
3 0.78947371 0.68421054 4278222847
3 0.78947371 0.63157892 4278222847
3 0.78947371 0.57894737 4278222847
3 0.78947371 0.52631581 4278222847
3 0.78947371 0.47368419 4278222847
3 0.78947371 0.42105263 4278222847
3 0.78947371 0.36842108 4278222847
3 0.78947371 0.31578946 4278222847
3 0.78947371 0.2631579 4278222847
3 0.78947371 0.21052629 4278222847
3 0.78947371 0.15789473 4278222847
3 0.78947371 0.10526317 4278222847
3 0.78947371 0.052631557 4278222847
3 0.7368421 0.94736844 4278222847
3 0.7368421 0.89473683 4278222847
3 0.7368421 0.84210527 4278222847
3 0.7368421 0.78947365 4278222847
3 0.7368421 0.7368421 4278222847
3 0.7368421 0.68421054 4278222847
3 0.7368421 0.63157892 4278222847
3 0.7368421 0.57894737 4278222847
3 0.7368421 0.52631581 4278222847
3 0.7368421 0.47368419 4278222847
3 0.7368421 0.42105263 4278222847
3 0.7368421 0.36842108 4278222847
3 0.7368421 0.31578946 4278222847
3 0.7368421 0.2631579 4278222847
3 0.7368421 0.21052629 4278222847
3 0.7368421 0.15789473 4278222847
3 0.7368421 0.10526317 4278222847
3 0.7368421 0.052631557 4278222847
3 0.68421054 0.94736844 4278222847
3 0.68421054 0.89473683 4278222847
3 0.68421054 0.84210527 4278222847
3 0.68421054 0.78947365 4278222847
3 0.68421054 0.7368421 4278222847
3 0.68421054 0.68421054 4278222847
3 0.68421054 0.63157892 4278222847
3 0.68421054 0.57894737 4278222847
3 0.68421054 0.52631581 4278222847
3 0.68421054 0.47368419 4278222847
3 0.68421054 0.42105263 4278222847
3 0.68421054 0.36842108 4278222847
3 0.68421054 0.31578946 4278222847
3 0.68421054 0.2631579 4278222847
3 0.68421054 0.21052629 4278222847
3 0.68421054 0.15789473 4278222847
3 0.68421054 0.10526317 4278222847
3 0.68421054 0.052631557 4278222847
3 0.63157892 0.94736844 4278222847
3 0.63157892 0.89473683 4278222847
3 0.63157892 0.84210527 4278222847
3 0.63157892 0.78947365 4278222847
3 0.63157892 0.7368421 4278222847
3 0.63157892 0.68421054 4278222847
3 0.63157892 0.63157892 4278222847
3 0.63157892 0.57894737 4278222847
3 0.63157892 0.52631581 4278222847
3 0.63157892 0.47368419 4278222847
3 0.63157892 0.42105263 4278222847
3 0.63157892 0.36842108 4278222847
3 0.63157892 0.31578946 4278222847
3 0.63157892 0.2631579 4278222847
3 0.63157892 0.21052629 4278222847
3 0.63157892 0.15789473 4278222847
3 0.63157892 0.10526317 4278222847
3 0.63157892 0.052631557 4278222847
3 0.57894737 0.94736844 4278222847
3 0.57894737 0.89473683 4278222847
3 0.57894737 0.84210527 4278222847
3 0.57894737 0.78947365 4278222847
3 0.57894737 0.7368421 4278222847
3 0.57894737 0.68421054 4278222847
3 0.57894737 0.63157892 4278222847
3 0.57894737 0.57894737 4278222847
3 0.57894737 0.52631581 4278222847
3 0.57894737 0.47368419 4278222847
3 0.57894737 0.42105263 4278222847
3 0.57894737 0.36842108 4278222847
3 0.57894737 0.31578946 4278222847
3 0.57894737 0.2631579 4278222847
3 0.57894737 0.21052629 4278222847
3 0.57894737 0.15789473 4278222847
3 0.57894737 0.10526317 4278222847
3 0.57894737 0.052631557 4278222847
3 0.52631581 0.94736844 4278222847
3 0.52631581 0.89473683 4278222847
3 0.52631581 0.84210527 4278222847
3 0.52631581 0.78947365 4278222847
3 0.52631581 0.7368421 4278222847
3 0.52631581 0.68421054 4278222847
3 0.52631581 0.63157892 4278222847
3 0.52631581 0.57894737 4278222847
3 0.52631581 0.52631581 4278222847
3 0.52631581 0.47368419 4278222847
3 0.52631581 0.42105263 4278222847
3 0.52631581 0.36842108 4278222847
3 0.52631581 0.31578946 4278222847
3 0.52631581 0.2631579 4278222847
3 0.52631581 0.21052629 4278222847
3 0.52631581 0.15789473 4278222847
3 0.52631581 0.10526317 4278222847
3 0.52631581 0.052631557 4278222847
3 0.47368422 0.94736844 4278222847
3 0.47368422 0.89473683 4278222847
3 0.47368422 0.84210527 4278222847
3 0.47368422 0.78947365 4278222847
3 0.47368422 0.7368421 4278222847
3 0.47368422 0.68421054 4278222847
3 0.47368422 0.63157892 4278222847
3 0.47368422 0.57894737 4278222847
3 0.47368422 0.52631581 4278222847
3 0.47368422 0.47368419 4278222847
3 0.47368422 0.42105263 4278222847
3 0.47368422 0.36842108 4278222847
3 0.47368422 0.31578946 4278222847
3 0.47368422 0.2631579 4278222847
3 0.47368422 0.21052629 4278222847
3 0.47368422 0.15789473 4278222847
3 0.47368422 0.10526317 4278222847
3 0.47368422 0.052631557 4278222847
3 0.42105263 0.94736844 4278222847
3 0.42105263 0.89473683 4278222847
3 0.42105263 0.84210527 4278222847
3 0.42105263 0.78947365 4278222847
3 0.42105263 0.7368421 4278222847
3 0.42105263 0.68421054 4278222847
3 0.42105263 0.63157892 4278222847
3 0.42105263 0.57894737 4278222847
3 0.42105263 0.52631581 4278222847
3 0.42105263 0.47368419 4278222847
3 0.42105263 0.42105263 4278222847
3 0.42105263 0.36842108 4278222847
3 0.42105263 0.31578946 4278222847
3 0.42105263 0.2631579 4278222847
3 0.42105263 0.21052629 4278222847
3 0.42105263 0.15789473 4278222847
3 0.42105263 0.10526317 4278222847
3 0.42105263 0.052631557 4278222847
3 0.36842105 0.94736844 4278222847
3 0.36842105 0.89473683 4278222847
3 0.36842105 0.84210527 4278222847
3 0.36842105 0.78947365 4278222847
3 0.36842105 0.7368421 4278222847
3 0.36842105 0.68421054 4278222847
3 0.36842105 0.63157892 4278222847
3 0.36842105 0.57894737 4278222847
3 0.36842105 0.52631581 4278222847
3 0.36842105 0.47368419 4278222847
3 0.36842105 0.42105263 4278222847
3 0.36842105 0.36842108 4278222847
3 0.36842105 0.31578946 4278222847
3 0.36842105 0.2631579 4278222847
3 0.36842105 0.21052629 4278222847
3 0.36842105 0.15789473 4278222847
3 0.36842105 0.10526317 4278222847
3 0.36842105 0.052631557 4278222847
3 0.31578946 0.94736844 4278222847
3 0.31578946 0.89473683 4278222847
3 0.31578946 0.84210527 4278222847
3 0.31578946 0.78947365 4278222847
3 0.31578946 0.7368421 4278222847
3 0.31578946 0.68421054 4278222847
3 0.31578946 0.63157892 4278222847
3 0.31578946 0.57894737 4278222847
3 0.31578946 0.52631581 4278222847
3 0.31578946 0.47368419 4278222847
3 0.31578946 0.42105263 4278222847
3 0.31578946 0.36842108 4278222847
3 0.31578946 0.31578946 4278222847
3 0.31578946 0.2631579 4278222847
3 0.31578946 0.21052629 4278222847
3 0.31578946 0.15789473 4278222847
3 0.31578946 0.10526317 4278222847
3 0.31578946 0.052631557 4278222847
3 0.2631579 0.94736844 4278222847
3 0.2631579 0.89473683 4278222847
3 0.2631579 0.84210527 4278222847
3 0.2631579 0.78947365 4278222847
3 0.2631579 0.7368421 4278222847
3 0.2631579 0.68421054 4278222847
3 0.2631579 0.63157892 4278222847
3 0.2631579 0.57894737 4278222847
3 0.2631579 0.52631581 4278222847
3 0.2631579 0.47368419 4278222847
3 0.2631579 0.42105263 4278222847
3 0.2631579 0.36842108 4278222847
3 0.2631579 0.31578946 4278222847
3 0.2631579 0.2631579 4278222847
3 0.2631579 0.21052629 4278222847
3 0.2631579 0.15789473 4278222847
3 0.2631579 0.10526317 4278222847
3 0.2631579 0.052631557 4278222847
3 0.21052632 0.94736844 4278222847
3 0.21052632 0.89473683 4278222847
3 0.21052632 0.84210527 4278222847
3 0.21052632 0.78947365 4278222847
3 0.21052632 0.7368421 4278222847
3 0.21052632 0.68421054 4278222847
3 0.21052632 0.63157892 4278222847
3 0.21052632 0.57894737 4278222847
3 0.21052632 0.52631581 4278222847
3 0.21052632 0.47368419 4278222847
3 0.21052632 0.42105263 4278222847
3 0.21052632 0.36842108 4278222847
3 0.21052632 0.31578946 4278222847
3 0.21052632 0.2631579 4278222847
3 0.21052632 0.21052629 4278222847
3 0.21052632 0.15789473 4278222847
3 0.21052632 0.10526317 4278222847
3 0.21052632 0.052631557 4278222847
3 0.15789473 0.94736844 4278222847
3 0.15789473 0.89473683 4278222847
3 0.15789473 0.84210527 4278222847
3 0.15789473 0.78947365 4278222847
3 0.15789473 0.7368421 4278222847
3 0.15789473 0.68421054 4278222847
3 0.15789473 0.63157892 4278222847
3 0.15789473 0.57894737 4278222847
3 0.15789473 0.52631581 4278222847
3 0.15789473 0.47368419 4278222847
3 0.15789473 0.42105263 4278222847
3 0.15789473 0.36842108 4278222847
3 0.15789473 0.31578946 4278222847
3 0.15789473 0.2631579 4278222847
3 0.15789473 0.21052629 4278222847
3 0.15789473 0.15789473 4278222847
3 0.15789473 0.10526317 4278222847
3 0.15789473 0.052631557 4278222847
3 0.10526316 0.94736844 4278222847
3 0.10526316 0.89473683 4278222847
3 0.10526316 0.84210527 4278222847
3 0.10526316 0.78947365 4278222847
3 0.10526316 0.7368421 4278222847
3 0.10526316 0.68421054 4278222847
3 0.10526316 0.63157892 4278222847
3 0.10526316 0.57894737 4278222847
3 0.10526316 0.52631581 4278222847
3 0.10526316 0.47368419 4278222847
3 0.10526316 0.42105263 4278222847
3 0.10526316 0.36842108 4278222847
3 0.10526316 0.31578946 4278222847
3 0.10526316 0.2631579 4278222847
3 0.10526316 0.21052629 4278222847
3 0.10526316 0.15789473 4278222847
3 0.10526316 0.10526317 4278222847
3 0.10526316 0.052631557 4278222847
3 0.052631579 0.94736844 4278222847
3 0.052631579 0.89473683 4278222847
3 0.052631579 0.84210527 4278222847
3 0.052631579 0.78947365 4278222847
3 0.052631579 0.7368421 4278222847
3 0.052631579 0.68421054 4278222847
3 0.052631579 0.63157892 4278222847
3 0.052631579 0.57894737 4278222847
3 0.052631579 0.52631581 4278222847
3 0.052631579 0.47368419 4278222847
3 0.052631579 0.42105263 4278222847
3 0.052631579 0.36842108 4278222847
3 0.052631579 0.31578946 4278222847
3 0.052631579 0.2631579 4278222847
3 0.052631579 0.21052629 4278222847
3 0.052631579 0.15789473 4278222847
3 0.052631579 0.10526317 4278222847
3 0.052631579 0.052631557 4278222847
2.0526316 0 0.94736844 4278222847
2.0526316 0 0.89473683 4278222847
2.0526316 0 0.84210527 4278222847
2.0526316 0 0.78947365 4278222847
2.0526316 0 0.7368421 4278222847
2.0526316 0 0.68421054 4278222847
2.0526316 0 0.63157892 4278222847
2.0526316 0 0.57894737 4278222847
2.0526316 0 0.52631581 4278222847
2.0526316 0 0.47368419 4278222847
2.0526316 0 0.42105263 4278222847
2.0526316 0 0.36842108 4278222847
2.0526316 0 0.31578946 4278222847
2.0526316 0 0.2631579 4278222847
2.0526316 0 0.21052629 4278222847
2.0526316 0 0.15789473 4278222847
2.0526316 0 0.10526317 4278222847
2.0526316 0 0.052631557 4278222847
2.1052632 0 0.94736844 4278222847
2.1052632 0 0.89473683 4278222847
2.1052632 0 0.84210527 4278222847
2.1052632 0 0.78947365 4278222847
2.1052632 0 0.7368421 4278222847
2.1052632 0 0.68421054 4278222847
2.1052632 0 0.63157892 4278222847
2.1052632 0 0.57894737 4278222847
2.1052632 0 0.52631581 4278222847
2.1052632 0 0.47368419 4278222847
2.1052632 0 0.42105263 4278222847
2.1052632 0 0.36842108 4278222847
2.1052632 0 0.31578946 4278222847
2.1052632 0 0.2631579 4278222847
2.1052632 0 0.21052629 4278222847
2.1052632 0 0.15789473 4278222847
2.1052632 0 0.10526317 4278222847
2.1052632 0 0.052631557 4278222847
2.1578946 0 0.94736844 4278222847
2.1578946 0 0.89473683 4278222847
2.1578946 0 0.84210527 4278222847
2.1578946 0 0.78947365 4278222847
2.1578946 0 0.7368421 4278222847
2.1578946 0 0.68421054 4278222847
2.1578946 0 0.63157892 4278222847
2.1578946 0 0.57894737 4278222847
2.1578946 0 0.52631581 4278222847
2.1578946 0 0.47368419 4278222847
2.1578946 0 0.42105263 4278222847
2.1578946 0 0.36842108 4278222847
2.1578946 0 0.31578946 4278222847
2.1578946 0 0.2631579 4278222847
2.1578946 0 0.21052629 4278222847
2.1578946 0 0.15789473 4278222847
2.1578946 0 0.10526317 4278222847
2.1578946 0 0.052631557 4278222847
2.2105262 0 0.94736844 4278222847
2.2105262 0 0.89473683 4278222847
2.2105262 0 0.84210527 4278222847
2.2105262 0 0.78947365 4278222847
2.2105262 0 0.7368421 4278222847
2.2105262 0 0.68421054 4278222847
2.2105262 0 0.63157892 4278222847
2.2105262 0 0.57894737 4278222847
2.2105262 0 0.52631581 4278222847
2.2105262 0 0.47368419 4278222847
2.2105262 0 0.42105263 4278222847
2.2105262 0 0.36842108 4278222847
2.2105262 0 0.31578946 4278222847
2.2105262 0 0.2631579 4278222847
2.2105262 0 0.21052629 4278222847
2.2105262 0 0.15789473 4278222847
2.2105262 0 0.10526317 4278222847
2.2105262 0 0.052631557 4278222847
2.2631578 0 0.94736844 4278222847
2.2631578 0 0.89473683 4278222847
2.2631578 0 0.84210527 4278222847
2.2631578 0 0.78947365 4278222847
2.2631578 0 0.7368421 4278222847
2.2631578 0 0.68421054 4278222847
2.2631578 0 0.63157892 4278222847
2.2631578 0 0.57894737 4278222847
2.2631578 0 0.52631581 4278222847
2.2631578 0 0.47368419 4278222847
2.2631578 0 0.42105263 4278222847
2.2631578 0 0.36842108 4278222847
2.2631578 0 0.31578946 4278222847
2.2631578 0 0.2631579 4278222847
2.2631578 0 0.21052629 4278222847
2.2631578 0 0.15789473 4278222847
2.2631578 0 0.10526317 4278222847
2.2631578 0 0.052631557 4278222847
2.3157895 0 0.94736844 4278222847
2.3157895 0 0.89473683 4278222847
2.3157895 0 0.84210527 4278222847
2.3157895 0 0.78947365 4278222847
2.3157895 0 0.7368421 4278222847
2.3157895 0 0.68421054 4278222847
2.3157895 0 0.63157892 4278222847
2.3157895 0 0.57894737 4278222847
2.3157895 0 0.52631581 4278222847
2.3157895 0 0.47368419 4278222847
2.3157895 0 0.42105263 4278222847
2.3157895 0 0.36842108 4278222847
2.3157895 0 0.31578946 4278222847
2.3157895 0 0.2631579 4278222847
2.3157895 0 0.21052629 4278222847
2.3157895 0 0.15789473 4278222847
2.3157895 0 0.10526317 4278222847
2.3157895 0 0.052631557 4278222847
2.3684211 0 0.94736844 4278222847
2.3684211 0 0.89473683 4278222847
2.3684211 0 0.84210527 4278222847
2.3684211 0 0.78947365 4278222847
2.3684211 0 0.7368421 4278222847
2.3684211 0 0.68421054 4278222847
2.3684211 0 0.63157892 4278222847
2.3684211 0 0.57894737 4278222847
2.3684211 0 0.52631581 4278222847
2.3684211 0 0.47368419 4278222847
2.3684211 0 0.42105263 4278222847
2.3684211 0 0.36842108 4278222847
2.3684211 0 0.31578946 4278222847
2.3684211 0 0.2631579 4278222847
2.3684211 0 0.21052629 4278222847
2.3684211 0 0.15789473 4278222847
2.3684211 0 0.10526317 4278222847
2.3684211 0 0.052631557 4278222847
2.4210527 0 0.94736844 4278222847
2.4210527 0 0.89473683 4278222847
2.4210527 0 0.84210527 4278222847
2.4210527 0 0.78947365 4278222847
2.4210527 0 0.7368421 4278222847
2.4210527 0 0.68421054 4278222847
2.4210527 0 0.63157892 4278222847
2.4210527 0 0.57894737 4278222847
2.4210527 0 0.52631581 4278222847
2.4210527 0 0.47368419 4278222847
2.4210527 0 0.42105263 4278222847
2.4210527 0 0.36842108 4278222847
2.4210527 0 0.31578946 4278222847
2.4210527 0 0.2631579 4278222847
2.4210527 0 0.21052629 4278222847
2.4210527 0 0.15789473 4278222847
2.4210527 0 0.10526317 4278222847
2.4210527 0 0.052631557 4278222847
2.4736843 0 0.94736844 4278222847
2.4736843 0 0.89473683 4278222847
2.4736843 0 0.84210527 4278222847
2.4736843 0 0.78947365 4278222847
2.4736843 0 0.7368421 4278222847
2.4736843 0 0.68421054 4278222847
2.4736843 0 0.63157892 4278222847
2.4736843 0 0.57894737 4278222847
2.4736843 0 0.52631581 4278222847
2.4736843 0 0.47368419 4278222847
2.4736843 0 0.42105263 4278222847
2.4736843 0 0.36842108 4278222847
2.4736843 0 0.31578946 4278222847
2.4736843 0 0.2631579 4278222847
2.4736843 0 0.21052629 4278222847
2.4736843 0 0.15789473 4278222847
2.4736843 0 0.10526317 4278222847
2.4736843 0 0.052631557 4278222847
2.5263157 0 0.94736844 4278222847
2.5263157 0 0.89473683 4278222847
2.5263157 0 0.84210527 4278222847
2.5263157 0 0.78947365 4278222847
2.5263157 0 0.7368421 4278222847
2.5263157 0 0.68421054 4278222847
2.5263157 0 0.63157892 4278222847
2.5263157 0 0.57894737 4278222847
2.5263157 0 0.52631581 4278222847
2.5263157 0 0.47368419 4278222847
2.5263157 0 0.42105263 4278222847
2.5263157 0 0.36842108 4278222847
2.5263157 0 0.31578946 4278222847
2.5263157 0 0.2631579 4278222847
2.5263157 0 0.21052629 4278222847
2.5263157 0 0.15789473 4278222847
2.5263157 0 0.10526317 4278222847
2.5263157 0 0.052631557 4278222847
2.5789473 0 0.94736844 4278222847
2.5789473 0 0.89473683 4278222847
2.5789473 0 0.84210527 4278222847
2.5789473 0 0.78947365 4278222847
2.5789473 0 0.7368421 4278222847
2.5789473 0 0.68421054 4278222847
2.5789473 0 0.63157892 4278222847
2.5789473 0 0.57894737 4278222847
2.5789473 0 0.52631581 4278222847
2.5789473 0 0.47368419 4278222847
2.5789473 0 0.42105263 4278222847
2.5789473 0 0.36842108 4278222847
2.5789473 0 0.31578946 4278222847
2.5789473 0 0.2631579 4278222847
2.5789473 0 0.21052629 4278222847
2.5789473 0 0.15789473 4278222847
2.5789473 0 0.10526317 4278222847
2.5789473 0 0.052631557 4278222847
2.6315789 0 0.94736844 4278222847
2.6315789 0 0.89473683 4278222847
2.6315789 0 0.84210527 4278222847
2.6315789 0 0.78947365 4278222847
2.6315789 0 0.7368421 4278222847
2.6315789 0 0.68421054 4278222847
2.6315789 0 0.63157892 4278222847
2.6315789 0 0.57894737 4278222847
2.6315789 0 0.52631581 4278222847
2.6315789 0 0.47368419 4278222847
2.6315789 0 0.42105263 4278222847
2.6315789 0 0.36842108 4278222847
2.6315789 0 0.31578946 4278222847
2.6315789 0 0.2631579 4278222847
2.6315789 0 0.21052629 4278222847
2.6315789 0 0.15789473 4278222847
2.6315789 0 0.10526317 4278222847
2.6315789 0 0.052631557 4278222847
2.6842105 0 0.94736844 4278222847
2.6842105 0 0.89473683 4278222847
2.6842105 0 0.84210527 4278222847
2.6842105 0 0.78947365 4278222847
2.6842105 0 0.7368421 4278222847
2.6842105 0 0.68421054 4278222847
2.6842105 0 0.63157892 4278222847
2.6842105 0 0.57894737 4278222847
2.6842105 0 0.52631581 4278222847
2.6842105 0 0.47368419 4278222847
2.6842105 0 0.42105263 4278222847
2.6842105 0 0.36842108 4278222847
2.6842105 0 0.31578946 4278222847
2.6842105 0 0.2631579 4278222847
2.6842105 0 0.21052629 4278222847
2.6842105 0 0.15789473 4278222847
2.6842105 0 0.10526317 4278222847
2.6842105 0 0.052631557 4278222847
2.7368422 0 0.94736844 4278222847
2.7368422 0 0.89473683 4278222847
2.7368422 0 0.84210527 4278222847
2.7368422 0 0.78947365 4278222847
2.7368422 0 0.7368421 4278222847
2.7368422 0 0.68421054 4278222847
2.7368422 0 0.63157892 4278222847
2.7368422 0 0.57894737 4278222847
2.7368422 0 0.52631581 4278222847
2.7368422 0 0.47368419 4278222847
2.7368422 0 0.42105263 4278222847
2.7368422 0 0.36842108 4278222847
2.7368422 0 0.31578946 4278222847
2.7368422 0 0.2631579 4278222847
2.7368422 0 0.21052629 4278222847
2.7368422 0 0.15789473 4278222847
2.7368422 0 0.10526317 4278222847
2.7368422 0 0.052631557 4278222847
2.7894738 0 0.94736844 4278222847
2.7894738 0 0.89473683 4278222847
2.7894738 0 0.84210527 4278222847
2.7894738 0 0.78947365 4278222847
2.7894738 0 0.7368421 4278222847
2.7894738 0 0.68421054 4278222847
2.7894738 0 0.63157892 4278222847
2.7894738 0 0.57894737 4278222847
2.7894738 0 0.52631581 4278222847
2.7894738 0 0.47368419 4278222847
2.7894738 0 0.42105263 4278222847
2.7894738 0 0.36842108 4278222847
2.7894738 0 0.31578946 4278222847
2.7894738 0 0.2631579 4278222847
2.7894738 0 0.21052629 4278222847
2.7894738 0 0.15789473 4278222847
2.7894738 0 0.10526317 4278222847
2.7894738 0 0.052631557 4278222847
2.8421054 0 0.94736844 4278222847
2.8421054 0 0.89473683 4278222847
2.8421054 0 0.84210527 4278222847
2.8421054 0 0.78947365 4278222847
2.8421054 0 0.7368421 4278222847
2.8421054 0 0.68421054 4278222847
2.8421054 0 0.63157892 4278222847
2.8421054 0 0.57894737 4278222847
2.8421054 0 0.52631581 4278222847
2.8421054 0 0.47368419 4278222847
2.8421054 0 0.42105263 4278222847
2.8421054 0 0.36842108 4278222847
2.8421054 0 0.31578946 4278222847
2.8421054 0 0.2631579 4278222847
2.8421054 0 0.21052629 4278222847
2.8421054 0 0.15789473 4278222847
2.8421054 0 0.10526317 4278222847
2.8421054 0 0.052631557 4278222847
2.8947368 0 0.94736844 4278222847
2.8947368 0 0.89473683 4278222847
2.8947368 0 0.84210527 4278222847
2.8947368 0 0.78947365 4278222847
2.8947368 0 0.7368421 4278222847
2.8947368 0 0.68421054 4278222847
2.8947368 0 0.63157892 4278222847
2.8947368 0 0.57894737 4278222847
2.8947368 0 0.52631581 4278222847
2.8947368 0 0.47368419 4278222847
2.8947368 0 0.42105263 4278222847
2.8947368 0 0.36842108 4278222847
2.8947368 0 0.31578946 4278222847
2.8947368 0 0.2631579 4278222847
2.8947368 0 0.21052629 4278222847
2.8947368 0 0.15789473 4278222847
2.8947368 0 0.10526317 4278222847
2.8947368 0 0.052631557 4278222847
2.9473684 0 0.94736844 4278222847
2.9473684 0 0.89473683 4278222847
2.9473684 0 0.84210527 4278222847
2.9473684 0 0.78947365 4278222847
2.9473684 0 0.7368421 4278222847
2.9473684 0 0.68421054 4278222847
2.9473684 0 0.63157892 4278222847
2.9473684 0 0.57894737 4278222847
2.9473684 0 0.52631581 4278222847
2.9473684 0 0.47368419 4278222847
2.9473684 0 0.42105263 4278222847
2.9473684 0 0.36842108 4278222847
2.9473684 0 0.31578946 4278222847
2.9473684 0 0.2631579 4278222847
2.9473684 0 0.21052629 4278222847
2.9473684 0 0.15789473 4278222847
2.9473684 0 0.10526317 4278222847
2.9473684 0 0.052631557 4278222847
2 0.94736844 0.94736844 4278222847
2 0.94736844 0.89473683 4278222847
2 0.94736844 0.84210527 4278222847
2 0.94736844 0.78947365 4278222847
2 0.94736844 0.7368421 4278222847
2 0.94736844 0.68421054 4278222847
2 0.94736844 0.63157892 4278222847
2 0.94736844 0.57894737 4278222847
2 0.94736844 0.52631581 4278222847
2 0.94736844 0.47368419 4278222847
2 0.94736844 0.42105263 4278222847
2 0.94736844 0.36842108 4278222847
2 0.94736844 0.31578946 4278222847
2 0.94736844 0.2631579 4278222847
2 0.94736844 0.21052629 4278222847
2 0.94736844 0.15789473 4278222847
2 0.94736844 0.10526317 4278222847
2 0.94736844 0.052631557 4278222847
2 0.89473683 0.94736844 4278222847
2 0.89473683 0.89473683 4278222847
2 0.89473683 0.84210527 4278222847
2 0.89473683 0.78947365 4278222847
2 0.89473683 0.7368421 4278222847
2 0.89473683 0.68421054 4278222847
2 0.89473683 0.63157892 4278222847
2 0.89473683 0.57894737 4278222847
2 0.89473683 0.52631581 4278222847
2 0.89473683 0.47368419 4278222847
2 0.89473683 0.42105263 4278222847
2 0.89473683 0.36842108 4278222847
2 0.89473683 0.31578946 4278222847
2 0.89473683 0.2631579 4278222847
2 0.89473683 0.21052629 4278222847
2 0.89473683 0.15789473 4278222847
2 0.89473683 0.10526317 4278222847
2 0.89473683 0.052631557 4278222847
2 0.84210527 0.94736844 4278222847
2 0.84210527 0.89473683 4278222847
2 0.84210527 0.84210527 4278222847
2 0.84210527 0.78947365 4278222847
2 0.84210527 0.7368421 4278222847
2 0.84210527 0.68421054 4278222847
2 0.84210527 0.63157892 4278222847
2 0.84210527 0.57894737 4278222847
2 0.84210527 0.52631581 4278222847
2 0.84210527 0.47368419 4278222847
2 0.84210527 0.42105263 4278222847
2 0.84210527 0.36842108 4278222847
2 0.84210527 0.31578946 4278222847
2 0.84210527 0.2631579 4278222847
2 0.84210527 0.21052629 4278222847
2 0.84210527 0.15789473 4278222847
2 0.84210527 0.10526317 4278222847
2 0.84210527 0.052631557 4278222847
2 0.78947365 0.94736844 4278222847
2 0.78947365 0.89473683 4278222847
2 0.78947365 0.84210527 4278222847
2 0.78947365 0.78947365 4278222847
2 0.78947365 0.7368421 4278222847
2 0.78947365 0.68421054 4278222847
2 0.78947365 0.63157892 4278222847
2 0.78947365 0.57894737 4278222847
2 0.78947365 0.52631581 4278222847
2 0.78947365 0.47368419 4278222847
2 0.78947365 0.42105263 4278222847
2 0.78947365 0.36842108 4278222847
2 0.78947365 0.31578946 4278222847
2 0.78947365 0.2631579 4278222847
2 0.78947365 0.21052629 4278222847
2 0.78947365 0.15789473 4278222847
2 0.78947365 0.10526317 4278222847
2 0.78947365 0.052631557 4278222847
2 0.7368421 0.94736844 4278222847
2 0.7368421 0.89473683 4278222847
2 0.7368421 0.84210527 4278222847
2 0.7368421 0.78947365 4278222847
2 0.7368421 0.7368421 4278222847
2 0.7368421 0.68421054 4278222847
2 0.7368421 0.63157892 4278222847
2 0.7368421 0.57894737 4278222847
2 0.7368421 0.52631581 4278222847
2 0.7368421 0.47368419 4278222847
2 0.7368421 0.42105263 4278222847
2 0.7368421 0.36842108 4278222847
2 0.7368421 0.31578946 4278222847
2 0.7368421 0.2631579 4278222847
2 0.7368421 0.21052629 4278222847
2 0.7368421 0.15789473 4278222847
2 0.7368421 0.10526317 4278222847
2 0.7368421 0.052631557 4278222847
2 0.68421054 0.94736844 4278222847
2 0.68421054 0.89473683 4278222847
2 0.68421054 0.84210527 4278222847
2 0.68421054 0.78947365 4278222847
2 0.68421054 0.7368421 4278222847
2 0.68421054 0.68421054 4278222847
2 0.68421054 0.63157892 4278222847
2 0.68421054 0.57894737 4278222847
2 0.68421054 0.52631581 4278222847
2 0.68421054 0.47368419 4278222847
2 0.68421054 0.42105263 4278222847
2 0.68421054 0.36842108 4278222847
2 0.68421054 0.31578946 4278222847
2 0.68421054 0.2631579 4278222847
2 0.68421054 0.21052629 4278222847
2 0.68421054 0.15789473 4278222847
2 0.68421054 0.10526317 4278222847
2 0.68421054 0.052631557 4278222847
2 0.63157892 0.94736844 4278222847
2 0.63157892 0.89473683 4278222847
2 0.63157892 0.84210527 4278222847
2 0.63157892 0.78947365 4278222847
2 0.63157892 0.7368421 4278222847
2 0.63157892 0.68421054 4278222847
2 0.63157892 0.63157892 4278222847
2 0.63157892 0.57894737 4278222847
2 0.63157892 0.52631581 4278222847
2 0.63157892 0.47368419 4278222847
2 0.63157892 0.42105263 4278222847
2 0.63157892 0.36842108 4278222847
2 0.63157892 0.31578946 4278222847
2 0.63157892 0.2631579 4278222847
2 0.63157892 0.21052629 4278222847
2 0.63157892 0.15789473 4278222847
2 0.63157892 0.10526317 4278222847
2 0.63157892 0.052631557 4278222847
2 0.57894737 0.94736844 4278222847
2 0.57894737 0.89473683 4278222847
2 0.57894737 0.84210527 4278222847
2 0.57894737 0.78947365 4278222847
2 0.57894737 0.7368421 4278222847
2 0.57894737 0.68421054 4278222847
2 0.57894737 0.63157892 4278222847
2 0.57894737 0.57894737 4278222847
2 0.57894737 0.52631581 4278222847
2 0.57894737 0.47368419 4278222847
2 0.57894737 0.42105263 4278222847
2 0.57894737 0.36842108 4278222847
2 0.57894737 0.31578946 4278222847
2 0.57894737 0.2631579 4278222847
2 0.57894737 0.21052629 4278222847
2 0.57894737 0.15789473 4278222847
2 0.57894737 0.10526317 4278222847
2 0.57894737 0.052631557 4278222847
2 0.52631581 0.94736844 4278222847
2 0.52631581 0.89473683 4278222847
2 0.52631581 0.84210527 4278222847
2 0.52631581 0.78947365 4278222847
2 0.52631581 0.7368421 4278222847
2 0.52631581 0.68421054 4278222847
2 0.52631581 0.63157892 4278222847
2 0.52631581 0.57894737 4278222847
2 0.52631581 0.52631581 4278222847
2 0.52631581 0.47368419 4278222847
2 0.52631581 0.42105263 4278222847
2 0.52631581 0.36842108 4278222847
2 0.52631581 0.31578946 4278222847
2 0.52631581 0.2631579 4278222847
2 0.52631581 0.21052629 4278222847
2 0.52631581 0.15789473 4278222847
2 0.52631581 0.10526317 4278222847
2 0.52631581 0.052631557 4278222847
2 0.47368419 0.94736844 4278222847
2 0.47368419 0.89473683 4278222847
2 0.47368419 0.84210527 4278222847
2 0.47368419 0.78947365 4278222847
2 0.47368419 0.7368421 4278222847
2 0.47368419 0.68421054 4278222847
2 0.47368419 0.63157892 4278222847
2 0.47368419 0.57894737 4278222847
2 0.47368419 0.52631581 4278222847
2 0.47368419 0.47368419 4278222847
2 0.47368419 0.42105263 4278222847
2 0.47368419 0.36842108 4278222847
2 0.47368419 0.31578946 4278222847
2 0.47368419 0.2631579 4278222847
2 0.47368419 0.21052629 4278222847
2 0.47368419 0.15789473 4278222847
2 0.47368419 0.10526317 4278222847
2 0.47368419 0.052631557 4278222847
2 0.42105263 0.94736844 4278222847
2 0.42105263 0.89473683 4278222847
2 0.42105263 0.84210527 4278222847
2 0.42105263 0.78947365 4278222847
2 0.42105263 0.7368421 4278222847
2 0.42105263 0.68421054 4278222847
2 0.42105263 0.63157892 4278222847
2 0.42105263 0.57894737 4278222847
2 0.42105263 0.52631581 4278222847
2 0.42105263 0.47368419 4278222847
2 0.42105263 0.42105263 4278222847
2 0.42105263 0.36842108 4278222847
2 0.42105263 0.31578946 4278222847
2 0.42105263 0.2631579 4278222847
2 0.42105263 0.21052629 4278222847
2 0.42105263 0.15789473 4278222847
2 0.42105263 0.10526317 4278222847
2 0.42105263 0.052631557 4278222847
2 0.36842108 0.94736844 4278222847
2 0.36842108 0.89473683 4278222847
2 0.36842108 0.84210527 4278222847
2 0.36842108 0.78947365 4278222847
2 0.36842108 0.7368421 4278222847
2 0.36842108 0.68421054 4278222847
2 0.36842108 0.63157892 4278222847
2 0.36842108 0.57894737 4278222847
2 0.36842108 0.52631581 4278222847
2 0.36842108 0.47368419 4278222847
2 0.36842108 0.42105263 4278222847
2 0.36842108 0.36842108 4278222847
2 0.36842108 0.31578946 4278222847
2 0.36842108 0.2631579 4278222847
2 0.36842108 0.21052629 4278222847
2 0.36842108 0.15789473 4278222847
2 0.36842108 0.10526317 4278222847
2 0.36842108 0.052631557 4278222847
2 0.31578946 0.94736844 4278222847
2 0.31578946 0.89473683 4278222847
2 0.31578946 0.84210527 4278222847
2 0.31578946 0.78947365 4278222847
2 0.31578946 0.7368421 4278222847
2 0.31578946 0.68421054 4278222847
2 0.31578946 0.63157892 4278222847
2 0.31578946 0.57894737 4278222847
2 0.31578946 0.52631581 4278222847
2 0.31578946 0.47368419 4278222847
2 0.31578946 0.42105263 4278222847
2 0.31578946 0.36842108 4278222847
2 0.31578946 0.31578946 4278222847
2 0.31578946 0.2631579 4278222847
2 0.31578946 0.21052629 4278222847
2 0.31578946 0.15789473 4278222847
2 0.31578946 0.10526317 4278222847
2 0.31578946 0.052631557 4278222847
2 0.2631579 0.94736844 4278222847
2 0.2631579 0.89473683 4278222847
2 0.2631579 0.84210527 4278222847
2 0.2631579 0.78947365 4278222847
2 0.2631579 0.7368421 4278222847
2 0.2631579 0.68421054 4278222847
2 0.2631579 0.63157892 4278222847
2 0.2631579 0.57894737 4278222847
2 0.2631579 0.52631581 4278222847
2 0.2631579 0.47368419 4278222847
2 0.2631579 0.42105263 4278222847
2 0.2631579 0.36842108 4278222847
2 0.2631579 0.31578946 4278222847
2 0.2631579 0.2631579 4278222847
2 0.2631579 0.21052629 4278222847
2 0.2631579 0.15789473 4278222847
2 0.2631579 0.10526317 4278222847
2 0.2631579 0.052631557 4278222847
2 0.21052629 0.94736844 4278222847
2 0.21052629 0.89473683 4278222847
2 0.21052629 0.84210527 4278222847
2 0.21052629 0.78947365 4278222847
2 0.21052629 0.7368421 4278222847
2 0.21052629 0.68421054 4278222847
2 0.21052629 0.63157892 4278222847
2 0.21052629 0.57894737 4278222847
2 0.21052629 0.52631581 4278222847
2 0.21052629 0.47368419 4278222847
2 0.21052629 0.42105263 4278222847
2 0.21052629 0.36842108 4278222847
2 0.21052629 0.31578946 4278222847
2 0.21052629 0.2631579 4278222847
2 0.21052629 0.21052629 4278222847
2 0.21052629 0.15789473 4278222847
2 0.21052629 0.10526317 4278222847
2 0.21052629 0.052631557 4278222847
2 0.15789473 0.94736844 4278222847
2 0.15789473 0.89473683 4278222847
2 0.15789473 0.84210527 4278222847
2 0.15789473 0.78947365 4278222847
2 0.15789473 0.7368421 4278222847
2 0.15789473 0.68421054 4278222847
2 0.15789473 0.63157892 4278222847
2 0.15789473 0.57894737 4278222847
2 0.15789473 0.52631581 4278222847
2 0.15789473 0.47368419 4278222847
2 0.15789473 0.42105263 4278222847
2 0.15789473 0.36842108 4278222847
2 0.15789473 0.31578946 4278222847
2 0.15789473 0.2631579 4278222847
2 0.15789473 0.21052629 4278222847
2 0.15789473 0.15789473 4278222847
2 0.15789473 0.10526317 4278222847
2 0.15789473 0.052631557 4278222847
2 0.10526317 0.94736844 4278222847
2 0.10526317 0.89473683 4278222847
2 0.10526317 0.84210527 4278222847
2 0.10526317 0.78947365 4278222847
2 0.10526317 0.7368421 4278222847
2 0.10526317 0.68421054 4278222847
2 0.10526317 0.63157892 4278222847
2 0.10526317 0.57894737 4278222847
2 0.10526317 0.52631581 4278222847
2 0.10526317 0.47368419 4278222847
2 0.10526317 0.42105263 4278222847
2 0.10526317 0.36842108 4278222847
2 0.10526317 0.31578946 4278222847
2 0.10526317 0.2631579 4278222847
2 0.10526317 0.21052629 4278222847
2 0.10526317 0.15789473 4278222847
2 0.10526317 0.10526317 4278222847
2 0.10526317 0.052631557 4278222847
2 0.052631557 0.94736844 4278222847
2 0.052631557 0.89473683 4278222847
2 0.052631557 0.84210527 4278222847
2 0.052631557 0.78947365 4278222847
2 0.052631557 0.7368421 4278222847
2 0.052631557 0.68421054 4278222847
2 0.052631557 0.63157892 4278222847
2 0.052631557 0.57894737 4278222847
2 0.052631557 0.52631581 4278222847
2 0.052631557 0.47368419 4278222847
2 0.052631557 0.42105263 4278222847
2 0.052631557 0.36842108 4278222847
2 0.052631557 0.31578946 4278222847
2 0.052631557 0.2631579 4278222847
2 0.052631557 0.21052629 4278222847
2 0.052631557 0.15789473 4278222847
2 0.052631557 0.10526317 4278222847
2 0.052631557 0.052631557 4278222847
1.5 1 0 4280529397
1.5526316 1 0 4280529397
1.6052631 1 0 4280529397
1.6578947 1 0 4280529397
1.7105263 1 0 4280529397
1.7631578 1 0 4280529397
1.8157895 1 0 4280529397
1.8684211 1 0 4280529397
1.9210527 1 0 4280529397
1.9736842 1 0 4280529397
2.0263157 1 0 4280529397
2.0789473 1 0 4280529397
2.1315789 1 0 4280529397
2.1842105 1 0 4280529397
2.2368422 1 0 4280529397
2.2894738 1 0 4280529397
2.3421054 1 0 4280529397
2.3947368 1 0 4280529397
2.4473684 1 0 4280529397
2.5 1 0 4280529397
2.5 1.0526316 0 4280529397
2.5 1.1052631 0 4280529397
2.5 1.1578947 0 4280529397
2.5 1.2105263 0 4280529397
2.5 1.2631578 0 4280529397
2.5 1.3157895 0 4280529397
2.5 1.3684211 0 4280529397
2.5 1.4210527 0 4280529397
2.5 1.4736842 0 4280529397
2.5 1.5263158 0 4280529397
2.5 1.5789473 0 4280529397
2.5 1.6315789 0 4280529397
2.5 1.6842105 0 4280529397
2.5 1.7368422 0 4280529397
2.5 1.7894738 0 4280529397
2.5 1.8421053 0 4280529397
2.5 1.8947368 0 4280529397
2.5 1.9473684 0 4280529397
2.5 2 0 4280529397
2.4473684 2 0 4280529397
2.3947368 2 0 4280529397
2.3421054 2 0 4280529397
2.2894738 2 0 4280529397
2.2368422 2 0 4280529397
2.1842105 2 0 4280529397
2.1315789 2 0 4280529397
2.0789473 2 0 4280529397
2.0263157 2 0 4280529397
1.9736842 2 0 4280529397
1.9210527 2 0 4280529397
1.8684211 2 0 4280529397
1.8157895 2 0 4280529397
1.7631578 2 0 4280529397
1.7105262 2 0 4280529397
1.6578947 2 0 4280529397
1.6052632 2 0 4280529397
1.5526316 2 0 4280529397
1.5 2 0 4280529397
1.5 1.9473684 0 4280529397
1.5 1.8947369 0 4280529397
1.5 1.8421053 0 4280529397
1.5 1.7894737 0 4280529397
1.5 1.7368422 0 4280529397
1.5 1.6842105 0 4280529397
1.5 1.6315789 0 4280529397
1.5 1.5789473 0 4280529397
1.5 1.5263158 0 4280529397
1.5 1.4736842 0 4280529397
1.5 1.4210527 0 4280529397
1.5 1.3684211 0 4280529397
1.5 1.3157895 0 4280529397
1.5 1.2631578 0 4280529397
1.5 1.2105262 0 4280529397
1.5 1.1578947 0 4280529397
1.5 1.1052632 0 4280529397
1.5 1.0526316 0 4280529397
1.5 1 1 4280529397
1.5526316 1 1 4280529397
1.6052631 1 1 4280529397
1.6578947 1 1 4280529397
1.7105263 1 1 4280529397
1.7631578 1 1 4280529397
1.8157895 1 1 4280529397
1.8684211 1 1 4280529397
1.9210527 1 1 4280529397
1.9736842 1 1 4280529397
2.0263157 1 1 4280529397
2.0789473 1 1 4280529397
2.1315789 1 1 4280529397
2.1842105 1 1 4280529397
2.2368422 1 1 4280529397
2.2894738 1 1 4280529397
2.3421054 1 1 4280529397
2.3947368 1 1 4280529397
2.4473684 1 1 4280529397
2.5 1 1 4280529397
2.5 1.0526316 1 4280529397
2.5 1.1052631 1 4280529397
2.5 1.1578947 1 4280529397
2.5 1.2105263 1 4280529397
2.5 1.2631578 1 4280529397
2.5 1.3157895 1 4280529397
2.5 1.3684211 1 4280529397
2.5 1.4210527 1 4280529397
2.5 1.4736842 1 4280529397
2.5 1.5263158 1 4280529397
2.5 1.5789473 1 4280529397
2.5 1.6315789 1 4280529397
2.5 1.6842105 1 4280529397
2.5 1.7368422 1 4280529397
2.5 1.7894738 1 4280529397
2.5 1.8421053 1 4280529397
2.5 1.8947368 1 4280529397
2.5 1.9473684 1 4280529397
2.5 2 1 4280529397
2.4473684 2 1 4280529397
2.3947368 2 1 4280529397
2.3421054 2 1 4280529397
2.2894738 2 1 4280529397
2.2368422 2 1 4280529397
2.1842105 2 1 4280529397
2.1315789 2 1 4280529397
2.0789473 2 1 4280529397
2.0263157 2 1 4280529397
1.9736842 2 1 4280529397
1.9210527 2 1 4280529397
1.8684211 2 1 4280529397
1.8157895 2 1 4280529397
1.7631578 2 1 4280529397
1.7105262 2 1 4280529397
1.6578947 2 1 4280529397
1.6052632 2 1 4280529397
1.5526316 2 1 4280529397
1.5 2 1 4280529397
1.5 1.9473684 1 4280529397
1.5 1.8947369 1 4280529397
1.5 1.8421053 1 4280529397
1.5 1.7894737 1 4280529397
1.5 1.7368422 1 4280529397
1.5 1.6842105 1 4280529397
1.5 1.6315789 1 4280529397
1.5 1.5789473 1 4280529397
1.5 1.5263158 1 4280529397
1.5 1.4736842 1 4280529397
1.5 1.4210527 1 4280529397
1.5 1.3684211 1 4280529397
1.5 1.3157895 1 4280529397
1.5 1.2631578 1 4280529397
1.5 1.2105262 1 4280529397
1.5 1.1578947 1 4280529397
1.5 1.1052632 1 4280529397
1.5 1.0526316 1 4280529397
1.5 2 0.94736844 4280529397
1.5 2 0.89473683 4280529397
1.5 2 0.84210527 4280529397
1.5 2 0.78947365 4280529397
1.5 2 0.7368421 4280529397
1.5 2 0.68421054 4280529397
1.5 2 0.63157892 4280529397
1.5 2 0.57894737 4280529397
1.5 2 0.52631581 4280529397
1.5 2 0.47368419 4280529397
1.5 2 0.42105263 4280529397
1.5 2 0.36842108 4280529397
1.5 2 0.31578946 4280529397
1.5 2 0.2631579 4280529397
1.5 2 0.21052629 4280529397
1.5 2 0.15789473 4280529397
1.5 2 0.10526317 4280529397
1.5 2 0.052631557 4280529397
2.5 2 0.94736844 4280529397
2.5 2 0.89473683 4280529397
2.5 2 0.84210527 4280529397
2.5 2 0.78947365 4280529397
2.5 2 0.7368421 4280529397
2.5 2 0.68421054 4280529397
2.5 2 0.63157892 4280529397
2.5 2 0.57894737 4280529397
2.5 2 0.52631581 4280529397
2.5 2 0.47368419 4280529397
2.5 2 0.42105263 4280529397
2.5 2 0.36842108 4280529397
2.5 2 0.31578946 4280529397
2.5 2 0.2631579 4280529397
2.5 2 0.21052629 4280529397
2.5 2 0.15789473 4280529397
2.5 2 0.10526317 4280529397
2.5 2 0.052631557 4280529397
2.5 1 0.94736844 4280529397
2.5 1 0.89473683 4280529397
2.5 1 0.84210527 4280529397
2.5 1 0.78947365 4280529397
2.5 1 0.7368421 4280529397
2.5 1 0.68421054 4280529397
2.5 1 0.63157892 4280529397
2.5 1 0.57894737 4280529397
2.5 1 0.52631581 4280529397
2.5 1 0.47368419 4280529397
2.5 1 0.42105263 4280529397
2.5 1 0.36842108 4280529397
2.5 1 0.31578946 4280529397
2.5 1 0.2631579 4280529397
2.5 1 0.21052629 4280529397
2.5 1 0.15789473 4280529397
2.5 1 0.10526317 4280529397
2.5 1 0.052631557 4280529397
1.5 1 0.94736844 4280529397
1.5 1 0.89473683 4280529397
1.5 1 0.84210527 4280529397
1.5 1 0.78947365 4280529397
1.5 1 0.7368421 4280529397
1.5 1 0.68421054 4280529397
1.5 1 0.63157892 4280529397
1.5 1 0.57894737 4280529397
1.5 1 0.52631581 4280529397
1.5 1 0.47368419 4280529397
1.5 1 0.42105263 4280529397
1.5 1 0.36842108 4280529397
1.5 1 0.31578946 4280529397
1.5 1 0.2631579 4280529397
1.5 1 0.21052629 4280529397
1.5 1 0.15789473 4280529397
1.5 1 0.10526317 4280529397
1.5 1 0.052631557 4280529397
1.5526316 1.9473684 0 4280529397
1.5526316 1.8947369 0 4280529397
1.5526316 1.8421053 0 4280529397
1.5526316 1.7894737 0 4280529397
1.5526316 1.7368422 0 4280529397
1.5526316 1.6842105 0 4280529397
1.5526316 1.6315789 0 4280529397
1.5526316 1.5789473 0 4280529397
1.5526316 1.5263158 0 4280529397
1.5526316 1.4736842 0 4280529397
1.5526316 1.4210527 0 4280529397
1.5526316 1.3684211 0 4280529397
1.5526316 1.3157895 0 4280529397
1.5526316 1.2631578 0 4280529397
1.5526316 1.2105262 0 4280529397
1.5526316 1.1578947 0 4280529397
1.5526316 1.1052632 0 4280529397
1.5526316 1.0526316 0 4280529397
1.6052632 1.9473684 0 4280529397
1.6052632 1.8947369 0 4280529397
1.6052632 1.8421053 0 4280529397
1.6052632 1.7894737 0 4280529397
1.6052632 1.7368422 0 4280529397
1.6052632 1.6842105 0 4280529397
1.6052632 1.6315789 0 4280529397
1.6052632 1.5789473 0 4280529397
1.6052632 1.5263158 0 4280529397
1.6052632 1.4736842 0 4280529397
1.6052632 1.4210527 0 4280529397
1.6052632 1.3684211 0 4280529397
1.6052632 1.3157895 0 4280529397
1.6052632 1.2631578 0 4280529397
1.6052632 1.2105262 0 4280529397
1.6052632 1.1578947 0 4280529397
1.6052632 1.1052632 0 4280529397
1.6052632 1.0526316 0 4280529397
1.6578947 1.9473684 0 4280529397
1.6578947 1.8947369 0 4280529397
1.6578947 1.8421053 0 4280529397
1.6578947 1.7894737 0 4280529397
1.6578947 1.7368422 0 4280529397
1.6578947 1.6842105 0 4280529397
1.6578947 1.6315789 0 4280529397
1.6578947 1.5789473 0 4280529397
1.6578947 1.5263158 0 4280529397
1.6578947 1.4736842 0 4280529397
1.6578947 1.4210527 0 4280529397
1.6578947 1.3684211 0 4280529397
1.6578947 1.3157895 0 4280529397
1.6578947 1.2631578 0 4280529397
1.6578947 1.2105262 0 4280529397
1.6578947 1.1578947 0 4280529397
1.6578947 1.1052632 0 4280529397
1.6578947 1.0526316 0 4280529397
1.7105262 1.9473684 0 4280529397
1.7105262 1.8947369 0 4280529397
1.7105262 1.8421053 0 4280529397
1.7105262 1.7894737 0 4280529397
1.7105262 1.7368422 0 4280529397
1.7105262 1.6842105 0 4280529397
1.7105262 1.6315789 0 4280529397
1.7105262 1.5789473 0 4280529397
1.7105262 1.5263158 0 4280529397
1.7105262 1.4736842 0 4280529397
1.7105262 1.4210527 0 4280529397
1.7105262 1.3684211 0 4280529397
1.7105262 1.3157895 0 4280529397
1.7105262 1.2631578 0 4280529397
1.7105262 1.2105262 0 4280529397
1.7105262 1.1578947 0 4280529397
1.7105262 1.1052632 0 4280529397
1.7105262 1.0526316 0 4280529397
1.7631578 1.9473684 0 4280529397
1.7631578 1.8947369 0 4280529397
1.7631578 1.8421053 0 4280529397
1.7631578 1.7894737 0 4280529397
1.7631578 1.7368422 0 4280529397
1.7631578 1.6842105 0 4280529397
1.7631578 1.6315789 0 4280529397
1.7631578 1.5789473 0 4280529397
1.7631578 1.5263158 0 4280529397
1.7631578 1.4736842 0 4280529397
1.7631578 1.4210527 0 4280529397
1.7631578 1.3684211 0 4280529397
1.7631578 1.3157895 0 4280529397
1.7631578 1.2631578 0 4280529397
1.7631578 1.2105262 0 4280529397
1.7631578 1.1578947 0 4280529397
1.7631578 1.1052632 0 4280529397
1.7631578 1.0526316 0 4280529397
1.8157895 1.9473684 0 4280529397
1.8157895 1.8947369 0 4280529397
1.8157895 1.8421053 0 4280529397
1.8157895 1.7894737 0 4280529397
1.8157895 1.7368422 0 4280529397
1.8157895 1.6842105 0 4280529397
1.8157895 1.6315789 0 4280529397
1.8157895 1.5789473 0 4280529397
1.8157895 1.5263158 0 4280529397
1.8157895 1.4736842 0 4280529397
1.8157895 1.4210527 0 4280529397
1.8157895 1.3684211 0 4280529397
1.8157895 1.3157895 0 4280529397
1.8157895 1.2631578 0 4280529397
1.8157895 1.2105262 0 4280529397
1.8157895 1.1578947 0 4280529397
1.8157895 1.1052632 0 4280529397
1.8157895 1.0526316 0 4280529397
1.8684211 1.9473684 0 4280529397
1.8684211 1.8947369 0 4280529397
1.8684211 1.8421053 0 4280529397
1.8684211 1.7894737 0 4280529397
1.8684211 1.7368422 0 4280529397
1.8684211 1.6842105 0 4280529397
1.8684211 1.6315789 0 4280529397
1.8684211 1.5789473 0 4280529397
1.8684211 1.5263158 0 4280529397
1.8684211 1.4736842 0 4280529397
1.8684211 1.4210527 0 4280529397
1.8684211 1.3684211 0 4280529397
1.8684211 1.3157895 0 4280529397
1.8684211 1.2631578 0 4280529397
1.8684211 1.2105262 0 4280529397
1.8684211 1.1578947 0 4280529397
1.8684211 1.1052632 0 4280529397
1.8684211 1.0526316 0 4280529397
1.9210527 1.9473684 0 4280529397
1.9210527 1.8947369 0 4280529397
1.9210527 1.8421053 0 4280529397
1.9210527 1.7894737 0 4280529397
1.9210527 1.7368422 0 4280529397
1.9210527 1.6842105 0 4280529397
1.9210527 1.6315789 0 4280529397
1.9210527 1.5789473 0 4280529397
1.9210527 1.5263158 0 4280529397
1.9210527 1.4736842 0 4280529397
1.9210527 1.4210527 0 4280529397
1.9210527 1.3684211 0 4280529397
1.9210527 1.3157895 0 4280529397
1.9210527 1.2631578 0 4280529397
1.9210527 1.2105262 0 4280529397
1.9210527 1.1578947 0 4280529397
1.9210527 1.1052632 0 4280529397
1.9210527 1.0526316 0 4280529397
1.9736842 1.9473684 0 4280529397
1.9736842 1.8947369 0 4280529397
1.9736842 1.8421053 0 4280529397
1.9736842 1.7894737 0 4280529397
1.9736842 1.7368422 0 4280529397
1.9736842 1.6842105 0 4280529397
1.9736842 1.6315789 0 4280529397
1.9736842 1.5789473 0 4280529397
1.9736842 1.5263158 0 4280529397
1.9736842 1.4736842 0 4280529397
1.9736842 1.4210527 0 4280529397
1.9736842 1.3684211 0 4280529397
1.9736842 1.3157895 0 4280529397
1.9736842 1.2631578 0 4280529397
1.9736842 1.2105262 0 4280529397
1.9736842 1.1578947 0 4280529397
1.9736842 1.1052632 0 4280529397
1.9736842 1.0526316 0 4280529397
2.0263157 1.9473684 0 4280529397
2.0263157 1.8947369 0 4280529397
2.0263157 1.8421053 0 4280529397
2.0263157 1.7894737 0 4280529397
2.0263157 1.7368422 0 4280529397
2.0263157 1.6842105 0 4280529397
2.0263157 1.6315789 0 4280529397
2.0263157 1.5789473 0 4280529397
2.0263157 1.5263158 0 4280529397
2.0263157 1.4736842 0 4280529397
2.0263157 1.4210527 0 4280529397
2.0263157 1.3684211 0 4280529397
2.0263157 1.3157895 0 4280529397
2.0263157 1.2631578 0 4280529397
2.0263157 1.2105262 0 4280529397
2.0263157 1.1578947 0 4280529397
2.0263157 1.1052632 0 4280529397
2.0263157 1.0526316 0 4280529397
2.0789473 1.9473684 0 4280529397
2.0789473 1.8947369 0 4280529397
2.0789473 1.8421053 0 4280529397
2.0789473 1.7894737 0 4280529397
2.0789473 1.7368422 0 4280529397
2.0789473 1.6842105 0 4280529397
2.0789473 1.6315789 0 4280529397
2.0789473 1.5789473 0 4280529397
2.0789473 1.5263158 0 4280529397
2.0789473 1.4736842 0 4280529397
2.0789473 1.4210527 0 4280529397
2.0789473 1.3684211 0 4280529397
2.0789473 1.3157895 0 4280529397
2.0789473 1.2631578 0 4280529397
2.0789473 1.2105262 0 4280529397
2.0789473 1.1578947 0 4280529397
2.0789473 1.1052632 0 4280529397
2.0789473 1.0526316 0 4280529397
2.1315789 1.9473684 0 4280529397
2.1315789 1.8947369 0 4280529397
2.1315789 1.8421053 0 4280529397
2.1315789 1.7894737 0 4280529397
2.1315789 1.7368422 0 4280529397
2.1315789 1.6842105 0 4280529397
2.1315789 1.6315789 0 4280529397
2.1315789 1.5789473 0 4280529397
2.1315789 1.5263158 0 4280529397
2.1315789 1.4736842 0 4280529397
2.1315789 1.4210527 0 4280529397
2.1315789 1.3684211 0 4280529397
2.1315789 1.3157895 0 4280529397
2.1315789 1.2631578 0 4280529397
2.1315789 1.2105262 0 4280529397
2.1315789 1.1578947 0 4280529397
2.1315789 1.1052632 0 4280529397
2.1315789 1.0526316 0 4280529397
2.1842105 1.9473684 0 4280529397
2.1842105 1.8947369 0 4280529397
2.1842105 1.8421053 0 4280529397
2.1842105 1.7894737 0 4280529397
2.1842105 1.7368422 0 4280529397
2.1842105 1.6842105 0 4280529397
2.1842105 1.6315789 0 4280529397
2.1842105 1.5789473 0 4280529397
2.1842105 1.5263158 0 4280529397
2.1842105 1.4736842 0 4280529397
2.1842105 1.4210527 0 4280529397
2.1842105 1.3684211 0 4280529397
2.1842105 1.3157895 0 4280529397
2.1842105 1.2631578 0 4280529397
2.1842105 1.2105262 0 4280529397
2.1842105 1.1578947 0 4280529397
2.1842105 1.1052632 0 4280529397
2.1842105 1.0526316 0 4280529397
2.2368422 1.9473684 0 4280529397
2.2368422 1.8947369 0 4280529397
2.2368422 1.8421053 0 4280529397
2.2368422 1.7894737 0 4280529397
2.2368422 1.7368422 0 4280529397
2.2368422 1.6842105 0 4280529397
2.2368422 1.6315789 0 4280529397
2.2368422 1.5789473 0 4280529397
2.2368422 1.5263158 0 4280529397
2.2368422 1.4736842 0 4280529397
2.2368422 1.4210527 0 4280529397
2.2368422 1.3684211 0 4280529397
2.2368422 1.3157895 0 4280529397
2.2368422 1.2631578 0 4280529397
2.2368422 1.2105262 0 4280529397
2.2368422 1.1578947 0 4280529397
2.2368422 1.1052632 0 4280529397
2.2368422 1.0526316 0 4280529397
2.2894738 1.9473684 0 4280529397
2.2894738 1.8947369 0 4280529397
2.2894738 1.8421053 0 4280529397
2.2894738 1.7894737 0 4280529397
2.2894738 1.7368422 0 4280529397
2.2894738 1.6842105 0 4280529397
2.2894738 1.6315789 0 4280529397
2.2894738 1.5789473 0 4280529397
2.2894738 1.5263158 0 4280529397
2.2894738 1.4736842 0 4280529397
2.2894738 1.4210527 0 4280529397
2.2894738 1.3684211 0 4280529397
2.2894738 1.3157895 0 4280529397
2.2894738 1.2631578 0 4280529397
2.2894738 1.2105262 0 4280529397
2.2894738 1.1578947 0 4280529397
2.2894738 1.1052632 0 4280529397
2.2894738 1.0526316 0 4280529397
2.3421054 1.9473684 0 4280529397
2.3421054 1.8947369 0 4280529397
2.3421054 1.8421053 0 4280529397
2.3421054 1.7894737 0 4280529397
2.3421054 1.7368422 0 4280529397
2.3421054 1.6842105 0 4280529397
2.3421054 1.6315789 0 4280529397
2.3421054 1.5789473 0 4280529397
2.3421054 1.5263158 0 4280529397
2.3421054 1.4736842 0 4280529397
2.3421054 1.4210527 0 4280529397
2.3421054 1.3684211 0 4280529397
2.3421054 1.3157895 0 4280529397
2.3421054 1.2631578 0 4280529397
2.3421054 1.2105262 0 4280529397
2.3421054 1.1578947 0 4280529397
2.3421054 1.1052632 0 4280529397
2.3421054 1.0526316 0 4280529397
2.3947368 1.9473684 0 4280529397
2.3947368 1.8947369 0 4280529397
2.3947368 1.8421053 0 4280529397
2.3947368 1.7894737 0 4280529397
2.3947368 1.7368422 0 4280529397
2.3947368 1.6842105 0 4280529397
2.3947368 1.6315789 0 4280529397
2.3947368 1.5789473 0 4280529397
2.3947368 1.5263158 0 4280529397
2.3947368 1.4736842 0 4280529397
2.3947368 1.4210527 0 4280529397
2.3947368 1.3684211 0 4280529397
2.3947368 1.3157895 0 4280529397
2.3947368 1.2631578 0 4280529397
2.3947368 1.2105262 0 4280529397
2.3947368 1.1578947 0 4280529397
2.3947368 1.1052632 0 4280529397
2.3947368 1.0526316 0 4280529397
2.4473684 1.9473684 0 4280529397
2.4473684 1.8947369 0 4280529397
2.4473684 1.8421053 0 4280529397
2.4473684 1.7894737 0 4280529397
2.4473684 1.7368422 0 4280529397
2.4473684 1.6842105 0 4280529397
2.4473684 1.6315789 0 4280529397
2.4473684 1.5789473 0 4280529397
2.4473684 1.5263158 0 4280529397
2.4473684 1.4736842 0 4280529397
2.4473684 1.4210527 0 4280529397
2.4473684 1.3684211 0 4280529397
2.4473684 1.3157895 0 4280529397
2.4473684 1.2631578 0 4280529397
2.4473684 1.2105262 0 4280529397
2.4473684 1.1578947 0 4280529397
2.4473684 1.1052632 0 4280529397
2.4473684 1.0526316 0 4280529397
1.5526316 1.9473684 1 4280529397
1.5526316 1.8947369 1 4280529397
1.5526316 1.8421053 1 4280529397
1.5526316 1.7894737 1 4280529397
1.5526316 1.7368422 1 4280529397
1.5526316 1.6842105 1 4280529397
1.5526316 1.6315789 1 4280529397
1.5526316 1.5789473 1 4280529397
1.5526316 1.5263158 1 4280529397
1.5526316 1.4736842 1 4280529397
1.5526316 1.4210527 1 4280529397
1.5526316 1.3684211 1 4280529397
1.5526316 1.3157895 1 4280529397
1.5526316 1.2631578 1 4280529397
1.5526316 1.2105262 1 4280529397
1.5526316 1.1578947 1 4280529397
1.5526316 1.1052632 1 4280529397
1.5526316 1.0526316 1 4280529397
1.6052632 1.9473684 1 4280529397
1.6052632 1.8947369 1 4280529397
1.6052632 1.8421053 1 4280529397
1.6052632 1.7894737 1 4280529397
1.6052632 1.7368422 1 4280529397
1.6052632 1.6842105 1 4280529397
1.6052632 1.6315789 1 4280529397
1.6052632 1.5789473 1 4280529397
1.6052632 1.5263158 1 4280529397
1.6052632 1.4736842 1 4280529397
1.6052632 1.4210527 1 4280529397
1.6052632 1.3684211 1 4280529397
1.6052632 1.3157895 1 4280529397
1.6052632 1.2631578 1 4280529397
1.6052632 1.2105262 1 4280529397
1.6052632 1.1578947 1 4280529397
1.6052632 1.1052632 1 4280529397
1.6052632 1.0526316 1 4280529397
1.6578947 1.9473684 1 4280529397
1.6578947 1.8947369 1 4280529397
1.6578947 1.8421053 1 4280529397
1.6578947 1.7894737 1 4280529397
1.6578947 1.7368422 1 4280529397
1.6578947 1.6842105 1 4280529397
1.6578947 1.6315789 1 4280529397
1.6578947 1.5789473 1 4280529397
1.6578947 1.5263158 1 4280529397
1.6578947 1.4736842 1 4280529397
1.6578947 1.4210527 1 4280529397
1.6578947 1.3684211 1 4280529397
1.6578947 1.3157895 1 4280529397
1.6578947 1.2631578 1 4280529397
1.6578947 1.2105262 1 4280529397
1.6578947 1.1578947 1 4280529397
1.6578947 1.1052632 1 4280529397
1.6578947 1.0526316 1 4280529397
1.7105262 1.9473684 1 4280529397
1.7105262 1.8947369 1 4280529397
1.7105262 1.8421053 1 4280529397
1.7105262 1.7894737 1 4280529397
1.7105262 1.7368422 1 4280529397
1.7105262 1.6842105 1 4280529397
1.7105262 1.6315789 1 4280529397
1.7105262 1.5789473 1 4280529397
1.7105262 1.5263158 1 4280529397
1.7105262 1.4736842 1 4280529397
1.7105262 1.4210527 1 4280529397
1.7105262 1.3684211 1 4280529397
1.7105262 1.3157895 1 4280529397
1.7105262 1.2631578 1 4280529397
1.7105262 1.2105262 1 4280529397
1.7105262 1.1578947 1 4280529397
1.7105262 1.1052632 1 4280529397
1.7105262 1.0526316 1 4280529397
1.7631578 1.9473684 1 4280529397
1.7631578 1.8947369 1 4280529397
1.7631578 1.8421053 1 4280529397
1.7631578 1.7894737 1 4280529397
1.7631578 1.7368422 1 4280529397
1.7631578 1.6842105 1 4280529397
1.7631578 1.6315789 1 4280529397
1.7631578 1.5789473 1 4280529397
1.7631578 1.5263158 1 4280529397
1.7631578 1.4736842 1 4280529397
1.7631578 1.4210527 1 4280529397
1.7631578 1.3684211 1 4280529397
1.7631578 1.3157895 1 4280529397
1.7631578 1.2631578 1 4280529397
1.7631578 1.2105262 1 4280529397
1.7631578 1.1578947 1 4280529397
1.7631578 1.1052632 1 4280529397
1.7631578 1.0526316 1 4280529397
1.8157895 1.9473684 1 4280529397
1.8157895 1.8947369 1 4280529397
1.8157895 1.8421053 1 4280529397
1.8157895 1.7894737 1 4280529397
1.8157895 1.7368422 1 4280529397
1.8157895 1.6842105 1 4280529397
1.8157895 1.6315789 1 4280529397
1.8157895 1.5789473 1 4280529397
1.8157895 1.5263158 1 4280529397
1.8157895 1.4736842 1 4280529397
1.8157895 1.4210527 1 4280529397
1.8157895 1.3684211 1 4280529397
1.8157895 1.3157895 1 4280529397
1.8157895 1.2631578 1 4280529397
1.8157895 1.2105262 1 4280529397
1.8157895 1.1578947 1 4280529397
1.8157895 1.1052632 1 4280529397
1.8157895 1.0526316 1 4280529397
1.8684211 1.9473684 1 4280529397
1.8684211 1.8947369 1 4280529397
1.8684211 1.8421053 1 4280529397
1.8684211 1.7894737 1 4280529397
1.8684211 1.7368422 1 4280529397
1.8684211 1.6842105 1 4280529397
1.8684211 1.6315789 1 4280529397
1.8684211 1.5789473 1 4280529397
1.8684211 1.5263158 1 4280529397
1.8684211 1.4736842 1 4280529397
1.8684211 1.4210527 1 4280529397
1.8684211 1.3684211 1 4280529397
1.8684211 1.3157895 1 4280529397
1.8684211 1.2631578 1 4280529397
1.8684211 1.2105262 1 4280529397
1.8684211 1.1578947 1 4280529397
1.8684211 1.1052632 1 4280529397
1.8684211 1.0526316 1 4280529397
1.9210527 1.9473684 1 4280529397
1.9210527 1.8947369 1 4280529397
1.9210527 1.8421053 1 4280529397
1.9210527 1.7894737 1 4280529397
1.9210527 1.7368422 1 4280529397
1.9210527 1.6842105 1 4280529397
1.9210527 1.6315789 1 4280529397
1.9210527 1.5789473 1 4280529397
1.9210527 1.5263158 1 4280529397
1.9210527 1.4736842 1 4280529397
1.9210527 1.4210527 1 4280529397
1.9210527 1.3684211 1 4280529397
1.9210527 1.3157895 1 4280529397
1.9210527 1.2631578 1 4280529397
1.9210527 1.2105262 1 4280529397
1.9210527 1.1578947 1 4280529397
1.9210527 1.1052632 1 4280529397
1.9210527 1.0526316 1 4280529397
1.9736842 1.9473684 1 4280529397
1.9736842 1.8947369 1 4280529397
1.9736842 1.8421053 1 4280529397
1.9736842 1.7894737 1 4280529397
1.9736842 1.7368422 1 4280529397
1.9736842 1.6842105 1 4280529397
1.9736842 1.6315789 1 4280529397
1.9736842 1.5789473 1 4280529397
1.9736842 1.5263158 1 4280529397
1.9736842 1.4736842 1 4280529397
1.9736842 1.4210527 1 4280529397
1.9736842 1.3684211 1 4280529397
1.9736842 1.3157895 1 4280529397
1.9736842 1.2631578 1 4280529397
1.9736842 1.2105262 1 4280529397
1.9736842 1.1578947 1 4280529397
1.9736842 1.1052632 1 4280529397
1.9736842 1.0526316 1 4280529397
2.0263157 1.9473684 1 4280529397
2.0263157 1.8947369 1 4280529397
2.0263157 1.8421053 1 4280529397
2.0263157 1.7894737 1 4280529397
2.0263157 1.7368422 1 4280529397
2.0263157 1.6842105 1 4280529397
2.0263157 1.6315789 1 4280529397
2.0263157 1.5789473 1 4280529397
2.0263157 1.5263158 1 4280529397
2.0263157 1.4736842 1 4280529397
2.0263157 1.4210527 1 4280529397
2.0263157 1.3684211 1 4280529397
2.0263157 1.3157895 1 4280529397
2.0263157 1.2631578 1 4280529397
2.0263157 1.2105262 1 4280529397
2.0263157 1.1578947 1 4280529397
2.0263157 1.1052632 1 4280529397
2.0263157 1.0526316 1 4280529397
2.0789473 1.9473684 1 4280529397
2.0789473 1.8947369 1 4280529397
2.0789473 1.8421053 1 4280529397
2.0789473 1.7894737 1 4280529397
2.0789473 1.7368422 1 4280529397
2.0789473 1.6842105 1 4280529397
2.0789473 1.6315789 1 4280529397
2.0789473 1.5789473 1 4280529397
2.0789473 1.5263158 1 4280529397
2.0789473 1.4736842 1 4280529397
2.0789473 1.4210527 1 4280529397
2.0789473 1.3684211 1 4280529397
2.0789473 1.3157895 1 4280529397
2.0789473 1.2631578 1 4280529397
2.0789473 1.2105262 1 4280529397
2.0789473 1.1578947 1 4280529397
2.0789473 1.1052632 1 4280529397
2.0789473 1.0526316 1 4280529397
2.1315789 1.9473684 1 4280529397
2.1315789 1.8947369 1 4280529397
2.1315789 1.8421053 1 4280529397
2.1315789 1.7894737 1 4280529397
2.1315789 1.7368422 1 4280529397
2.1315789 1.6842105 1 4280529397
2.1315789 1.6315789 1 4280529397
2.1315789 1.5789473 1 4280529397
2.1315789 1.5263158 1 4280529397
2.1315789 1.4736842 1 4280529397
2.1315789 1.4210527 1 4280529397
2.1315789 1.3684211 1 4280529397
2.1315789 1.3157895 1 4280529397
2.1315789 1.2631578 1 4280529397
2.1315789 1.2105262 1 4280529397
2.1315789 1.1578947 1 4280529397
2.1315789 1.1052632 1 4280529397
2.1315789 1.0526316 1 4280529397
2.1842105 1.9473684 1 4280529397
2.1842105 1.8947369 1 4280529397
2.1842105 1.8421053 1 4280529397
2.1842105 1.7894737 1 4280529397
2.1842105 1.7368422 1 4280529397
2.1842105 1.6842105 1 4280529397
2.1842105 1.6315789 1 4280529397
2.1842105 1.5789473 1 4280529397
2.1842105 1.5263158 1 4280529397
2.1842105 1.4736842 1 4280529397
2.1842105 1.4210527 1 4280529397
2.1842105 1.3684211 1 4280529397
2.1842105 1.3157895 1 4280529397
2.1842105 1.2631578 1 4280529397
2.1842105 1.2105262 1 4280529397
2.1842105 1.1578947 1 4280529397
2.1842105 1.1052632 1 4280529397
2.1842105 1.0526316 1 4280529397
2.2368422 1.9473684 1 4280529397
2.2368422 1.8947369 1 4280529397
2.2368422 1.8421053 1 4280529397
2.2368422 1.7894737 1 4280529397
2.2368422 1.7368422 1 4280529397
2.2368422 1.6842105 1 4280529397
2.2368422 1.6315789 1 4280529397
2.2368422 1.5789473 1 4280529397
2.2368422 1.5263158 1 4280529397
2.2368422 1.4736842 1 4280529397
2.2368422 1.4210527 1 4280529397
2.2368422 1.3684211 1 4280529397
2.2368422 1.3157895 1 4280529397
2.2368422 1.2631578 1 4280529397
2.2368422 1.2105262 1 4280529397
2.2368422 1.1578947 1 4280529397
2.2368422 1.1052632 1 4280529397
2.2368422 1.0526316 1 4280529397
2.2894738 1.9473684 1 4280529397
2.2894738 1.8947369 1 4280529397
2.2894738 1.8421053 1 4280529397
2.2894738 1.7894737 1 4280529397
2.2894738 1.7368422 1 4280529397
2.2894738 1.6842105 1 4280529397
2.2894738 1.6315789 1 4280529397
2.2894738 1.5789473 1 4280529397
2.2894738 1.5263158 1 4280529397
2.2894738 1.4736842 1 4280529397
2.2894738 1.4210527 1 4280529397
2.2894738 1.3684211 1 4280529397
2.2894738 1.3157895 1 4280529397
2.2894738 1.2631578 1 4280529397
2.2894738 1.2105262 1 4280529397
2.2894738 1.1578947 1 4280529397
2.2894738 1.1052632 1 4280529397
2.2894738 1.0526316 1 4280529397
2.3421054 1.9473684 1 4280529397
2.3421054 1.8947369 1 4280529397
2.3421054 1.8421053 1 4280529397
2.3421054 1.7894737 1 4280529397
2.3421054 1.7368422 1 4280529397
2.3421054 1.6842105 1 4280529397
2.3421054 1.6315789 1 4280529397
2.3421054 1.5789473 1 4280529397
2.3421054 1.5263158 1 4280529397
2.3421054 1.4736842 1 4280529397
2.3421054 1.4210527 1 4280529397
2.3421054 1.3684211 1 4280529397
2.3421054 1.3157895 1 4280529397
2.3421054 1.2631578 1 4280529397
2.3421054 1.2105262 1 4280529397
2.3421054 1.1578947 1 4280529397
2.3421054 1.1052632 1 4280529397
2.3421054 1.0526316 1 4280529397
2.3947368 1.9473684 1 4280529397
2.3947368 1.8947369 1 4280529397
2.3947368 1.8421053 1 4280529397
2.3947368 1.7894737 1 4280529397
2.3947368 1.7368422 1 4280529397
2.3947368 1.6842105 1 4280529397
2.3947368 1.6315789 1 4280529397
2.3947368 1.5789473 1 4280529397
2.3947368 1.5263158 1 4280529397
2.3947368 1.4736842 1 4280529397
2.3947368 1.4210527 1 4280529397
2.3947368 1.3684211 1 4280529397
2.3947368 1.3157895 1 4280529397
2.3947368 1.2631578 1 4280529397
2.3947368 1.2105262 1 4280529397
2.3947368 1.1578947 1 4280529397
2.3947368 1.1052632 1 4280529397
2.3947368 1.0526316 1 4280529397
2.4473684 1.9473684 1 4280529397
2.4473684 1.8947369 1 4280529397
2.4473684 1.8421053 1 4280529397
2.4473684 1.7894737 1 4280529397
2.4473684 1.7368422 1 4280529397
2.4473684 1.6842105 1 4280529397
2.4473684 1.6315789 1 4280529397
2.4473684 1.5789473 1 4280529397
2.4473684 1.5263158 1 4280529397
2.4473684 1.4736842 1 4280529397
2.4473684 1.4210527 1 4280529397
2.4473684 1.3684211 1 4280529397
2.4473684 1.3157895 1 4280529397
2.4473684 1.2631578 1 4280529397
2.4473684 1.2105262 1 4280529397
2.4473684 1.1578947 1 4280529397
2.4473684 1.1052632 1 4280529397
2.4473684 1.0526316 1 4280529397
1.5526316 2 0.94736844 4280529397
1.5526316 2 0.89473683 4280529397
1.5526316 2 0.84210527 4280529397
1.5526316 2 0.78947365 4280529397
1.5526316 2 0.7368421 4280529397
1.5526316 2 0.68421054 4280529397
1.5526316 2 0.63157892 4280529397
1.5526316 2 0.57894737 4280529397
1.5526316 2 0.52631581 4280529397
1.5526316 2 0.47368419 4280529397
1.5526316 2 0.42105263 4280529397
1.5526316 2 0.36842108 4280529397
1.5526316 2 0.31578946 4280529397
1.5526316 2 0.2631579 4280529397
1.5526316 2 0.21052629 4280529397
1.5526316 2 0.15789473 4280529397
1.5526316 2 0.10526317 4280529397
1.5526316 2 0.052631557 4280529397
1.6052632 2 0.94736844 4280529397
1.6052632 2 0.89473683 4280529397
1.6052632 2 0.84210527 4280529397
1.6052632 2 0.78947365 4280529397
1.6052632 2 0.7368421 4280529397
1.6052632 2 0.68421054 4280529397
1.6052632 2 0.63157892 4280529397
1.6052632 2 0.57894737 4280529397
1.6052632 2 0.52631581 4280529397
1.6052632 2 0.47368419 4280529397
1.6052632 2 0.42105263 4280529397
1.6052632 2 0.36842108 4280529397
1.6052632 2 0.31578946 4280529397
1.6052632 2 0.2631579 4280529397
1.6052632 2 0.21052629 4280529397
1.6052632 2 0.15789473 4280529397
1.6052632 2 0.10526317 4280529397
1.6052632 2 0.052631557 4280529397
1.6578947 2 0.94736844 4280529397
1.6578947 2 0.89473683 4280529397
1.6578947 2 0.84210527 4280529397
1.6578947 2 0.78947365 4280529397
1.6578947 2 0.7368421 4280529397
1.6578947 2 0.68421054 4280529397
1.6578947 2 0.63157892 4280529397
1.6578947 2 0.57894737 4280529397
1.6578947 2 0.52631581 4280529397
1.6578947 2 0.47368419 4280529397
1.6578947 2 0.42105263 4280529397
1.6578947 2 0.36842108 4280529397
1.6578947 2 0.31578946 4280529397
1.6578947 2 0.2631579 4280529397
1.6578947 2 0.21052629 4280529397
1.6578947 2 0.15789473 4280529397
1.6578947 2 0.10526317 4280529397
1.6578947 2 0.052631557 4280529397
1.7105262 2 0.94736844 4280529397
1.7105262 2 0.89473683 4280529397
1.7105262 2 0.84210527 4280529397
1.7105262 2 0.78947365 4280529397
1.7105262 2 0.7368421 4280529397
1.7105262 2 0.68421054 4280529397
1.7105262 2 0.63157892 4280529397
1.7105262 2 0.57894737 4280529397
1.7105262 2 0.52631581 4280529397
1.7105262 2 0.47368419 4280529397
1.7105262 2 0.42105263 4280529397
1.7105262 2 0.36842108 4280529397
1.7105262 2 0.31578946 4280529397
1.7105262 2 0.2631579 4280529397
1.7105262 2 0.21052629 4280529397
1.7105262 2 0.15789473 4280529397
1.7105262 2 0.10526317 4280529397
1.7105262 2 0.052631557 4280529397
1.7631578 2 0.94736844 4280529397
1.7631578 2 0.89473683 4280529397
1.7631578 2 0.84210527 4280529397
1.7631578 2 0.78947365 4280529397
1.7631578 2 0.7368421 4280529397
1.7631578 2 0.68421054 4280529397
1.7631578 2 0.63157892 4280529397
1.7631578 2 0.57894737 4280529397
1.7631578 2 0.52631581 4280529397
1.7631578 2 0.47368419 4280529397
1.7631578 2 0.42105263 4280529397
1.7631578 2 0.36842108 4280529397
1.7631578 2 0.31578946 4280529397
1.7631578 2 0.2631579 4280529397
1.7631578 2 0.21052629 4280529397
1.7631578 2 0.15789473 4280529397
1.7631578 2 0.10526317 4280529397
1.7631578 2 0.052631557 4280529397
1.8157895 2 0.94736844 4280529397
1.8157895 2 0.89473683 4280529397
1.8157895 2 0.84210527 4280529397
1.8157895 2 0.78947365 4280529397
1.8157895 2 0.7368421 4280529397
1.8157895 2 0.68421054 4280529397
1.8157895 2 0.63157892 4280529397
1.8157895 2 0.57894737 4280529397
1.8157895 2 0.52631581 4280529397
1.8157895 2 0.47368419 4280529397
1.8157895 2 0.42105263 4280529397
1.8157895 2 0.36842108 4280529397
1.8157895 2 0.31578946 4280529397
1.8157895 2 0.2631579 4280529397
1.8157895 2 0.21052629 4280529397
1.8157895 2 0.15789473 4280529397
1.8157895 2 0.10526317 4280529397
1.8157895 2 0.052631557 4280529397
1.8684211 2 0.94736844 4280529397
1.8684211 2 0.89473683 4280529397
1.8684211 2 0.84210527 4280529397
1.8684211 2 0.78947365 4280529397
1.8684211 2 0.7368421 4280529397
1.8684211 2 0.68421054 4280529397
1.8684211 2 0.63157892 4280529397
1.8684211 2 0.57894737 4280529397
1.8684211 2 0.52631581 4280529397
1.8684211 2 0.47368419 4280529397
1.8684211 2 0.42105263 4280529397
1.8684211 2 0.36842108 4280529397
1.8684211 2 0.31578946 4280529397
1.8684211 2 0.2631579 4280529397
1.8684211 2 0.21052629 4280529397
1.8684211 2 0.15789473 4280529397
1.8684211 2 0.10526317 4280529397
1.8684211 2 0.052631557 4280529397
1.9210527 2 0.94736844 4280529397
1.9210527 2 0.89473683 4280529397
1.9210527 2 0.84210527 4280529397
1.9210527 2 0.78947365 4280529397
1.9210527 2 0.7368421 4280529397
1.9210527 2 0.68421054 4280529397
1.9210527 2 0.63157892 4280529397
1.9210527 2 0.57894737 4280529397
1.9210527 2 0.52631581 4280529397
1.9210527 2 0.47368419 4280529397
1.9210527 2 0.42105263 4280529397
1.9210527 2 0.36842108 4280529397
1.9210527 2 0.31578946 4280529397
1.9210527 2 0.2631579 4280529397
1.9210527 2 0.21052629 4280529397
1.9210527 2 0.15789473 4280529397
1.9210527 2 0.10526317 4280529397
1.9210527 2 0.052631557 4280529397
1.9736842 2 0.94736844 4280529397
1.9736842 2 0.89473683 4280529397
1.9736842 2 0.84210527 4280529397
1.9736842 2 0.78947365 4280529397
1.9736842 2 0.7368421 4280529397
1.9736842 2 0.68421054 4280529397
1.9736842 2 0.63157892 4280529397
1.9736842 2 0.57894737 4280529397
1.9736842 2 0.52631581 4280529397
1.9736842 2 0.47368419 4280529397
1.9736842 2 0.42105263 4280529397
1.9736842 2 0.36842108 4280529397
1.9736842 2 0.31578946 4280529397
1.9736842 2 0.2631579 4280529397
1.9736842 2 0.21052629 4280529397
1.9736842 2 0.15789473 4280529397
1.9736842 2 0.10526317 4280529397
1.9736842 2 0.052631557 4280529397
2.0263157 2 0.94736844 4280529397
2.0263157 2 0.89473683 4280529397
2.0263157 2 0.84210527 4280529397
2.0263157 2 0.78947365 4280529397
2.0263157 2 0.7368421 4280529397
2.0263157 2 0.68421054 4280529397
2.0263157 2 0.63157892 4280529397
2.0263157 2 0.57894737 4280529397
2.0263157 2 0.52631581 4280529397
2.0263157 2 0.47368419 4280529397
2.0263157 2 0.42105263 4280529397
2.0263157 2 0.36842108 4280529397
2.0263157 2 0.31578946 4280529397
2.0263157 2 0.2631579 4280529397
2.0263157 2 0.21052629 4280529397
2.0263157 2 0.15789473 4280529397
2.0263157 2 0.10526317 4280529397
2.0263157 2 0.052631557 4280529397
2.0789473 2 0.94736844 4280529397
2.0789473 2 0.89473683 4280529397
2.0789473 2 0.84210527 4280529397
2.0789473 2 0.78947365 4280529397
2.0789473 2 0.7368421 4280529397
2.0789473 2 0.68421054 4280529397
2.0789473 2 0.63157892 4280529397
2.0789473 2 0.57894737 4280529397
2.0789473 2 0.52631581 4280529397
2.0789473 2 0.47368419 4280529397
2.0789473 2 0.42105263 4280529397
2.0789473 2 0.36842108 4280529397
2.0789473 2 0.31578946 4280529397
2.0789473 2 0.2631579 4280529397
2.0789473 2 0.21052629 4280529397
2.0789473 2 0.15789473 4280529397
2.0789473 2 0.10526317 4280529397
2.0789473 2 0.052631557 4280529397
2.1315789 2 0.94736844 4280529397
2.1315789 2 0.89473683 4280529397
2.1315789 2 0.84210527 4280529397
2.1315789 2 0.78947365 4280529397
2.1315789 2 0.7368421 4280529397
2.1315789 2 0.68421054 4280529397
2.1315789 2 0.63157892 4280529397
2.1315789 2 0.57894737 4280529397
2.1315789 2 0.52631581 4280529397
2.1315789 2 0.47368419 4280529397
2.1315789 2 0.42105263 4280529397
2.1315789 2 0.36842108 4280529397
2.1315789 2 0.31578946 4280529397
2.1315789 2 0.2631579 4280529397
2.1315789 2 0.21052629 4280529397
2.1315789 2 0.15789473 4280529397
2.1315789 2 0.10526317 4280529397
2.1315789 2 0.052631557 4280529397
2.1842105 2 0.94736844 4280529397
2.1842105 2 0.89473683 4280529397
2.1842105 2 0.84210527 4280529397
2.1842105 2 0.78947365 4280529397
2.1842105 2 0.7368421 4280529397
2.1842105 2 0.68421054 4280529397
2.1842105 2 0.63157892 4280529397
2.1842105 2 0.57894737 4280529397
2.1842105 2 0.52631581 4280529397
2.1842105 2 0.47368419 4280529397
2.1842105 2 0.42105263 4280529397
2.1842105 2 0.36842108 4280529397
2.1842105 2 0.31578946 4280529397
2.1842105 2 0.2631579 4280529397
2.1842105 2 0.21052629 4280529397
2.1842105 2 0.15789473 4280529397
2.1842105 2 0.10526317 4280529397
2.1842105 2 0.052631557 4280529397
2.2368422 2 0.94736844 4280529397
2.2368422 2 0.89473683 4280529397
2.2368422 2 0.84210527 4280529397
2.2368422 2 0.78947365 4280529397
2.2368422 2 0.7368421 4280529397
2.2368422 2 0.68421054 4280529397
2.2368422 2 0.63157892 4280529397
2.2368422 2 0.57894737 4280529397
2.2368422 2 0.52631581 4280529397
2.2368422 2 0.47368419 4280529397
2.2368422 2 0.42105263 4280529397
2.2368422 2 0.36842108 4280529397
2.2368422 2 0.31578946 4280529397
2.2368422 2 0.2631579 4280529397
2.2368422 2 0.21052629 4280529397
2.2368422 2 0.15789473 4280529397
2.2368422 2 0.10526317 4280529397
2.2368422 2 0.052631557 4280529397
2.2894738 2 0.94736844 4280529397
2.2894738 2 0.89473683 4280529397
2.2894738 2 0.84210527 4280529397
2.2894738 2 0.78947365 4280529397
2.2894738 2 0.7368421 4280529397
2.2894738 2 0.68421054 4280529397
2.2894738 2 0.63157892 4280529397
2.2894738 2 0.57894737 4280529397
2.2894738 2 0.52631581 4280529397
2.2894738 2 0.47368419 4280529397
2.2894738 2 0.42105263 4280529397
2.2894738 2 0.36842108 4280529397
2.2894738 2 0.31578946 4280529397
2.2894738 2 0.2631579 4280529397
2.2894738 2 0.21052629 4280529397
2.2894738 2 0.15789473 4280529397
2.2894738 2 0.10526317 4280529397
2.2894738 2 0.052631557 4280529397
2.3421054 2 0.94736844 4280529397
2.3421054 2 0.89473683 4280529397
2.3421054 2 0.84210527 4280529397
2.3421054 2 0.78947365 4280529397
2.3421054 2 0.7368421 4280529397
2.3421054 2 0.68421054 4280529397
2.3421054 2 0.63157892 4280529397
2.3421054 2 0.57894737 4280529397
2.3421054 2 0.52631581 4280529397
2.3421054 2 0.47368419 4280529397
2.3421054 2 0.42105263 4280529397
2.3421054 2 0.36842108 4280529397
2.3421054 2 0.31578946 4280529397
2.3421054 2 0.2631579 4280529397
2.3421054 2 0.21052629 4280529397
2.3421054 2 0.15789473 4280529397
2.3421054 2 0.10526317 4280529397
2.3421054 2 0.052631557 4280529397
2.3947368 2 0.94736844 4280529397
2.3947368 2 0.89473683 4280529397
2.3947368 2 0.84210527 4280529397
2.3947368 2 0.78947365 4280529397
2.3947368 2 0.7368421 4280529397
2.3947368 2 0.68421054 4280529397
2.3947368 2 0.63157892 4280529397
2.3947368 2 0.57894737 4280529397
2.3947368 2 0.52631581 4280529397
2.3947368 2 0.47368419 4280529397
2.3947368 2 0.42105263 4280529397
2.3947368 2 0.36842108 4280529397
2.3947368 2 0.31578946 4280529397
2.3947368 2 0.2631579 4280529397
2.3947368 2 0.21052629 4280529397
2.3947368 2 0.15789473 4280529397
2.3947368 2 0.10526317 4280529397
2.3947368 2 0.052631557 4280529397
2.4473684 2 0.94736844 4280529397
2.4473684 2 0.89473683 4280529397
2.4473684 2 0.84210527 4280529397
2.4473684 2 0.78947365 4280529397
2.4473684 2 0.7368421 4280529397
2.4473684 2 0.68421054 4280529397
2.4473684 2 0.63157892 4280529397
2.4473684 2 0.57894737 4280529397
2.4473684 2 0.52631581 4280529397
2.4473684 2 0.47368419 4280529397
2.4473684 2 0.42105263 4280529397
2.4473684 2 0.36842108 4280529397
2.4473684 2 0.31578946 4280529397
2.4473684 2 0.2631579 4280529397
2.4473684 2 0.21052629 4280529397
2.4473684 2 0.15789473 4280529397
2.4473684 2 0.10526317 4280529397
2.4473684 2 0.052631557 4280529397
2.5 1.9473684 0.94736844 4280529397
2.5 1.9473684 0.89473683 4280529397
2.5 1.9473684 0.84210527 4280529397
2.5 1.9473684 0.78947365 4280529397
2.5 1.9473684 0.7368421 4280529397
2.5 1.9473684 0.68421054 4280529397
2.5 1.9473684 0.63157892 4280529397
2.5 1.9473684 0.57894737 4280529397
2.5 1.9473684 0.52631581 4280529397
2.5 1.9473684 0.47368419 4280529397
2.5 1.9473684 0.42105263 4280529397
2.5 1.9473684 0.36842108 4280529397
2.5 1.9473684 0.31578946 4280529397
2.5 1.9473684 0.2631579 4280529397
2.5 1.9473684 0.21052629 4280529397
2.5 1.9473684 0.15789473 4280529397
2.5 1.9473684 0.10526317 4280529397
2.5 1.9473684 0.052631557 4280529397
2.5 1.8947368 0.94736844 4280529397
2.5 1.8947368 0.89473683 4280529397
2.5 1.8947368 0.84210527 4280529397
2.5 1.8947368 0.78947365 4280529397
2.5 1.8947368 0.7368421 4280529397
2.5 1.8947368 0.68421054 4280529397
2.5 1.8947368 0.63157892 4280529397
2.5 1.8947368 0.57894737 4280529397
2.5 1.8947368 0.52631581 4280529397
2.5 1.8947368 0.47368419 4280529397
2.5 1.8947368 0.42105263 4280529397
2.5 1.8947368 0.36842108 4280529397
2.5 1.8947368 0.31578946 4280529397
2.5 1.8947368 0.2631579 4280529397
2.5 1.8947368 0.21052629 4280529397
2.5 1.8947368 0.15789473 4280529397
2.5 1.8947368 0.10526317 4280529397
2.5 1.8947368 0.052631557 4280529397
2.5 1.8421053 0.94736844 4280529397
2.5 1.8421053 0.89473683 4280529397
2.5 1.8421053 0.84210527 4280529397
2.5 1.8421053 0.78947365 4280529397
2.5 1.8421053 0.7368421 4280529397
2.5 1.8421053 0.68421054 4280529397
2.5 1.8421053 0.63157892 4280529397
2.5 1.8421053 0.57894737 4280529397
2.5 1.8421053 0.52631581 4280529397
2.5 1.8421053 0.47368419 4280529397
2.5 1.8421053 0.42105263 4280529397
2.5 1.8421053 0.36842108 4280529397
2.5 1.8421053 0.31578946 4280529397
2.5 1.8421053 0.2631579 4280529397
2.5 1.8421053 0.21052629 4280529397
2.5 1.8421053 0.15789473 4280529397
2.5 1.8421053 0.10526317 4280529397
2.5 1.8421053 0.052631557 4280529397
2.5 1.7894738 0.94736844 4280529397
2.5 1.7894738 0.89473683 4280529397
2.5 1.7894738 0.84210527 4280529397
2.5 1.7894738 0.78947365 4280529397
2.5 1.7894738 0.7368421 4280529397
2.5 1.7894738 0.68421054 4280529397
2.5 1.7894738 0.63157892 4280529397
2.5 1.7894738 0.57894737 4280529397
2.5 1.7894738 0.52631581 4280529397
2.5 1.7894738 0.47368419 4280529397
2.5 1.7894738 0.42105263 4280529397
2.5 1.7894738 0.36842108 4280529397
2.5 1.7894738 0.31578946 4280529397
2.5 1.7894738 0.2631579 4280529397
2.5 1.7894738 0.21052629 4280529397
2.5 1.7894738 0.15789473 4280529397
2.5 1.7894738 0.10526317 4280529397
2.5 1.7894738 0.052631557 4280529397
2.5 1.7368422 0.94736844 4280529397
2.5 1.7368422 0.89473683 4280529397
2.5 1.7368422 0.84210527 4280529397
2.5 1.7368422 0.78947365 4280529397
2.5 1.7368422 0.7368421 4280529397
2.5 1.7368422 0.68421054 4280529397
2.5 1.7368422 0.63157892 4280529397
2.5 1.7368422 0.57894737 4280529397
2.5 1.7368422 0.52631581 4280529397
2.5 1.7368422 0.47368419 4280529397
2.5 1.7368422 0.42105263 4280529397
2.5 1.7368422 0.36842108 4280529397
2.5 1.7368422 0.31578946 4280529397
2.5 1.7368422 0.2631579 4280529397
2.5 1.7368422 0.21052629 4280529397
2.5 1.7368422 0.15789473 4280529397
2.5 1.7368422 0.10526317 4280529397
2.5 1.7368422 0.052631557 4280529397
2.5 1.6842105 0.94736844 4280529397
2.5 1.6842105 0.89473683 4280529397
2.5 1.6842105 0.84210527 4280529397
2.5 1.6842105 0.78947365 4280529397
2.5 1.6842105 0.7368421 4280529397
2.5 1.6842105 0.68421054 4280529397
2.5 1.6842105 0.63157892 4280529397
2.5 1.6842105 0.57894737 4280529397
2.5 1.6842105 0.52631581 4280529397
2.5 1.6842105 0.47368419 4280529397
2.5 1.6842105 0.42105263 4280529397
2.5 1.6842105 0.36842108 4280529397
2.5 1.6842105 0.31578946 4280529397
2.5 1.6842105 0.2631579 4280529397
2.5 1.6842105 0.21052629 4280529397
2.5 1.6842105 0.15789473 4280529397
2.5 1.6842105 0.10526317 4280529397
2.5 1.6842105 0.052631557 4280529397
2.5 1.6315789 0.94736844 4280529397
2.5 1.6315789 0.89473683 4280529397
2.5 1.6315789 0.84210527 4280529397
2.5 1.6315789 0.78947365 4280529397
2.5 1.6315789 0.7368421 4280529397
2.5 1.6315789 0.68421054 4280529397
2.5 1.6315789 0.63157892 4280529397
2.5 1.6315789 0.57894737 4280529397
2.5 1.6315789 0.52631581 4280529397
2.5 1.6315789 0.47368419 4280529397
2.5 1.6315789 0.42105263 4280529397
2.5 1.6315789 0.36842108 4280529397
2.5 1.6315789 0.31578946 4280529397
2.5 1.6315789 0.2631579 4280529397
2.5 1.6315789 0.21052629 4280529397
2.5 1.6315789 0.15789473 4280529397
2.5 1.6315789 0.10526317 4280529397
2.5 1.6315789 0.052631557 4280529397
2.5 1.5789473 0.94736844 4280529397
2.5 1.5789473 0.89473683 4280529397
2.5 1.5789473 0.84210527 4280529397
2.5 1.5789473 0.78947365 4280529397
2.5 1.5789473 0.7368421 4280529397
2.5 1.5789473 0.68421054 4280529397
2.5 1.5789473 0.63157892 4280529397
2.5 1.5789473 0.57894737 4280529397
2.5 1.5789473 0.52631581 4280529397
2.5 1.5789473 0.47368419 4280529397
2.5 1.5789473 0.42105263 4280529397
2.5 1.5789473 0.36842108 4280529397
2.5 1.5789473 0.31578946 4280529397
2.5 1.5789473 0.2631579 4280529397
2.5 1.5789473 0.21052629 4280529397
2.5 1.5789473 0.15789473 4280529397
2.5 1.5789473 0.10526317 4280529397
2.5 1.5789473 0.052631557 4280529397
2.5 1.5263158 0.94736844 4280529397
2.5 1.5263158 0.89473683 4280529397
2.5 1.5263158 0.84210527 4280529397
2.5 1.5263158 0.78947365 4280529397
2.5 1.5263158 0.7368421 4280529397
2.5 1.5263158 0.68421054 4280529397
2.5 1.5263158 0.63157892 4280529397
2.5 1.5263158 0.57894737 4280529397
2.5 1.5263158 0.52631581 4280529397
2.5 1.5263158 0.47368419 4280529397
2.5 1.5263158 0.42105263 4280529397
2.5 1.5263158 0.36842108 4280529397
2.5 1.5263158 0.31578946 4280529397
2.5 1.5263158 0.2631579 4280529397
2.5 1.5263158 0.21052629 4280529397
2.5 1.5263158 0.15789473 4280529397
2.5 1.5263158 0.10526317 4280529397
2.5 1.5263158 0.052631557 4280529397
2.5 1.4736842 0.94736844 4280529397
2.5 1.4736842 0.89473683 4280529397
2.5 1.4736842 0.84210527 4280529397
2.5 1.4736842 0.78947365 4280529397
2.5 1.4736842 0.7368421 4280529397
2.5 1.4736842 0.68421054 4280529397
2.5 1.4736842 0.63157892 4280529397
2.5 1.4736842 0.57894737 4280529397
2.5 1.4736842 0.52631581 4280529397
2.5 1.4736842 0.47368419 4280529397
2.5 1.4736842 0.42105263 4280529397
2.5 1.4736842 0.36842108 4280529397
2.5 1.4736842 0.31578946 4280529397
2.5 1.4736842 0.2631579 4280529397
2.5 1.4736842 0.21052629 4280529397
2.5 1.4736842 0.15789473 4280529397
2.5 1.4736842 0.10526317 4280529397
2.5 1.4736842 0.052631557 4280529397
2.5 1.4210527 0.94736844 4280529397
2.5 1.4210527 0.89473683 4280529397
2.5 1.4210527 0.84210527 4280529397
2.5 1.4210527 0.78947365 4280529397
2.5 1.4210527 0.7368421 4280529397
2.5 1.4210527 0.68421054 4280529397
2.5 1.4210527 0.63157892 4280529397
2.5 1.4210527 0.57894737 4280529397
2.5 1.4210527 0.52631581 4280529397
2.5 1.4210527 0.47368419 4280529397
2.5 1.4210527 0.42105263 4280529397
2.5 1.4210527 0.36842108 4280529397
2.5 1.4210527 0.31578946 4280529397
2.5 1.4210527 0.2631579 4280529397
2.5 1.4210527 0.21052629 4280529397
2.5 1.4210527 0.15789473 4280529397
2.5 1.4210527 0.10526317 4280529397
2.5 1.4210527 0.052631557 4280529397
2.5 1.3684211 0.94736844 4280529397
2.5 1.3684211 0.89473683 4280529397
2.5 1.3684211 0.84210527 4280529397
2.5 1.3684211 0.78947365 4280529397
2.5 1.3684211 0.7368421 4280529397
2.5 1.3684211 0.68421054 4280529397
2.5 1.3684211 0.63157892 4280529397
2.5 1.3684211 0.57894737 4280529397
2.5 1.3684211 0.52631581 4280529397
2.5 1.3684211 0.47368419 4280529397
2.5 1.3684211 0.42105263 4280529397
2.5 1.3684211 0.36842108 4280529397
2.5 1.3684211 0.31578946 4280529397
2.5 1.3684211 0.2631579 4280529397
2.5 1.3684211 0.21052629 4280529397
2.5 1.3684211 0.15789473 4280529397
2.5 1.3684211 0.10526317 4280529397
2.5 1.3684211 0.052631557 4280529397
2.5 1.3157895 0.94736844 4280529397
2.5 1.3157895 0.89473683 4280529397
2.5 1.3157895 0.84210527 4280529397
2.5 1.3157895 0.78947365 4280529397
2.5 1.3157895 0.7368421 4280529397
2.5 1.3157895 0.68421054 4280529397
2.5 1.3157895 0.63157892 4280529397
2.5 1.3157895 0.57894737 4280529397
2.5 1.3157895 0.52631581 4280529397
2.5 1.3157895 0.47368419 4280529397
2.5 1.3157895 0.42105263 4280529397
2.5 1.3157895 0.36842108 4280529397
2.5 1.3157895 0.31578946 4280529397
2.5 1.3157895 0.2631579 4280529397
2.5 1.3157895 0.21052629 4280529397
2.5 1.3157895 0.15789473 4280529397
2.5 1.3157895 0.10526317 4280529397
2.5 1.3157895 0.052631557 4280529397
2.5 1.2631578 0.94736844 4280529397
2.5 1.2631578 0.89473683 4280529397
2.5 1.2631578 0.84210527 4280529397
2.5 1.2631578 0.78947365 4280529397
2.5 1.2631578 0.7368421 4280529397
2.5 1.2631578 0.68421054 4280529397
2.5 1.2631578 0.63157892 4280529397
2.5 1.2631578 0.57894737 4280529397
2.5 1.2631578 0.52631581 4280529397
2.5 1.2631578 0.47368419 4280529397
2.5 1.2631578 0.42105263 4280529397
2.5 1.2631578 0.36842108 4280529397
2.5 1.2631578 0.31578946 4280529397
2.5 1.2631578 0.2631579 4280529397
2.5 1.2631578 0.21052629 4280529397
2.5 1.2631578 0.15789473 4280529397
2.5 1.2631578 0.10526317 4280529397
2.5 1.2631578 0.052631557 4280529397
2.5 1.2105263 0.94736844 4280529397
2.5 1.2105263 0.89473683 4280529397
2.5 1.2105263 0.84210527 4280529397
2.5 1.2105263 0.78947365 4280529397
2.5 1.2105263 0.7368421 4280529397
2.5 1.2105263 0.68421054 4280529397
2.5 1.2105263 0.63157892 4280529397
2.5 1.2105263 0.57894737 4280529397
2.5 1.2105263 0.52631581 4280529397
2.5 1.2105263 0.47368419 4280529397
2.5 1.2105263 0.42105263 4280529397
2.5 1.2105263 0.36842108 4280529397
2.5 1.2105263 0.31578946 4280529397
2.5 1.2105263 0.2631579 4280529397
2.5 1.2105263 0.21052629 4280529397
2.5 1.2105263 0.15789473 4280529397
2.5 1.2105263 0.10526317 4280529397
2.5 1.2105263 0.052631557 4280529397
2.5 1.1578947 0.94736844 4280529397
2.5 1.1578947 0.89473683 4280529397
2.5 1.1578947 0.84210527 4280529397
2.5 1.1578947 0.78947365 4280529397
2.5 1.1578947 0.7368421 4280529397
2.5 1.1578947 0.68421054 4280529397
2.5 1.1578947 0.63157892 4280529397
2.5 1.1578947 0.57894737 4280529397
2.5 1.1578947 0.52631581 4280529397
2.5 1.1578947 0.47368419 4280529397
2.5 1.1578947 0.42105263 4280529397
2.5 1.1578947 0.36842108 4280529397
2.5 1.1578947 0.31578946 4280529397
2.5 1.1578947 0.2631579 4280529397
2.5 1.1578947 0.21052629 4280529397
2.5 1.1578947 0.15789473 4280529397
2.5 1.1578947 0.10526317 4280529397
2.5 1.1578947 0.052631557 4280529397
2.5 1.1052631 0.94736844 4280529397
2.5 1.1052631 0.89473683 4280529397
2.5 1.1052631 0.84210527 4280529397
2.5 1.1052631 0.78947365 4280529397
2.5 1.1052631 0.7368421 4280529397
2.5 1.1052631 0.68421054 4280529397
2.5 1.1052631 0.63157892 4280529397
2.5 1.1052631 0.57894737 4280529397
2.5 1.1052631 0.52631581 4280529397
2.5 1.1052631 0.47368419 4280529397
2.5 1.1052631 0.42105263 4280529397
2.5 1.1052631 0.36842108 4280529397
2.5 1.1052631 0.31578946 4280529397
2.5 1.1052631 0.2631579 4280529397
2.5 1.1052631 0.21052629 4280529397
2.5 1.1052631 0.15789473 4280529397
2.5 1.1052631 0.10526317 4280529397
2.5 1.1052631 0.052631557 4280529397
2.5 1.0526316 0.94736844 4280529397
2.5 1.0526316 0.89473683 4280529397
2.5 1.0526316 0.84210527 4280529397
2.5 1.0526316 0.78947365 4280529397
2.5 1.0526316 0.7368421 4280529397
2.5 1.0526316 0.68421054 4280529397
2.5 1.0526316 0.63157892 4280529397
2.5 1.0526316 0.57894737 4280529397
2.5 1.0526316 0.52631581 4280529397
2.5 1.0526316 0.47368419 4280529397
2.5 1.0526316 0.42105263 4280529397
2.5 1.0526316 0.36842108 4280529397
2.5 1.0526316 0.31578946 4280529397
2.5 1.0526316 0.2631579 4280529397
2.5 1.0526316 0.21052629 4280529397
2.5 1.0526316 0.15789473 4280529397
2.5 1.0526316 0.10526317 4280529397
2.5 1.0526316 0.052631557 4280529397
1.5526316 1 0.94736844 4280529397
1.5526316 1 0.89473683 4280529397
1.5526316 1 0.84210527 4280529397
1.5526316 1 0.78947365 4280529397
1.5526316 1 0.7368421 4280529397
1.5526316 1 0.68421054 4280529397
1.5526316 1 0.63157892 4280529397
1.5526316 1 0.57894737 4280529397
1.5526316 1 0.52631581 4280529397
1.5526316 1 0.47368419 4280529397
1.5526316 1 0.42105263 4280529397
1.5526316 1 0.36842108 4280529397
1.5526316 1 0.31578946 4280529397
1.5526316 1 0.2631579 4280529397
1.5526316 1 0.21052629 4280529397
1.5526316 1 0.15789473 4280529397
1.5526316 1 0.10526317 4280529397
1.5526316 1 0.052631557 4280529397
1.6052631 1 0.94736844 4280529397
1.6052631 1 0.89473683 4280529397
1.6052631 1 0.84210527 4280529397
1.6052631 1 0.78947365 4280529397
1.6052631 1 0.7368421 4280529397
1.6052631 1 0.68421054 4280529397
1.6052631 1 0.63157892 4280529397
1.6052631 1 0.57894737 4280529397
1.6052631 1 0.52631581 4280529397
1.6052631 1 0.47368419 4280529397
1.6052631 1 0.42105263 4280529397
1.6052631 1 0.36842108 4280529397
1.6052631 1 0.31578946 4280529397
1.6052631 1 0.2631579 4280529397
1.6052631 1 0.21052629 4280529397
1.6052631 1 0.15789473 4280529397
1.6052631 1 0.10526317 4280529397
1.6052631 1 0.052631557 4280529397
1.6578947 1 0.94736844 4280529397
1.6578947 1 0.89473683 4280529397
1.6578947 1 0.84210527 4280529397
1.6578947 1 0.78947365 4280529397
1.6578947 1 0.7368421 4280529397
1.6578947 1 0.68421054 4280529397
1.6578947 1 0.63157892 4280529397
1.6578947 1 0.57894737 4280529397
1.6578947 1 0.52631581 4280529397
1.6578947 1 0.47368419 4280529397
1.6578947 1 0.42105263 4280529397
1.6578947 1 0.36842108 4280529397
1.6578947 1 0.31578946 4280529397
1.6578947 1 0.2631579 4280529397
1.6578947 1 0.21052629 4280529397
1.6578947 1 0.15789473 4280529397
1.6578947 1 0.10526317 4280529397
1.6578947 1 0.052631557 4280529397
1.7105263 1 0.94736844 4280529397
1.7105263 1 0.89473683 4280529397
1.7105263 1 0.84210527 4280529397
1.7105263 1 0.78947365 4280529397
1.7105263 1 0.7368421 4280529397
1.7105263 1 0.68421054 4280529397
1.7105263 1 0.63157892 4280529397
1.7105263 1 0.57894737 4280529397
1.7105263 1 0.52631581 4280529397
1.7105263 1 0.47368419 4280529397
1.7105263 1 0.42105263 4280529397
1.7105263 1 0.36842108 4280529397
1.7105263 1 0.31578946 4280529397
1.7105263 1 0.2631579 4280529397
1.7105263 1 0.21052629 4280529397
1.7105263 1 0.15789473 4280529397
1.7105263 1 0.10526317 4280529397
1.7105263 1 0.052631557 4280529397
1.7631578 1 0.94736844 4280529397
1.7631578 1 0.89473683 4280529397
1.7631578 1 0.84210527 4280529397
1.7631578 1 0.78947365 4280529397
1.7631578 1 0.7368421 4280529397
1.7631578 1 0.68421054 4280529397
1.7631578 1 0.63157892 4280529397
1.7631578 1 0.57894737 4280529397
1.7631578 1 0.52631581 4280529397
1.7631578 1 0.47368419 4280529397
1.7631578 1 0.42105263 4280529397
1.7631578 1 0.36842108 4280529397
1.7631578 1 0.31578946 4280529397
1.7631578 1 0.2631579 4280529397
1.7631578 1 0.21052629 4280529397
1.7631578 1 0.15789473 4280529397
1.7631578 1 0.10526317 4280529397
1.7631578 1 0.052631557 4280529397
1.8157895 1 0.94736844 4280529397
1.8157895 1 0.89473683 4280529397
1.8157895 1 0.84210527 4280529397
1.8157895 1 0.78947365 4280529397
1.8157895 1 0.7368421 4280529397
1.8157895 1 0.68421054 4280529397
1.8157895 1 0.63157892 4280529397
1.8157895 1 0.57894737 4280529397
1.8157895 1 0.52631581 4280529397
1.8157895 1 0.47368419 4280529397
1.8157895 1 0.42105263 4280529397
1.8157895 1 0.36842108 4280529397
1.8157895 1 0.31578946 4280529397
1.8157895 1 0.2631579 4280529397
1.8157895 1 0.21052629 4280529397
1.8157895 1 0.15789473 4280529397
1.8157895 1 0.10526317 4280529397
1.8157895 1 0.052631557 4280529397
1.8684211 1 0.94736844 4280529397
1.8684211 1 0.89473683 4280529397
1.8684211 1 0.84210527 4280529397
1.8684211 1 0.78947365 4280529397
1.8684211 1 0.7368421 4280529397
1.8684211 1 0.68421054 4280529397
1.8684211 1 0.63157892 4280529397
1.8684211 1 0.57894737 4280529397
1.8684211 1 0.52631581 4280529397
1.8684211 1 0.47368419 4280529397
1.8684211 1 0.42105263 4280529397
1.8684211 1 0.36842108 4280529397
1.8684211 1 0.31578946 4280529397
1.8684211 1 0.2631579 4280529397
1.8684211 1 0.21052629 4280529397
1.8684211 1 0.15789473 4280529397
1.8684211 1 0.10526317 4280529397
1.8684211 1 0.052631557 4280529397
1.9210527 1 0.94736844 4280529397
1.9210527 1 0.89473683 4280529397
1.9210527 1 0.84210527 4280529397
1.9210527 1 0.78947365 4280529397
1.9210527 1 0.7368421 4280529397
1.9210527 1 0.68421054 4280529397
1.9210527 1 0.63157892 4280529397
1.9210527 1 0.57894737 4280529397
1.9210527 1 0.52631581 4280529397
1.9210527 1 0.47368419 4280529397
1.9210527 1 0.42105263 4280529397
1.9210527 1 0.36842108 4280529397
1.9210527 1 0.31578946 4280529397
1.9210527 1 0.2631579 4280529397
1.9210527 1 0.21052629 4280529397
1.9210527 1 0.15789473 4280529397
1.9210527 1 0.10526317 4280529397
1.9210527 1 0.052631557 4280529397
1.9736842 1 0.94736844 4280529397
1.9736842 1 0.89473683 4280529397
1.9736842 1 0.84210527 4280529397
1.9736842 1 0.78947365 4280529397
1.9736842 1 0.7368421 4280529397
1.9736842 1 0.68421054 4280529397
1.9736842 1 0.63157892 4280529397
1.9736842 1 0.57894737 4280529397
1.9736842 1 0.52631581 4280529397
1.9736842 1 0.47368419 4280529397
1.9736842 1 0.42105263 4280529397
1.9736842 1 0.36842108 4280529397
1.9736842 1 0.31578946 4280529397
1.9736842 1 0.2631579 4280529397
1.9736842 1 0.21052629 4280529397
1.9736842 1 0.15789473 4280529397
1.9736842 1 0.10526317 4280529397
1.9736842 1 0.052631557 4280529397
2.0263157 1 0.94736844 4280529397
2.0263157 1 0.89473683 4280529397
2.0263157 1 0.84210527 4280529397
2.0263157 1 0.78947365 4280529397
2.0263157 1 0.7368421 4280529397
2.0263157 1 0.68421054 4280529397
2.0263157 1 0.63157892 4280529397
2.0263157 1 0.57894737 4280529397
2.0263157 1 0.52631581 4280529397
2.0263157 1 0.47368419 4280529397
2.0263157 1 0.42105263 4280529397
2.0263157 1 0.36842108 4280529397
2.0263157 1 0.31578946 4280529397
2.0263157 1 0.2631579 4280529397
2.0263157 1 0.21052629 4280529397
2.0263157 1 0.15789473 4280529397
2.0263157 1 0.10526317 4280529397
2.0263157 1 0.052631557 4280529397
2.0789473 1 0.94736844 4280529397
2.0789473 1 0.89473683 4280529397
2.0789473 1 0.84210527 4280529397
2.0789473 1 0.78947365 4280529397
2.0789473 1 0.7368421 4280529397
2.0789473 1 0.68421054 4280529397
2.0789473 1 0.63157892 4280529397
2.0789473 1 0.57894737 4280529397
2.0789473 1 0.52631581 4280529397
2.0789473 1 0.47368419 4280529397
2.0789473 1 0.42105263 4280529397
2.0789473 1 0.36842108 4280529397
2.0789473 1 0.31578946 4280529397
2.0789473 1 0.2631579 4280529397
2.0789473 1 0.21052629 4280529397
2.0789473 1 0.15789473 4280529397
2.0789473 1 0.10526317 4280529397
2.0789473 1 0.052631557 4280529397
2.1315789 1 0.94736844 4280529397
2.1315789 1 0.89473683 4280529397
2.1315789 1 0.84210527 4280529397
2.1315789 1 0.78947365 4280529397
2.1315789 1 0.7368421 4280529397
2.1315789 1 0.68421054 4280529397
2.1315789 1 0.63157892 4280529397
2.1315789 1 0.57894737 4280529397
2.1315789 1 0.52631581 4280529397
2.1315789 1 0.47368419 4280529397
2.1315789 1 0.42105263 4280529397
2.1315789 1 0.36842108 4280529397
2.1315789 1 0.31578946 4280529397
2.1315789 1 0.2631579 4280529397
2.1315789 1 0.21052629 4280529397
2.1315789 1 0.15789473 4280529397
2.1315789 1 0.10526317 4280529397
2.1315789 1 0.052631557 4280529397
2.1842105 1 0.94736844 4280529397
2.1842105 1 0.89473683 4280529397
2.1842105 1 0.84210527 4280529397
2.1842105 1 0.78947365 4280529397
2.1842105 1 0.7368421 4280529397
2.1842105 1 0.68421054 4280529397
2.1842105 1 0.63157892 4280529397
2.1842105 1 0.57894737 4280529397
2.1842105 1 0.52631581 4280529397
2.1842105 1 0.47368419 4280529397
2.1842105 1 0.42105263 4280529397
2.1842105 1 0.36842108 4280529397
2.1842105 1 0.31578946 4280529397
2.1842105 1 0.2631579 4280529397
2.1842105 1 0.21052629 4280529397
2.1842105 1 0.15789473 4280529397
2.1842105 1 0.10526317 4280529397
2.1842105 1 0.052631557 4280529397
2.2368422 1 0.94736844 4280529397
2.2368422 1 0.89473683 4280529397
2.2368422 1 0.84210527 4280529397
2.2368422 1 0.78947365 4280529397
2.2368422 1 0.7368421 4280529397
2.2368422 1 0.68421054 4280529397
2.2368422 1 0.63157892 4280529397
2.2368422 1 0.57894737 4280529397
2.2368422 1 0.52631581 4280529397
2.2368422 1 0.47368419 4280529397
2.2368422 1 0.42105263 4280529397
2.2368422 1 0.36842108 4280529397
2.2368422 1 0.31578946 4280529397
2.2368422 1 0.2631579 4280529397
2.2368422 1 0.21052629 4280529397
2.2368422 1 0.15789473 4280529397
2.2368422 1 0.10526317 4280529397
2.2368422 1 0.052631557 4280529397
2.2894738 1 0.94736844 4280529397
2.2894738 1 0.89473683 4280529397
2.2894738 1 0.84210527 4280529397
2.2894738 1 0.78947365 4280529397
2.2894738 1 0.7368421 4280529397
2.2894738 1 0.68421054 4280529397
2.2894738 1 0.63157892 4280529397
2.2894738 1 0.57894737 4280529397
2.2894738 1 0.52631581 4280529397
2.2894738 1 0.47368419 4280529397
2.2894738 1 0.42105263 4280529397
2.2894738 1 0.36842108 4280529397
2.2894738 1 0.31578946 4280529397
2.2894738 1 0.2631579 4280529397
2.2894738 1 0.21052629 4280529397
2.2894738 1 0.15789473 4280529397
2.2894738 1 0.10526317 4280529397
2.2894738 1 0.052631557 4280529397
2.3421054 1 0.94736844 4280529397
2.3421054 1 0.89473683 4280529397
2.3421054 1 0.84210527 4280529397
2.3421054 1 0.78947365 4280529397
2.3421054 1 0.7368421 4280529397
2.3421054 1 0.68421054 4280529397
2.3421054 1 0.63157892 4280529397
2.3421054 1 0.57894737 4280529397
2.3421054 1 0.52631581 4280529397
2.3421054 1 0.47368419 4280529397
2.3421054 1 0.42105263 4280529397
2.3421054 1 0.36842108 4280529397
2.3421054 1 0.31578946 4280529397
2.3421054 1 0.2631579 4280529397
2.3421054 1 0.21052629 4280529397
2.3421054 1 0.15789473 4280529397
2.3421054 1 0.10526317 4280529397
2.3421054 1 0.052631557 4280529397
2.3947368 1 0.94736844 4280529397
2.3947368 1 0.89473683 4280529397
2.3947368 1 0.84210527 4280529397
2.3947368 1 0.78947365 4280529397
2.3947368 1 0.7368421 4280529397
2.3947368 1 0.68421054 4280529397
2.3947368 1 0.63157892 4280529397
2.3947368 1 0.57894737 4280529397
2.3947368 1 0.52631581 4280529397
2.3947368 1 0.47368419 4280529397
2.3947368 1 0.42105263 4280529397
2.3947368 1 0.36842108 4280529397
2.3947368 1 0.31578946 4280529397
2.3947368 1 0.2631579 4280529397
2.3947368 1 0.21052629 4280529397
2.3947368 1 0.15789473 4280529397
2.3947368 1 0.10526317 4280529397
2.3947368 1 0.052631557 4280529397
2.4473684 1 0.94736844 4280529397
2.4473684 1 0.89473683 4280529397
2.4473684 1 0.84210527 4280529397
2.4473684 1 0.78947365 4280529397
2.4473684 1 0.7368421 4280529397
2.4473684 1 0.68421054 4280529397
2.4473684 1 0.63157892 4280529397
2.4473684 1 0.57894737 4280529397
2.4473684 1 0.52631581 4280529397
2.4473684 1 0.47368419 4280529397
2.4473684 1 0.42105263 4280529397
2.4473684 1 0.36842108 4280529397
2.4473684 1 0.31578946 4280529397
2.4473684 1 0.2631579 4280529397
2.4473684 1 0.21052629 4280529397
2.4473684 1 0.15789473 4280529397
2.4473684 1 0.10526317 4280529397
2.4473684 1 0.052631557 4280529397
1.5 1.9473684 0.94736844 4280529397
1.5 1.9473684 0.89473683 4280529397
1.5 1.9473684 0.84210527 4280529397
1.5 1.9473684 0.78947365 4280529397
1.5 1.9473684 0.7368421 4280529397
1.5 1.9473684 0.68421054 4280529397
1.5 1.9473684 0.63157892 4280529397
1.5 1.9473684 0.57894737 4280529397
1.5 1.9473684 0.52631581 4280529397
1.5 1.9473684 0.47368419 4280529397
1.5 1.9473684 0.42105263 4280529397
1.5 1.9473684 0.36842108 4280529397
1.5 1.9473684 0.31578946 4280529397
1.5 1.9473684 0.2631579 4280529397
1.5 1.9473684 0.21052629 4280529397
1.5 1.9473684 0.15789473 4280529397
1.5 1.9473684 0.10526317 4280529397
1.5 1.9473684 0.052631557 4280529397
1.5 1.8947369 0.94736844 4280529397
1.5 1.8947369 0.89473683 4280529397
1.5 1.8947369 0.84210527 4280529397
1.5 1.8947369 0.78947365 4280529397
1.5 1.8947369 0.7368421 4280529397
1.5 1.8947369 0.68421054 4280529397
1.5 1.8947369 0.63157892 4280529397
1.5 1.8947369 0.57894737 4280529397
1.5 1.8947369 0.52631581 4280529397
1.5 1.8947369 0.47368419 4280529397
1.5 1.8947369 0.42105263 4280529397
1.5 1.8947369 0.36842108 4280529397
1.5 1.8947369 0.31578946 4280529397
1.5 1.8947369 0.2631579 4280529397
1.5 1.8947369 0.21052629 4280529397
1.5 1.8947369 0.15789473 4280529397
1.5 1.8947369 0.10526317 4280529397
1.5 1.8947369 0.052631557 4280529397
1.5 1.8421053 0.94736844 4280529397
1.5 1.8421053 0.89473683 4280529397
1.5 1.8421053 0.84210527 4280529397
1.5 1.8421053 0.78947365 4280529397
1.5 1.8421053 0.7368421 4280529397
1.5 1.8421053 0.68421054 4280529397
1.5 1.8421053 0.63157892 4280529397
1.5 1.8421053 0.57894737 4280529397
1.5 1.8421053 0.52631581 4280529397
1.5 1.8421053 0.47368419 4280529397
1.5 1.8421053 0.42105263 4280529397
1.5 1.8421053 0.36842108 4280529397
1.5 1.8421053 0.31578946 4280529397
1.5 1.8421053 0.2631579 4280529397
1.5 1.8421053 0.21052629 4280529397
1.5 1.8421053 0.15789473 4280529397
1.5 1.8421053 0.10526317 4280529397
1.5 1.8421053 0.052631557 4280529397
1.5 1.7894737 0.94736844 4280529397
1.5 1.7894737 0.89473683 4280529397
1.5 1.7894737 0.84210527 4280529397
1.5 1.7894737 0.78947365 4280529397
1.5 1.7894737 0.7368421 4280529397
1.5 1.7894737 0.68421054 4280529397
1.5 1.7894737 0.63157892 4280529397
1.5 1.7894737 0.57894737 4280529397
1.5 1.7894737 0.52631581 4280529397
1.5 1.7894737 0.47368419 4280529397
1.5 1.7894737 0.42105263 4280529397
1.5 1.7894737 0.36842108 4280529397
1.5 1.7894737 0.31578946 4280529397
1.5 1.7894737 0.2631579 4280529397
1.5 1.7894737 0.21052629 4280529397
1.5 1.7894737 0.15789473 4280529397
1.5 1.7894737 0.10526317 4280529397
1.5 1.7894737 0.052631557 4280529397
1.5 1.7368422 0.94736844 4280529397
1.5 1.7368422 0.89473683 4280529397
1.5 1.7368422 0.84210527 4280529397
1.5 1.7368422 0.78947365 4280529397
1.5 1.7368422 0.7368421 4280529397
1.5 1.7368422 0.68421054 4280529397
1.5 1.7368422 0.63157892 4280529397
1.5 1.7368422 0.57894737 4280529397
1.5 1.7368422 0.52631581 4280529397
1.5 1.7368422 0.47368419 4280529397
1.5 1.7368422 0.42105263 4280529397
1.5 1.7368422 0.36842108 4280529397
1.5 1.7368422 0.31578946 4280529397
1.5 1.7368422 0.2631579 4280529397
1.5 1.7368422 0.21052629 4280529397
1.5 1.7368422 0.15789473 4280529397
1.5 1.7368422 0.10526317 4280529397
1.5 1.7368422 0.052631557 4280529397
1.5 1.6842105 0.94736844 4280529397
1.5 1.6842105 0.89473683 4280529397
1.5 1.6842105 0.84210527 4280529397
1.5 1.6842105 0.78947365 4280529397
1.5 1.6842105 0.7368421 4280529397
1.5 1.6842105 0.68421054 4280529397
1.5 1.6842105 0.63157892 4280529397
1.5 1.6842105 0.57894737 4280529397
1.5 1.6842105 0.52631581 4280529397
1.5 1.6842105 0.47368419 4280529397
1.5 1.6842105 0.42105263 4280529397
1.5 1.6842105 0.36842108 4280529397
1.5 1.6842105 0.31578946 4280529397
1.5 1.6842105 0.2631579 4280529397
1.5 1.6842105 0.21052629 4280529397
1.5 1.6842105 0.15789473 4280529397
1.5 1.6842105 0.10526317 4280529397
1.5 1.6842105 0.052631557 4280529397
1.5 1.6315789 0.94736844 4280529397
1.5 1.6315789 0.89473683 4280529397
1.5 1.6315789 0.84210527 4280529397
1.5 1.6315789 0.78947365 4280529397
1.5 1.6315789 0.7368421 4280529397
1.5 1.6315789 0.68421054 4280529397
1.5 1.6315789 0.63157892 4280529397
1.5 1.6315789 0.57894737 4280529397
1.5 1.6315789 0.52631581 4280529397
1.5 1.6315789 0.47368419 4280529397
1.5 1.6315789 0.42105263 4280529397
1.5 1.6315789 0.36842108 4280529397
1.5 1.6315789 0.31578946 4280529397
1.5 1.6315789 0.2631579 4280529397
1.5 1.6315789 0.21052629 4280529397
1.5 1.6315789 0.15789473 4280529397
1.5 1.6315789 0.10526317 4280529397
1.5 1.6315789 0.052631557 4280529397
1.5 1.5789473 0.94736844 4280529397
1.5 1.5789473 0.89473683 4280529397
1.5 1.5789473 0.84210527 4280529397
1.5 1.5789473 0.78947365 4280529397
1.5 1.5789473 0.7368421 4280529397
1.5 1.5789473 0.68421054 4280529397
1.5 1.5789473 0.63157892 4280529397
1.5 1.5789473 0.57894737 4280529397
1.5 1.5789473 0.52631581 4280529397
1.5 1.5789473 0.47368419 4280529397
1.5 1.5789473 0.42105263 4280529397
1.5 1.5789473 0.36842108 4280529397
1.5 1.5789473 0.31578946 4280529397
1.5 1.5789473 0.2631579 4280529397
1.5 1.5789473 0.21052629 4280529397
1.5 1.5789473 0.15789473 4280529397
1.5 1.5789473 0.10526317 4280529397
1.5 1.5789473 0.052631557 4280529397
1.5 1.5263158 0.94736844 4280529397
1.5 1.5263158 0.89473683 4280529397
1.5 1.5263158 0.84210527 4280529397
1.5 1.5263158 0.78947365 4280529397
1.5 1.5263158 0.7368421 4280529397
1.5 1.5263158 0.68421054 4280529397
1.5 1.5263158 0.63157892 4280529397
1.5 1.5263158 0.57894737 4280529397
1.5 1.5263158 0.52631581 4280529397
1.5 1.5263158 0.47368419 4280529397
1.5 1.5263158 0.42105263 4280529397
1.5 1.5263158 0.36842108 4280529397
1.5 1.5263158 0.31578946 4280529397
1.5 1.5263158 0.2631579 4280529397
1.5 1.5263158 0.21052629 4280529397
1.5 1.5263158 0.15789473 4280529397
1.5 1.5263158 0.10526317 4280529397
1.5 1.5263158 0.052631557 4280529397
1.5 1.4736842 0.94736844 4280529397
1.5 1.4736842 0.89473683 4280529397
1.5 1.4736842 0.84210527 4280529397
1.5 1.4736842 0.78947365 4280529397
1.5 1.4736842 0.7368421 4280529397
1.5 1.4736842 0.68421054 4280529397
1.5 1.4736842 0.63157892 4280529397
1.5 1.4736842 0.57894737 4280529397
1.5 1.4736842 0.52631581 4280529397
1.5 1.4736842 0.47368419 4280529397
1.5 1.4736842 0.42105263 4280529397
1.5 1.4736842 0.36842108 4280529397
1.5 1.4736842 0.31578946 4280529397
1.5 1.4736842 0.2631579 4280529397
1.5 1.4736842 0.21052629 4280529397
1.5 1.4736842 0.15789473 4280529397
1.5 1.4736842 0.10526317 4280529397
1.5 1.4736842 0.052631557 4280529397
1.5 1.4210527 0.94736844 4280529397
1.5 1.4210527 0.89473683 4280529397
1.5 1.4210527 0.84210527 4280529397
1.5 1.4210527 0.78947365 4280529397
1.5 1.4210527 0.7368421 4280529397
1.5 1.4210527 0.68421054 4280529397
1.5 1.4210527 0.63157892 4280529397
1.5 1.4210527 0.57894737 4280529397
1.5 1.4210527 0.52631581 4280529397
1.5 1.4210527 0.47368419 4280529397
1.5 1.4210527 0.42105263 4280529397
1.5 1.4210527 0.36842108 4280529397
1.5 1.4210527 0.31578946 4280529397
1.5 1.4210527 0.2631579 4280529397
1.5 1.4210527 0.21052629 4280529397
1.5 1.4210527 0.15789473 4280529397
1.5 1.4210527 0.10526317 4280529397
1.5 1.4210527 0.052631557 4280529397
1.5 1.3684211 0.94736844 4280529397
1.5 1.3684211 0.89473683 4280529397
1.5 1.3684211 0.84210527 4280529397
1.5 1.3684211 0.78947365 4280529397
1.5 1.3684211 0.7368421 4280529397
1.5 1.3684211 0.68421054 4280529397
1.5 1.3684211 0.63157892 4280529397
1.5 1.3684211 0.57894737 4280529397
1.5 1.3684211 0.52631581 4280529397
1.5 1.3684211 0.47368419 4280529397
1.5 1.3684211 0.42105263 4280529397
1.5 1.3684211 0.36842108 4280529397
1.5 1.3684211 0.31578946 4280529397
1.5 1.3684211 0.2631579 4280529397
1.5 1.3684211 0.21052629 4280529397
1.5 1.3684211 0.15789473 4280529397
1.5 1.3684211 0.10526317 4280529397
1.5 1.3684211 0.052631557 4280529397
1.5 1.3157895 0.94736844 4280529397
1.5 1.3157895 0.89473683 4280529397
1.5 1.3157895 0.84210527 4280529397
1.5 1.3157895 0.78947365 4280529397
1.5 1.3157895 0.7368421 4280529397
1.5 1.3157895 0.68421054 4280529397
1.5 1.3157895 0.63157892 4280529397
1.5 1.3157895 0.57894737 4280529397
1.5 1.3157895 0.52631581 4280529397
1.5 1.3157895 0.47368419 4280529397
1.5 1.3157895 0.42105263 4280529397
1.5 1.3157895 0.36842108 4280529397
1.5 1.3157895 0.31578946 4280529397
1.5 1.3157895 0.2631579 4280529397
1.5 1.3157895 0.21052629 4280529397
1.5 1.3157895 0.15789473 4280529397
1.5 1.3157895 0.10526317 4280529397
1.5 1.3157895 0.052631557 4280529397
1.5 1.2631578 0.94736844 4280529397
1.5 1.2631578 0.89473683 4280529397
1.5 1.2631578 0.84210527 4280529397
1.5 1.2631578 0.78947365 4280529397
1.5 1.2631578 0.7368421 4280529397
1.5 1.2631578 0.68421054 4280529397
1.5 1.2631578 0.63157892 4280529397
1.5 1.2631578 0.57894737 4280529397
1.5 1.2631578 0.52631581 4280529397
1.5 1.2631578 0.47368419 4280529397
1.5 1.2631578 0.42105263 4280529397
1.5 1.2631578 0.36842108 4280529397
1.5 1.2631578 0.31578946 4280529397
1.5 1.2631578 0.2631579 4280529397
1.5 1.2631578 0.21052629 4280529397
1.5 1.2631578 0.15789473 4280529397
1.5 1.2631578 0.10526317 4280529397
1.5 1.2631578 0.052631557 4280529397
1.5 1.2105262 0.94736844 4280529397
1.5 1.2105262 0.89473683 4280529397
1.5 1.2105262 0.84210527 4280529397
1.5 1.2105262 0.78947365 4280529397
1.5 1.2105262 0.7368421 4280529397
1.5 1.2105262 0.68421054 4280529397
1.5 1.2105262 0.63157892 4280529397
1.5 1.2105262 0.57894737 4280529397
1.5 1.2105262 0.52631581 4280529397
1.5 1.2105262 0.47368419 4280529397
1.5 1.2105262 0.42105263 4280529397
1.5 1.2105262 0.36842108 4280529397
1.5 1.2105262 0.31578946 4280529397
1.5 1.2105262 0.2631579 4280529397
1.5 1.2105262 0.21052629 4280529397
1.5 1.2105262 0.15789473 4280529397
1.5 1.2105262 0.10526317 4280529397
1.5 1.2105262 0.052631557 4280529397
1.5 1.1578947 0.94736844 4280529397
1.5 1.1578947 0.89473683 4280529397
1.5 1.1578947 0.84210527 4280529397
1.5 1.1578947 0.78947365 4280529397
1.5 1.1578947 0.7368421 4280529397
1.5 1.1578947 0.68421054 4280529397
1.5 1.1578947 0.63157892 4280529397
1.5 1.1578947 0.57894737 4280529397
1.5 1.1578947 0.52631581 4280529397
1.5 1.1578947 0.47368419 4280529397
1.5 1.1578947 0.42105263 4280529397
1.5 1.1578947 0.36842108 4280529397
1.5 1.1578947 0.31578946 4280529397
1.5 1.1578947 0.2631579 4280529397
1.5 1.1578947 0.21052629 4280529397
1.5 1.1578947 0.15789473 4280529397
1.5 1.1578947 0.10526317 4280529397
1.5 1.1578947 0.052631557 4280529397
1.5 1.1052632 0.94736844 4280529397
1.5 1.1052632 0.89473683 4280529397
1.5 1.1052632 0.84210527 4280529397
1.5 1.1052632 0.78947365 4280529397
1.5 1.1052632 0.7368421 4280529397
1.5 1.1052632 0.68421054 4280529397
1.5 1.1052632 0.63157892 4280529397
1.5 1.1052632 0.57894737 4280529397
1.5 1.1052632 0.52631581 4280529397
1.5 1.1052632 0.47368419 4280529397
1.5 1.1052632 0.42105263 4280529397
1.5 1.1052632 0.36842108 4280529397
1.5 1.1052632 0.31578946 4280529397
1.5 1.1052632 0.2631579 4280529397
1.5 1.1052632 0.21052629 4280529397
1.5 1.1052632 0.15789473 4280529397
1.5 1.1052632 0.10526317 4280529397
1.5 1.1052632 0.052631557 4280529397
1.5 1.0526316 0.94736844 4280529397
1.5 1.0526316 0.89473683 4280529397
1.5 1.0526316 0.84210527 4280529397
1.5 1.0526316 0.78947365 4280529397
1.5 1.0526316 0.7368421 4280529397
1.5 1.0526316 0.68421054 4280529397
1.5 1.0526316 0.63157892 4280529397
1.5 1.0526316 0.57894737 4280529397
1.5 1.0526316 0.52631581 4280529397
1.5 1.0526316 0.47368419 4280529397
1.5 1.0526316 0.42105263 4280529397
1.5 1.0526316 0.36842108 4280529397
1.5 1.0526316 0.31578946 4280529397
1.5 1.0526316 0.2631579 4280529397
1.5 1.0526316 0.21052629 4280529397
1.5 1.0526316 0.15789473 4280529397
1.5 1.0526316 0.10526317 4280529397
1.5 1.0526316 0.052631557 4280529397
