# .PCD v0.7 - Point Cloud Data file format
VERSION 0.7
FIELDS x y z
SIZE 4 4 4
TYPE F F F
COUNT 1 1 1
WIDTH 13030
HEIGHT 1
VIEWPOINT 0 0 0 1 0 0 0
POINTS 13030
DATA ascii
-0.21766479 -0.21706599 2.204
-0.21382608 -0.21706599 2.204
-0.21065429 -0.21775541 2.211
-0.20680338 -0.21775541 2.211
-0.20295247 -0.21775541 2.211
-0.19910157 -0.21775541 2.211
-0.19525065 -0.21775541 2.211
-0.19079378 -0.21706599 2.204
-0.18695506 -0.21706599 2.204
-0.18311635 -0.21706599 2.204
-0.17927763 -0.21706599 2.204
-0.17543891 -0.21706599 2.204
-0.17160019 -0.21706599 2.204
-0.16776147 -0.21706599 2.204
-0.16392276 -0.21706599 2.204
-0.16008404 -0.21706599 2.204
-0.15624532 -0.21706599 2.204
-0.1524066 -0.21706599 2.204
-0.14903975 -0.21775541 2.211
-0.14518884 -0.21775541 2.211
-0.14133793 -0.21775541 2.211
-0.13748702 -0.21775541 2.211
-0.1336361 -0.21775541 2.211
-0.12978519 -0.21775541 2.211
-0.12593429 -0.21775541 2.211
-0.12208338 -0.21775541 2.211
-0.11860679 -0.21844481 2.2179999
-0.11474369 -0.21844481 2.2179999
-0.11088059 -0.21844481 2.2179999
-0.10701749 -0.21844481 2.2179999
-0.10282884 -0.21775541 2.211
-0.098977923 -0.21775541 2.211
-0.095127016 -0.21775541 2.211
-0.091276109 -0.21775541 2.211
-0.087425202 -0.21775541 2.211
-0.083574288 -0.21775541 2.211
-0.079723381 -0.21775541 2.211
-0.075872473 -0.21775541 2.211
-0.072021566 -0.21775541 2.211
-0.068170652 -0.21775541 2.211
-0.064319745 -0.21775541 2.211
-0.060468838 -0.21775541 2.211
-0.056617927 -0.21775541 2.211
-0.05276702 -0.21775541 2.211
-0.049070977 -0.21844481 2.2179999
-0.045207877 -0.21844481 2.2179999
-0.041344777 -0.21844481 2.2179999
-0.037481673 -0.21844481 2.2179999
-0.033618573 -0.21844481 2.2179999
-0.029755473 -0.21844481 2.2179999
-0.025892371 -0.21844481 2.2179999
-0.022029271 -0.21844481 2.2179999
-0.01816617 -0.21844481 2.2179999
-0.01430307 -0.21844481 2.2179999
-0.01040702 -0.21775541 2.211
-0.0065561109 -0.21775541 2.211
-0.002705202 -0.21775541 2.211
0.0011457071 -0.21775541 2.211
0.0049966159 -0.21775541 2.211
0.0088475253 -0.21775541 2.211
0.012698434 -0.21775541 2.211
0.016601738 -0.21844481 2.2179999
0.020464839 -0.21844481 2.2179999
0.024327939 -0.21844481 2.2179999
0.028191041 -0.21844481 2.2179999
0.031952981 -0.21775541 2.211
0.035803888 -0.21775541 2.211
0.039654799 -0.21775541 2.211
0.043505706 -0.21775541 2.211
0.047356617 -0.21775541 2.211
0.051207524 -0.21775541 2.211
0.055058435 -0.21775541 2.211
0.058909342 -0.21775541 2.211
0.062760249 -0.21775541 2.211
0.066611163 -0.21775541 2.211
0.07046207 -0.21775541 2.211
0.074312977 -0.21775541 2.211
0.078163885 -0.21775541 2.211
0.082014799 -0.21775541 2.211
0.085865706 -0.21775541 2.211
0.089716613 -0.21775541 2.211
0.09356752 -0.21775541 2.211
0.097418435 -0.21775541 2.211
0.10094873 -0.21706599 2.204
0.10478744 -0.21706599 2.204
0.10862616 -0.21706599 2.204
0.11246487 -0.21706599 2.204
0.11630359 -0.21706599 2.204
0.12014231 -0.21706599 2.204
0.12398103 -0.21706599 2.204
0.12781975 -0.21706599 2.204
0.13165846 -0.21706599 2.204
0.13549718 -0.21706599 2.204
0.1393359 -0.21706599 2.204
0.14317462 -0.21706599 2.204
0.14701334 -0.21706599 2.204
0.15085205 -0.21706599 2.204
0.15469076 -0.21706599 2.204
0.15852948 -0.21706599 2.204
0.16236819 -0.21706599 2.204
0.16620691 -0.21706599 2.204
0.17004563 -0.21706599 2.204
0.17388435 -0.21706599 2.204
0.17772307 -0.21706599 2.204
0.18156178 -0.21706599 2.204
0.1854005 -0.21706599 2.204
0.18923922 -0.21706599 2.204
0.19307794 -0.21706599 2.204
0.19691665 -0.21706599 2.204
0.20139298 -0.21775541 2.211
0.20524389 -0.21775541 2.211
0.20909479 -0.21775541 2.211
0.2129457 -0.21775541 2.211
0.21679661 -0.21775541 2.211
-0.21766479 -0.21322727 2.204
-0.21382608 -0.21322727 2.204
-0.21065429 -0.2139045 2.211
-0.20680338 -0.2139045 2.211
-0.20295247 -0.2139045 2.211
-0.19910157 -0.2139045 2.211
-0.1946325 -0.21322727 2.204
-0.19079378 -0.21322727 2.204
-0.18695506 -0.21322727 2.204
-0.18311635 -0.21322727 2.204
-0.17927763 -0.21322727 2.204
-0.17543891 -0.21322727 2.204
-0.17160019 -0.21322727 2.204
-0.16776147 -0.21322727 2.204
-0.16392276 -0.21322727 2.204
-0.16008404 -0.21322727 2.204
-0.15624532 -0.21322727 2.204
-0.1524066 -0.21322727 2.204
-0.14903975 -0.2139045 2.211
-0.14518884 -0.2139045 2.211
-0.14133793 -0.2139045 2.211
-0.13748702 -0.2139045 2.211
-0.1336361 -0.2139045 2.211
-0.12978519 -0.2139045 2.211
-0.12593429 -0.2139045 2.211
-0.12246989 -0.21458171 2.2179999
-0.11860679 -0.21458171 2.2179999
-0.11474369 -0.21458171 2.2179999
-0.11088059 -0.21458171 2.2179999
-0.10701749 -0.21458171 2.2179999
-0.10282884 -0.2139045 2.211
-0.098977923 -0.2139045 2.211
-0.095127016 -0.2139045 2.211
-0.091276109 -0.2139045 2.211
-0.087425202 -0.2139045 2.211
-0.083574288 -0.2139045 2.211
-0.079723381 -0.2139045 2.211
-0.075872473 -0.2139045 2.211
-0.072021566 -0.2139045 2.211
-0.068170652 -0.2139045 2.211
-0.064319745 -0.2139045 2.211
-0.060468838 -0.2139045 2.211
-0.056617927 -0.2139045 2.211
-0.05276702 -0.2139045 2.211
-0.048916109 -0.2139045 2.211
-0.045065202 -0.2139045 2.211
-0.041214291 -0.2139045 2.211
-0.037481673 -0.21458171 2.2179999
-0.033618573 -0.21458171 2.2179999
-0.029755473 -0.21458171 2.2179999
-0.025892371 -0.21458171 2.2179999
-0.022029271 -0.21458171 2.2179999
-0.01816617 -0.21458171 2.2179999
-0.01430307 -0.21458171 2.2179999
-0.010439969 -0.21458171 2.2179999
-0.0065768673 -0.21458171 2.2179999
-0.0027137666 -0.21458171 2.2179999
0.0011493344 -0.21458171 2.2179999
0.0050124354 -0.21458171 2.2179999
0.0088755358 -0.21458171 2.2179999
0.012738637 -0.21458171 2.2179999
0.016601738 -0.21458171 2.2179999
0.020464839 -0.21458171 2.2179999
0.024327939 -0.21458171 2.2179999
0.028191041 -0.21458171 2.2179999
0.032054141 -0.21458171 2.2179999
0.035803888 -0.2139045 2.211
0.039654799 -0.2139045 2.211
0.043505706 -0.2139045 2.211
0.047356617 -0.2139045 2.211
0.051207524 -0.2139045 2.211
0.055058435 -0.2139045 2.211
0.058909342 -0.2139045 2.211
0.062760249 -0.2139045 2.211
0.066611163 -0.2139045 2.211
0.07046207 -0.2139045 2.211
0.074312977 -0.2139045 2.211
0.078163885 -0.2139045 2.211
0.082014799 -0.2139045 2.211
0.085865706 -0.2139045 2.211
0.089716613 -0.2139045 2.211
0.09356752 -0.2139045 2.211
0.097418435 -0.2139045 2.211
0.10126934 -0.2139045 2.211
0.10478744 -0.21322727 2.204
0.10862616 -0.21322727 2.204
0.11246487 -0.21322727 2.204
0.11630359 -0.21322727 2.204
0.12014231 -0.21322727 2.204
0.12398103 -0.21322727 2.204
0.12781975 -0.21322727 2.204
0.13207661 -0.2139045 2.211
0.13592753 -0.2139045 2.211
0.1393359 -0.21322727 2.204
0.14317462 -0.21322727 2.204
0.14701334 -0.21322727 2.204
0.15085205 -0.21322727 2.204
0.15469076 -0.21322727 2.204
0.15852948 -0.21322727 2.204
0.16236819 -0.21322727 2.204
0.16620691 -0.21322727 2.204
0.17004563 -0.21322727 2.204
0.17388435 -0.21322727 2.204
0.17772307 -0.21322727 2.204
0.18156178 -0.21322727 2.204
0.1854005 -0.21322727 2.204
0.18923922 -0.21322727 2.204
0.19307794 -0.21322727 2.204
0.19691665 -0.21322727 2.204
0.20075537 -0.21322727 2.204
0.20524389 -0.2139045 2.211
0.20909479 -0.2139045 2.211
0.2129457 -0.2139045 2.211
0.21679661 -0.2139045 2.211
-0.21766479 -0.20938855 2.204
-0.21382608 -0.20938855 2.204
-0.20998736 -0.20938855 2.204
-0.20680338 -0.21005358 2.211
-0.20295247 -0.21005358 2.211
-0.1984712 -0.20938855 2.204
-0.1946325 -0.20938855 2.204
-0.19079378 -0.20938855 2.204
-0.18695506 -0.20938855 2.204
-0.18311635 -0.20938855 2.204
-0.17927763 -0.20938855 2.204
-0.17543891 -0.20938855 2.204
-0.17160019 -0.20938855 2.204
-0.16776147 -0.20938855 2.204
-0.16392276 -0.20938855 2.204
-0.16008404 -0.20938855 2.204
-0.15624532 -0.20938855 2.204
-0.15289065 -0.21005358 2.211
-0.14903975 -0.21005358 2.211
-0.14518884 -0.21005358 2.211
-0.14133793 -0.21005358 2.211
-0.13748702 -0.21005358 2.211
-0.1336361 -0.21005358 2.211
-0.13019609 -0.2107186 2.2179999
-0.126333 -0.2107186 2.2179999
-0.12246989 -0.2107186 2.2179999
-0.11860679 -0.2107186 2.2179999
-0.11474369 -0.2107186 2.2179999
-0.11088059 -0.2107186 2.2179999
-0.10701749 -0.2107186 2.2179999
-0.10282884 -0.21005358 2.211
-0.098977923 -0.21005358 2.211
-0.095127016 -0.21005358 2.211
-0.091276109 -0.21005358 2.211
-0.087425202 -0.21005358 2.211
-0.083574288 -0.21005358 2.211
-0.079723381 -0.21005358 2.211
-0.075872473 -0.21005358 2.211
-0.072021566 -0.21005358 2.211
-0.068170652 -0.21005358 2.211
-0.064319745 -0.21005358 2.211
-0.060468838 -0.21005358 2.211
-0.056617927 -0.21005358 2.211
-0.05276702 -0.21005358 2.211
-0.048916109 -0.21005358 2.211
-0.045065202 -0.21005358 2.211
-0.041214291 -0.21005358 2.211
-0.037363384 -0.21005358 2.211
-0.033618573 -0.2107186 2.2179999
-0.029755473 -0.2107186 2.2179999
-0.025892371 -0.2107186 2.2179999
-0.022029271 -0.2107186 2.2179999
-0.01816617 -0.2107186 2.2179999
-0.01430307 -0.2107186 2.2179999
-0.010439969 -0.2107186 2.2179999
-0.0065768673 -0.2107186 2.2179999
-0.0027137666 -0.2107186 2.2179999
0.0011493344 -0.2107186 2.2179999
0.0050124354 -0.2107186 2.2179999
0.0088755358 -0.2107186 2.2179999
0.012738637 -0.2107186 2.2179999
0.016601738 -0.2107186 2.2179999
0.020464839 -0.2107186 2.2179999
0.024327939 -0.2107186 2.2179999
0.028191041 -0.2107186 2.2179999
0.032054141 -0.2107186 2.2179999
0.035917241 -0.2107186 2.2179999
0.039654799 -0.21005358 2.211
0.043505706 -0.21005358 2.211
0.047356617 -0.21005358 2.211
0.051207524 -0.21005358 2.211
0.055058435 -0.21005358 2.211
0.058909342 -0.21005358 2.211
0.062760249 -0.21005358 2.211
0.066611163 -0.21005358 2.211
0.07046207 -0.21005358 2.211
0.074312977 -0.21005358 2.211
0.078163885 -0.21005358 2.211
0.082014799 -0.21005358 2.211
0.085865706 -0.21005358 2.211
0.089716613 -0.21005358 2.211
0.09356752 -0.21005358 2.211
0.097418435 -0.21005358 2.211
0.10126934 -0.21005358 2.211
0.10512025 -0.21005358 2.211
0.10862616 -0.20938855 2.204
0.11246487 -0.20938855 2.204
0.11630359 -0.20938855 2.204
0.12052388 -0.21005358 2.211
0.12437479 -0.21005358 2.211
0.1282257 -0.21005358 2.211
0.13207661 -0.21005358 2.211
0.13592753 -0.21005358 2.211
0.13977844 -0.21005358 2.211
0.14317462 -0.20938855 2.204
0.14701334 -0.20938855 2.204
0.15085205 -0.20938855 2.204
0.15469076 -0.20938855 2.204
0.15852948 -0.20938855 2.204
0.16236819 -0.20938855 2.204
0.16620691 -0.20938855 2.204
0.17004563 -0.20938855 2.204
0.17388435 -0.20938855 2.204
0.17772307 -0.20938855 2.204
0.18156178 -0.20938855 2.204
0.1854005 -0.20938855 2.204
0.18923922 -0.20938855 2.204
0.19307794 -0.20938855 2.204
0.19691665 -0.20938855 2.204
0.20075537 -0.20938855 2.204
0.20459409 -0.20938855 2.204
0.20909479 -0.21005358 2.211
0.2129457 -0.21005358 2.211
0.21679661 -0.21005358 2.211
-0.21766479 -0.20554984 2.204
-0.21382608 -0.20554984 2.204
-0.20998736 -0.20554984 2.204
-0.20614864 -0.20554984 2.204
-0.20230992 -0.20554984 2.204
-0.1984712 -0.20554984 2.204
-0.1946325 -0.20554984 2.204
-0.19079378 -0.20554984 2.204
-0.18695506 -0.20554984 2.204
-0.18311635 -0.20554984 2.204
-0.17927763 -0.20554984 2.204
-0.17543891 -0.20554984 2.204
-0.17160019 -0.20554984 2.204
-0.16776147 -0.20554984 2.204
-0.16392276 -0.20554984 2.204
-0.16008404 -0.20554984 2.204
-0.15674156 -0.20620267 2.211
-0.15289065 -0.20620267 2.211
-0.14903975 -0.20620267 2.211
-0.14518884 -0.20620267 2.211
-0.14133793 -0.20620267 2.211
-0.13748702 -0.20620267 2.211
-0.13405919 -0.20685551 2.2179999
-0.13019609 -0.20685551 2.2179999
-0.126333 -0.20685551 2.2179999
-0.12246989 -0.20685551 2.2179999
-0.11860679 -0.20685551 2.2179999
-0.11474369 -0.20685551 2.2179999
-0.11088059 -0.20685551 2.2179999
-0.10701749 -0.20685551 2.2179999
-0.10282884 -0.20620267 2.211
-0.098977923 -0.20620267 2.211
-0.095127016 -0.20620267 2.211
-0.091276109 -0.20620267 2.211
-0.087425202 -0.20620267 2.211
-0.083574288 -0.20620267 2.211
-0.079723381 -0.20620267 2.211
-0.075872473 -0.20620267 2.211
-0.072021566 -0.20620267 2.211
-0.068170652 -0.20620267 2.211
-0.064319745 -0.20620267 2.211
-0.060468838 -0.20620267 2.211
-0.056617927 -0.20620267 2.211
-0.05276702 -0.20620267 2.211
-0.048916109 -0.20620267 2.211
-0.045065202 -0.20620267 2.211
-0.041214291 -0.20620267 2.211
-0.037363384 -0.20620267 2.211
-0.033512473 -0.20620267 2.211
-0.029755473 -0.20685551 2.2179999
-0.025892371 -0.20685551 2.2179999
-0.022029271 -0.20685551 2.2179999
-0.01816617 -0.20685551 2.2179999
-0.01430307 -0.20685551 2.2179999
-0.010439969 -0.20685551 2.2179999
-0.0065768673 -0.20685551 2.2179999
-0.0027137666 -0.20685551 2.2179999
0.0011493344 -0.20685551 2.2179999
0.0050124354 -0.20685551 2.2179999
0.0088755358 -0.20685551 2.2179999
0.012738637 -0.20685551 2.2179999
0.016601738 -0.20685551 2.2179999
0.020464839 -0.20685551 2.2179999
0.024327939 -0.20685551 2.2179999
0.028191041 -0.20685551 2.2179999
0.032054141 -0.20685551 2.2179999
0.035917241 -0.20685551 2.2179999
0.039654799 -0.20620267 2.211
0.043505706 -0.20620267 2.211
0.047356617 -0.20620267 2.211
0.051207524 -0.20620267 2.211
0.055058435 -0.20620267 2.211
0.058909342 -0.20620267 2.211
0.062760249 -0.20620267 2.211
0.066611163 -0.20620267 2.211
0.07046207 -0.20620267 2.211
0.074312977 -0.20620267 2.211
0.078163885 -0.20620267 2.211
0.082014799 -0.20620267 2.211
0.085865706 -0.20620267 2.211
0.089716613 -0.20620267 2.211
0.09356752 -0.20620267 2.211
0.097418435 -0.20620267 2.211
0.10126934 -0.20620267 2.211
0.10512025 -0.20620267 2.211
0.10897116 -0.20620267 2.211
0.11246487 -0.20554984 2.204
0.11630359 -0.20554984 2.204
0.12052388 -0.20620267 2.211
0.12437479 -0.20620267 2.211
0.1282257 -0.20620267 2.211
0.13207661 -0.20620267 2.211
0.13592753 -0.20620267 2.211
0.13977844 -0.20620267 2.211
0.14362934 -0.20620267 2.211
0.14701334 -0.20554984 2.204
0.15133116 -0.20620267 2.211
0.15469076 -0.20554984 2.204
0.15852948 -0.20554984 2.204
0.16236819 -0.20554984 2.204
0.16620691 -0.20554984 2.204
0.17004563 -0.20554984 2.204
0.17388435 -0.20554984 2.204
0.17772307 -0.20554984 2.204
0.18156178 -0.20554984 2.204
0.1854005 -0.20554984 2.204
0.18923922 -0.20554984 2.204
0.19307794 -0.20554984 2.204
0.19691665 -0.20554984 2.204
0.20075537 -0.20554984 2.204
0.20524389 -0.20620267 2.211
0.20909479 -0.20620267 2.211
0.2129457 -0.20620267 2.211
0.21679661 -0.20620267 2.211
-0.21766479 -0.20171113 2.204
-0.21382608 -0.20171113 2.204
-0.20998736 -0.20171113 2.204
-0.20614864 -0.20171113 2.204
-0.20230992 -0.20171113 2.204
-0.1984712 -0.20171113 2.204
-0.1946325 -0.20171113 2.204
-0.19079378 -0.20171113 2.204
-0.18695506 -0.20171113 2.204
-0.18311635 -0.20171113 2.204
-0.17927763 -0.20171113 2.204
-0.17543891 -0.20171113 2.204
-0.17160019 -0.20171113 2.204
-0.16776147 -0.20171113 2.204
-0.16392276 -0.20171113 2.204
-0.16059247 -0.20235176 2.211
-0.15674156 -0.20235176 2.211
-0.15289065 -0.20235176 2.211
-0.14903975 -0.20235176 2.211
-0.14518884 -0.20235176 2.211
-0.1417854 -0.20299241 2.2179999
-0.1379223 -0.20299241 2.2179999
-0.13405919 -0.20299241 2.2179999
-0.13019609 -0.20299241 2.2179999
-0.126333 -0.20299241 2.2179999
-0.12246989 -0.20299241 2.2179999
-0.11860679 -0.20299241 2.2179999
-0.11474369 -0.20299241 2.2179999
-0.11088059 -0.20299241 2.2179999
-0.10701749 -0.20299241 2.2179999
-0.10282884 -0.20235176 2.211
-0.098977923 -0.20235176 2.211
-0.095127016 -0.20235176 2.211
-0.091276109 -0.20235176 2.211
-0.087425202 -0.20235176 2.211
-0.083574288 -0.20235176 2.211
-0.079723381 -0.20235176 2.211
-0.075872473 -0.20235176 2.211
-0.072021566 -0.20235176 2.211
-0.068170652 -0.20235176 2.211
-0.064319745 -0.20235176 2.211
-0.060468838 -0.20235176 2.211
-0.056617927 -0.20235176 2.211
-0.05276702 -0.20235176 2.211
-0.048916109 -0.20235176 2.211
-0.045065202 -0.20235176 2.211
-0.041214291 -0.20235176 2.211
-0.037363384 -0.20235176 2.211
-0.033512473 -0.20235176 2.211
-0.029755473 -0.20299241 2.2179999
-0.025892371 -0.20299241 2.2179999
-0.022029271 -0.20299241 2.2179999
-0.01816617 -0.20299241 2.2179999
-0.01430307 -0.20299241 2.2179999
-0.010439969 -0.20299241 2.2179999
-0.0065768673 -0.20299241 2.2179999
-0.0027137666 -0.20299241 2.2179999
0.0011493344 -0.20299241 2.2179999
0.0050124354 -0.20299241 2.2179999
0.0088755358 -0.20299241 2.2179999
0.012738637 -0.20299241 2.2179999
0.016601738 -0.20299241 2.2179999
0.020464839 -0.20299241 2.2179999
0.024327939 -0.20299241 2.2179999
0.028191041 -0.20299241 2.2179999
0.032054141 -0.20299241 2.2179999
0.035917241 -0.20299241 2.2179999
0.039780345 -0.20299241 2.2179999
0.043505706 -0.20235176 2.211
0.047356617 -0.20235176 2.211
0.051207524 -0.20235176 2.211
0.055058435 -0.20235176 2.211
0.058909342 -0.20235176 2.211
0.062760249 -0.20235176 2.211
0.066611163 -0.20235176 2.211
0.07046207 -0.20235176 2.211
0.074312977 -0.20235176 2.211
0.078163885 -0.20235176 2.211
0.082014799 -0.20235176 2.211
0.086137556 -0.20299241 2.2179999
0.089716613 -0.20235176 2.211
0.09356752 -0.20235176 2.211
0.097418435 -0.20235176 2.211
0.10126934 -0.20235176 2.211
0.10512025 -0.20235176 2.211
0.10897116 -0.20235176 2.211
0.11282207 -0.20235176 2.211
0.11667298 -0.20235176 2.211
0.12052388 -0.20235176 2.211
0.12437479 -0.20235176 2.211
0.1282257 -0.20235176 2.211
0.13207661 -0.20235176 2.211
0.13592753 -0.20235176 2.211
0.13977844 -0.20235176 2.211
0.14362934 -0.20235176 2.211
0.14748025 -0.20235176 2.211
0.15133116 -0.20235176 2.211
0.15518206 -0.20235176 2.211
0.15852948 -0.20171113 2.204
0.16236819 -0.20171113 2.204
0.16620691 -0.20171113 2.204
0.17004563 -0.20171113 2.204
0.17388435 -0.20171113 2.204
0.17772307 -0.20171113 2.204
0.18156178 -0.20171113 2.204
0.1854005 -0.20171113 2.204
0.18923922 -0.20171113 2.204
0.19307794 -0.20171113 2.204
0.19691665 -0.20171113 2.204
0.20139298 -0.20235176 2.211
0.20524389 -0.20235176 2.211
0.20909479 -0.20235176 2.211
0.2129457 -0.20235176 2.211
0.21679661 -0.20235176 2.211
-0.21766479 -0.19787242 2.204
-0.21382608 -0.19787242 2.204
-0.20998736 -0.19787242 2.204
-0.20614864 -0.19787242 2.204
-0.20230992 -0.19787242 2.204
-0.1984712 -0.19787242 2.204
-0.1946325 -0.19787242 2.204
-0.19079378 -0.19787242 2.204
-0.18695506 -0.19787242 2.204
-0.18311635 -0.19787242 2.204
-0.17927763 -0.19787242 2.204
-0.17543891 -0.19787242 2.204
-0.17160019 -0.19787242 2.204
-0.16776147 -0.19787242 2.204
-0.16392276 -0.19787242 2.204
-0.16059247 -0.19850086 2.211
-0.15674156 -0.19850086 2.211
-0.15289065 -0.19850086 2.211
-0.14903975 -0.19850086 2.211
-0.14564849 -0.19912931 2.2179999
-0.1417854 -0.19912931 2.2179999
-0.1379223 -0.19912931 2.2179999
-0.13405919 -0.19912931 2.2179999
-0.13019609 -0.19912931 2.2179999
-0.126333 -0.19912931 2.2179999
-0.12246989 -0.19912931 2.2179999
-0.11860679 -0.19912931 2.2179999
-0.11474369 -0.19912931 2.2179999
-0.11088059 -0.19912931 2.2179999
-0.10701749 -0.19912931 2.2179999
-0.10282884 -0.19850086 2.211
-0.098977923 -0.19850086 2.211
-0.095127016 -0.19850086 2.211
-0.091276109 -0.19850086 2.211
-0.087425202 -0.19850086 2.211
-0.083574288 -0.19850086 2.211
-0.079723381 -0.19850086 2.211
-0.075872473 -0.19850086 2.211
-0.072021566 -0.19850086 2.211
-0.068170652 -0.19850086 2.211
-0.064319745 -0.19850086 2.211
-0.060468838 -0.19850086 2.211
-0.056617927 -0.19850086 2.211
-0.05276702 -0.19850086 2.211
-0.048916109 -0.19850086 2.211
-0.045065202 -0.19850086 2.211
-0.041214291 -0.19850086 2.211
-0.037363384 -0.19850086 2.211
-0.033618573 -0.19912931 2.2179999
-0.029755473 -0.19912931 2.2179999
-0.025892371 -0.19912931 2.2179999
-0.022029271 -0.19912931 2.2179999
-0.01816617 -0.19912931 2.2179999
-0.01430307 -0.19912931 2.2179999
-0.010439969 -0.19912931 2.2179999
-0.0065768673 -0.19912931 2.2179999
-0.0027137666 -0.19912931 2.2179999
0.0011493344 -0.19912931 2.2179999
0.0050124354 -0.19912931 2.2179999
0.0088755358 -0.19912931 2.2179999
0.012738637 -0.19912931 2.2179999
0.016601738 -0.19912931 2.2179999
0.020464839 -0.19912931 2.2179999
0.024327939 -0.19912931 2.2179999
0.028191041 -0.19912931 2.2179999
0.032054141 -0.19912931 2.2179999
0.035917241 -0.19912931 2.2179999
0.039780345 -0.19912931 2.2179999
0.043505706 -0.19850086 2.211
0.047356617 -0.19850086 2.211
0.051207524 -0.19850086 2.211
0.055058435 -0.19850086 2.211
0.058909342 -0.19850086 2.211
0.062760249 -0.19850086 2.211
0.066611163 -0.19850086 2.211
0.07046207 -0.19850086 2.211
0.074312977 -0.19850086 2.211
0.078163885 -0.19850086 2.211
0.082014799 -0.19850086 2.211
0.086137556 -0.19912931 2.2179999
0.089716613 -0.19850086 2.211
0.09356752 -0.19850086 2.211
0.097418435 -0.19850086 2.211
0.10126934 -0.19850086 2.211
0.10512025 -0.19850086 2.211
0.10897116 -0.19850086 2.211
0.11282207 -0.19850086 2.211
0.11667298 -0.19850086 2.211
0.12052388 -0.19850086 2.211
0.12437479 -0.19850086 2.211
0.1282257 -0.19850086 2.211
0.13207661 -0.19850086 2.211
0.13592753 -0.19850086 2.211
0.13977844 -0.19850086 2.211
0.14362934 -0.19850086 2.211
0.14748025 -0.19850086 2.211
0.15133116 -0.19850086 2.211
0.15518206 -0.19850086 2.211
0.15903297 -0.19850086 2.211
0.16288388 -0.19850086 2.211
0.16620691 -0.19787242 2.204
0.17004563 -0.19787242 2.204
0.17388435 -0.19787242 2.204
0.17772307 -0.19787242 2.204
0.18156178 -0.19787242 2.204
0.1854005 -0.19787242 2.204
0.18923922 -0.19787242 2.204
0.19307794 -0.19787242 2.204
0.19691665 -0.19787242 2.204
0.20139298 -0.19850086 2.211
0.20524389 -0.19850086 2.211
0.20909479 -0.19850086 2.211
0.2129457 -0.19850086 2.211
0.21679661 -0.19850086 2.211
-0.21766479 -0.1940337 2.204
-0.21382608 -0.1940337 2.204
-0.21065429 -0.19464995 2.211
-0.20614864 -0.1940337 2.204
-0.20230992 -0.1940337 2.204
-0.1984712 -0.1940337 2.204
-0.1946325 -0.1940337 2.204
-0.19079378 -0.1940337 2.204
-0.18695506 -0.1940337 2.204
-0.18311635 -0.1940337 2.204
-0.17927763 -0.1940337 2.204
-0.17543891 -0.1940337 2.204
-0.17160019 -0.1940337 2.204
-0.16776147 -0.1940337 2.204
-0.16444337 -0.19464995 2.211
-0.16059247 -0.19464995 2.211
-0.15674156 -0.19464995 2.211
-0.15289065 -0.19464995 2.211
-0.14903975 -0.19464995 2.211
-0.14564849 -0.1952662 2.2179999
-0.1417854 -0.1952662 2.2179999
-0.1379223 -0.1952662 2.2179999
-0.13405919 -0.1952662 2.2179999
-0.13019609 -0.1952662 2.2179999
-0.126333 -0.1952662 2.2179999
-0.12246989 -0.1952662 2.2179999
-0.11860679 -0.1952662 2.2179999
-0.11474369 -0.1952662 2.2179999
-0.11088059 -0.1952662 2.2179999
-0.10701749 -0.1952662 2.2179999
-0.10282884 -0.19464995 2.211
-0.098977923 -0.19464995 2.211
-0.095127016 -0.19464995 2.211
-0.091276109 -0.19464995 2.211
-0.087425202 -0.19464995 2.211
-0.083574288 -0.19464995 2.211
-0.079723381 -0.19464995 2.211
-0.075872473 -0.19464995 2.211
-0.072021566 -0.19464995 2.211
-0.068170652 -0.19464995 2.211
-0.064319745 -0.19464995 2.211
-0.060468838 -0.19464995 2.211
-0.056617927 -0.19464995 2.211
-0.05276702 -0.19464995 2.211
-0.048916109 -0.19464995 2.211
-0.045065202 -0.19464995 2.211
-0.041214291 -0.19464995 2.211
-0.037363384 -0.19464995 2.211
-0.033618573 -0.1952662 2.2179999
-0.029755473 -0.1952662 2.2179999
-0.025892371 -0.1952662 2.2179999
-0.022029271 -0.1952662 2.2179999
-0.01816617 -0.1952662 2.2179999
-0.01430307 -0.1952662 2.2179999
-0.010439969 -0.1952662 2.2179999
-0.0065768673 -0.1952662 2.2179999
-0.0027137666 -0.1952662 2.2179999
0.0011493344 -0.1952662 2.2179999
0.0050124354 -0.1952662 2.2179999
0.0088755358 -0.1952662 2.2179999
0.012738637 -0.1952662 2.2179999
0.016601738 -0.1952662 2.2179999
0.020464839 -0.1952662 2.2179999
0.024327939 -0.1952662 2.2179999
0.028191041 -0.1952662 2.2179999
0.032054141 -0.1952662 2.2179999
0.035917241 -0.1952662 2.2179999
0.039780345 -0.1952662 2.2179999
0.043505706 -0.19464995 2.211
0.047356617 -0.19464995 2.211
0.051207524 -0.19464995 2.211
0.055058435 -0.19464995 2.211
0.058909342 -0.19464995 2.211
0.062760249 -0.19464995 2.211
0.066611163 -0.19464995 2.211
0.07046207 -0.19464995 2.211
0.074312977 -0.19464995 2.211
0.078163885 -0.19464995 2.211
0.082014799 -0.19464995 2.211
0.085865706 -0.19464995 2.211
0.089716613 -0.19464995 2.211
0.09356752 -0.19464995 2.211
0.097418435 -0.19464995 2.211
0.10126934 -0.19464995 2.211
0.10512025 -0.19464995 2.211
0.10897116 -0.19464995 2.211
0.11282207 -0.19464995 2.211
0.11667298 -0.19464995 2.211
0.12052388 -0.19464995 2.211
0.12437479 -0.19464995 2.211
0.1282257 -0.19464995 2.211
0.13207661 -0.19464995 2.211
0.13592753 -0.19464995 2.211
0.13977844 -0.19464995 2.211
0.14362934 -0.19464995 2.211
0.14748025 -0.19464995 2.211
0.15133116 -0.19464995 2.211
0.15518206 -0.19464995 2.211
0.15903297 -0.19464995 2.211
0.16288388 -0.19464995 2.211
0.1667348 -0.19464995 2.211
0.17058571 -0.19464995 2.211
0.17388435 -0.1940337 2.204
0.17772307 -0.1940337 2.204
0.18156178 -0.1940337 2.204
0.1854005 -0.1940337 2.204
0.18923922 -0.1940337 2.204
0.19307794 -0.1940337 2.204
0.19691665 -0.1940337 2.204
0.20139298 -0.19464995 2.211
0.20524389 -0.19464995 2.211
0.20909479 -0.19464995 2.211
0.2129457 -0.19464995 2.211
0.21679661 -0.19464995 2.211
-0.2183561 -0.19079904 2.211
-0.2145052 -0.19079904 2.211
-0.21065429 -0.19079904 2.211
-0.20680338 -0.19079904 2.211
-0.20295247 -0.19079904 2.211
-0.19910157 -0.19079904 2.211
-0.1946325 -0.19019498 2.204
-0.19079378 -0.19019498 2.204
-0.18695506 -0.19019498 2.204
-0.18311635 -0.19019498 2.204
-0.17927763 -0.19019498 2.204
-0.17543891 -0.19019498 2.204
-0.17160019 -0.19019498 2.204
-0.1682943 -0.19079904 2.211
-0.16444337 -0.19079904 2.211
-0.16059247 -0.19079904 2.211
-0.15674156 -0.19079904 2.211
-0.15289065 -0.19079904 2.211
-0.14903975 -0.19079904 2.211
-0.14564849 -0.19140311 2.2179999
-0.1417854 -0.19140311 2.2179999
-0.1379223 -0.19140311 2.2179999
-0.13405919 -0.19140311 2.2179999
-0.13019609 -0.19140311 2.2179999
-0.126333 -0.19140311 2.2179999
-0.12246989 -0.19140311 2.2179999
-0.11860679 -0.19140311 2.2179999
-0.11474369 -0.19140311 2.2179999
-0.11088059 -0.19140311 2.2179999
-0.10701749 -0.19140311 2.2179999
-0.10282884 -0.19079904 2.211
-0.098977923 -0.19079904 2.211
-0.095127016 -0.19079904 2.211
-0.091276109 -0.19079904 2.211
-0.087425202 -0.19079904 2.211
-0.083574288 -0.19079904 2.211
-0.079723381 -0.19079904 2.211
-0.075872473 -0.19079904 2.211
-0.072021566 -0.19079904 2.211
-0.068170652 -0.19079904 2.211
-0.064319745 -0.19079904 2.211
-0.060468838 -0.19079904 2.211
-0.056617927 -0.19079904 2.211
-0.05276702 -0.19079904 2.211
-0.048916109 -0.19079904 2.211
-0.045065202 -0.19079904 2.211
-0.041214291 -0.19079904 2.211
-0.037363384 -0.19079904 2.211
-0.033618573 -0.19140311 2.2179999
-0.029755473 -0.19140311 2.2179999
-0.025892371 -0.19140311 2.2179999
-0.022029271 -0.19140311 2.2179999
-0.01816617 -0.19140311 2.2179999
-0.01430307 -0.19140311 2.2179999
-0.010439969 -0.19140311 2.2179999
-0.0065768673 -0.19140311 2.2179999
-0.0027137666 -0.19140311 2.2179999
0.0011493344 -0.19140311 2.2179999
0.0050124354 -0.19140311 2.2179999
0.0088755358 -0.19140311 2.2179999
0.012738637 -0.19140311 2.2179999
0.016601738 -0.19140311 2.2179999
0.020464839 -0.19140311 2.2179999
0.024327939 -0.19140311 2.2179999
0.028191041 -0.19140311 2.2179999
0.032054141 -0.19140311 2.2179999
0.035917241 -0.19140311 2.2179999
0.039780345 -0.19140311 2.2179999
0.043505706 -0.19079904 2.211
0.047356617 -0.19079904 2.211
0.051207524 -0.19079904 2.211
0.055058435 -0.19079904 2.211
0.058909342 -0.19079904 2.211
0.062760249 -0.19079904 2.211
0.066611163 -0.19079904 2.211
0.07046207 -0.19079904 2.211
0.074312977 -0.19079904 2.211
0.078163885 -0.19079904 2.211
0.082014799 -0.19079904 2.211
0.085865706 -0.19079904 2.211
0.089716613 -0.19079904 2.211
0.09356752 -0.19079904 2.211
0.097418435 -0.19079904 2.211
0.10126934 -0.19079904 2.211
0.10512025 -0.19079904 2.211
0.10897116 -0.19079904 2.211
0.11282207 -0.19079904 2.211
0.11667298 -0.19079904 2.211
0.12052388 -0.19079904 2.211
0.12437479 -0.19079904 2.211
0.1282257 -0.19079904 2.211
0.13207661 -0.19079904 2.211
0.13592753 -0.19079904 2.211
0.13977844 -0.19079904 2.211
0.14362934 -0.19079904 2.211
0.14748025 -0.19079904 2.211
0.15133116 -0.19079904 2.211
0.15518206 -0.19079904 2.211
0.15903297 -0.19079904 2.211
0.16288388 -0.19079904 2.211
0.1667348 -0.19079904 2.211
0.17058571 -0.19079904 2.211
0.17443661 -0.19079904 2.211
0.17828752 -0.19079904 2.211
0.18156178 -0.19019498 2.204
0.1854005 -0.19019498 2.204
0.18923922 -0.19019498 2.204
0.19307794 -0.19019498 2.204
0.19691665 -0.19019498 2.204
0.20139298 -0.19079904 2.211
0.20524389 -0.19079904 2.211
0.20909479 -0.19079904 2.211
0.2129457 -0.19079904 2.211
0.21679661 -0.19079904 2.211
-0.2183561 -0.18694814 2.211
-0.2145052 -0.18694814 2.211
-0.21065429 -0.18694814 2.211
-0.20680338 -0.18694814 2.211
-0.20295247 -0.18694814 2.211
-0.19910157 -0.18694814 2.211
-0.19525065 -0.18694814 2.211
-0.19139974 -0.18694814 2.211
-0.18754883 -0.18694814 2.211
-0.18369792 -0.18694814 2.211
-0.17984702 -0.18694814 2.211
-0.17599611 -0.18694814 2.211
-0.1721452 -0.18694814 2.211
-0.1682943 -0.18694814 2.211
-0.16444337 -0.18694814 2.211
-0.16059247 -0.18694814 2.211
-0.15674156 -0.18694814 2.211
-0.15289065 -0.18694814 2.211
-0.14951161 -0.18754001 2.2179999
-0.14564849 -0.18754001 2.2179999
-0.1417854 -0.18754001 2.2179999
-0.1379223 -0.18754001 2.2179999
-0.13405919 -0.18754001 2.2179999
-0.13019609 -0.18754001 2.2179999
-0.126333 -0.18754001 2.2179999
-0.12246989 -0.18754001 2.2179999
-0.11860679 -0.18754001 2.2179999
-0.11474369 -0.18754001 2.2179999
-0.11088059 -0.18754001 2.2179999
-0.10701749 -0.18754001 2.2179999
-0.10282884 -0.18694814 2.211
-0.098977923 -0.18694814 2.211
-0.095127016 -0.18694814 2.211
-0.091276109 -0.18694814 2.211
-0.087425202 -0.18694814 2.211
-0.083574288 -0.18694814 2.211
-0.079723381 -0.18694814 2.211
-0.075872473 -0.18694814 2.211
-0.072021566 -0.18694814 2.211
-0.068170652 -0.18694814 2.211
-0.064319745 -0.18694814 2.211
-0.060468838 -0.18694814 2.211
-0.056617927 -0.18694814 2.211
-0.05276702 -0.18694814 2.211
-0.048916109 -0.18694814 2.211
-0.045065202 -0.18694814 2.211
-0.041214291 -0.18694814 2.211
-0.037481673 -0.18754001 2.2179999
-0.033618573 -0.18754001 2.2179999
-0.029755473 -0.18754001 2.2179999
-0.025892371 -0.18754001 2.2179999
-0.022029271 -0.18754001 2.2179999
-0.01816617 -0.18754001 2.2179999
-0.01430307 -0.18754001 2.2179999
-0.010439969 -0.18754001 2.2179999
-0.0065768673 -0.18754001 2.2179999
-0.0027137666 -0.18754001 2.2179999
0.0011493344 -0.18754001 2.2179999
0.0050124354 -0.18754001 2.2179999
0.0088755358 -0.18754001 2.2179999
0.012738637 -0.18754001 2.2179999
0.016601738 -0.18754001 2.2179999
0.020464839 -0.18754001 2.2179999
0.024327939 -0.18754001 2.2179999
0.028191041 -0.18754001 2.2179999
0.032054141 -0.18754001 2.2179999
0.035917241 -0.18754001 2.2179999
0.039780345 -0.18754001 2.2179999
0.043505706 -0.18694814 2.211
0.047356617 -0.18694814 2.211
0.051207524 -0.18694814 2.211
0.055058435 -0.18694814 2.211
0.058909342 -0.18694814 2.211
0.062760249 -0.18694814 2.211
0.066611163 -0.18694814 2.211
0.07046207 -0.18694814 2.211
0.074312977 -0.18694814 2.211
0.078163885 -0.18694814 2.211
0.082014799 -0.18694814 2.211
0.085865706 -0.18694814 2.211
0.089716613 -0.18694814 2.211
0.09356752 -0.18694814 2.211
0.097418435 -0.18694814 2.211
0.10126934 -0.18694814 2.211
0.10512025 -0.18694814 2.211
0.10897116 -0.18694814 2.211
0.11282207 -0.18694814 2.211
0.11667298 -0.18694814 2.211
0.12052388 -0.18694814 2.211
0.12437479 -0.18694814 2.211
0.1282257 -0.18694814 2.211
0.13207661 -0.18694814 2.211
0.13592753 -0.18694814 2.211
0.13977844 -0.18694814 2.211
0.14362934 -0.18694814 2.211
0.14748025 -0.18694814 2.211
0.15133116 -0.18694814 2.211
0.15518206 -0.18694814 2.211
0.15903297 -0.18694814 2.211
0.16288388 -0.18694814 2.211
0.1667348 -0.18694814 2.211
0.17058571 -0.18694814 2.211
0.17443661 -0.18694814 2.211
0.17828752 -0.18694814 2.211
0.18213843 -0.18694814 2.211
0.18598934 -0.18694814 2.211
0.18923922 -0.18635626 2.204
0.19307794 -0.18635626 2.204
0.19691665 -0.18635626 2.204
0.20075537 -0.18635626 2.204
0.20459409 -0.18635626 2.204
0.20909479 -0.18694814 2.211
0.2129457 -0.18694814 2.211
0.21679661 -0.18694814 2.211
-0.2183561 -0.18309723 2.211
-0.2145052 -0.18309723 2.211
-0.21065429 -0.18309723 2.211
-0.20680338 -0.18309723 2.211
-0.20295247 -0.18309723 2.211
-0.19910157 -0.18309723 2.211
-0.19525065 -0.18309723 2.211
-0.19139974 -0.18309723 2.211
-0.18754883 -0.18309723 2.211
-0.18369792 -0.18309723 2.211
-0.17984702 -0.18309723 2.211
-0.17599611 -0.18309723 2.211
-0.1721452 -0.18309723 2.211
-0.1682943 -0.18309723 2.211
-0.16444337 -0.18309723 2.211
-0.16059247 -0.18309723 2.211
-0.15674156 -0.18309723 2.211
-0.1533747 -0.1836769 2.2179999
-0.14951161 -0.1836769 2.2179999
-0.14564849 -0.1836769 2.2179999
-0.1417854 -0.1836769 2.2179999
-0.1379223 -0.1836769 2.2179999
-0.13405919 -0.1836769 2.2179999
-0.13019609 -0.1836769 2.2179999
-0.126333 -0.1836769 2.2179999
-0.12246989 -0.1836769 2.2179999
-0.11860679 -0.1836769 2.2179999
-0.11474369 -0.1836769 2.2179999
-0.11088059 -0.1836769 2.2179999
-0.10667975 -0.18309723 2.211
-0.10282884 -0.18309723 2.211
-0.098977923 -0.18309723 2.211
-0.095127016 -0.18309723 2.211
-0.091276109 -0.18309723 2.211
-0.087425202 -0.18309723 2.211
-0.083574288 -0.18309723 2.211
-0.079723381 -0.18309723 2.211
-0.075872473 -0.18309723 2.211
-0.072021566 -0.18309723 2.211
-0.068170652 -0.18309723 2.211
-0.064319745 -0.18309723 2.211
-0.060468838 -0.18309723 2.211
-0.056617927 -0.18309723 2.211
-0.05276702 -0.18309723 2.211
-0.048916109 -0.18309723 2.211
-0.045065202 -0.18309723 2.211
-0.041214291 -0.18309723 2.211
-0.037363384 -0.18309723 2.211
-0.033618573 -0.1836769 2.2179999
-0.029755473 -0.1836769 2.2179999
-0.025892371 -0.1836769 2.2179999
-0.022029271 -0.1836769 2.2179999
-0.01816617 -0.1836769 2.2179999
-0.01430307 -0.1836769 2.2179999
-0.010439969 -0.1836769 2.2179999
-0.0065768673 -0.1836769 2.2179999
-0.0027137666 -0.1836769 2.2179999
0.0011493344 -0.1836769 2.2179999
0.0050124354 -0.1836769 2.2179999
0.0088755358 -0.1836769 2.2179999
0.012738637 -0.1836769 2.2179999
0.016601738 -0.1836769 2.2179999
0.020464839 -0.1836769 2.2179999
0.024327939 -0.1836769 2.2179999
0.028191041 -0.1836769 2.2179999
0.032054141 -0.1836769 2.2179999
0.035917241 -0.1836769 2.2179999
0.039780345 -0.1836769 2.2179999
0.043505706 -0.18309723 2.211
0.047356617 -0.18309723 2.211
0.051207524 -0.18309723 2.211
0.055058435 -0.18309723 2.211
0.058909342 -0.18309723 2.211
0.062760249 -0.18309723 2.211
0.066611163 -0.18309723 2.211
0.07046207 -0.18309723 2.211
0.074312977 -0.18309723 2.211
0.078163885 -0.18309723 2.211
0.082014799 -0.18309723 2.211
0.085865706 -0.18309723 2.211
0.089716613 -0.18309723 2.211
0.09356752 -0.18309723 2.211
0.097418435 -0.18309723 2.211
0.10126934 -0.18309723 2.211
0.10512025 -0.18309723 2.211
0.10897116 -0.18309723 2.211
0.11282207 -0.18309723 2.211
0.11667298 -0.18309723 2.211
0.12052388 -0.18309723 2.211
0.12437479 -0.18309723 2.211
0.1282257 -0.18309723 2.211
0.13207661 -0.18309723 2.211
0.13592753 -0.18309723 2.211
0.13977844 -0.18309723 2.211
0.14362934 -0.18309723 2.211
0.14748025 -0.18309723 2.211
0.15133116 -0.18309723 2.211
0.15518206 -0.18309723 2.211
0.15903297 -0.18309723 2.211
0.16288388 -0.18309723 2.211
0.1667348 -0.18309723 2.211
0.17058571 -0.18309723 2.211
0.17443661 -0.18309723 2.211
0.17828752 -0.18309723 2.211
0.18213843 -0.18309723 2.211
0.18598934 -0.18309723 2.211
0.18984024 -0.18309723 2.211
0.19307794 -0.18251754 2.204
0.19691665 -0.18251754 2.204
0.20139298 -0.18309723 2.211
0.20459409 -0.18251754 2.204
0.20909479 -0.18309723 2.211
0.2129457 -0.18309723 2.211
0.21679661 -0.18309723 2.211
-0.2183561 -0.17924631 2.211
-0.2145052 -0.17924631 2.211
-0.21065429 -0.17924631 2.211
-0.20680338 -0.17924631 2.211
-0.20295247 -0.17924631 2.211
-0.19910157 -0.17924631 2.211
-0.19525065 -0.17924631 2.211
-0.19139974 -0.17924631 2.211
-0.18754883 -0.17924631 2.211
-0.18369792 -0.17924631 2.211
-0.17984702 -0.17924631 2.211
-0.17599611 -0.17924631 2.211
-0.1721452 -0.17924631 2.211
-0.1682943 -0.17924631 2.211
-0.16496401 -0.1798138 2.2179999
-0.16110091 -0.1798138 2.2179999
-0.1572378 -0.1798138 2.2179999
-0.1533747 -0.1798138 2.2179999
-0.14951161 -0.1798138 2.2179999
-0.14564849 -0.1798138 2.2179999
-0.1417854 -0.1798138 2.2179999
-0.1379223 -0.1798138 2.2179999
-0.13405919 -0.1798138 2.2179999
-0.13019609 -0.1798138 2.2179999
-0.126333 -0.1798138 2.2179999
-0.12246989 -0.1798138 2.2179999
-0.11860679 -0.1798138 2.2179999
-0.11474369 -0.1798138 2.2179999
-0.11053065 -0.17924631 2.211
-0.10667975 -0.17924631 2.211
-0.10282884 -0.17924631 2.211
-0.098977923 -0.17924631 2.211
-0.095127016 -0.17924631 2.211
-0.091276109 -0.17924631 2.211
-0.087425202 -0.17924631 2.211
-0.083574288 -0.17924631 2.211
-0.079723381 -0.17924631 2.211
-0.075872473 -0.17924631 2.211
-0.072021566 -0.17924631 2.211
-0.068170652 -0.17924631 2.211
-0.064319745 -0.17924631 2.211
-0.060468838 -0.17924631 2.211
-0.056617927 -0.17924631 2.211
-0.05276702 -0.17924631 2.211
-0.048916109 -0.17924631 2.211
-0.045065202 -0.17924631 2.211
-0.041214291 -0.17924631 2.211
-0.037481673 -0.1798138 2.2179999
-0.033618573 -0.1798138 2.2179999
-0.029755473 -0.1798138 2.2179999
-0.025892371 -0.1798138 2.2179999
-0.022029271 -0.1798138 2.2179999
-0.01816617 -0.1798138 2.2179999
-0.01430307 -0.1798138 2.2179999
-0.010439969 -0.1798138 2.2179999
-0.0065768673 -0.1798138 2.2179999
-0.0027137666 -0.1798138 2.2179999
0.0011493344 -0.1798138 2.2179999
0.0050124354 -0.1798138 2.2179999
0.0088755358 -0.1798138 2.2179999
0.012738637 -0.1798138 2.2179999
0.016601738 -0.1798138 2.2179999
0.020464839 -0.1798138 2.2179999
0.024327939 -0.1798138 2.2179999
0.028191041 -0.1798138 2.2179999
0.032054141 -0.1798138 2.2179999
0.035917241 -0.1798138 2.2179999
0.039780345 -0.1798138 2.2179999
0.043505706 -0.17924631 2.211
0.047356617 -0.17924631 2.211
0.051207524 -0.17924631 2.211
0.055058435 -0.17924631 2.211
0.058909342 -0.17924631 2.211
0.062760249 -0.17924631 2.211
0.066611163 -0.17924631 2.211
0.07046207 -0.17924631 2.211
0.074312977 -0.17924631 2.211
0.078163885 -0.17924631 2.211
0.082014799 -0.17924631 2.211
0.085865706 -0.17924631 2.211
0.089716613 -0.17924631 2.211
0.09356752 -0.17924631 2.211
0.097418435 -0.17924631 2.211
0.10126934 -0.17924631 2.211
0.10512025 -0.17924631 2.211
0.10897116 -0.17924631 2.211
0.11282207 -0.17924631 2.211
0.11667298 -0.17924631 2.211
0.12052388 -0.17924631 2.211
0.12437479 -0.17924631 2.211
0.1282257 -0.17924631 2.211
0.13207661 -0.17924631 2.211
0.13592753 -0.17924631 2.211
0.13977844 -0.17924631 2.211
0.14362934 -0.17924631 2.211
0.14748025 -0.17924631 2.211
0.15133116 -0.17924631 2.211
0.15518206 -0.17924631 2.211
0.15903297 -0.17924631 2.211
0.16288388 -0.17924631 2.211
0.1667348 -0.17924631 2.211
0.17058571 -0.17924631 2.211
0.17443661 -0.17924631 2.211
0.17828752 -0.17924631 2.211
0.18213843 -0.17924631 2.211
0.18598934 -0.17924631 2.211
0.18984024 -0.17924631 2.211
0.19369116 -0.17924631 2.211
0.19754207 -0.17924631 2.211
0.20139298 -0.17924631 2.211
0.20524389 -0.17924631 2.211
0.20909479 -0.17924631 2.211
0.2129457 -0.17924631 2.211
0.21679661 -0.17924631 2.211
-0.2183561 -0.1753954 2.211
-0.2145052 -0.1753954 2.211
-0.21065429 -0.1753954 2.211
-0.20680338 -0.1753954 2.211
-0.20295247 -0.1753954 2.211
-0.19910157 -0.1753954 2.211
-0.19525065 -0.1753954 2.211
-0.19139974 -0.1753954 2.211
-0.18754883 -0.1753954 2.211
-0.18369792 -0.1753954 2.211
-0.17984702 -0.1753954 2.211
-0.17599611 -0.1753954 2.211
-0.1721452 -0.1753954 2.211
-0.1688271 -0.17595071 2.2179999
-0.16496401 -0.17595071 2.2179999
-0.16110091 -0.17595071 2.2179999
-0.1572378 -0.17595071 2.2179999
-0.1533747 -0.17595071 2.2179999
-0.14951161 -0.17595071 2.2179999
-0.14564849 -0.17595071 2.2179999
-0.1417854 -0.17595071 2.2179999
-0.1379223 -0.17595071 2.2179999
-0.13405919 -0.17595071 2.2179999
-0.13019609 -0.17595071 2.2179999
-0.126333 -0.17595071 2.2179999
-0.12246989 -0.17595071 2.2179999
-0.11860679 -0.17595071 2.2179999
-0.11438157 -0.1753954 2.211
-0.11053065 -0.1753954 2.211
-0.10667975 -0.1753954 2.211
-0.10282884 -0.1753954 2.211
-0.098977923 -0.1753954 2.211
-0.095127016 -0.1753954 2.211
-0.091276109 -0.1753954 2.211
-0.087425202 -0.1753954 2.211
-0.083574288 -0.1753954 2.211
-0.079723381 -0.1753954 2.211
-0.075872473 -0.1753954 2.211
-0.072021566 -0.1753954 2.211
-0.068170652 -0.1753954 2.211
-0.064319745 -0.1753954 2.211
-0.060468838 -0.1753954 2.211
-0.056617927 -0.1753954 2.211
-0.05276702 -0.1753954 2.211
-0.048916109 -0.1753954 2.211
-0.045065202 -0.1753954 2.211
-0.041214291 -0.1753954 2.211
-0.037481673 -0.17595071 2.2179999
-0.033618573 -0.17595071 2.2179999
-0.029755473 -0.17595071 2.2179999
-0.025892371 -0.17595071 2.2179999
-0.022029271 -0.17595071 2.2179999
-0.01816617 -0.17595071 2.2179999
-0.01430307 -0.17595071 2.2179999
-0.010439969 -0.17595071 2.2179999
-0.0065768673 -0.17595071 2.2179999
-0.0027137666 -0.17595071 2.2179999
0.0011493344 -0.17595071 2.2179999
0.0050124354 -0.17595071 2.2179999
0.0088755358 -0.17595071 2.2179999
0.012738637 -0.17595071 2.2179999
0.016601738 -0.17595071 2.2179999
0.020464839 -0.17595071 2.2179999
0.024327939 -0.17595071 2.2179999
0.028191041 -0.17595071 2.2179999
0.032054141 -0.17595071 2.2179999
0.035917241 -0.17595071 2.2179999
0.039780345 -0.17595071 2.2179999
0.043505706 -0.1753954 2.211
0.047356617 -0.1753954 2.211
0.051207524 -0.1753954 2.211
0.055058435 -0.1753954 2.211
0.058909342 -0.1753954 2.211
0.062760249 -0.1753954 2.211
0.066611163 -0.1753954 2.211
0.07046207 -0.1753954 2.211
0.074312977 -0.1753954 2.211
0.078163885 -0.1753954 2.211
0.082014799 -0.1753954 2.211
0.085865706 -0.1753954 2.211
0.089716613 -0.1753954 2.211
0.09356752 -0.1753954 2.211
0.097418435 -0.1753954 2.211
0.10126934 -0.1753954 2.211
0.10512025 -0.1753954 2.211
0.10897116 -0.1753954 2.211
0.11282207 -0.1753954 2.211
0.11667298 -0.1753954 2.211
0.12052388 -0.1753954 2.211
0.12437479 -0.1753954 2.211
0.1282257 -0.1753954 2.211
0.13207661 -0.1753954 2.211
0.13592753 -0.1753954 2.211
0.13977844 -0.1753954 2.211
0.14362934 -0.1753954 2.211
0.14748025 -0.1753954 2.211
0.15133116 -0.1753954 2.211
0.15518206 -0.1753954 2.211
0.15903297 -0.1753954 2.211
0.16288388 -0.1753954 2.211
0.1667348 -0.1753954 2.211
0.17058571 -0.1753954 2.211
0.17443661 -0.1753954 2.211
0.17828752 -0.1753954 2.211
0.18213843 -0.1753954 2.211
0.18598934 -0.1753954 2.211
0.18984024 -0.1753954 2.211
0.19369116 -0.1753954 2.211
0.19754207 -0.1753954 2.211
0.20139298 -0.1753954 2.211
0.20524389 -0.1753954 2.211
0.20909479 -0.1753954 2.211
0.2129457 -0.1753954 2.211
0.21679661 -0.1753954 2.211
-0.2183561 -0.17154449 2.211
-0.2145052 -0.17154449 2.211
-0.21065429 -0.17154449 2.211
-0.20680338 -0.17154449 2.211
-0.20295247 -0.17154449 2.211
-0.19910157 -0.17154449 2.211
-0.19525065 -0.17154449 2.211
-0.19139974 -0.17154449 2.211
-0.18754883 -0.17154449 2.211
-0.18369792 -0.17154449 2.211
-0.17984702 -0.17154449 2.211
-0.17599611 -0.17154449 2.211
-0.1721452 -0.17154449 2.211
-0.1688271 -0.17208759 2.2179999
-0.16496401 -0.17208759 2.2179999
-0.16110091 -0.17208759 2.2179999
-0.1572378 -0.17208759 2.2179999
-0.1533747 -0.17208759 2.2179999
-0.14951161 -0.17208759 2.2179999
-0.14564849 -0.17208759 2.2179999
-0.1417854 -0.17208759 2.2179999
-0.1379223 -0.17208759 2.2179999
-0.13405919 -0.17208759 2.2179999
-0.13019609 -0.17208759 2.2179999
-0.126333 -0.17208759 2.2179999
-0.12246989 -0.17208759 2.2179999
-0.11823247 -0.17154449 2.211
-0.11438157 -0.17154449 2.211
-0.11053065 -0.17154449 2.211
-0.10667975 -0.17154449 2.211
-0.10282884 -0.17154449 2.211
-0.098977923 -0.17154449 2.211
-0.095127016 -0.17154449 2.211
-0.091276109 -0.17154449 2.211
-0.087425202 -0.17154449 2.211
-0.083574288 -0.17154449 2.211
-0.079723381 -0.17154449 2.211
-0.075872473 -0.17154449 2.211
-0.072021566 -0.17154449 2.211
-0.068170652 -0.17154449 2.211
-0.064319745 -0.17154449 2.211
-0.060468838 -0.17154449 2.211
-0.056617927 -0.17154449 2.211
-0.05276702 -0.17154449 2.211
-0.048916109 -0.17154449 2.211
-0.045065202 -0.17154449 2.211
-0.041214291 -0.17154449 2.211
-0.037481673 -0.17208759 2.2179999
-0.033618573 -0.17208759 2.2179999
-0.029755473 -0.17208759 2.2179999
-0.025892371 -0.17208759 2.2179999
-0.022029271 -0.17208759 2.2179999
-0.01816617 -0.17208759 2.2179999
-0.01430307 -0.17208759 2.2179999
-0.010439969 -0.17208759 2.2179999
-0.0065768673 -0.17208759 2.2179999
-0.0027137666 -0.17208759 2.2179999
0.0011493344 -0.17208759 2.2179999
0.0050124354 -0.17208759 2.2179999
0.0088755358 -0.17208759 2.2179999
0.012738637 -0.17208759 2.2179999
0.016601738 -0.17208759 2.2179999
0.020464839 -0.17208759 2.2179999
0.024327939 -0.17208759 2.2179999
0.028191041 -0.17208759 2.2179999
0.032054141 -0.17208759 2.2179999
0.035917241 -0.17208759 2.2179999
0.039780345 -0.17208759 2.2179999
0.043505706 -0.17154449 2.211
0.047356617 -0.17154449 2.211
0.051207524 -0.17154449 2.211
0.055058435 -0.17154449 2.211
0.058909342 -0.17154449 2.211
0.062760249 -0.17154449 2.211
0.066611163 -0.17154449 2.211
0.07046207 -0.17154449 2.211
0.074312977 -0.17154449 2.211
0.078163885 -0.17154449 2.211
0.082014799 -0.17154449 2.211
0.085865706 -0.17154449 2.211
0.089716613 -0.17154449 2.211
0.09356752 -0.17154449 2.211
0.097418435 -0.17154449 2.211
0.10126934 -0.17154449 2.211
0.10512025 -0.17154449 2.211
0.10897116 -0.17154449 2.211
0.11282207 -0.17154449 2.211
0.11667298 -0.17154449 2.211
0.12052388 -0.17154449 2.211
0.12437479 -0.17154449 2.211
0.1282257 -0.17154449 2.211
0.13207661 -0.17154449 2.211
0.13592753 -0.17154449 2.211
0.13977844 -0.17154449 2.211
0.14362934 -0.17154449 2.211
0.14748025 -0.17154449 2.211
0.15133116 -0.17154449 2.211
0.15518206 -0.17154449 2.211
0.15903297 -0.17154449 2.211
0.16288388 -0.17154449 2.211
0.1667348 -0.17154449 2.211
0.17058571 -0.17154449 2.211
0.17443661 -0.17154449 2.211
0.17828752 -0.17154449 2.211
0.18213843 -0.17154449 2.211
0.18598934 -0.17154449 2.211
0.18984024 -0.17154449 2.211
0.19369116 -0.17154449 2.211
0.19754207 -0.17154449 2.211
0.20139298 -0.17154449 2.211
0.20524389 -0.17154449 2.211
0.20909479 -0.17154449 2.211
0.2129457 -0.17154449 2.211
0.21679661 -0.17154449 2.211
-0.2183561 -0.16769359 2.211
-0.2145052 -0.16769359 2.211
-0.21065429 -0.16769359 2.211
-0.20680338 -0.16769359 2.211
-0.20295247 -0.16769359 2.211
-0.19910157 -0.16769359 2.211
-0.19525065 -0.16769359 2.211
-0.19139974 -0.16769359 2.211
-0.18754883 -0.16769359 2.211
-0.18369792 -0.16769359 2.211
-0.17984702 -0.16769359 2.211
-0.17599611 -0.16769359 2.211
-0.17269021 -0.1682245 2.2179999
-0.1688271 -0.1682245 2.2179999
-0.16496401 -0.1682245 2.2179999
-0.16110091 -0.1682245 2.2179999
-0.1572378 -0.1682245 2.2179999
-0.1533747 -0.1682245 2.2179999
-0.14951161 -0.1682245 2.2179999
-0.14564849 -0.1682245 2.2179999
-0.1417854 -0.1682245 2.2179999
-0.1379223 -0.1682245 2.2179999
-0.13405919 -0.1682245 2.2179999
-0.13019609 -0.1682245 2.2179999
-0.12593429 -0.16769359 2.211
-0.12208338 -0.16769359 2.211
-0.11823247 -0.16769359 2.211
-0.11438157 -0.16769359 2.211
-0.11053065 -0.16769359 2.211
-0.10667975 -0.16769359 2.211
-0.10282884 -0.16769359 2.211
-0.098977923 -0.16769359 2.211
-0.095127016 -0.16769359 2.211
-0.091276109 -0.16769359 2.211
-0.087425202 -0.16769359 2.211
-0.083574288 -0.16769359 2.211
-0.079723381 -0.16769359 2.211
-0.075872473 -0.16769359 2.211
-0.072021566 -0.16769359 2.211
-0.068170652 -0.16769359 2.211
-0.064319745 -0.16769359 2.211
-0.060468838 -0.16769359 2.211
-0.056617927 -0.16769359 2.211
-0.05276702 -0.16769359 2.211
-0.048916109 -0.16769359 2.211
-0.045065202 -0.16769359 2.211
-0.041214291 -0.16769359 2.211
-0.037481673 -0.1682245 2.2179999
-0.033618573 -0.1682245 2.2179999
-0.029755473 -0.1682245 2.2179999
-0.025892371 -0.1682245 2.2179999
-0.022029271 -0.1682245 2.2179999
-0.01816617 -0.1682245 2.2179999
-0.01430307 -0.1682245 2.2179999
-0.010439969 -0.1682245 2.2179999
-0.0065768673 -0.1682245 2.2179999
-0.0027137666 -0.1682245 2.2179999
0.0011493344 -0.1682245 2.2179999
0.0050124354 -0.1682245 2.2179999
0.0088755358 -0.1682245 2.2179999
0.012738637 -0.1682245 2.2179999
0.016601738 -0.1682245 2.2179999
0.020464839 -0.1682245 2.2179999
0.024327939 -0.1682245 2.2179999
0.028191041 -0.1682245 2.2179999
0.032054141 -0.1682245 2.2179999
0.035917241 -0.1682245 2.2179999
0.039780345 -0.1682245 2.2179999
0.043505706 -0.16769359 2.211
0.047356617 -0.16769359 2.211
0.051207524 -0.16769359 2.211
0.055058435 -0.16769359 2.211
0.058909342 -0.16769359 2.211
0.062760249 -0.16769359 2.211
0.066611163 -0.16769359 2.211
0.07046207 -0.16769359 2.211
0.074312977 -0.16769359 2.211
0.078163885 -0.16769359 2.211
0.082014799 -0.16769359 2.211
0.085865706 -0.16769359 2.211
0.089716613 -0.16769359 2.211
0.09356752 -0.16769359 2.211
0.097418435 -0.16769359 2.211
0.10126934 -0.16769359 2.211
0.10512025 -0.16769359 2.211
0.10897116 -0.16769359 2.211
0.11282207 -0.16769359 2.211
0.11667298 -0.16769359 2.211
0.12052388 -0.16769359 2.211
0.12437479 -0.16769359 2.211
0.1282257 -0.16769359 2.211
0.13207661 -0.16769359 2.211
0.13592753 -0.16769359 2.211
0.13977844 -0.16769359 2.211
0.14362934 -0.16769359 2.211
0.14748025 -0.16769359 2.211
0.15133116 -0.16769359 2.211
0.15518206 -0.16769359 2.211
0.15903297 -0.16769359 2.211
0.16288388 -0.16769359 2.211
0.1667348 -0.16769359 2.211
0.17058571 -0.16769359 2.211
0.17443661 -0.16769359 2.211
0.17828752 -0.16769359 2.211
0.18213843 -0.16769359 2.211
0.18598934 -0.16769359 2.211
0.18984024 -0.16769359 2.211
0.19369116 -0.16769359 2.211
0.19754207 -0.16769359 2.211
0.20139298 -0.16769359 2.211
0.20524389 -0.16769359 2.211
0.20909479 -0.16769359 2.211
0.2129457 -0.16769359 2.211
0.21679661 -0.16769359 2.211
-0.21904741 -0.1643614 2.2179999
-0.2145052 -0.16384268 2.211
-0.21065429 -0.16384268 2.211
-0.20680338 -0.16384268 2.211
-0.20295247 -0.16384268 2.211
-0.19910157 -0.16384268 2.211
-0.19525065 -0.16384268 2.211
-0.19139974 -0.16384268 2.211
-0.18754883 -0.16384268 2.211
-0.18369792 -0.16384268 2.211
-0.18041641 -0.1643614 2.2179999
-0.17655331 -0.1643614 2.2179999
-0.17269021 -0.1643614 2.2179999
-0.1688271 -0.1643614 2.2179999
-0.16496401 -0.1643614 2.2179999
-0.16110091 -0.1643614 2.2179999
-0.1572378 -0.1643614 2.2179999
-0.1533747 -0.1643614 2.2179999
-0.14951161 -0.1643614 2.2179999
-0.14564849 -0.1643614 2.2179999
-0.1417854 -0.1643614 2.2179999
-0.1379223 -0.1643614 2.2179999
-0.13405919 -0.1643614 2.2179999
-0.12978519 -0.16384268 2.211
-0.12593429 -0.16384268 2.211
-0.12208338 -0.16384268 2.211
-0.11823247 -0.16384268 2.211
-0.11438157 -0.16384268 2.211
-0.11053065 -0.16384268 2.211
-0.10667975 -0.16384268 2.211
-0.10282884 -0.16384268 2.211
-0.098977923 -0.16384268 2.211
-0.095127016 -0.16384268 2.211
-0.091276109 -0.16384268 2.211
-0.087425202 -0.16384268 2.211
-0.083574288 -0.16384268 2.211
-0.079723381 -0.16384268 2.211
-0.075872473 -0.16384268 2.211
-0.072021566 -0.16384268 2.211
-0.068170652 -0.16384268 2.211
-0.064319745 -0.16384268 2.211
-0.060468838 -0.16384268 2.211
-0.056617927 -0.16384268 2.211
-0.05276702 -0.16384268 2.211
-0.048916109 -0.16384268 2.211
-0.045065202 -0.16384268 2.211
-0.041214291 -0.16384268 2.211
-0.037481673 -0.1643614 2.2179999
-0.033618573 -0.1643614 2.2179999
-0.029755473 -0.1643614 2.2179999
-0.025892371 -0.1643614 2.2179999
-0.022029271 -0.1643614 2.2179999
-0.01816617 -0.1643614 2.2179999
-0.01430307 -0.1643614 2.2179999
-0.010439969 -0.1643614 2.2179999
-0.0065768673 -0.1643614 2.2179999
-0.0027137666 -0.1643614 2.2179999
0.0011493344 -0.1643614 2.2179999
0.0050124354 -0.1643614 2.2179999
0.0088755358 -0.1643614 2.2179999
0.012738637 -0.1643614 2.2179999
0.016601738 -0.1643614 2.2179999
0.020464839 -0.1643614 2.2179999
0.024327939 -0.1643614 2.2179999
0.028191041 -0.1643614 2.2179999
0.032054141 -0.1643614 2.2179999
0.035803888 -0.16384268 2.211
0.039654799 -0.16384268 2.211
0.043505706 -0.16384268 2.211
0.047356617 -0.16384268 2.211
0.051207524 -0.16384268 2.211
0.055058435 -0.16384268 2.211
0.058909342 -0.16384268 2.211
0.062760249 -0.16384268 2.211
0.066611163 -0.16384268 2.211
0.07046207 -0.16384268 2.211
0.074312977 -0.16384268 2.211
0.078163885 -0.16384268 2.211
0.082014799 -0.16384268 2.211
0.085865706 -0.16384268 2.211
0.089716613 -0.16384268 2.211
0.09356752 -0.16384268 2.211
0.097418435 -0.16384268 2.211
0.10126934 -0.16384268 2.211
0.10512025 -0.16384268 2.211
0.10897116 -0.16384268 2.211
0.11282207 -0.16384268 2.211
0.11667298 -0.16384268 2.211
0.12052388 -0.16384268 2.211
0.12437479 -0.16384268 2.211
0.1282257 -0.16384268 2.211
0.13207661 -0.16384268 2.211
0.13592753 -0.16384268 2.211
0.13977844 -0.16384268 2.211
0.14362934 -0.16384268 2.211
0.14748025 -0.16384268 2.211
0.15133116 -0.16384268 2.211
0.15518206 -0.16384268 2.211
0.15903297 -0.16384268 2.211
0.16288388 -0.16384268 2.211
0.1667348 -0.16384268 2.211
0.17058571 -0.16384268 2.211
0.17443661 -0.16384268 2.211
0.17828752 -0.16384268 2.211
0.18213843 -0.16384268 2.211
0.18598934 -0.16384268 2.211
0.18984024 -0.16384268 2.211
0.19369116 -0.16384268 2.211
0.19754207 -0.16384268 2.211
0.20139298 -0.16384268 2.211
0.20524389 -0.16384268 2.211
0.20909479 -0.16384268 2.211
0.2129457 -0.16384268 2.211
0.21679661 -0.16384268 2.211
-0.21904741 -0.16049829 2.2179999
-0.21518432 -0.16049829 2.2179999
-0.21065429 -0.15999177 2.211
-0.20680338 -0.15999177 2.211
-0.20295247 -0.15999177 2.211
-0.19910157 -0.15999177 2.211
-0.19586881 -0.16049829 2.2179999
-0.19200571 -0.16049829 2.2179999
-0.18814261 -0.16049829 2.2179999
-0.1842795 -0.16049829 2.2179999
-0.18041641 -0.16049829 2.2179999
-0.17655331 -0.16049829 2.2179999
-0.17269021 -0.16049829 2.2179999
-0.1688271 -0.16049829 2.2179999
-0.16496401 -0.16049829 2.2179999
-0.16110091 -0.16049829 2.2179999
-0.1572378 -0.16049829 2.2179999
-0.1533747 -0.16049829 2.2179999
-0.14951161 -0.16049829 2.2179999
-0.14564849 -0.16049829 2.2179999
-0.1417854 -0.16049829 2.2179999
-0.1379223 -0.16049829 2.2179999
-0.1336361 -0.15999177 2.211
-0.12978519 -0.15999177 2.211
-0.12593429 -0.15999177 2.211
-0.12208338 -0.15999177 2.211
-0.11823247 -0.15999177 2.211
-0.11438157 -0.15999177 2.211
-0.11053065 -0.15999177 2.211
-0.10667975 -0.15999177 2.211
-0.10282884 -0.15999177 2.211
-0.098977923 -0.15999177 2.211
-0.095127016 -0.15999177 2.211
-0.091276109 -0.15999177 2.211
-0.087425202 -0.15999177 2.211
-0.083574288 -0.15999177 2.211
-0.079723381 -0.15999177 2.211
-0.075872473 -0.15999177 2.211
-0.072021566 -0.15999177 2.211
-0.068170652 -0.15999177 2.211
-0.064319745 -0.15999177 2.211
-0.060468838 -0.15999177 2.211
-0.056617927 -0.15999177 2.211
-0.05276702 -0.15999177 2.211
-0.048916109 -0.15999177 2.211
-0.045065202 -0.15999177 2.211
-0.041214291 -0.15999177 2.211
-0.037481673 -0.16049829 2.2179999
-0.033618573 -0.16049829 2.2179999
-0.029755473 -0.16049829 2.2179999
-0.025892371 -0.16049829 2.2179999
-0.022029271 -0.16049829 2.2179999
-0.01816617 -0.16049829 2.2179999
-0.01430307 -0.16049829 2.2179999
-0.010439969 -0.16049829 2.2179999
-0.0065768673 -0.16049829 2.2179999
-0.0027137666 -0.16049829 2.2179999
0.0011493344 -0.16049829 2.2179999
0.0050124354 -0.16049829 2.2179999
0.0088755358 -0.16049829 2.2179999
0.012738637 -0.16049829 2.2179999
0.016601738 -0.16049829 2.2179999
0.020464839 -0.16049829 2.2179999
0.024327939 -0.16049829 2.2179999
0.028191041 -0.16049829 2.2179999
0.031952981 -0.15999177 2.211
0.035803888 -0.15999177 2.211
0.039654799 -0.15999177 2.211
0.043505706 -0.15999177 2.211
0.047356617 -0.15999177 2.211
0.051207524 -0.15999177 2.211
0.055058435 -0.15999177 2.211
0.058909342 -0.15999177 2.211
0.062760249 -0.15999177 2.211
0.066611163 -0.15999177 2.211
0.07046207 -0.15999177 2.211
0.074312977 -0.15999177 2.211
0.078163885 -0.15999177 2.211
0.082014799 -0.15999177 2.211
0.085865706 -0.15999177 2.211
0.089716613 -0.15999177 2.211
0.09356752 -0.15999177 2.211
0.097418435 -0.15999177 2.211
0.10126934 -0.15999177 2.211
0.10512025 -0.15999177 2.211
0.10897116 -0.15999177 2.211
0.11282207 -0.15999177 2.211
0.11667298 -0.15999177 2.211
0.12052388 -0.15999177 2.211
0.12437479 -0.15999177 2.211
0.1282257 -0.15999177 2.211
0.13207661 -0.15999177 2.211
0.13592753 -0.15999177 2.211
0.13977844 -0.15999177 2.211
0.14362934 -0.15999177 2.211
0.14748025 -0.15999177 2.211
0.15133116 -0.15999177 2.211
0.15518206 -0.15999177 2.211
0.15903297 -0.15999177 2.211
0.16288388 -0.15999177 2.211
0.1667348 -0.15999177 2.211
0.17058571 -0.15999177 2.211
0.17443661 -0.15999177 2.211
0.17828752 -0.15999177 2.211
0.18213843 -0.15999177 2.211
0.18598934 -0.15999177 2.211
0.18984024 -0.15999177 2.211
0.19369116 -0.15999177 2.211
0.19754207 -0.15999177 2.211
0.20139298 -0.15999177 2.211
0.20524389 -0.15999177 2.211
0.20909479 -0.15999177 2.211
0.2129457 -0.15999177 2.211
0.21679661 -0.15999177 2.211
-0.21904741 -0.1566352 2.2179999
-0.21518432 -0.1566352 2.2179999
-0.21132122 -0.1566352 2.2179999
-0.20680338 -0.15614086 2.211
-0.20295247 -0.15614086 2.211
-0.19910157 -0.15614086 2.211
-0.19586881 -0.1566352 2.2179999
-0.19200571 -0.1566352 2.2179999
-0.18814261 -0.1566352 2.2179999
-0.1842795 -0.1566352 2.2179999
-0.18041641 -0.1566352 2.2179999
-0.17655331 -0.1566352 2.2179999
-0.17269021 -0.1566352 2.2179999
-0.1688271 -0.1566352 2.2179999
-0.16496401 -0.1566352 2.2179999
-0.16110091 -0.1566352 2.2179999
-0.1572378 -0.1566352 2.2179999
-0.1533747 -0.1566352 2.2179999
-0.14951161 -0.1566352 2.2179999
-0.14564849 -0.1566352 2.2179999
-0.1417854 -0.1566352 2.2179999
-0.1379223 -0.1566352 2.2179999
-0.1336361 -0.15614086 2.211
-0.12978519 -0.15614086 2.211
-0.12593429 -0.15614086 2.211
-0.12208338 -0.15614086 2.211
-0.11823247 -0.15614086 2.211
-0.11438157 -0.15614086 2.211
-0.11053065 -0.15614086 2.211
-0.10667975 -0.15614086 2.211
-0.10282884 -0.15614086 2.211
-0.098977923 -0.15614086 2.211
-0.095127016 -0.15614086 2.211
-0.091276109 -0.15614086 2.211
-0.087425202 -0.15614086 2.211
-0.083574288 -0.15614086 2.211
-0.079723381 -0.15614086 2.211
-0.075872473 -0.15614086 2.211
-0.072021566 -0.15614086 2.211
-0.068170652 -0.15614086 2.211
-0.064319745 -0.15614086 2.211
-0.060468838 -0.15614086 2.211
-0.056617927 -0.15614086 2.211
-0.05276702 -0.15614086 2.211
-0.048916109 -0.15614086 2.211
-0.045065202 -0.15614086 2.211
-0.041214291 -0.15614086 2.211
-0.037481673 -0.1566352 2.2179999
-0.033618573 -0.1566352 2.2179999
-0.029755473 -0.1566352 2.2179999
-0.025892371 -0.1566352 2.2179999
-0.022029271 -0.1566352 2.2179999
-0.01816617 -0.1566352 2.2179999
-0.01430307 -0.1566352 2.2179999
-0.010439969 -0.1566352 2.2179999
-0.0065768673 -0.1566352 2.2179999
-0.0027137666 -0.1566352 2.2179999
0.0011493344 -0.1566352 2.2179999
0.0049966159 -0.15614086 2.211
0.0088475253 -0.15614086 2.211
0.012698434 -0.15614086 2.211
0.016549343 -0.15614086 2.211
0.020400252 -0.15614086 2.211
0.024251161 -0.15614086 2.211
0.02810207 -0.15614086 2.211
0.031952981 -0.15614086 2.211
0.035803888 -0.15614086 2.211
0.039654799 -0.15614086 2.211
0.043505706 -0.15614086 2.211
0.047356617 -0.15614086 2.211
0.051207524 -0.15614086 2.211
0.055058435 -0.15614086 2.211
0.058909342 -0.15614086 2.211
0.062760249 -0.15614086 2.211
0.066611163 -0.15614086 2.211
0.07046207 -0.15614086 2.211
0.074312977 -0.15614086 2.211
0.078163885 -0.15614086 2.211
0.082014799 -0.15614086 2.211
0.085865706 -0.15614086 2.211
0.089716613 -0.15614086 2.211
0.09356752 -0.15614086 2.211
0.097418435 -0.15614086 2.211
0.10126934 -0.15614086 2.211
0.10512025 -0.15614086 2.211
0.10897116 -0.15614086 2.211
0.11282207 -0.15614086 2.211
0.11667298 -0.15614086 2.211
0.12052388 -0.15614086 2.211
0.12437479 -0.15614086 2.211
0.1282257 -0.15614086 2.211
0.13207661 -0.15614086 2.211
0.13592753 -0.15614086 2.211
0.13977844 -0.15614086 2.211
0.14362934 -0.15614086 2.211
0.14748025 -0.15614086 2.211
0.15133116 -0.15614086 2.211
0.15518206 -0.15614086 2.211
0.15903297 -0.15614086 2.211
0.16288388 -0.15614086 2.211
0.1667348 -0.15614086 2.211
0.17058571 -0.15614086 2.211
0.17443661 -0.15614086 2.211
0.17828752 -0.15614086 2.211
0.18213843 -0.15614086 2.211
0.18598934 -0.15614086 2.211
0.18984024 -0.15614086 2.211
0.19369116 -0.15614086 2.211
0.19754207 -0.15614086 2.211
0.20139298 -0.15614086 2.211
0.20524389 -0.15614086 2.211
0.20909479 -0.15614086 2.211
0.2129457 -0.15614086 2.211
0.21679661 -0.15614086 2.211
-0.21904741 -0.1527721 2.2179999
-0.21518432 -0.1527721 2.2179999
-0.21065429 -0.15228996 2.211
-0.20680338 -0.15228996 2.211
-0.20295247 -0.15228996 2.211
-0.19910157 -0.15228996 2.211
-0.19586881 -0.1527721 2.2179999
-0.19200571 -0.1527721 2.2179999
-0.18814261 -0.1527721 2.2179999
-0.1842795 -0.1527721 2.2179999
-0.18041641 -0.1527721 2.2179999
-0.17655331 -0.1527721 2.2179999
-0.17269021 -0.1527721 2.2179999
-0.1688271 -0.1527721 2.2179999
-0.16496401 -0.1527721 2.2179999
-0.16110091 -0.1527721 2.2179999
-0.1572378 -0.1527721 2.2179999
-0.1533747 -0.1527721 2.2179999
-0.14951161 -0.1527721 2.2179999
-0.14564849 -0.1527721 2.2179999
-0.1417854 -0.1527721 2.2179999
-0.13748702 -0.15228996 2.211
-0.1336361 -0.15228996 2.211
-0.12978519 -0.15228996 2.211
-0.12593429 -0.15228996 2.211
-0.12208338 -0.15228996 2.211
-0.11823247 -0.15228996 2.211
-0.11438157 -0.15228996 2.211
-0.11053065 -0.15228996 2.211
-0.10667975 -0.15228996 2.211
-0.10282884 -0.15228996 2.211
-0.098977923 -0.15228996 2.211
-0.095127016 -0.15228996 2.211
-0.091276109 -0.15228996 2.211
-0.087425202 -0.15228996 2.211
-0.083574288 -0.15228996 2.211
-0.079723381 -0.15228996 2.211
-0.075872473 -0.15228996 2.211
-0.072021566 -0.15228996 2.211
-0.068170652 -0.15228996 2.211
-0.064319745 -0.15228996 2.211
-0.060468838 -0.15228996 2.211
-0.056617927 -0.15228996 2.211
-0.05276702 -0.15228996 2.211
-0.048916109 -0.15228996 2.211
-0.045065202 -0.15228996 2.211
-0.041214291 -0.15228996 2.211
-0.037363384 -0.15228996 2.211
-0.033618573 -0.1527721 2.2179999
-0.029755473 -0.1527721 2.2179999
-0.025892371 -0.1527721 2.2179999
-0.022029271 -0.1527721 2.2179999
-0.01816617 -0.1527721 2.2179999
-0.01430307 -0.1527721 2.2179999
-0.010439969 -0.1527721 2.2179999
-0.0065768673 -0.1527721 2.2179999
-0.0027137666 -0.1527721 2.2179999
0.0011457071 -0.15228996 2.211
0.0049966159 -0.15228996 2.211
0.0088475253 -0.15228996 2.211
0.012698434 -0.15228996 2.211
0.016549343 -0.15228996 2.211
0.020400252 -0.15228996 2.211
0.024251161 -0.15228996 2.211
0.02810207 -0.15228996 2.211
0.031952981 -0.15228996 2.211
0.035803888 -0.15228996 2.211
0.039654799 -0.15228996 2.211
0.043505706 -0.15228996 2.211
0.047356617 -0.15228996 2.211
0.051207524 -0.15228996 2.211
0.055058435 -0.15228996 2.211
0.058909342 -0.15228996 2.211
0.062760249 -0.15228996 2.211
0.066611163 -0.15228996 2.211
0.07046207 -0.15228996 2.211
0.074312977 -0.15228996 2.211
0.078163885 -0.15228996 2.211
0.082014799 -0.15228996 2.211
0.085865706 -0.15228996 2.211
0.089716613 -0.15228996 2.211
0.09356752 -0.15228996 2.211
0.097418435 -0.15228996 2.211
0.10126934 -0.15228996 2.211
0.10512025 -0.15228996 2.211
0.10897116 -0.15228996 2.211
0.11282207 -0.15228996 2.211
0.11667298 -0.15228996 2.211
0.12052388 -0.15228996 2.211
0.12437479 -0.15228996 2.211
0.1282257 -0.15228996 2.211
0.13207661 -0.15228996 2.211
0.13592753 -0.15228996 2.211
0.13977844 -0.15228996 2.211
0.14362934 -0.15228996 2.211
0.14748025 -0.15228996 2.211
0.15133116 -0.15228996 2.211
0.15518206 -0.15228996 2.211
0.15903297 -0.15228996 2.211
0.16288388 -0.15228996 2.211
0.1667348 -0.15228996 2.211
0.17058571 -0.15228996 2.211
0.17443661 -0.15228996 2.211
0.17828752 -0.15228996 2.211
0.18213843 -0.15228996 2.211
0.18598934 -0.15228996 2.211
0.18984024 -0.15228996 2.211
0.19369116 -0.15228996 2.211
0.19754207 -0.15228996 2.211
0.20139298 -0.15228996 2.211
0.20524389 -0.15228996 2.211
0.20909479 -0.15228996 2.211
0.2129457 -0.15228996 2.211
0.21679661 -0.15228996 2.211
-0.21904741 -0.14890899 2.2179999
-0.21518432 -0.14890899 2.2179999
-0.21065429 -0.14843903 2.211
-0.20680338 -0.14843903 2.211
-0.20295247 -0.14843903 2.211
-0.19910157 -0.14843903 2.211
-0.19525065 -0.14843903 2.211
-0.19139974 -0.14843903 2.211
-0.18754883 -0.14843903 2.211
-0.18369792 -0.14843903 2.211
-0.17984702 -0.14843903 2.211
-0.17599611 -0.14843903 2.211
-0.1721452 -0.14843903 2.211
-0.1682943 -0.14843903 2.211
-0.16444337 -0.14843903 2.211
-0.16059247 -0.14843903 2.211
-0.15674156 -0.14843903 2.211
-0.1533747 -0.14890899 2.2179999
-0.14951161 -0.14890899 2.2179999
-0.14564849 -0.14890899 2.2179999
-0.14133793 -0.14843903 2.211
-0.13748702 -0.14843903 2.211
-0.1336361 -0.14843903 2.211
-0.12978519 -0.14843903 2.211
-0.12593429 -0.14843903 2.211
-0.12208338 -0.14843903 2.211
-0.11823247 -0.14843903 2.211
-0.11438157 -0.14843903 2.211
-0.11053065 -0.14843903 2.211
-0.10667975 -0.14843903 2.211
-0.10282884 -0.14843903 2.211
-0.098977923 -0.14843903 2.211
-0.095127016 -0.14843903 2.211
-0.091276109 -0.14843903 2.211
-0.087425202 -0.14843903 2.211
-0.083574288 -0.14843903 2.211
-0.079723381 -0.14843903 2.211
-0.075872473 -0.14843903 2.211
-0.072021566 -0.14843903 2.211
-0.068170652 -0.14843903 2.211
-0.064116113 -0.14796908 2.204
-0.060277395 -0.14796908 2.204
-0.056617927 -0.14843903 2.211
-0.05276702 -0.14843903 2.211
-0.048916109 -0.14843903 2.211
-0.045065202 -0.14843903 2.211
-0.041214291 -0.14843903 2.211
-0.037363384 -0.14843903 2.211
-0.033618573 -0.14890899 2.2179999
-0.029755473 -0.14890899 2.2179999
-0.025892371 -0.14890899 2.2179999
-0.022029271 -0.14890899 2.2179999
-0.01816617 -0.14890899 2.2179999
-0.01430307 -0.14890899 2.2179999
-0.010439969 -0.14890899 2.2179999
-0.0065768673 -0.14890899 2.2179999
-0.002705202 -0.14843903 2.211
0.0011457071 -0.14843903 2.211
0.0049966159 -0.14843903 2.211
0.0088475253 -0.14843903 2.211
0.012698434 -0.14843903 2.211
0.016549343 -0.14843903 2.211
0.020400252 -0.14843903 2.211
0.024251161 -0.14843903 2.211
0.02810207 -0.14843903 2.211
0.031952981 -0.14843903 2.211
0.035803888 -0.14843903 2.211
0.039654799 -0.14843903 2.211
0.043505706 -0.14843903 2.211
0.047356617 -0.14843903 2.211
0.051207524 -0.14843903 2.211
0.055058435 -0.14843903 2.211
0.058909342 -0.14843903 2.211
0.062760249 -0.14843903 2.211
0.066611163 -0.14843903 2.211
0.07046207 -0.14843903 2.211
0.074312977 -0.14843903 2.211
0.078163885 -0.14843903 2.211
0.082014799 -0.14843903 2.211
0.085865706 -0.14843903 2.211
0.089716613 -0.14843903 2.211
0.09356752 -0.14843903 2.211
0.097418435 -0.14843903 2.211
0.10126934 -0.14843903 2.211
0.10512025 -0.14843903 2.211
0.10897116 -0.14843903 2.211
0.11282207 -0.14843903 2.211
0.11667298 -0.14843903 2.211
0.12052388 -0.14843903 2.211
0.12437479 -0.14843903 2.211
0.1282257 -0.14843903 2.211
0.13207661 -0.14843903 2.211
0.13592753 -0.14843903 2.211
0.13977844 -0.14843903 2.211
0.14362934 -0.14843903 2.211
0.14748025 -0.14843903 2.211
0.15133116 -0.14843903 2.211
0.15518206 -0.14843903 2.211
0.15903297 -0.14843903 2.211
0.16288388 -0.14843903 2.211
0.1667348 -0.14843903 2.211
0.17058571 -0.14843903 2.211
0.17443661 -0.14843903 2.211
0.17828752 -0.14843903 2.211
0.18213843 -0.14843903 2.211
0.18598934 -0.14843903 2.211
0.18984024 -0.14843903 2.211
0.19369116 -0.14843903 2.211
0.19754207 -0.14843903 2.211
0.20203058 -0.14890899 2.2179999
0.20524389 -0.14843903 2.211
0.20909479 -0.14843903 2.211
0.2129457 -0.14843903 2.211
0.21679661 -0.14843903 2.211
-0.21904741 -0.14504589 2.2179999
-0.21518432 -0.14504589 2.2179999
-0.21065429 -0.14458813 2.211
-0.20680338 -0.14458813 2.211
-0.20295247 -0.14458813 2.211
-0.19910157 -0.14458813 2.211
-0.19525065 -0.14458813 2.211
-0.19139974 -0.14458813 2.211
-0.18754883 -0.14458813 2.211
-0.18369792 -0.14458813 2.211
-0.17984702 -0.14458813 2.211
-0.17599611 -0.14458813 2.211
-0.1721452 -0.14458813 2.211
-0.1682943 -0.14458813 2.211
-0.16444337 -0.14458813 2.211
-0.16059247 -0.14458813 2.211
-0.15674156 -0.14458813 2.211
-0.15289065 -0.14458813 2.211
-0.14903975 -0.14458813 2.211
-0.14518884 -0.14458813 2.211
-0.14133793 -0.14458813 2.211
-0.13748702 -0.14458813 2.211
-0.1336361 -0.14458813 2.211
-0.12978519 -0.14458813 2.211
-0.12593429 -0.14458813 2.211
-0.12208338 -0.14458813 2.211
-0.11823247 -0.14458813 2.211
-0.11438157 -0.14458813 2.211
-0.11053065 -0.14458813 2.211
-0.10667975 -0.14458813 2.211
-0.10282884 -0.14458813 2.211
-0.098977923 -0.14458813 2.211
-0.095127016 -0.14458813 2.211
-0.091276109 -0.14458813 2.211
-0.087425202 -0.14458813 2.211
-0.083574288 -0.14458813 2.211
-0.079723381 -0.14458813 2.211
-0.075872473 -0.14458813 2.211
-0.072021566 -0.14458813 2.211
-0.067954831 -0.14413036 2.204
-0.064116113 -0.14413036 2.204
-0.060277395 -0.14413036 2.204
-0.056438677 -0.14413036 2.204
-0.052599959 -0.14413036 2.204
-0.048916109 -0.14458813 2.211
-0.045065202 -0.14458813 2.211
-0.041214291 -0.14458813 2.211
-0.037363384 -0.14458813 2.211
-0.033618573 -0.14504589 2.2179999
-0.029755473 -0.14504589 2.2179999
-0.025892371 -0.14504589 2.2179999
-0.022029271 -0.14504589 2.2179999
-0.01816617 -0.14504589 2.2179999
-0.01430307 -0.14504589 2.2179999
-0.010439969 -0.14504589 2.2179999
-0.0065768673 -0.14504589 2.2179999
-0.002705202 -0.14458813 2.211
0.0011457071 -0.14458813 2.211
0.0049966159 -0.14458813 2.211
0.0088475253 -0.14458813 2.211
0.012698434 -0.14458813 2.211
0.016549343 -0.14458813 2.211
0.020400252 -0.14458813 2.211
0.024251161 -0.14458813 2.211
0.028191041 -0.14504589 2.2179999
0.031952981 -0.14458813 2.211
0.035803888 -0.14458813 2.211
0.039654799 -0.14458813 2.211
0.043505706 -0.14458813 2.211
0.047356617 -0.14458813 2.211
0.051207524 -0.14458813 2.211
0.055058435 -0.14458813 2.211
0.058909342 -0.14458813 2.211
0.062760249 -0.14458813 2.211
0.066611163 -0.14458813 2.211
0.07046207 -0.14458813 2.211
0.074312977 -0.14458813 2.211
0.078163885 -0.14458813 2.211
0.082014799 -0.14458813 2.211
0.085865706 -0.14458813 2.211
0.089716613 -0.14458813 2.211
0.09356752 -0.14458813 2.211
0.097418435 -0.14458813 2.211
0.10126934 -0.14458813 2.211
0.10512025 -0.14458813 2.211
0.10897116 -0.14458813 2.211
0.11282207 -0.14458813 2.211
0.11667298 -0.14458813 2.211
0.12052388 -0.14458813 2.211
0.12437479 -0.14458813 2.211
0.1282257 -0.14458813 2.211
0.13207661 -0.14458813 2.211
0.13592753 -0.14458813 2.211
0.13977844 -0.14458813 2.211
0.14362934 -0.14458813 2.211
0.14748025 -0.14458813 2.211
0.15133116 -0.14458813 2.211
0.15518206 -0.14458813 2.211
0.15903297 -0.14458813 2.211
0.16288388 -0.14458813 2.211
0.1667348 -0.14458813 2.211
0.17058571 -0.14458813 2.211
0.17443661 -0.14458813 2.211
0.17828752 -0.14458813 2.211
0.18213843 -0.14458813 2.211
0.18598934 -0.14458813 2.211
0.19044128 -0.14504589 2.2179999
0.19430438 -0.14504589 2.2179999
0.19816747 -0.14504589 2.2179999
0.20203058 -0.14504589 2.2179999
0.20589368 -0.14504589 2.2179999
0.20975678 -0.14504589 2.2179999
0.21361989 -0.14504589 2.2179999
0.21748298 -0.14504589 2.2179999
-0.21904741 -0.1411828 2.2179999
-0.21518432 -0.1411828 2.2179999
-0.21065429 -0.14073722 2.211
-0.20680338 -0.14073722 2.211
-0.20295247 -0.14073722 2.211
-0.19910157 -0.14073722 2.211
-0.19525065 -0.14073722 2.211
-0.19139974 -0.14073722 2.211
-0.18754883 -0.14073722 2.211
-0.18369792 -0.14073722 2.211
-0.17984702 -0.14073722 2.211
-0.17599611 -0.14073722 2.211
-0.1721452 -0.14073722 2.211
-0.1682943 -0.14073722 2.211
-0.16444337 -0.14073722 2.211
-0.16059247 -0.14073722 2.211
-0.15674156 -0.14073722 2.211
-0.15289065 -0.14073722 2.211
-0.14903975 -0.14073722 2.211
-0.14518884 -0.14073722 2.211
-0.14133793 -0.14073722 2.211
-0.13748702 -0.14073722 2.211
-0.1336361 -0.14073722 2.211
-0.12978519 -0.14073722 2.211
-0.12593429 -0.14073722 2.211
-0.12208338 -0.14073722 2.211
-0.11823247 -0.14073722 2.211
-0.11438157 -0.14073722 2.211
-0.11053065 -0.14073722 2.211
-0.10667975 -0.14073722 2.211
-0.10282884 -0.14073722 2.211
-0.098977923 -0.14073722 2.211
-0.095127016 -0.14073722 2.211
-0.091276109 -0.14073722 2.211
-0.087425202 -0.14073722 2.211
-0.083574288 -0.14073722 2.211
-0.079723381 -0.14073722 2.211
-0.075872473 -0.14073722 2.211
-0.071793549 -0.14029165 2.204
-0.067954831 -0.14029165 2.204
-0.064116113 -0.14029165 2.204
-0.060277395 -0.14029165 2.204
-0.056438677 -0.14029165 2.204
-0.052599959 -0.14029165 2.204
-0.048916109 -0.14073722 2.211
-0.045065202 -0.14073722 2.211
-0.041214291 -0.14073722 2.211
-0.037363384 -0.14073722 2.211
-0.033618573 -0.1411828 2.2179999
-0.029755473 -0.1411828 2.2179999
-0.025892371 -0.1411828 2.2179999
-0.022029271 -0.1411828 2.2179999
-0.01816617 -0.1411828 2.2179999
-0.01430307 -0.1411828 2.2179999
-0.010439969 -0.1411828 2.2179999
-0.0065561109 -0.14073722 2.211
-0.002705202 -0.14073722 2.211
0.0011457071 -0.14073722 2.211
0.0049966159 -0.14073722 2.211
0.0088475253 -0.14073722 2.211
0.012698434 -0.14073722 2.211
0.016549343 -0.14073722 2.211
0.020400252 -0.14073722 2.211
0.024251161 -0.14073722 2.211
0.02810207 -0.14073722 2.211
0.031952981 -0.14073722 2.211
0.035803888 -0.14073722 2.211
0.039654799 -0.14073722 2.211
0.043505706 -0.14073722 2.211
0.047356617 -0.14073722 2.211
0.051207524 -0.14073722 2.211
0.055058435 -0.14073722 2.211
0.058909342 -0.14073722 2.211
0.062760249 -0.14073722 2.211
0.066611163 -0.14073722 2.211
0.07046207 -0.14073722 2.211
0.074312977 -0.14073722 2.211
0.078163885 -0.14073722 2.211
0.082014799 -0.14073722 2.211
0.085865706 -0.14073722 2.211
0.089716613 -0.14073722 2.211
0.09356752 -0.14073722 2.211
0.097418435 -0.14073722 2.211
0.10126934 -0.14073722 2.211
0.10512025 -0.14073722 2.211
0.10897116 -0.14073722 2.211
0.11282207 -0.14073722 2.211
0.11667298 -0.14073722 2.211
0.12052388 -0.14073722 2.211
0.12437479 -0.14073722 2.211
0.1282257 -0.14073722 2.211
0.13207661 -0.14073722 2.211
0.13592753 -0.14073722 2.211
0.13977844 -0.14073722 2.211
0.14362934 -0.14073722 2.211
0.14748025 -0.14073722 2.211
0.15133116 -0.14073722 2.211
0.15518206 -0.14073722 2.211
0.15903297 -0.14073722 2.211
0.16288388 -0.14073722 2.211
0.1667348 -0.14073722 2.211
0.17058571 -0.14073722 2.211
0.17443661 -0.14073722 2.211
0.17828752 -0.14073722 2.211
0.18213843 -0.14073722 2.211
0.18657817 -0.1411828 2.2179999
0.19044128 -0.1411828 2.2179999
0.19430438 -0.1411828 2.2179999
0.19816747 -0.1411828 2.2179999
0.20203058 -0.1411828 2.2179999
0.20589368 -0.1411828 2.2179999
0.20975678 -0.1411828 2.2179999
0.21361989 -0.1411828 2.2179999
0.21748298 -0.1411828 2.2179999
-0.21904741 -0.1373197 2.2179999
-0.21518432 -0.1373197 2.2179999
-0.21065429 -0.13688631 2.211
-0.20680338 -0.13688631 2.211
-0.20295247 -0.13688631 2.211
-0.19910157 -0.13688631 2.211
-0.19525065 -0.13688631 2.211
-0.19139974 -0.13688631 2.211
-0.18754883 -0.13688631 2.211
-0.18369792 -0.13688631 2.211
-0.17984702 -0.13688631 2.211
-0.17599611 -0.13688631 2.211
-0.1721452 -0.13688631 2.211
-0.1682943 -0.13688631 2.211
-0.16444337 -0.13688631 2.211
-0.16059247 -0.13688631 2.211
-0.15674156 -0.13688631 2.211
-0.15289065 -0.13688631 2.211
-0.14903975 -0.13688631 2.211
-0.14518884 -0.13688631 2.211
-0.14133793 -0.13688631 2.211
-0.13748702 -0.13688631 2.211
-0.1336361 -0.13688631 2.211
-0.12978519 -0.13688631 2.211
-0.12593429 -0.13688631 2.211
-0.12208338 -0.13688631 2.211
-0.11823247 -0.13688631 2.211
-0.11438157 -0.13688631 2.211
-0.11053065 -0.13688631 2.211
-0.10667975 -0.13688631 2.211
-0.10282884 -0.13688631 2.211
-0.098977923 -0.13688631 2.211
-0.095127016 -0.13688631 2.211
-0.091276109 -0.13688631 2.211
-0.087425202 -0.13688631 2.211
-0.083574288 -0.13688631 2.211
-0.079470977 -0.13645293 2.204
-0.075632259 -0.13645293 2.204
-0.071793549 -0.13645293 2.204
-0.067954831 -0.13645293 2.204
-0.064116113 -0.13645293 2.204
-0.060277395 -0.13645293 2.204
-0.056438677 -0.13645293 2.204
-0.052599959 -0.13645293 2.204
-0.048761241 -0.13645293 2.204
-0.045065202 -0.13688631 2.211
-0.041214291 -0.13688631 2.211
-0.037363384 -0.13688631 2.211
-0.033512473 -0.13688631 2.211
-0.029755473 -0.1373197 2.2179999
-0.025892371 -0.1373197 2.2179999
-0.022029271 -0.1373197 2.2179999
-0.01816617 -0.1373197 2.2179999
-0.01430307 -0.1373197 2.2179999
-0.010439969 -0.1373197 2.2179999
-0.0065561109 -0.13688631 2.211
-0.002705202 -0.13688631 2.211
0.0011457071 -0.13688631 2.211
0.0049966159 -0.13688631 2.211
0.0088475253 -0.13688631 2.211
0.012698434 -0.13688631 2.211
0.016549343 -0.13688631 2.211
0.020400252 -0.13688631 2.211
0.024251161 -0.13688631 2.211
0.02810207 -0.13688631 2.211
0.031952981 -0.13688631 2.211
0.035803888 -0.13688631 2.211
0.039654799 -0.13688631 2.211
0.043505706 -0.13688631 2.211
0.047356617 -0.13688631 2.211
0.051207524 -0.13688631 2.211
0.055058435 -0.13688631 2.211
0.058909342 -0.13688631 2.211
0.062760249 -0.13688631 2.211
0.066611163 -0.13688631 2.211
0.07046207 -0.13688631 2.211
0.074312977 -0.13688631 2.211
0.078163885 -0.13688631 2.211
0.082014799 -0.13688631 2.211
0.085865706 -0.13688631 2.211
0.089716613 -0.13688631 2.211
0.09356752 -0.13688631 2.211
0.097110011 -0.13645293 2.204
0.10126934 -0.13688631 2.211
0.10512025 -0.13688631 2.211
0.10897116 -0.13688631 2.211
0.11282207 -0.13688631 2.211
0.11667298 -0.13688631 2.211
0.12052388 -0.13688631 2.211
0.12437479 -0.13688631 2.211
0.1282257 -0.13688631 2.211
0.13207661 -0.13688631 2.211
0.13592753 -0.13688631 2.211
0.13977844 -0.13688631 2.211
0.14362934 -0.13688631 2.211
0.14748025 -0.13688631 2.211
0.15133116 -0.13688631 2.211
0.15518206 -0.13688631 2.211
0.15903297 -0.13688631 2.211
0.16288388 -0.13688631 2.211
0.1667348 -0.13688631 2.211
0.17058571 -0.13688631 2.211
0.17443661 -0.13688631 2.211
0.17828752 -0.13688631 2.211
0.18213843 -0.13688631 2.211
0.18657817 -0.1373197 2.2179999
0.19044128 -0.1373197 2.2179999
0.19430438 -0.1373197 2.2179999
0.19816747 -0.1373197 2.2179999
0.20203058 -0.1373197 2.2179999
0.20589368 -0.1373197 2.2179999
0.20975678 -0.1373197 2.2179999
0.21361989 -0.1373197 2.2179999
0.21748298 -0.1373197 2.2179999
-0.21904741 -0.13345659 2.2179999
-0.2145052 -0.13303541 2.211
-0.21065429 -0.13303541 2.211
-0.20680338 -0.13303541 2.211
-0.20295247 -0.13303541 2.211
-0.19910157 -0.13303541 2.211
-0.19525065 -0.13303541 2.211
-0.19139974 -0.13303541 2.211
-0.18754883 -0.13303541 2.211
-0.18369792 -0.13303541 2.211
-0.17984702 -0.13303541 2.211
-0.17599611 -0.13303541 2.211
-0.17160019 -0.13261423 2.204
-0.16776147 -0.13261423 2.204
-0.16444337 -0.13303541 2.211
-0.16059247 -0.13303541 2.211
-0.15674156 -0.13303541 2.211
-0.15289065 -0.13303541 2.211
-0.14903975 -0.13303541 2.211
-0.14518884 -0.13303541 2.211
-0.14133793 -0.13303541 2.211
-0.13748702 -0.13303541 2.211
-0.1336361 -0.13303541 2.211
-0.12978519 -0.13303541 2.211
-0.12593429 -0.13303541 2.211
-0.12208338 -0.13303541 2.211
-0.11823247 -0.13303541 2.211
-0.11438157 -0.13303541 2.211
-0.11053065 -0.13303541 2.211
-0.10667975 -0.13303541 2.211
-0.10282884 -0.13303541 2.211
-0.098977923 -0.13303541 2.211
-0.095127016 -0.13303541 2.211
-0.091276109 -0.13303541 2.211
-0.087425202 -0.13303541 2.211
-0.083574288 -0.13303541 2.211
-0.079723381 -0.13303541 2.211
-0.075872473 -0.13303541 2.211
-0.071793549 -0.13261423 2.204
-0.067954831 -0.13261423 2.204
-0.064116113 -0.13261423 2.204
-0.060277395 -0.13261423 2.204
-0.056438677 -0.13261423 2.204
-0.052599959 -0.13261423 2.204
-0.048761241 -0.13261423 2.204
-0.045065202 -0.13303541 2.211
-0.041214291 -0.13303541 2.211
-0.037363384 -0.13303541 2.211
-0.033512473 -0.13303541 2.211
-0.029755473 -0.13345659 2.2179999
-0.025892371 -0.13345659 2.2179999
-0.022029271 -0.13345659 2.2179999
-0.01816617 -0.13345659 2.2179999
-0.01430307 -0.13345659 2.2179999
-0.010439969 -0.13345659 2.2179999
-0.0065561109 -0.13303541 2.211
-0.002705202 -0.13303541 2.211
0.0011457071 -0.13303541 2.211
0.0049966159 -0.13303541 2.211
0.0088475253 -0.13303541 2.211
0.012698434 -0.13303541 2.211
0.016549343 -0.13303541 2.211
0.020400252 -0.13303541 2.211
0.024251161 -0.13303541 2.211
0.02810207 -0.13303541 2.211
0.031952981 -0.13303541 2.211
0.035803888 -0.13303541 2.211
0.039654799 -0.13303541 2.211
0.043505706 -0.13303541 2.211
0.047356617 -0.13303541 2.211
0.051207524 -0.13303541 2.211
0.055058435 -0.13303541 2.211
0.058909342 -0.13303541 2.211
0.062760249 -0.13303541 2.211
0.066611163 -0.13303541 2.211
0.07046207 -0.13303541 2.211
0.074312977 -0.13303541 2.211
0.078163885 -0.13303541 2.211
0.082014799 -0.13303541 2.211
0.085593857 -0.13261423 2.204
0.089432575 -0.13261423 2.204
0.093271293 -0.13261423 2.204
0.097110011 -0.13261423 2.204
0.10094873 -0.13261423 2.204
0.10478744 -0.13261423 2.204
0.10862616 -0.13261423 2.204
0.11246487 -0.13261423 2.204
0.11667298 -0.13303541 2.211
0.12052388 -0.13303541 2.211
0.12437479 -0.13303541 2.211
0.1282257 -0.13303541 2.211
0.13207661 -0.13303541 2.211
0.13592753 -0.13303541 2.211
0.13977844 -0.13303541 2.211
0.14362934 -0.13303541 2.211
0.14748025 -0.13303541 2.211
0.15133116 -0.13303541 2.211
0.15518206 -0.13303541 2.211
0.15903297 -0.13303541 2.211
0.16288388 -0.13303541 2.211
0.1667348 -0.13303541 2.211
0.17058571 -0.13303541 2.211
0.17443661 -0.13303541 2.211
0.17828752 -0.13303541 2.211
0.18213843 -0.13303541 2.211
0.18657817 -0.13345659 2.2179999
0.19044128 -0.13345659 2.2179999
0.19430438 -0.13345659 2.2179999
0.19816747 -0.13345659 2.2179999
0.20203058 -0.13345659 2.2179999
0.20589368 -0.13345659 2.2179999
0.20975678 -0.13345659 2.2179999
0.21361989 -0.13345659 2.2179999
0.21748298 -0.13345659 2.2179999
-0.2183561 -0.1291845 2.211
-0.2145052 -0.1291845 2.211
-0.21065429 -0.1291845 2.211
-0.20680338 -0.1291845 2.211
-0.20295247 -0.1291845 2.211
-0.19910157 -0.1291845 2.211
-0.19525065 -0.1291845 2.211
-0.19139974 -0.1291845 2.211
-0.18754883 -0.1291845 2.211
-0.18369792 -0.1291845 2.211
-0.17927763 -0.12877551 2.204
-0.17543891 -0.12877551 2.204
-0.17160019 -0.12877551 2.204
-0.16776147 -0.12877551 2.204
-0.16392276 -0.12877551 2.204
-0.16059247 -0.1291845 2.211
-0.15674156 -0.1291845 2.211
-0.15289065 -0.1291845 2.211
-0.14903975 -0.1291845 2.211
-0.14518884 -0.1291845 2.211
-0.14133793 -0.1291845 2.211
-0.13748702 -0.1291845 2.211
-0.1336361 -0.1291845 2.211
-0.12978519 -0.1291845 2.211
-0.12593429 -0.1291845 2.211
-0.12208338 -0.1291845 2.211
-0.11823247 -0.1291845 2.211
-0.11438157 -0.1291845 2.211
-0.11053065 -0.1291845 2.211
-0.10667975 -0.1291845 2.211
-0.10282884 -0.1291845 2.211
-0.098977923 -0.1291845 2.211
-0.095127016 -0.1291845 2.211
-0.091276109 -0.1291845 2.211
-0.087425202 -0.1291845 2.211
-0.083574288 -0.1291845 2.211
-0.079723381 -0.1291845 2.211
-0.075872473 -0.1291845 2.211
-0.071793549 -0.12877551 2.204
-0.067954831 -0.12877551 2.204
-0.064116113 -0.12877551 2.204
-0.060277395 -0.12877551 2.204
-0.056438677 -0.12877551 2.204
-0.052599959 -0.12877551 2.204
-0.048761241 -0.12877551 2.204
-0.045065202 -0.1291845 2.211
-0.041214291 -0.1291845 2.211
-0.037363384 -0.1291845 2.211
-0.033512473 -0.1291845 2.211
-0.029755473 -0.12959349 2.2179999
-0.025892371 -0.12959349 2.2179999
-0.022029271 -0.12959349 2.2179999
-0.01816617 -0.12959349 2.2179999
-0.01430307 -0.12959349 2.2179999
-0.010439969 -0.12959349 2.2179999
-0.0065561109 -0.1291845 2.211
-0.002705202 -0.1291845 2.211
0.0011457071 -0.1291845 2.211
0.0049966159 -0.1291845 2.211
0.0088475253 -0.1291845 2.211
0.012698434 -0.1291845 2.211
0.016549343 -0.1291845 2.211
0.020400252 -0.1291845 2.211
0.024251161 -0.1291845 2.211
0.02810207 -0.1291845 2.211
0.031952981 -0.1291845 2.211
0.035803888 -0.1291845 2.211
0.039654799 -0.1291845 2.211
0.043505706 -0.1291845 2.211
0.047356617 -0.1291845 2.211
0.051207524 -0.1291845 2.211
0.055058435 -0.1291845 2.211
0.058909342 -0.1291845 2.211
0.062760249 -0.1291845 2.211
0.066611163 -0.1291845 2.211
0.07046207 -0.1291845 2.211
0.074312977 -0.1291845 2.211
0.078163885 -0.1291845 2.211
0.081755139 -0.12877551 2.204
0.085593857 -0.12877551 2.204
0.089432575 -0.12877551 2.204
0.093271293 -0.12877551 2.204
0.097110011 -0.12877551 2.204
0.10094873 -0.12877551 2.204
0.10478744 -0.12877551 2.204
0.10862616 -0.12877551 2.204
0.11246487 -0.12877551 2.204
0.11630359 -0.12877551 2.204
0.12014231 -0.12877551 2.204
0.12398103 -0.12877551 2.204
0.1282257 -0.1291845 2.211
0.13207661 -0.1291845 2.211
0.13592753 -0.1291845 2.211
0.13977844 -0.1291845 2.211
0.14362934 -0.1291845 2.211
0.14748025 -0.1291845 2.211
0.15133116 -0.1291845 2.211
0.15518206 -0.1291845 2.211
0.15903297 -0.1291845 2.211
0.16288388 -0.1291845 2.211
0.1667348 -0.1291845 2.211
0.17058571 -0.1291845 2.211
0.17443661 -0.1291845 2.211
0.17828752 -0.1291845 2.211
0.18213843 -0.1291845 2.211
0.18598934 -0.1291845 2.211
0.19044128 -0.12959349 2.2179999
0.19430438 -0.12959349 2.2179999
0.19816747 -0.12959349 2.2179999
0.20203058 -0.12959349 2.2179999
0.20589368 -0.12959349 2.2179999
0.20975678 -0.12959349 2.2179999
0.21361989 -0.12959349 2.2179999
0.21748298 -0.12959349 2.2179999
-0.2183561 -0.12533359 2.211
-0.2145052 -0.12533359 2.211
-0.21065429 -0.12533359 2.211
-0.20680338 -0.12533359 2.211
-0.20295247 -0.12533359 2.211
-0.19910157 -0.12533359 2.211
-0.19525065 -0.12533359 2.211
-0.19139974 -0.12533359 2.211
-0.18754883 -0.12533359 2.211
-0.18311635 -0.12493678 2.204
-0.17927763 -0.12493678 2.204
-0.17543891 -0.12493678 2.204
-0.17160019 -0.12493678 2.204
-0.16776147 -0.12493678 2.204
-0.16392276 -0.12493678 2.204
-0.16008404 -0.12493678 2.204
-0.15674156 -0.12533359 2.211
-0.15289065 -0.12533359 2.211
-0.14903975 -0.12533359 2.211
-0.14518884 -0.12533359 2.211
-0.14133793 -0.12533359 2.211
-0.13748702 -0.12533359 2.211
-0.1336361 -0.12533359 2.211
-0.12978519 -0.12533359 2.211
-0.12593429 -0.12533359 2.211
-0.12208338 -0.12533359 2.211
-0.11823247 -0.12533359 2.211
-0.11438157 -0.12533359 2.211
-0.11053065 -0.12533359 2.211
-0.10667975 -0.12533359 2.211
-0.10282884 -0.12533359 2.211
-0.098977923 -0.12533359 2.211
-0.095127016 -0.12533359 2.211
-0.091276109 -0.12533359 2.211
-0.087425202 -0.12533359 2.211
-0.083574288 -0.12533359 2.211
-0.079723381 -0.12533359 2.211
-0.075872473 -0.12533359 2.211
-0.072021566 -0.12533359 2.211
-0.067954831 -0.12493678 2.204
-0.064116113 -0.12493678 2.204
-0.060277395 -0.12493678 2.204
-0.056438677 -0.12493678 2.204
-0.052599959 -0.12493678 2.204
-0.048761241 -0.12493678 2.204
-0.045065202 -0.12533359 2.211
-0.041214291 -0.12533359 2.211
-0.037363384 -0.12533359 2.211
-0.033512473 -0.12533359 2.211
-0.029661564 -0.12533359 2.211
-0.025892371 -0.1257304 2.2179999
-0.022029271 -0.1257304 2.2179999
-0.01816617 -0.1257304 2.2179999
-0.01430307 -0.1257304 2.2179999
-0.010439969 -0.1257304 2.2179999
-0.0065561109 -0.12533359 2.211
-0.002705202 -0.12533359 2.211
0.0011457071 -0.12533359 2.211
0.0049966159 -0.12533359 2.211
0.0088475253 -0.12533359 2.211
0.012698434 -0.12533359 2.211
0.016549343 -0.12533359 2.211
0.020400252 -0.12533359 2.211
0.024251161 -0.12533359 2.211
0.02810207 -0.12533359 2.211
0.031952981 -0.12533359 2.211
0.035803888 -0.12533359 2.211
0.039654799 -0.12533359 2.211
0.043505706 -0.12533359 2.211
0.047356617 -0.12533359 2.211
0.051207524 -0.12533359 2.211
0.055058435 -0.12533359 2.211
0.058909342 -0.12533359 2.211
0.062760249 -0.12533359 2.211
0.066611163 -0.12533359 2.211
0.07046207 -0.12533359 2.211
0.074312977 -0.12533359 2.211
0.077916421 -0.12493678 2.204
0.081755139 -0.12493678 2.204
0.085593857 -0.12493678 2.204
0.089432575 -0.12493678 2.204
0.093271293 -0.12493678 2.204
0.097110011 -0.12493678 2.204
0.10094873 -0.12493678 2.204
0.10478744 -0.12493678 2.204
0.10862616 -0.12493678 2.204
0.11246487 -0.12493678 2.204
0.11630359 -0.12493678 2.204
0.12014231 -0.12493678 2.204
0.12398103 -0.12493678 2.204
0.12781975 -0.12493678 2.204
0.13165846 -0.12493678 2.204
0.13592753 -0.12533359 2.211
0.13977844 -0.12533359 2.211
0.14362934 -0.12533359 2.211
0.14748025 -0.12533359 2.211
0.15133116 -0.12533359 2.211
0.15518206 -0.12533359 2.211
0.15903297 -0.12533359 2.211
0.16288388 -0.12533359 2.211
0.1667348 -0.12533359 2.211
0.17058571 -0.12533359 2.211
0.17443661 -0.12533359 2.211
0.17828752 -0.12533359 2.211
0.18213843 -0.12533359 2.211
0.18598934 -0.12533359 2.211
0.19044128 -0.1257304 2.2179999
0.19430438 -0.1257304 2.2179999
0.19816747 -0.1257304 2.2179999
0.20203058 -0.1257304 2.2179999
0.20589368 -0.1257304 2.2179999
0.20975678 -0.1257304 2.2179999
0.21361989 -0.1257304 2.2179999
0.21679661 -0.12533359 2.211
-0.2183561 -0.12148268 2.211
-0.2145052 -0.12148268 2.211
-0.21065429 -0.12148268 2.211
-0.20680338 -0.12148268 2.211
-0.20295247 -0.12148268 2.211
-0.19910157 -0.12148268 2.211
-0.19525065 -0.12148268 2.211
-0.19139974 -0.12148268 2.211
-0.18695506 -0.12109806 2.204
-0.18311635 -0.12109806 2.204
-0.17927763 -0.12109806 2.204
-0.17543891 -0.12109806 2.204
-0.17160019 -0.12109806 2.204
-0.16776147 -0.12109806 2.204
-0.16392276 -0.12109806 2.204
-0.16008404 -0.12109806 2.204
-0.15674156 -0.12148268 2.211
-0.15289065 -0.12148268 2.211
-0.14903975 -0.12148268 2.211
-0.14518884 -0.12148268 2.211
-0.14133793 -0.12148268 2.211
-0.13748702 -0.12148268 2.211
-0.1336361 -0.12148268 2.211
-0.12978519 -0.12148268 2.211
-0.12593429 -0.12148268 2.211
-0.12208338 -0.12148268 2.211
-0.11823247 -0.12148268 2.211
-0.11438157 -0.12148268 2.211
-0.11053065 -0.12148268 2.211
-0.10667975 -0.12148268 2.211
-0.10282884 -0.12148268 2.211
-0.098977923 -0.12148268 2.211
-0.095127016 -0.12148268 2.211
-0.091276109 -0.12148268 2.211
-0.087425202 -0.12148268 2.211
-0.083574288 -0.12148268 2.211
-0.079723381 -0.12148268 2.211
-0.075872473 -0.12148268 2.211
-0.072021566 -0.12148268 2.211
-0.067954831 -0.12109806 2.204
-0.064116113 -0.12109806 2.204
-0.060277395 -0.12109806 2.204
-0.056438677 -0.12109806 2.204
-0.052599959 -0.12109806 2.204
-0.048761241 -0.12109806 2.204
-0.044922527 -0.12109806 2.204
-0.041214291 -0.12148268 2.211
-0.037363384 -0.12148268 2.211
-0.033512473 -0.12148268 2.211
-0.029661564 -0.12148268 2.211
-0.025892371 -0.12186729 2.2179999
-0.022029271 -0.12186729 2.2179999
-0.01816617 -0.12186729 2.2179999
-0.01430307 -0.12186729 2.2179999
-0.010439969 -0.12186729 2.2179999
-0.0065768673 -0.12186729 2.2179999
-0.002705202 -0.12148268 2.211
0.0011457071 -0.12148268 2.211
0.0049966159 -0.12148268 2.211
0.0088475253 -0.12148268 2.211
0.012698434 -0.12148268 2.211
0.016549343 -0.12148268 2.211
0.020400252 -0.12148268 2.211
0.024251161 -0.12148268 2.211
0.02810207 -0.12148268 2.211
0.031952981 -0.12148268 2.211
0.035803888 -0.12148268 2.211
0.039654799 -0.12148268 2.211
0.043505706 -0.12148268 2.211
0.047356617 -0.12148268 2.211
0.051207524 -0.12148268 2.211
0.055058435 -0.12148268 2.211
0.058909342 -0.12148268 2.211
0.062760249 -0.12148268 2.211
0.066611163 -0.12148268 2.211
0.07046207 -0.12148268 2.211
0.074077703 -0.12109806 2.204
0.077916421 -0.12109806 2.204
0.081755139 -0.12109806 2.204
0.085593857 -0.12109806 2.204
0.089432575 -0.12109806 2.204
0.093271293 -0.12109806 2.204
0.097110011 -0.12109806 2.204
0.10094873 -0.12109806 2.204
0.10478744 -0.12109806 2.204
0.10862616 -0.12109806 2.204
0.11246487 -0.12109806 2.204
0.11630359 -0.12109806 2.204
0.12014231 -0.12109806 2.204
0.12398103 -0.12109806 2.204
0.12781975 -0.12109806 2.204
0.13165846 -0.12109806 2.204
0.13549718 -0.12109806 2.204
0.13977844 -0.12148268 2.211
0.14362934 -0.12148268 2.211
0.14748025 -0.12148268 2.211
0.15133116 -0.12148268 2.211
0.15518206 -0.12148268 2.211
0.15903297 -0.12148268 2.211
0.16288388 -0.12148268 2.211
0.1667348 -0.12148268 2.211
0.17058571 -0.12148268 2.211
0.17443661 -0.12148268 2.211
0.17828752 -0.12148268 2.211
0.18213843 -0.12148268 2.211
0.18598934 -0.12148268 2.211
0.19044128 -0.12186729 2.2179999
0.19369116 -0.12148268 2.211
0.19816747 -0.12186729 2.2179999
0.20203058 -0.12186729 2.2179999
0.20589368 -0.12186729 2.2179999
0.20975678 -0.12186729 2.2179999
0.21361989 -0.12186729 2.2179999
0.21679661 -0.12148268 2.211
-0.2183561 -0.11763177 2.211
-0.2145052 -0.11763177 2.211
-0.21065429 -0.11763177 2.211
-0.20680338 -0.11763177 2.211
-0.20295247 -0.11763177 2.211
-0.19910157 -0.11763177 2.211
-0.19525065 -0.11763177 2.211
-0.19139974 -0.11763177 2.211
-0.18695506 -0.11725935 2.204
-0.18311635 -0.11725935 2.204
-0.17927763 -0.11725935 2.204
-0.17543891 -0.11725935 2.204
-0.17160019 -0.11725935 2.204
-0.16776147 -0.11725935 2.204
-0.16392276 -0.11725935 2.204
-0.16059247 -0.11763177 2.211
-0.15674156 -0.11763177 2.211
-0.15289065 -0.11763177 2.211
-0.14903975 -0.11763177 2.211
-0.14518884 -0.11763177 2.211
-0.14133793 -0.11763177 2.211
-0.13748702 -0.11763177 2.211
-0.1336361 -0.11763177 2.211
-0.12978519 -0.11763177 2.211
-0.12593429 -0.11763177 2.211
-0.12208338 -0.11763177 2.211
-0.11823247 -0.11763177 2.211
-0.11438157 -0.11763177 2.211
-0.11053065 -0.11763177 2.211
-0.10667975 -0.11763177 2.211
-0.10282884 -0.11763177 2.211
-0.098977923 -0.11763177 2.211
-0.095127016 -0.11763177 2.211
-0.091276109 -0.11763177 2.211
-0.087425202 -0.11763177 2.211
-0.083574288 -0.11763177 2.211
-0.079723381 -0.11763177 2.211
-0.075872473 -0.11763177 2.211
-0.072021566 -0.11763177 2.211
-0.068170652 -0.11763177 2.211
-0.064116113 -0.11725935 2.204
-0.060277395 -0.11725935 2.204
-0.056438677 -0.11725935 2.204
-0.052599959 -0.11725935 2.204
-0.048761241 -0.11725935 2.204
-0.044922527 -0.11725935 2.204
-0.041083809 -0.11725935 2.204
-0.037363384 -0.11763177 2.211
-0.033512473 -0.11763177 2.211
-0.029661564 -0.11763177 2.211
-0.025810655 -0.11763177 2.211
-0.022029271 -0.11800419 2.2179999
-0.01816617 -0.11800419 2.2179999
-0.01430307 -0.11800419 2.2179999
-0.010439969 -0.11800419 2.2179999
-0.0065768673 -0.11800419 2.2179999
-0.002705202 -0.11763177 2.211
0.0011457071 -0.11763177 2.211
0.0049966159 -0.11763177 2.211
0.0088475253 -0.11763177 2.211
0.012698434 -0.11763177 2.211
0.016549343 -0.11763177 2.211
0.020400252 -0.11763177 2.211
0.024251161 -0.11763177 2.211
0.02810207 -0.11763177 2.211
0.031952981 -0.11763177 2.211
0.035803888 -0.11763177 2.211
0.039654799 -0.11763177 2.211
0.043505706 -0.11763177 2.211
0.047356617 -0.11763177 2.211
0.051207524 -0.11763177 2.211
0.055058435 -0.11763177 2.211
0.058909342 -0.11763177 2.211
0.062760249 -0.11763177 2.211
0.066611163 -0.11763177 2.211
0.070238985 -0.11725935 2.204
0.074077703 -0.11725935 2.204
0.077916421 -0.11725935 2.204
0.081755139 -0.11725935 2.204
0.085593857 -0.11725935 2.204
0.089432575 -0.11725935 2.204
0.093271293 -0.11725935 2.204
0.097110011 -0.11725935 2.204
0.10094873 -0.11725935 2.204
0.10478744 -0.11725935 2.204
0.10862616 -0.11725935 2.204
0.11246487 -0.11725935 2.204
0.11630359 -0.11725935 2.204
0.12014231 -0.11725935 2.204
0.12398103 -0.11725935 2.204
0.12781975 -0.11725935 2.204
0.13165846 -0.11725935 2.204
0.13549718 -0.11725935 2.204
0.1393359 -0.11725935 2.204
0.14362934 -0.11763177 2.211
0.14748025 -0.11763177 2.211
0.15133116 -0.11763177 2.211
0.15518206 -0.11763177 2.211
0.15903297 -0.11763177 2.211
0.16288388 -0.11763177 2.211
0.1667348 -0.11763177 2.211
0.17058571 -0.11763177 2.211
0.17443661 -0.11763177 2.211
0.17828752 -0.11763177 2.211
0.18213843 -0.11763177 2.211
0.18598934 -0.11763177 2.211
0.18984024 -0.11763177 2.211
0.19369116 -0.11763177 2.211
0.19816747 -0.11800419 2.2179999
0.20203058 -0.11800419 2.2179999
0.20589368 -0.11800419 2.2179999
0.20975678 -0.11800419 2.2179999
0.21361989 -0.11800419 2.2179999
0.21679661 -0.11763177 2.211
-0.2183561 -0.11378086 2.211
-0.2145052 -0.11378086 2.211
-0.21065429 -0.11378086 2.211
-0.20680338 -0.11378086 2.211
-0.20295247 -0.11378086 2.211
-0.19910157 -0.11378086 2.211
-0.19525065 -0.11378086 2.211
-0.19139974 -0.11378086 2.211
-0.18695506 -0.11342064 2.204
-0.18311635 -0.11342064 2.204
-0.17927763 -0.11342064 2.204
-0.17543891 -0.11342064 2.204
-0.17160019 -0.11342064 2.204
-0.16776147 -0.11342064 2.204
-0.16392276 -0.11342064 2.204
-0.16059247 -0.11378086 2.211
-0.15674156 -0.11378086 2.211
-0.15289065 -0.11378086 2.211
-0.14903975 -0.11378086 2.211
-0.14518884 -0.11378086 2.211
-0.14133793 -0.11378086 2.211
-0.13748702 -0.11378086 2.211
-0.1336361 -0.11378086 2.211
-0.12978519 -0.11378086 2.211
-0.12593429 -0.11378086 2.211
-0.12208338 -0.11378086 2.211
-0.11823247 -0.11378086 2.211
-0.11438157 -0.11378086 2.211
-0.11053065 -0.11378086 2.211
-0.10667975 -0.11378086 2.211
-0.10282884 -0.11378086 2.211
-0.098977923 -0.11378086 2.211
-0.095127016 -0.11378086 2.211
-0.091276109 -0.11378086 2.211
-0.087425202 -0.11378086 2.211
-0.083574288 -0.11378086 2.211
-0.079723381 -0.11378086 2.211
-0.075872473 -0.11378086 2.211
-0.072021566 -0.11378086 2.211
-0.068170652 -0.11378086 2.211
-0.064116113 -0.11342064 2.204
-0.060277395 -0.11342064 2.204
-0.056438677 -0.11342064 2.204
-0.052599959 -0.11342064 2.204
-0.048761241 -0.11342064 2.204
-0.044922527 -0.11342064 2.204
-0.041083809 -0.11342064 2.204
-0.037363384 -0.11378086 2.211
-0.033512473 -0.11378086 2.211
-0.029661564 -0.11378086 2.211
-0.025810655 -0.11378086 2.211
-0.022029271 -0.11414108 2.2179999
-0.01816617 -0.11414108 2.2179999
-0.01430307 -0.11414108 2.2179999
-0.010439969 -0.11414108 2.2179999
-0.0065768673 -0.11414108 2.2179999
-0.002705202 -0.11378086 2.211
0.0011457071 -0.11378086 2.211
0.0049966159 -0.11378086 2.211
0.0088475253 -0.11378086 2.211
0.012698434 -0.11378086 2.211
0.016549343 -0.11378086 2.211
0.020400252 -0.11378086 2.211
0.024251161 -0.11378086 2.211
0.02810207 -0.11378086 2.211
0.031952981 -0.11378086 2.211
0.035803888 -0.11378086 2.211
0.039654799 -0.11378086 2.211
0.043505706 -0.11378086 2.211
0.047356617 -0.11378086 2.211
0.051207524 -0.11378086 2.211
0.055058435 -0.11378086 2.211
0.058909342 -0.11378086 2.211
0.062760249 -0.11378086 2.211
0.066611163 -0.11378086 2.211
0.070238985 -0.11342064 2.204
0.074077703 -0.11342064 2.204
0.077916421 -0.11342064 2.204
0.081755139 -0.11342064 2.204
0.085593857 -0.11342064 2.204
0.089432575 -0.11342064 2.204
0.093271293 -0.11342064 2.204
0.097110011 -0.11342064 2.204
0.10094873 -0.11342064 2.204
0.10478744 -0.11342064 2.204
0.10862616 -0.11342064 2.204
0.11246487 -0.11342064 2.204
0.11630359 -0.11342064 2.204
0.12014231 -0.11342064 2.204
0.12398103 -0.11342064 2.204
0.12781975 -0.11342064 2.204
0.13165846 -0.11342064 2.204
0.13549718 -0.11342064 2.204
0.1393359 -0.11342064 2.204
0.14362934 -0.11378086 2.211
0.14748025 -0.11378086 2.211
0.15133116 -0.11378086 2.211
0.15518206 -0.11378086 2.211
0.15903297 -0.11378086 2.211
0.16288388 -0.11378086 2.211
0.1667348 -0.11378086 2.211
0.17058571 -0.11378086 2.211
0.17443661 -0.11378086 2.211
0.17828752 -0.11378086 2.211
0.18213843 -0.11378086 2.211
0.18598934 -0.11378086 2.211
0.18984024 -0.11378086 2.211
0.19369116 -0.11378086 2.211
0.19816747 -0.11414108 2.2179999
0.20203058 -0.11414108 2.2179999
0.20589368 -0.11414108 2.2179999
0.20975678 -0.11414108 2.2179999
0.21361989 -0.11414108 2.2179999
0.21748298 -0.11414108 2.2179999
-0.2183561 -0.10992995 2.211
-0.2145052 -0.10992995 2.211
-0.21065429 -0.10992995 2.211
-0.20680338 -0.10992995 2.211
-0.20295247 -0.10992995 2.211
-0.19910157 -0.10992995 2.211
-0.19525065 -0.10992995 2.211
-0.19139974 -0.10992995 2.211
-0.18695506 -0.10958192 2.204
-0.18311635 -0.10958192 2.204
-0.17927763 -0.10958192 2.204
-0.17543891 -0.10958192 2.204
-0.17160019 -0.10958192 2.204
-0.16776147 -0.10958192 2.204
-0.16444337 -0.10992995 2.211
-0.16059247 -0.10992995 2.211
-0.15674156 -0.10992995 2.211
-0.15289065 -0.10992995 2.211
-0.14903975 -0.10992995 2.211
-0.14518884 -0.10992995 2.211
-0.14133793 -0.10992995 2.211
-0.13748702 -0.10992995 2.211
-0.1336361 -0.10992995 2.211
-0.12978519 -0.10992995 2.211
-0.12593429 -0.10992995 2.211
-0.12208338 -0.10992995 2.211
-0.11823247 -0.10992995 2.211
-0.11438157 -0.10992995 2.211
-0.11053065 -0.10992995 2.211
-0.10667975 -0.10992995 2.211
-0.10282884 -0.10992995 2.211
-0.098977923 -0.10992995 2.211
-0.095127016 -0.10992995 2.211
-0.091276109 -0.10992995 2.211
-0.087425202 -0.10992995 2.211
-0.083574288 -0.10992995 2.211
-0.079723381 -0.10992995 2.211
-0.075872473 -0.10992995 2.211
-0.072021566 -0.10992995 2.211
-0.068170652 -0.10992995 2.211
-0.064319745 -0.10992995 2.211
-0.060277395 -0.10958192 2.204
-0.056438677 -0.10958192 2.204
-0.052599959 -0.10958192 2.204
-0.048761241 -0.10958192 2.204
-0.044922527 -0.10958192 2.204
-0.041083809 -0.10958192 2.204
-0.037245091 -0.10958192 2.204
-0.033512473 -0.10992995 2.211
-0.029661564 -0.10992995 2.211
-0.025810655 -0.10992995 2.211
-0.022029271 -0.11027799 2.2179999
-0.01816617 -0.11027799 2.2179999
-0.01430307 -0.11027799 2.2179999
-0.010439969 -0.11027799 2.2179999
-0.0065768673 -0.11027799 2.2179999
-0.0027137666 -0.11027799 2.2179999
0.0011457071 -0.10992995 2.211
0.0049966159 -0.10992995 2.211
0.0088475253 -0.10992995 2.211
0.012698434 -0.10992995 2.211
0.016549343 -0.10992995 2.211
0.020400252 -0.10992995 2.211
0.024251161 -0.10992995 2.211
0.02810207 -0.10992995 2.211
0.031952981 -0.10992995 2.211
0.035803888 -0.10992995 2.211
0.039654799 -0.10992995 2.211
0.043505706 -0.10992995 2.211
0.047356617 -0.10992995 2.211
0.051207524 -0.10992995 2.211
0.055058435 -0.10992995 2.211
0.058909342 -0.10992995 2.211
0.062760249 -0.10992995 2.211
0.066400267 -0.10958192 2.204
0.070238985 -0.10958192 2.204
0.074077703 -0.10958192 2.204
0.077916421 -0.10958192 2.204
0.081755139 -0.10958192 2.204
0.085593857 -0.10958192 2.204
0.089432575 -0.10958192 2.204
0.093271293 -0.10958192 2.204
0.097110011 -0.10958192 2.204
0.10094873 -0.10958192 2.204
0.10478744 -0.10958192 2.204
0.10862616 -0.10958192 2.204
0.11246487 -0.10958192 2.204
0.11630359 -0.10958192 2.204
0.12014231 -0.10958192 2.204
0.12398103 -0.10958192 2.204
0.12781975 -0.10958192 2.204
0.13165846 -0.10958192 2.204
0.13549718 -0.10958192 2.204
0.1393359 -0.10958192 2.204
0.14362934 -0.10992995 2.211
0.14701334 -0.10958192 2.204
0.15133116 -0.10992995 2.211
0.15518206 -0.10992995 2.211
0.15903297 -0.10992995 2.211
0.16288388 -0.10992995 2.211
0.1667348 -0.10992995 2.211
0.17058571 -0.10992995 2.211
0.17443661 -0.10992995 2.211
0.17828752 -0.10992995 2.211
0.18213843 -0.10992995 2.211
0.18598934 -0.10992995 2.211
0.18984024 -0.10992995 2.211
0.19369116 -0.10992995 2.211
0.19816747 -0.11027799 2.2179999
0.20203058 -0.11027799 2.2179999
0.20589368 -0.11027799 2.2179999
0.20975678 -0.11027799 2.2179999
0.21361989 -0.11027799 2.2179999
0.21679661 -0.10992995 2.211
-0.21904741 -0.10641488 2.2179999
-0.21518432 -0.10641488 2.2179999
-0.21065429 -0.10607904 2.211
-0.20680338 -0.10607904 2.211
-0.20295247 -0.10607904 2.211
-0.19910157 -0.10607904 2.211
-0.19525065 -0.10607904 2.211
-0.19139974 -0.10607904 2.211
-0.18754883 -0.10607904 2.211
-0.18311635 -0.1057432 2.204
-0.17927763 -0.1057432 2.204
-0.17543891 -0.1057432 2.204
-0.17160019 -0.1057432 2.204
-0.16776147 -0.1057432 2.204
-0.16444337 -0.10607904 2.211
-0.16059247 -0.10607904 2.211
-0.15674156 -0.10607904 2.211
-0.15289065 -0.10607904 2.211
-0.14903975 -0.10607904 2.211
-0.14518884 -0.10607904 2.211
-0.14133793 -0.10607904 2.211
-0.13748702 -0.10607904 2.211
-0.1336361 -0.10607904 2.211
-0.12978519 -0.10607904 2.211
-0.12593429 -0.10607904 2.211
-0.12208338 -0.10607904 2.211
-0.11823247 -0.10607904 2.211
-0.11438157 -0.10607904 2.211
-0.11053065 -0.10607904 2.211
-0.10667975 -0.10607904 2.211
-0.10282884 -0.10607904 2.211
-0.098977923 -0.10607904 2.211
-0.095127016 -0.10607904 2.211
-0.091276109 -0.10607904 2.211
-0.087425202 -0.10607904 2.211
-0.083574288 -0.10607904 2.211
-0.079723381 -0.10607904 2.211
-0.075872473 -0.10607904 2.211
-0.072021566 -0.10607904 2.211
-0.068170652 -0.10607904 2.211
-0.064319745 -0.10607904 2.211
-0.060468838 -0.10607904 2.211
-0.056438677 -0.1057432 2.204
-0.052599959 -0.1057432 2.204
-0.048761241 -0.1057432 2.204
-0.044922527 -0.1057432 2.204
-0.041083809 -0.1057432 2.204
-0.037245091 -0.1057432 2.204
-0.033512473 -0.10607904 2.211
-0.029661564 -0.10607904 2.211
-0.025810655 -0.10607904 2.211
-0.021959746 -0.10607904 2.211
-0.01816617 -0.10641488 2.2179999
-0.01430307 -0.10641488 2.2179999
-0.010439969 -0.10641488 2.2179999
-0.0065768673 -0.10641488 2.2179999
-0.0027137666 -0.10641488 2.2179999
0.0011457071 -0.10607904 2.211
0.0049966159 -0.10607904 2.211
0.0088475253 -0.10607904 2.211
0.012698434 -0.10607904 2.211
0.016549343 -0.10607904 2.211
0.020400252 -0.10607904 2.211
0.024251161 -0.10607904 2.211
0.02810207 -0.10607904 2.211
0.031952981 -0.10607904 2.211
0.035803888 -0.10607904 2.211
0.039654799 -0.10607904 2.211
0.043505706 -0.10607904 2.211
0.047356617 -0.10607904 2.211
0.051207524 -0.10607904 2.211
0.055058435 -0.10607904 2.211
0.058909342 -0.10607904 2.211
0.062760249 -0.10607904 2.211
0.066400267 -0.1057432 2.204
0.070238985 -0.1057432 2.204
0.074077703 -0.1057432 2.204
0.077916421 -0.1057432 2.204
0.081755139 -0.1057432 2.204
0.085593857 -0.1057432 2.204
0.089432575 -0.1057432 2.204
0.093271293 -0.1057432 2.204
0.097110011 -0.1057432 2.204
0.10094873 -0.1057432 2.204
0.10478744 -0.1057432 2.204
0.10862616 -0.1057432 2.204
0.11246487 -0.1057432 2.204
0.11630359 -0.1057432 2.204
0.12014231 -0.1057432 2.204
0.12398103 -0.1057432 2.204
0.12781975 -0.1057432 2.204
0.13165846 -0.1057432 2.204
0.13549718 -0.1057432 2.204
0.1393359 -0.1057432 2.204
0.14317462 -0.1057432 2.204
0.14701334 -0.1057432 2.204
0.15133116 -0.10607904 2.211
0.15518206 -0.10607904 2.211
0.15903297 -0.10607904 2.211
0.16288388 -0.10607904 2.211
0.1667348 -0.10607904 2.211
0.17058571 -0.10607904 2.211
0.17443661 -0.10607904 2.211
0.17828752 -0.10607904 2.211
0.18213843 -0.10607904 2.211
0.18598934 -0.10607904 2.211
0.18984024 -0.10607904 2.211
0.19369116 -0.10607904 2.211
0.19816747 -0.10641488 2.2179999
0.20203058 -0.10641488 2.2179999
0.20589368 -0.10641488 2.2179999
0.20975678 -0.10641488 2.2179999
0.21361989 -0.10641488 2.2179999
0.21679661 -0.10607904 2.211
-0.21904741 -0.10255179 2.2179999
-0.21518432 -0.10255179 2.2179999
-0.21132122 -0.10255179 2.2179999
-0.20680338 -0.10222813 2.211
-0.20295247 -0.10222813 2.211
-0.19910157 -0.10222813 2.211
-0.19525065 -0.10222813 2.211
-0.19139974 -0.10222813 2.211
-0.18754883 -0.10222813 2.211
-0.18369792 -0.10222813 2.211
-0.17927763 -0.10190448 2.204
-0.17543891 -0.10190448 2.204
-0.17160019 -0.10190448 2.204
-0.16776147 -0.10190448 2.204
-0.16444337 -0.10222813 2.211
-0.16059247 -0.10222813 2.211
-0.15674156 -0.10222813 2.211
-0.15289065 -0.10222813 2.211
-0.14903975 -0.10222813 2.211
-0.14518884 -0.10222813 2.211
-0.14133793 -0.10222813 2.211
-0.13748702 -0.10222813 2.211
-0.1336361 -0.10222813 2.211
-0.12978519 -0.10222813 2.211
-0.12593429 -0.10222813 2.211
-0.12246989 -0.10255179 2.2179999
-0.11823247 -0.10222813 2.211
-0.11438157 -0.10222813 2.211
-0.11053065 -0.10222813 2.211
-0.10667975 -0.10222813 2.211
-0.10282884 -0.10222813 2.211
-0.098977923 -0.10222813 2.211
-0.095127016 -0.10222813 2.211
-0.091276109 -0.10222813 2.211
-0.087425202 -0.10222813 2.211
-0.083574288 -0.10222813 2.211
-0.079723381 -0.10222813 2.211
-0.075872473 -0.10222813 2.211
-0.072021566 -0.10222813 2.211
-0.068170652 -0.10222813 2.211
-0.064319745 -0.10222813 2.211
-0.060468838 -0.10222813 2.211
-0.056617927 -0.10222813 2.211
-0.052599959 -0.10190448 2.204
-0.048761241 -0.10190448 2.204
-0.044922527 -0.10190448 2.204
-0.041083809 -0.10190448 2.204
-0.037363384 -0.10222813 2.211
-0.033512473 -0.10222813 2.211
-0.029661564 -0.10222813 2.211
-0.025810655 -0.10222813 2.211
-0.022029271 -0.10255179 2.2179999
-0.01816617 -0.10255179 2.2179999
-0.01430307 -0.10255179 2.2179999
-0.010439969 -0.10255179 2.2179999
-0.0065768673 -0.10255179 2.2179999
-0.0027137666 -0.10255179 2.2179999
0.0011493344 -0.10255179 2.2179999
0.0049966159 -0.10222813 2.211
0.0088475253 -0.10222813 2.211
0.012698434 -0.10222813 2.211
0.016549343 -0.10222813 2.211
0.020400252 -0.10222813 2.211
0.024251161 -0.10222813 2.211
0.02810207 -0.10222813 2.211
0.031952981 -0.10222813 2.211
0.035803888 -0.10222813 2.211
0.039654799 -0.10222813 2.211
0.043505706 -0.10222813 2.211
0.047356617 -0.10222813 2.211
0.051207524 -0.10222813 2.211
0.055058435 -0.10222813 2.211
0.058909342 -0.10222813 2.211
0.062760249 -0.10222813 2.211
0.066611163 -0.10222813 2.211
0.07046207 -0.10222813 2.211
0.074077703 -0.10190448 2.204
0.077916421 -0.10190448 2.204
0.081755139 -0.10190448 2.204
0.085593857 -0.10190448 2.204
0.089432575 -0.10190448 2.204
0.093271293 -0.10190448 2.204
0.097110011 -0.10190448 2.204
0.10094873 -0.10190448 2.204
0.10478744 -0.10190448 2.204
0.10862616 -0.10190448 2.204
0.11246487 -0.10190448 2.204
0.11630359 -0.10190448 2.204
0.12014231 -0.10190448 2.204
0.12398103 -0.10190448 2.204
0.12781975 -0.10190448 2.204
0.13165846 -0.10190448 2.204
0.13549718 -0.10190448 2.204
0.1393359 -0.10190448 2.204
0.14317462 -0.10190448 2.204
0.14701334 -0.10190448 2.204
0.15133116 -0.10222813 2.211
0.15518206 -0.10222813 2.211
0.15852948 -0.10190448 2.204
0.16236819 -0.10190448 2.204
0.1667348 -0.10222813 2.211
0.17058571 -0.10222813 2.211
0.17443661 -0.10222813 2.211
0.17828752 -0.10222813 2.211
0.18213843 -0.10222813 2.211
0.18598934 -0.10222813 2.211
0.18984024 -0.10222813 2.211
0.19369116 -0.10222813 2.211
0.19816747 -0.10255179 2.2179999
0.20203058 -0.10255179 2.2179999
0.20589368 -0.10255179 2.2179999
0.20975678 -0.10255179 2.2179999
0.21361989 -0.10255179 2.2179999
0.21679661 -0.10222813 2.211
-0.21904741 -0.098688684 2.2179999
-0.21518432 -0.098688684 2.2179999
-0.21132122 -0.098688684 2.2179999
-0.20680338 -0.09837722 2.211
-0.20295247 -0.09837722 2.211
-0.19910157 -0.09837722 2.211
-0.19525065 -0.09837722 2.211
-0.19139974 -0.09837722 2.211
-0.18754883 -0.09837722 2.211
-0.18369792 -0.09837722 2.211
-0.17984702 -0.09837722 2.211
-0.17543891 -0.098065764 2.204
-0.17160019 -0.098065764 2.204
-0.1682943 -0.09837722 2.211
-0.16444337 -0.09837722 2.211
-0.16059247 -0.09837722 2.211
-0.15674156 -0.09837722 2.211
-0.15289065 -0.09837722 2.211
-0.14903975 -0.09837722 2.211
-0.14518884 -0.09837722 2.211
-0.14133793 -0.09837722 2.211
-0.13748702 -0.09837722 2.211
-0.13405919 -0.098688684 2.2179999
-0.13019609 -0.098688684 2.2179999
-0.126333 -0.098688684 2.2179999
-0.12246989 -0.098688684 2.2179999
-0.11860679 -0.098688684 2.2179999
-0.11438157 -0.09837722 2.211
-0.11053065 -0.09837722 2.211
-0.10667975 -0.09837722 2.211
-0.10282884 -0.09837722 2.211
-0.098977923 -0.09837722 2.211
-0.095127016 -0.09837722 2.211
-0.091276109 -0.09837722 2.211
-0.087425202 -0.09837722 2.211
-0.083574288 -0.09837722 2.211
-0.079723381 -0.09837722 2.211
-0.075872473 -0.09837722 2.211
-0.072021566 -0.09837722 2.211
-0.068170652 -0.09837722 2.211
-0.064319745 -0.09837722 2.211
-0.060468838 -0.09837722 2.211
-0.056617927 -0.09837722 2.211
-0.05276702 -0.09837722 2.211
-0.048916109 -0.09837722 2.211
-0.045065202 -0.09837722 2.211
-0.041214291 -0.09837722 2.211
-0.037363384 -0.09837722 2.211
-0.033512473 -0.09837722 2.211
-0.029661564 -0.09837722 2.211
-0.025810655 -0.09837722 2.211
-0.022029271 -0.098688684 2.2179999
-0.01816617 -0.098688684 2.2179999
-0.01430307 -0.098688684 2.2179999
-0.010439969 -0.098688684 2.2179999
-0.0065768673 -0.098688684 2.2179999
-0.0027137666 -0.098688684 2.2179999
0.0011493344 -0.098688684 2.2179999
0.0049966159 -0.09837722 2.211
0.0088475253 -0.09837722 2.211
0.012698434 -0.09837722 2.211
0.016549343 -0.09837722 2.211
0.020400252 -0.09837722 2.211
0.024251161 -0.09837722 2.211
0.02810207 -0.09837722 2.211
0.031952981 -0.09837722 2.211
0.035803888 -0.09837722 2.211
0.039654799 -0.09837722 2.211
0.043505706 -0.09837722 2.211
0.047356617 -0.09837722 2.211
0.051207524 -0.09837722 2.211
0.055058435 -0.09837722 2.211
0.058909342 -0.09837722 2.211
0.062760249 -0.09837722 2.211
0.066611163 -0.09837722 2.211
0.07046207 -0.09837722 2.211
0.074312977 -0.09837722 2.211
0.078163885 -0.09837722 2.211
0.082014799 -0.09837722 2.211
0.085593857 -0.098065764 2.204
0.089432575 -0.098065764 2.204
0.093271293 -0.098065764 2.204
0.097110011 -0.098065764 2.204
0.10094873 -0.098065764 2.204
0.10478744 -0.098065764 2.204
0.10862616 -0.098065764 2.204
0.11282207 -0.09837722 2.211
0.11667298 -0.09837722 2.211
0.12052388 -0.09837722 2.211
0.12437479 -0.09837722 2.211
0.1282257 -0.09837722 2.211
0.13165846 -0.098065764 2.204
0.13549718 -0.098065764 2.204
0.1393359 -0.098065764 2.204
0.14317462 -0.098065764 2.204
0.14701334 -0.098065764 2.204
0.15133116 -0.09837722 2.211
0.15518206 -0.09837722 2.211
0.15852948 -0.098065764 2.204
0.16236819 -0.098065764 2.204
0.1667348 -0.09837722 2.211
0.17058571 -0.09837722 2.211
0.17443661 -0.09837722 2.211
0.17828752 -0.09837722 2.211
0.18213843 -0.09837722 2.211
0.18598934 -0.09837722 2.211
0.18984024 -0.09837722 2.211
0.19430438 -0.098688684 2.2179999
0.19816747 -0.098688684 2.2179999
0.20203058 -0.098688684 2.2179999
0.20589368 -0.098688684 2.2179999
0.20975678 -0.098688684 2.2179999
0.21361989 -0.098688684 2.2179999
0.21748298 -0.098688684 2.2179999
-0.21904741 -0.094825581 2.2179999
-0.21518432 -0.094825581 2.2179999
-0.21132122 -0.094825581 2.2179999
-0.20745811 -0.094825581 2.2179999
-0.20295247 -0.094526313 2.211
-0.19910157 -0.094526313 2.211
-0.19525065 -0.094526313 2.211
-0.19139974 -0.094526313 2.211
-0.18754883 -0.094526313 2.211
-0.18369792 -0.094526313 2.211
-0.17984702 -0.094526313 2.211
-0.17599611 -0.094526313 2.211
-0.1721452 -0.094526313 2.211
-0.1682943 -0.094526313 2.211
-0.16444337 -0.094526313 2.211
-0.16059247 -0.094526313 2.211
-0.15674156 -0.094526313 2.211
-0.15289065 -0.094526313 2.211
-0.14903975 -0.094526313 2.211
-0.14564849 -0.094825581 2.2179999
-0.1417854 -0.094825581 2.2179999
-0.1379223 -0.094825581 2.2179999
-0.13405919 -0.094825581 2.2179999
-0.13019609 -0.094825581 2.2179999
-0.126333 -0.094825581 2.2179999
-0.12246989 -0.094825581 2.2179999
-0.11860679 -0.094825581 2.2179999
-0.11474369 -0.094825581 2.2179999
-0.11053065 -0.094526313 2.211
-0.10667975 -0.094526313 2.211
-0.10282884 -0.094526313 2.211
-0.098977923 -0.094526313 2.211
-0.095127016 -0.094526313 2.211
-0.091276109 -0.094526313 2.211
-0.087425202 -0.094526313 2.211
-0.083574288 -0.094526313 2.211
-0.079723381 -0.094526313 2.211
-0.075872473 -0.094526313 2.211
-0.072021566 -0.094526313 2.211
-0.068170652 -0.094526313 2.211
-0.064319745 -0.094526313 2.211
-0.060468838 -0.094526313 2.211
-0.056617927 -0.094526313 2.211
-0.05276702 -0.094526313 2.211
-0.048916109 -0.094526313 2.211
-0.045065202 -0.094526313 2.211
-0.041214291 -0.094526313 2.211
-0.037363384 -0.094526313 2.211
-0.033512473 -0.094526313 2.211
-0.029661564 -0.094526313 2.211
-0.025810655 -0.094526313 2.211
-0.022029271 -0.094825581 2.2179999
-0.01816617 -0.094825581 2.2179999
-0.01430307 -0.094825581 2.2179999
-0.010439969 -0.094825581 2.2179999
-0.0065768673 -0.094825581 2.2179999
-0.0027137666 -0.094825581 2.2179999
0.0011493344 -0.094825581 2.2179999
0.0049966159 -0.094526313 2.211
0.0088475253 -0.094526313 2.211
0.012698434 -0.094526313 2.211
0.016549343 -0.094526313 2.211
0.020400252 -0.094526313 2.211
0.024251161 -0.094526313 2.211
0.02810207 -0.094526313 2.211
0.031952981 -0.094526313 2.211
0.035803888 -0.094526313 2.211
0.039654799 -0.094526313 2.211
0.043505706 -0.094526313 2.211
0.047356617 -0.094526313 2.211
0.051207524 -0.094526313 2.211
0.055058435 -0.094526313 2.211
0.058909342 -0.094526313 2.211
0.062760249 -0.094526313 2.211
0.066611163 -0.094526313 2.211
0.07046207 -0.094526313 2.211
0.074312977 -0.094526313 2.211
0.078163885 -0.094526313 2.211
0.082014799 -0.094526313 2.211
0.085865706 -0.094526313 2.211
0.089716613 -0.094526313 2.211
0.09356752 -0.094526313 2.211
0.097418435 -0.094526313 2.211
0.10126934 -0.094526313 2.211
0.10512025 -0.094526313 2.211
0.10897116 -0.094526313 2.211
0.11282207 -0.094526313 2.211
0.11667298 -0.094526313 2.211
0.12052388 -0.094526313 2.211
0.12437479 -0.094526313 2.211
0.1282257 -0.094526313 2.211
0.13207661 -0.094526313 2.211
0.13549718 -0.094227046 2.204
0.13977844 -0.094526313 2.211
0.14362934 -0.094526313 2.211
0.14701334 -0.094227046 2.204
0.15133116 -0.094526313 2.211
0.15518206 -0.094526313 2.211
0.15903297 -0.094526313 2.211
0.16288388 -0.094526313 2.211
0.1667348 -0.094526313 2.211
0.17058571 -0.094526313 2.211
0.17443661 -0.094526313 2.211
0.17828752 -0.094526313 2.211
0.18213843 -0.094526313 2.211
0.18598934 -0.094526313 2.211
0.18984024 -0.094526313 2.211
0.19430438 -0.094825581 2.2179999
0.19816747 -0.094825581 2.2179999
0.20203058 -0.094825581 2.2179999
0.20589368 -0.094825581 2.2179999
0.20975678 -0.094825581 2.2179999
0.21361989 -0.094825581 2.2179999
0.21748298 -0.094825581 2.2179999
-0.21904741 -0.090962484 2.2179999
-0.21518432 -0.090962484 2.2179999
-0.21132122 -0.090962484 2.2179999
-0.20745811 -0.090962484 2.2179999
-0.20359501 -0.090962484 2.2179999
-0.19910157 -0.090675406 2.211
-0.19525065 -0.090675406 2.211
-0.19139974 -0.090675406 2.211
-0.18754883 -0.090675406 2.211
-0.18369792 -0.090675406 2.211
-0.17984702 -0.090675406 2.211
-0.17599611 -0.090675406 2.211
-0.1721452 -0.090675406 2.211
-0.1682943 -0.090675406 2.211
-0.16444337 -0.090675406 2.211
-0.16059247 -0.090675406 2.211
-0.15674156 -0.090675406 2.211
-0.1533747 -0.090962484 2.2179999
-0.14951161 -0.090962484 2.2179999
-0.14564849 -0.090962484 2.2179999
-0.1417854 -0.090962484 2.2179999
-0.1379223 -0.090962484 2.2179999
-0.13405919 -0.090962484 2.2179999
-0.13019609 -0.090962484 2.2179999
-0.126333 -0.090962484 2.2179999
-0.12246989 -0.090962484 2.2179999
-0.11860679 -0.090962484 2.2179999
-0.11474369 -0.090962484 2.2179999
-0.11053065 -0.090675406 2.211
-0.10667975 -0.090675406 2.211
-0.10282884 -0.090675406 2.211
-0.098977923 -0.090675406 2.211
-0.095127016 -0.090675406 2.211
-0.091276109 -0.090675406 2.211
-0.087425202 -0.090675406 2.211
-0.083574288 -0.090675406 2.211
-0.079723381 -0.090675406 2.211
-0.075872473 -0.090675406 2.211
-0.072021566 -0.090675406 2.211
-0.068170652 -0.090675406 2.211
-0.064319745 -0.090675406 2.211
-0.060468838 -0.090675406 2.211
-0.056617927 -0.090675406 2.211
-0.05276702 -0.090675406 2.211
-0.048916109 -0.090675406 2.211
-0.045065202 -0.090675406 2.211
-0.041214291 -0.090675406 2.211
-0.037363384 -0.090675406 2.211
-0.033512473 -0.090675406 2.211
-0.029661564 -0.090675406 2.211
-0.025810655 -0.090675406 2.211
-0.022029271 -0.090962484 2.2179999
-0.01816617 -0.090962484 2.2179999
-0.01430307 -0.090962484 2.2179999
-0.010439969 -0.090962484 2.2179999
-0.0065768673 -0.090962484 2.2179999
-0.0027137666 -0.090962484 2.2179999
0.0011493344 -0.090962484 2.2179999
0.0049966159 -0.090675406 2.211
0.0088475253 -0.090675406 2.211
0.012698434 -0.090675406 2.211
0.016549343 -0.090675406 2.211
0.020400252 -0.090675406 2.211
0.024251161 -0.090675406 2.211
0.02810207 -0.090675406 2.211
0.031952981 -0.090675406 2.211
0.035803888 -0.090675406 2.211
0.039654799 -0.090675406 2.211
0.043505706 -0.090675406 2.211
0.047356617 -0.090675406 2.211
0.051207524 -0.090675406 2.211
0.055058435 -0.090675406 2.211
0.058909342 -0.090675406 2.211
0.062760249 -0.090675406 2.211
0.066611163 -0.090675406 2.211
0.07046207 -0.090675406 2.211
0.074312977 -0.090675406 2.211
0.078163885 -0.090675406 2.211
0.082014799 -0.090675406 2.211
0.085865706 -0.090675406 2.211
0.089716613 -0.090675406 2.211
0.09356752 -0.090675406 2.211
0.097418435 -0.090675406 2.211
0.10126934 -0.090675406 2.211
0.10512025 -0.090675406 2.211
0.10897116 -0.090675406 2.211
0.11282207 -0.090675406 2.211
0.11667298 -0.090675406 2.211
0.12052388 -0.090675406 2.211
0.12437479 -0.090675406 2.211
0.1282257 -0.090675406 2.211
0.13207661 -0.090675406 2.211
0.13592753 -0.090675406 2.211
0.13977844 -0.090675406 2.211
0.14362934 -0.090675406 2.211
0.14748025 -0.090675406 2.211
0.15133116 -0.090675406 2.211
0.15518206 -0.090675406 2.211
0.15903297 -0.090675406 2.211
0.16288388 -0.090675406 2.211
0.1667348 -0.090675406 2.211
0.17058571 -0.090675406 2.211
0.17443661 -0.090675406 2.211
0.17828752 -0.090675406 2.211
0.18213843 -0.090675406 2.211
0.18598934 -0.090675406 2.211
0.18984024 -0.090675406 2.211
0.19369116 -0.090675406 2.211
0.19816747 -0.090962484 2.2179999
0.20203058 -0.090962484 2.2179999
0.20589368 -0.090962484 2.2179999
0.20975678 -0.090962484 2.2179999
0.21361989 -0.090962484 2.2179999
0.21748298 -0.090962484 2.2179999
-0.2198375 -0.087413542 2.2260001
-0.21518432 -0.087099381 2.2179999
-0.21132122 -0.087099381 2.2179999
-0.20745811 -0.087099381 2.2179999
-0.20359501 -0.087099381 2.2179999
-0.19973192 -0.087099381 2.2179999
-0.19525065 -0.086824499 2.211
-0.19139974 -0.086824499 2.211
-0.18754883 -0.086824499 2.211
-0.18369792 -0.086824499 2.211
-0.17984702 -0.086824499 2.211
-0.17599611 -0.086824499 2.211
-0.1721452 -0.086824499 2.211
-0.1682943 -0.086824499 2.211
-0.16444337 -0.086824499 2.211
-0.16059247 -0.086824499 2.211
-0.1572378 -0.087099381 2.2179999
-0.1533747 -0.087099381 2.2179999
-0.14951161 -0.087099381 2.2179999
-0.14564849 -0.087099381 2.2179999
-0.1417854 -0.087099381 2.2179999
-0.1379223 -0.087099381 2.2179999
-0.13405919 -0.087099381 2.2179999
-0.13019609 -0.087099381 2.2179999
-0.126333 -0.087099381 2.2179999
-0.12246989 -0.087099381 2.2179999
-0.11860679 -0.087099381 2.2179999
-0.11474369 -0.087099381 2.2179999
-0.11053065 -0.086824499 2.211
-0.10667975 -0.086824499 2.211
-0.10282884 -0.086824499 2.211
-0.098977923 -0.086824499 2.211
-0.095127016 -0.086824499 2.211
-0.091276109 -0.086824499 2.211
-0.087425202 -0.086824499 2.211
-0.083574288 -0.086824499 2.211
-0.079723381 -0.086824499 2.211
-0.075872473 -0.086824499 2.211
-0.072021566 -0.086824499 2.211
-0.068170652 -0.086824499 2.211
-0.064319745 -0.086824499 2.211
-0.060468838 -0.086824499 2.211
-0.056617927 -0.086824499 2.211
-0.05276702 -0.086824499 2.211
-0.048916109 -0.086824499 2.211
-0.045065202 -0.086824499 2.211
-0.041214291 -0.086824499 2.211
-0.037363384 -0.086824499 2.211
-0.033512473 -0.086824499 2.211
-0.029661564 -0.086824499 2.211
-0.025810655 -0.086824499 2.211
-0.022029271 -0.087099381 2.2179999
-0.01816617 -0.087099381 2.2179999
-0.01430307 -0.087099381 2.2179999
-0.010439969 -0.087099381 2.2179999
-0.0065768673 -0.087099381 2.2179999
-0.0027137666 -0.087099381 2.2179999
0.0011493344 -0.087099381 2.2179999
0.0049966159 -0.086824499 2.211
0.0088475253 -0.086824499 2.211
0.012698434 -0.086824499 2.211
0.016549343 -0.086824499 2.211
0.020400252 -0.086824499 2.211
0.024251161 -0.086824499 2.211
0.02810207 -0.086824499 2.211
0.031952981 -0.086824499 2.211
0.035803888 -0.086824499 2.211
0.039654799 -0.086824499 2.211
0.043505706 -0.086824499 2.211
0.047356617 -0.086824499 2.211
0.051207524 -0.086824499 2.211
0.055058435 -0.086824499 2.211
0.058909342 -0.086824499 2.211
0.062760249 -0.086824499 2.211
0.066611163 -0.086824499 2.211
0.07046207 -0.086824499 2.211
0.074312977 -0.086824499 2.211
0.078163885 -0.086824499 2.211
0.082014799 -0.086824499 2.211
0.085865706 -0.086824499 2.211
0.089716613 -0.086824499 2.211
0.09356752 -0.086824499 2.211
0.097418435 -0.086824499 2.211
0.10126934 -0.086824499 2.211
0.10512025 -0.086824499 2.211
0.10897116 -0.086824499 2.211
0.11282207 -0.086824499 2.211
0.11667298 -0.086824499 2.211
0.12052388 -0.086824499 2.211
0.12437479 -0.086824499 2.211
0.1282257 -0.086824499 2.211
0.13207661 -0.086824499 2.211
0.13592753 -0.086824499 2.211
0.13977844 -0.086824499 2.211
0.14362934 -0.086824499 2.211
0.14748025 -0.086824499 2.211
0.15133116 -0.086824499 2.211
0.15518206 -0.086824499 2.211
0.15903297 -0.086824499 2.211
0.16288388 -0.086824499 2.211
0.1667348 -0.086824499 2.211
0.17058571 -0.086824499 2.211
0.17443661 -0.086824499 2.211
0.17828752 -0.086824499 2.211
0.18213843 -0.086824499 2.211
0.18598934 -0.086824499 2.211
0.18984024 -0.086824499 2.211
0.19369116 -0.086824499 2.211
0.19816747 -0.087099381 2.2179999
0.20203058 -0.087099381 2.2179999
0.20589368 -0.087099381 2.2179999
0.20975678 -0.087099381 2.2179999
0.21361989 -0.087099381 2.2179999
0.21748298 -0.087099381 2.2179999
-0.2198375 -0.083536506 2.2260001
-0.21596047 -0.083536506 2.2260001
-0.21132122 -0.083236277 2.2179999
-0.20745811 -0.083236277 2.2179999
-0.20359501 -0.083236277 2.2179999
-0.19973192 -0.083236277 2.2179999
-0.19525065 -0.082973585 2.211
-0.19139974 -0.082973585 2.211
-0.18754883 -0.082973585 2.211
-0.18369792 -0.082973585 2.211
-0.17984702 -0.082973585 2.211
-0.17599611 -0.082973585 2.211
-0.1721452 -0.082973585 2.211
-0.1682943 -0.082973585 2.211
-0.16444337 -0.082973585 2.211
-0.16059247 -0.082973585 2.211
-0.15674156 -0.082973585 2.211
-0.1533747 -0.083236277 2.2179999
-0.14951161 -0.083236277 2.2179999
-0.14564849 -0.083236277 2.2179999
-0.1417854 -0.083236277 2.2179999
-0.1379223 -0.083236277 2.2179999
-0.13405919 -0.083236277 2.2179999
-0.13019609 -0.083236277 2.2179999
-0.126333 -0.083236277 2.2179999
-0.12246989 -0.083236277 2.2179999
-0.11860679 -0.083236277 2.2179999
-0.11474369 -0.083236277 2.2179999
-0.11088059 -0.083236277 2.2179999
-0.10667975 -0.082973585 2.211
-0.10282884 -0.082973585 2.211
-0.098977923 -0.082973585 2.211
-0.095127016 -0.082973585 2.211
-0.091276109 -0.082973585 2.211
-0.087425202 -0.082973585 2.211
-0.083574288 -0.082973585 2.211
-0.079723381 -0.082973585 2.211
-0.075872473 -0.082973585 2.211
-0.072021566 -0.082973585 2.211
-0.068170652 -0.082973585 2.211
-0.064319745 -0.082973585 2.211
-0.060468838 -0.082973585 2.211
-0.056617927 -0.082973585 2.211
-0.05276702 -0.082973585 2.211
-0.048916109 -0.082973585 2.211
-0.045065202 -0.082973585 2.211
-0.041214291 -0.082973585 2.211
-0.037363384 -0.082973585 2.211
-0.033512473 -0.082973585 2.211
-0.029661564 -0.082973585 2.211
-0.025810655 -0.082973585 2.211
-0.022029271 -0.083236277 2.2179999
-0.01816617 -0.083236277 2.2179999
-0.01430307 -0.083236277 2.2179999
-0.010439969 -0.083236277 2.2179999
-0.0065768673 -0.083236277 2.2179999
-0.0027137666 -0.083236277 2.2179999
0.0011457071 -0.082973585 2.211
0.0049966159 -0.082973585 2.211
0.0088475253 -0.082973585 2.211
0.012698434 -0.082973585 2.211
0.016549343 -0.082973585 2.211
0.020400252 -0.082973585 2.211
0.024251161 -0.082973585 2.211
0.02810207 -0.082973585 2.211
0.031952981 -0.082973585 2.211
0.035803888 -0.082973585 2.211
0.039654799 -0.082973585 2.211
0.043505706 -0.082973585 2.211
0.047356617 -0.082973585 2.211
0.051207524 -0.082973585 2.211
0.055058435 -0.082973585 2.211
0.058909342 -0.082973585 2.211
0.062760249 -0.082973585 2.211
0.066611163 -0.082973585 2.211
0.07046207 -0.082973585 2.211
0.074312977 -0.082973585 2.211
0.078163885 -0.082973585 2.211
0.082014799 -0.082973585 2.211
0.085865706 -0.082973585 2.211
0.089716613 -0.082973585 2.211
0.09356752 -0.082973585 2.211
0.097418435 -0.082973585 2.211
0.10126934 -0.082973585 2.211
0.10512025 -0.082973585 2.211
0.10897116 -0.082973585 2.211
0.11282207 -0.082973585 2.211
0.11667298 -0.082973585 2.211
0.12052388 -0.082973585 2.211
0.12437479 -0.082973585 2.211
0.1282257 -0.082973585 2.211
0.13207661 -0.082973585 2.211
0.13592753 -0.082973585 2.211
0.13977844 -0.082973585 2.211
0.14362934 -0.082973585 2.211
0.14748025 -0.082973585 2.211
0.15133116 -0.082973585 2.211
0.15518206 -0.082973585 2.211
0.15903297 -0.082973585 2.211
0.16288388 -0.082973585 2.211
0.1667348 -0.082973585 2.211
0.17058571 -0.082973585 2.211
0.17443661 -0.082973585 2.211
0.17828752 -0.082973585 2.211
0.18213843 -0.082973585 2.211
0.18598934 -0.082973585 2.211
0.18984024 -0.082973585 2.211
0.19369116 -0.082973585 2.211
0.19816747 -0.083236277 2.2179999
0.20203058 -0.083236277 2.2179999
0.20589368 -0.083236277 2.2179999
0.20975678 -0.083236277 2.2179999
0.21361989 -0.083236277 2.2179999
0.21748298 -0.083236277 2.2179999
-0.2198375 -0.079659469 2.2260001
-0.21596047 -0.079659469 2.2260001
-0.21132122 -0.079373181 2.2179999
-0.20745811 -0.079373181 2.2179999
-0.20359501 -0.079373181 2.2179999
-0.19973192 -0.079373181 2.2179999
-0.19525065 -0.079122677 2.211
-0.19139974 -0.079122677 2.211
-0.18754883 -0.079122677 2.211
-0.18369792 -0.079122677 2.211
-0.17984702 -0.079122677 2.211
-0.17599611 -0.079122677 2.211
-0.1721452 -0.079122677 2.211
-0.1682943 -0.079122677 2.211
-0.16444337 -0.079122677 2.211
-0.16059247 -0.079122677 2.211
-0.15674156 -0.079122677 2.211
-0.15289065 -0.079122677 2.211
-0.14951161 -0.079373181 2.2179999
-0.14564849 -0.079373181 2.2179999
-0.1417854 -0.079373181 2.2179999
-0.1379223 -0.079373181 2.2179999
-0.13405919 -0.079373181 2.2179999
-0.13019609 -0.079373181 2.2179999
-0.126333 -0.079373181 2.2179999
-0.12246989 -0.079373181 2.2179999
-0.11860679 -0.079373181 2.2179999
-0.11474369 -0.079373181 2.2179999
-0.11088059 -0.079373181 2.2179999
-0.10701749 -0.079373181 2.2179999
-0.10315439 -0.079373181 2.2179999
-0.099291287 -0.079373181 2.2179999
-0.095428191 -0.079373181 2.2179999
-0.091276109 -0.079122677 2.211
-0.087425202 -0.079122677 2.211
-0.083574288 -0.079122677 2.211
-0.079723381 -0.079122677 2.211
-0.075872473 -0.079122677 2.211
-0.072021566 -0.079122677 2.211
-0.068170652 -0.079122677 2.211
-0.064319745 -0.079122677 2.211
-0.060468838 -0.079122677 2.211
-0.056617927 -0.079122677 2.211
-0.05276702 -0.079122677 2.211
-0.048916109 -0.079122677 2.211
-0.045065202 -0.079122677 2.211
-0.041214291 -0.079122677 2.211
-0.037363384 -0.079122677 2.211
-0.033512473 -0.079122677 2.211
-0.029755473 -0.079373181 2.2179999
-0.025892371 -0.079373181 2.2179999
-0.022029271 -0.079373181 2.2179999
-0.01816617 -0.079373181 2.2179999
-0.01430307 -0.079373181 2.2179999
-0.010439969 -0.079373181 2.2179999
-0.0065768673 -0.079373181 2.2179999
-0.0027137666 -0.079373181 2.2179999
0.0011457071 -0.079122677 2.211
0.0049966159 -0.079122677 2.211
0.0088475253 -0.079122677 2.211
0.012698434 -0.079122677 2.211
0.016549343 -0.079122677 2.211
0.020400252 -0.079122677 2.211
0.024251161 -0.079122677 2.211
0.02810207 -0.079122677 2.211
0.031952981 -0.079122677 2.211
0.035803888 -0.079122677 2.211
0.039654799 -0.079122677 2.211
0.043505706 -0.079122677 2.211
0.047356617 -0.079122677 2.211
0.051207524 -0.079122677 2.211
0.055058435 -0.079122677 2.211
0.058909342 -0.079122677 2.211
0.062760249 -0.079122677 2.211
0.066611163 -0.079122677 2.211
0.07046207 -0.079122677 2.211
0.074312977 -0.079122677 2.211
0.078163885 -0.079122677 2.211
0.082014799 -0.079122677 2.211
0.085865706 -0.079122677 2.211
0.089716613 -0.079122677 2.211
0.09356752 -0.079122677 2.211
0.097418435 -0.079122677 2.211
0.10126934 -0.079122677 2.211
0.10512025 -0.079122677 2.211
0.10897116 -0.079122677 2.211
0.11282207 -0.079122677 2.211
0.11667298 -0.079122677 2.211
0.12052388 -0.079122677 2.211
0.12437479 -0.079122677 2.211
0.1282257 -0.079122677 2.211
0.13207661 -0.079122677 2.211
0.13592753 -0.079122677 2.211
0.13977844 -0.079122677 2.211
0.14362934 -0.079122677 2.211
0.14748025 -0.079122677 2.211
0.15133116 -0.079122677 2.211
0.15518206 -0.079122677 2.211
0.15903297 -0.079122677 2.211
0.16288388 -0.079122677 2.211
0.1667348 -0.079122677 2.211
0.17058571 -0.079122677 2.211
0.17443661 -0.079122677 2.211
0.17828752 -0.079122677 2.211
0.18213843 -0.079122677 2.211
0.18598934 -0.079122677 2.211
0.18984024 -0.079122677 2.211
0.19369116 -0.079122677 2.211
0.19816747 -0.079373181 2.2179999
0.20203058 -0.079373181 2.2179999
0.20589368 -0.079373181 2.2179999
0.20975678 -0.079373181 2.2179999
0.21361989 -0.079373181 2.2179999
0.21748298 -0.079373181 2.2179999
-0.21904741 -0.075510077 2.2179999
-0.21518432 -0.075510077 2.2179999
-0.21132122 -0.075510077 2.2179999
-0.20745811 -0.075510077 2.2179999
-0.20359501 -0.075510077 2.2179999
-0.19910157 -0.07527177 2.211
-0.19525065 -0.07527177 2.211
-0.19139974 -0.07527177 2.211
-0.18754883 -0.07527177 2.211
-0.18369792 -0.07527177 2.211
-0.17984702 -0.07527177 2.211
-0.17599611 -0.07527177 2.211
-0.1721452 -0.07527177 2.211
-0.1682943 -0.07527177 2.211
-0.16444337 -0.07527177 2.211
-0.16059247 -0.07527177 2.211
-0.15674156 -0.07527177 2.211
-0.15289065 -0.07527177 2.211
-0.14951161 -0.075510077 2.2179999
-0.14564849 -0.075510077 2.2179999
-0.1417854 -0.075510077 2.2179999
-0.1379223 -0.075510077 2.2179999
-0.13405919 -0.075510077 2.2179999
-0.13019609 -0.075510077 2.2179999
-0.126333 -0.075510077 2.2179999
-0.12246989 -0.075510077 2.2179999
-0.11860679 -0.075510077 2.2179999
-0.11474369 -0.075510077 2.2179999
-0.11088059 -0.075510077 2.2179999
-0.10701749 -0.075510077 2.2179999
-0.10315439 -0.075510077 2.2179999
-0.099291287 -0.075510077 2.2179999
-0.095428191 -0.075510077 2.2179999
-0.091565087 -0.075510077 2.2179999
-0.087425202 -0.07527177 2.211
-0.083574288 -0.07527177 2.211
-0.079723381 -0.07527177 2.211
-0.075872473 -0.07527177 2.211
-0.072021566 -0.07527177 2.211
-0.068170652 -0.07527177 2.211
-0.064319745 -0.07527177 2.211
-0.060468838 -0.07527177 2.211
-0.056617927 -0.07527177 2.211
-0.05276702 -0.07527177 2.211
-0.048916109 -0.07527177 2.211
-0.045065202 -0.07527177 2.211
-0.041214291 -0.07527177 2.211
-0.037481673 -0.075510077 2.2179999
-0.033618573 -0.075510077 2.2179999
-0.029755473 -0.075510077 2.2179999
-0.025892371 -0.075510077 2.2179999
-0.022029271 -0.075510077 2.2179999
-0.01816617 -0.075510077 2.2179999
-0.01430307 -0.075510077 2.2179999
-0.010439969 -0.075510077 2.2179999
-0.0065768673 -0.075510077 2.2179999
-0.0027137666 -0.075510077 2.2179999
0.0011457071 -0.07527177 2.211
0.0049966159 -0.07527177 2.211
0.0088475253 -0.07527177 2.211
0.012698434 -0.07527177 2.211
0.016549343 -0.07527177 2.211
0.020400252 -0.07527177 2.211
0.024251161 -0.07527177 2.211
0.02810207 -0.07527177 2.211
0.031952981 -0.07527177 2.211
0.035803888 -0.07527177 2.211
0.039654799 -0.07527177 2.211
0.043505706 -0.07527177 2.211
0.047356617 -0.07527177 2.211
0.051207524 -0.07527177 2.211
0.055058435 -0.07527177 2.211
0.058909342 -0.07527177 2.211
0.062760249 -0.07527177 2.211
0.066611163 -0.07527177 2.211
0.07046207 -0.07527177 2.211
0.074312977 -0.07527177 2.211
0.078163885 -0.07527177 2.211
0.082014799 -0.07527177 2.211
0.085865706 -0.07527177 2.211
0.089716613 -0.07527177 2.211
0.09356752 -0.07527177 2.211
0.097418435 -0.07527177 2.211
0.10126934 -0.07527177 2.211
0.10512025 -0.07527177 2.211
0.10897116 -0.07527177 2.211
0.11282207 -0.07527177 2.211
0.11667298 -0.07527177 2.211
0.12052388 -0.07527177 2.211
0.12437479 -0.07527177 2.211
0.1282257 -0.07527177 2.211
0.13207661 -0.07527177 2.211
0.13592753 -0.07527177 2.211
0.13977844 -0.07527177 2.211
0.14362934 -0.07527177 2.211
0.14748025 -0.07527177 2.211
0.15133116 -0.07527177 2.211
0.15518206 -0.07527177 2.211
0.15903297 -0.07527177 2.211
0.16288388 -0.07527177 2.211
0.1667348 -0.07527177 2.211
0.17058571 -0.07527177 2.211
0.17443661 -0.07527177 2.211
0.17828752 -0.07527177 2.211
0.18213843 -0.07527177 2.211
0.18598934 -0.07527177 2.211
0.18984024 -0.07527177 2.211
0.19369116 -0.07527177 2.211
0.19816747 -0.075510077 2.2179999
0.20203058 -0.075510077 2.2179999
0.20589368 -0.075510077 2.2179999
0.20975678 -0.075510077 2.2179999
0.21361989 -0.075510077 2.2179999
0.21748298 -0.075510077 2.2179999
-0.21904741 -0.071646981 2.2179999
-0.21518432 -0.071646981 2.2179999
-0.21132122 -0.071646981 2.2179999
-0.20745811 -0.071646981 2.2179999
-0.20359501 -0.071646981 2.2179999
-0.19910157 -0.071420863 2.211
-0.19525065 -0.071420863 2.211
-0.19139974 -0.071420863 2.211
-0.18754883 -0.071420863 2.211
-0.18369792 -0.071420863 2.211
-0.17984702 -0.071420863 2.211
-0.17599611 -0.071420863 2.211
-0.1721452 -0.071420863 2.211
-0.1682943 -0.071420863 2.211
-0.16444337 -0.071420863 2.211
-0.16059247 -0.071420863 2.211
-0.15674156 -0.071420863 2.211
-0.15289065 -0.071420863 2.211
-0.14951161 -0.071646981 2.2179999
-0.14564849 -0.071646981 2.2179999
-0.1417854 -0.071646981 2.2179999
-0.1379223 -0.071646981 2.2179999
-0.13405919 -0.071646981 2.2179999
-0.13019609 -0.071646981 2.2179999
-0.126333 -0.071646981 2.2179999
-0.12246989 -0.071646981 2.2179999
-0.11860679 -0.071646981 2.2179999
-0.11474369 -0.071646981 2.2179999
-0.11088059 -0.071646981 2.2179999
-0.10701749 -0.071646981 2.2179999
-0.10315439 -0.071646981 2.2179999
-0.099291287 -0.071646981 2.2179999
-0.095428191 -0.071646981 2.2179999
-0.091565087 -0.071646981 2.2179999
-0.087701984 -0.071646981 2.2179999
-0.083574288 -0.071420863 2.211
-0.079723381 -0.071420863 2.211
-0.075872473 -0.071420863 2.211
-0.072021566 -0.071420863 2.211
-0.068170652 -0.071420863 2.211
-0.064319745 -0.071420863 2.211
-0.060468838 -0.071420863 2.211
-0.056617927 -0.071420863 2.211
-0.05276702 -0.071420863 2.211
-0.048916109 -0.071420863 2.211
-0.045207877 -0.071646981 2.2179999
-0.041344777 -0.071646981 2.2179999
-0.037481673 -0.071646981 2.2179999
-0.033618573 -0.071646981 2.2179999
-0.029755473 -0.071646981 2.2179999
-0.025892371 -0.071646981 2.2179999
-0.022029271 -0.071646981 2.2179999
-0.01816617 -0.071646981 2.2179999
-0.01430307 -0.071646981 2.2179999
-0.010439969 -0.071646981 2.2179999
-0.0065768673 -0.071646981 2.2179999
-0.0027137666 -0.071646981 2.2179999
0.0011493344 -0.071646981 2.2179999
0.0050124354 -0.071646981 2.2179999
0.0088475253 -0.071420863 2.211
0.012698434 -0.071420863 2.211
0.016549343 -0.071420863 2.211
0.020400252 -0.071420863 2.211
0.024251161 -0.071420863 2.211
0.02810207 -0.071420863 2.211
0.031952981 -0.071420863 2.211
0.035803888 -0.071420863 2.211
0.039654799 -0.071420863 2.211
0.043505706 -0.071420863 2.211
0.047356617 -0.071420863 2.211
0.051207524 -0.071420863 2.211
0.055058435 -0.071420863 2.211
0.058909342 -0.071420863 2.211
0.062760249 -0.071420863 2.211
0.066611163 -0.071420863 2.211
0.07046207 -0.071420863 2.211
0.074312977 -0.071420863 2.211
0.078163885 -0.071420863 2.211
0.082014799 -0.071420863 2.211
0.085865706 -0.071420863 2.211
0.089716613 -0.071420863 2.211
0.09356752 -0.071420863 2.211
0.097418435 -0.071420863 2.211
0.10126934 -0.071420863 2.211
0.10512025 -0.071420863 2.211
0.10897116 -0.071420863 2.211
0.11282207 -0.071420863 2.211
0.11667298 -0.071420863 2.211
0.12052388 -0.071420863 2.211
0.12437479 -0.071420863 2.211
0.1282257 -0.071420863 2.211
0.13207661 -0.071420863 2.211
0.13592753 -0.071420863 2.211
0.13977844 -0.071420863 2.211
0.14362934 -0.071420863 2.211
0.14748025 -0.071420863 2.211
0.15133116 -0.071420863 2.211
0.15518206 -0.071420863 2.211
0.15903297 -0.071420863 2.211
0.16288388 -0.071420863 2.211
0.1667348 -0.071420863 2.211
0.17058571 -0.071420863 2.211
0.17443661 -0.071420863 2.211
0.17828752 -0.071420863 2.211
0.18213843 -0.071420863 2.211
0.18598934 -0.071420863 2.211
0.18984024 -0.071420863 2.211
0.19369116 -0.071420863 2.211
0.19816747 -0.071646981 2.2179999
0.20203058 -0.071646981 2.2179999
0.20589368 -0.071646981 2.2179999
0.20975678 -0.071646981 2.2179999
0.21361989 -0.071646981 2.2179999
0.21748298 -0.071646981 2.2179999
-0.21904741 -0.067783877 2.2179999
-0.21518432 -0.067783877 2.2179999
-0.21132122 -0.067783877 2.2179999
-0.20745811 -0.067783877 2.2179999
-0.20359501 -0.067783877 2.2179999
-0.19910157 -0.067569949 2.211
-0.19525065 -0.067569949 2.211
-0.19139974 -0.067569949 2.211
-0.18754883 -0.067569949 2.211
-0.18311635 -0.067356028 2.204
-0.17927763 -0.067356028 2.204
-0.17543891 -0.067356028 2.204
-0.1721452 -0.067569949 2.211
-0.1682943 -0.067569949 2.211
-0.16444337 -0.067569949 2.211
-0.16059247 -0.067569949 2.211
-0.15674156 -0.067569949 2.211
-0.15289065 -0.067569949 2.211
-0.14951161 -0.067783877 2.2179999
-0.14564849 -0.067783877 2.2179999
-0.1417854 -0.067783877 2.2179999
-0.1379223 -0.067783877 2.2179999
-0.13405919 -0.067783877 2.2179999
-0.13019609 -0.067783877 2.2179999
-0.126333 -0.067783877 2.2179999
-0.12246989 -0.067783877 2.2179999
-0.11860679 -0.067783877 2.2179999
-0.11474369 -0.067783877 2.2179999
-0.11088059 -0.067783877 2.2179999
-0.10701749 -0.067783877 2.2179999
-0.10315439 -0.067783877 2.2179999
-0.099291287 -0.067783877 2.2179999
-0.095428191 -0.067783877 2.2179999
-0.091565087 -0.067783877 2.2179999
-0.087701984 -0.067783877 2.2179999
-0.083574288 -0.067569949 2.211
-0.079723381 -0.067569949 2.211
-0.075872473 -0.067569949 2.211
-0.072021566 -0.067569949 2.211
-0.068170652 -0.067569949 2.211
-0.064319745 -0.067569949 2.211
-0.060468838 -0.067569949 2.211
-0.056617927 -0.067569949 2.211
-0.05276702 -0.067569949 2.211
-0.049070977 -0.067783877 2.2179999
-0.045207877 -0.067783877 2.2179999
-0.041344777 -0.067783877 2.2179999
-0.037481673 -0.067783877 2.2179999
-0.033618573 -0.067783877 2.2179999
-0.029755473 -0.067783877 2.2179999
-0.025892371 -0.067783877 2.2179999
-0.022029271 -0.067783877 2.2179999
-0.01816617 -0.067783877 2.2179999
-0.01430307 -0.067783877 2.2179999
-0.010439969 -0.067783877 2.2179999
-0.0065768673 -0.067783877 2.2179999
-0.0027137666 -0.067783877 2.2179999
0.0011493344 -0.067783877 2.2179999
0.0050124354 -0.067783877 2.2179999
0.0088475253 -0.067569949 2.211
0.012698434 -0.067569949 2.211
0.016549343 -0.067569949 2.211
0.020400252 -0.067569949 2.211
0.024251161 -0.067569949 2.211
0.02810207 -0.067569949 2.211
0.031952981 -0.067569949 2.211
0.035803888 -0.067569949 2.211
0.039654799 -0.067569949 2.211
0.043505706 -0.067569949 2.211
0.047356617 -0.067569949 2.211
0.051207524 -0.067569949 2.211
0.055058435 -0.067569949 2.211
0.058909342 -0.067569949 2.211
0.062760249 -0.067569949 2.211
0.066611163 -0.067569949 2.211
0.07046207 -0.067569949 2.211
0.074312977 -0.067569949 2.211
0.078163885 -0.067569949 2.211
0.082014799 -0.067569949 2.211
0.085865706 -0.067569949 2.211
0.089716613 -0.067569949 2.211
0.09356752 -0.067569949 2.211
0.097418435 -0.067569949 2.211
0.10126934 -0.067569949 2.211
0.10512025 -0.067569949 2.211
0.10897116 -0.067569949 2.211
0.11282207 -0.067569949 2.211
0.11667298 -0.067569949 2.211
0.12052388 -0.067569949 2.211
0.12437479 -0.067569949 2.211
0.1282257 -0.067569949 2.211
0.13165846 -0.067356028 2.204
0.13592753 -0.067569949 2.211
0.13977844 -0.067569949 2.211
0.14362934 -0.067569949 2.211
0.14748025 -0.067569949 2.211
0.15133116 -0.067569949 2.211
0.15518206 -0.067569949 2.211
0.15903297 -0.067569949 2.211
0.16288388 -0.067569949 2.211
0.1667348 -0.067569949 2.211
0.17058571 -0.067569949 2.211
0.17443661 -0.067569949 2.211
0.17828752 -0.067569949 2.211
0.18213843 -0.067569949 2.211
0.18598934 -0.067569949 2.211
0.18984024 -0.067569949 2.211
0.19369116 -0.067569949 2.211
0.19754207 -0.067569949 2.211
0.20203058 -0.067783877 2.2179999
0.20589368 -0.067783877 2.2179999
0.20975678 -0.067783877 2.2179999
0.21361989 -0.067783877 2.2179999
0.21748298 -0.067783877 2.2179999
-0.21904741 -0.063920774 2.2179999
-0.21518432 -0.063920774 2.2179999
-0.21132122 -0.063920774 2.2179999
-0.20745811 -0.063920774 2.2179999
-0.20295247 -0.063719042 2.211
-0.19910157 -0.063719042 2.211
-0.19525065 -0.063719042 2.211
-0.19139974 -0.063719042 2.211
-0.18754883 -0.063719042 2.211
-0.18369792 -0.063719042 2.211
-0.17984702 -0.063719042 2.211
-0.17599611 -0.063719042 2.211
-0.1721452 -0.063719042 2.211
-0.1682943 -0.063719042 2.211
-0.16444337 -0.063719042 2.211
-0.16059247 -0.063719042 2.211
-0.15674156 -0.063719042 2.211
-0.1533747 -0.063920774 2.2179999
-0.14951161 -0.063920774 2.2179999
-0.14564849 -0.063920774 2.2179999
-0.1417854 -0.063920774 2.2179999
-0.1379223 -0.063920774 2.2179999
-0.13405919 -0.063920774 2.2179999
-0.13019609 -0.063920774 2.2179999
-0.126333 -0.063920774 2.2179999
-0.12246989 -0.063920774 2.2179999
-0.11860679 -0.063920774 2.2179999
-0.11474369 -0.063920774 2.2179999
-0.11088059 -0.063920774 2.2179999
-0.10701749 -0.063920774 2.2179999
-0.10315439 -0.063920774 2.2179999
-0.099291287 -0.063920774 2.2179999
-0.095428191 -0.063920774 2.2179999
-0.091565087 -0.063920774 2.2179999
-0.087701984 -0.063920774 2.2179999
-0.083838888 -0.063920774 2.2179999
-0.079723381 -0.063719042 2.211
-0.075872473 -0.063719042 2.211
-0.072021566 -0.063719042 2.211
-0.068170652 -0.063719042 2.211
-0.064319745 -0.063719042 2.211
-0.060468838 -0.063719042 2.211
-0.056617927 -0.063719042 2.211
-0.052934077 -0.063920774 2.2179999
-0.049070977 -0.063920774 2.2179999
-0.045207877 -0.063920774 2.2179999
-0.041344777 -0.063920774 2.2179999
-0.037481673 -0.063920774 2.2179999
-0.033618573 -0.063920774 2.2179999
-0.029755473 -0.063920774 2.2179999
-0.025892371 -0.063920774 2.2179999
-0.022029271 -0.063920774 2.2179999
-0.01816617 -0.063920774 2.2179999
-0.01430307 -0.063920774 2.2179999
-0.010439969 -0.063920774 2.2179999
-0.0065768673 -0.063920774 2.2179999
-0.0027137666 -0.063920774 2.2179999
0.0011493344 -0.063920774 2.2179999
0.0050124354 -0.063920774 2.2179999
0.0088475253 -0.063719042 2.211
0.012698434 -0.063719042 2.211
0.016549343 -0.063719042 2.211
0.020400252 -0.063719042 2.211
0.024251161 -0.063719042 2.211
0.02810207 -0.063719042 2.211
0.031952981 -0.063719042 2.211
0.035803888 -0.063719042 2.211
0.039654799 -0.063719042 2.211
0.043505706 -0.063719042 2.211
0.047356617 -0.063719042 2.211
0.051207524 -0.063719042 2.211
0.055058435 -0.063719042 2.211
0.058909342 -0.063719042 2.211
0.062760249 -0.063719042 2.211
0.066611163 -0.063719042 2.211
0.07046207 -0.063719042 2.211
0.074312977 -0.063719042 2.211
0.078163885 -0.063719042 2.211
0.082014799 -0.063719042 2.211
0.085865706 -0.063719042 2.211
0.089716613 -0.063719042 2.211
0.09356752 -0.063719042 2.211
0.097418435 -0.063719042 2.211
0.10126934 -0.063719042 2.211
0.10512025 -0.063719042 2.211
0.10897116 -0.063719042 2.211
0.11282207 -0.063719042 2.211
0.11630359 -0.06351731 2.204
0.12014231 -0.06351731 2.204
0.12437479 -0.063719042 2.211
0.12781975 -0.06351731 2.204
0.13165846 -0.06351731 2.204
0.13549718 -0.06351731 2.204
0.13977844 -0.063719042 2.211
0.14362934 -0.063719042 2.211
0.14748025 -0.063719042 2.211
0.15133116 -0.063719042 2.211
0.15518206 -0.063719042 2.211
0.15903297 -0.063719042 2.211
0.16288388 -0.063719042 2.211
0.1667348 -0.063719042 2.211
0.17058571 -0.063719042 2.211
0.17443661 -0.063719042 2.211
0.17828752 -0.063719042 2.211
0.18213843 -0.063719042 2.211
0.18598934 -0.063719042 2.211
0.18984024 -0.063719042 2.211
0.19369116 -0.063719042 2.211
0.19754207 -0.063719042 2.211
0.20139298 -0.063719042 2.211
0.20524389 -0.063719042 2.211
0.20909479 -0.063719042 2.211
0.21361989 -0.063920774 2.2179999
0.21679661 -0.063719042 2.211
-0.21904741 -0.060057674 2.2179999
-0.21518432 -0.060057674 2.2179999
-0.21132122 -0.060057674 2.2179999
-0.20680338 -0.059868135 2.211
-0.20295247 -0.059868135 2.211
-0.19910157 -0.059868135 2.211
-0.19525065 -0.059868135 2.211
-0.19139974 -0.059868135 2.211
-0.18754883 -0.059868135 2.211
-0.18369792 -0.059868135 2.211
-0.17984702 -0.059868135 2.211
-0.17599611 -0.059868135 2.211
-0.1721452 -0.059868135 2.211
-0.1682943 -0.059868135 2.211
-0.16444337 -0.059868135 2.211
-0.16059247 -0.059868135 2.211
-0.1572378 -0.060057674 2.2179999
-0.1533747 -0.060057674 2.2179999
-0.14951161 -0.060057674 2.2179999
-0.14564849 -0.060057674 2.2179999
-0.1417854 -0.060057674 2.2179999
-0.1379223 -0.060057674 2.2179999
-0.13405919 -0.060057674 2.2179999
-0.13019609 -0.060057674 2.2179999
-0.126333 -0.060057674 2.2179999
-0.12246989 -0.060057674 2.2179999
-0.11860679 -0.060057674 2.2179999
-0.11474369 -0.060057674 2.2179999
-0.11088059 -0.060057674 2.2179999
-0.10701749 -0.060057674 2.2179999
-0.10315439 -0.060057674 2.2179999
-0.099291287 -0.060057674 2.2179999
-0.095428191 -0.060057674 2.2179999
-0.091565087 -0.060057674 2.2179999
-0.087701984 -0.060057674 2.2179999
-0.083838888 -0.060057674 2.2179999
-0.079975784 -0.060057674 2.2179999
-0.07611268 -0.060057674 2.2179999
-0.072249584 -0.060057674 2.2179999
-0.06838648 -0.060057674 2.2179999
-0.064523384 -0.060057674 2.2179999
-0.06066028 -0.060057674 2.2179999
-0.05679718 -0.060057674 2.2179999
-0.052934077 -0.060057674 2.2179999
-0.049070977 -0.060057674 2.2179999
-0.045207877 -0.060057674 2.2179999
-0.041344777 -0.060057674 2.2179999
-0.037481673 -0.060057674 2.2179999
-0.033618573 -0.060057674 2.2179999
-0.029755473 -0.060057674 2.2179999
-0.025892371 -0.060057674 2.2179999
-0.022029271 -0.060057674 2.2179999
-0.01816617 -0.060057674 2.2179999
-0.01430307 -0.060057674 2.2179999
-0.010439969 -0.060057674 2.2179999
-0.0065768673 -0.060057674 2.2179999
-0.0027137666 -0.060057674 2.2179999
0.0011493344 -0.060057674 2.2179999
0.0050124354 -0.060057674 2.2179999
0.0088475253 -0.059868135 2.211
0.012698434 -0.059868135 2.211
0.016549343 -0.059868135 2.211
0.020400252 -0.059868135 2.211
0.024251161 -0.059868135 2.211
0.02810207 -0.059868135 2.211
0.031952981 -0.059868135 2.211
0.035803888 -0.059868135 2.211
0.039654799 -0.059868135 2.211
0.043505706 -0.059868135 2.211
0.047356617 -0.059868135 2.211
0.051207524 -0.059868135 2.211
0.055058435 -0.059868135 2.211
0.058909342 -0.059868135 2.211
0.062760249 -0.059868135 2.211
0.066611163 -0.059868135 2.211
0.07046207 -0.059868135 2.211
0.074312977 -0.059868135 2.211
0.078163885 -0.059868135 2.211
0.082014799 -0.059868135 2.211
0.085865706 -0.059868135 2.211
0.089716613 -0.059868135 2.211
0.09356752 -0.059868135 2.211
0.097418435 -0.059868135 2.211
0.10126934 -0.059868135 2.211
0.10512025 -0.059868135 2.211
0.10862616 -0.059678592 2.204
0.11246487 -0.059678592 2.204
0.11630359 -0.059678592 2.204
0.12014231 -0.059678592 2.204
0.12398103 -0.059678592 2.204
0.12781975 -0.059678592 2.204
0.13165846 -0.059678592 2.204
0.13549718 -0.059678592 2.204
0.1393359 -0.059678592 2.204
0.14362934 -0.059868135 2.211
0.14748025 -0.059868135 2.211
0.15133116 -0.059868135 2.211
0.15518206 -0.059868135 2.211
0.15903297 -0.059868135 2.211
0.16288388 -0.059868135 2.211
0.1667348 -0.059868135 2.211
0.17058571 -0.059868135 2.211
0.17443661 -0.059868135 2.211
0.17828752 -0.059868135 2.211
0.18213843 -0.059868135 2.211
0.18598934 -0.059868135 2.211
0.18984024 -0.059868135 2.211
0.19369116 -0.059868135 2.211
0.19754207 -0.059868135 2.211
0.20139298 -0.059868135 2.211
0.20524389 -0.059868135 2.211
0.20909479 -0.059868135 2.211
0.2129457 -0.059868135 2.211
0.21679661 -0.059868135 2.211
-0.2183561 -0.056017224 2.211
-0.2145052 -0.056017224 2.211
-0.21065429 -0.056017224 2.211
-0.20680338 -0.056017224 2.211
-0.20295247 -0.056017224 2.211
-0.19910157 -0.056017224 2.211
-0.19525065 -0.056017224 2.211
-0.19139974 -0.056017224 2.211
-0.18754883 -0.056017224 2.211
-0.18369792 -0.056017224 2.211
-0.17984702 -0.056017224 2.211
-0.17599611 -0.056017224 2.211
-0.1721452 -0.056017224 2.211
-0.1682943 -0.056017224 2.211
-0.16444337 -0.056017224 2.211
-0.16059247 -0.056017224 2.211
-0.15674156 -0.056017224 2.211
-0.1533747 -0.056194574 2.2179999
-0.14951161 -0.056194574 2.2179999
-0.14564849 -0.056194574 2.2179999
-0.1417854 -0.056194574 2.2179999
-0.1379223 -0.056194574 2.2179999
-0.13405919 -0.056194574 2.2179999
-0.13019609 -0.056194574 2.2179999
-0.126333 -0.056194574 2.2179999
-0.12246989 -0.056194574 2.2179999
-0.11860679 -0.056194574 2.2179999
-0.11474369 -0.056194574 2.2179999
-0.11088059 -0.056194574 2.2179999
-0.10701749 -0.056194574 2.2179999
-0.10315439 -0.056194574 2.2179999
-0.099291287 -0.056194574 2.2179999
-0.095428191 -0.056194574 2.2179999
-0.091565087 -0.056194574 2.2179999
-0.087701984 -0.056194574 2.2179999
-0.083838888 -0.056194574 2.2179999
-0.079975784 -0.056194574 2.2179999
-0.07611268 -0.056194574 2.2179999
-0.072249584 -0.056194574 2.2179999
-0.06838648 -0.056194574 2.2179999
-0.064523384 -0.056194574 2.2179999
-0.06066028 -0.056194574 2.2179999
-0.05679718 -0.056194574 2.2179999
-0.052934077 -0.056194574 2.2179999
-0.049070977 -0.056194574 2.2179999
-0.045207877 -0.056194574 2.2179999
-0.041344777 -0.056194574 2.2179999
-0.037481673 -0.056194574 2.2179999
-0.033618573 -0.056194574 2.2179999
-0.029755473 -0.056194574 2.2179999
-0.025892371 -0.056194574 2.2179999
-0.022029271 -0.056194574 2.2179999
-0.01816617 -0.056194574 2.2179999
-0.01430307 -0.056194574 2.2179999
-0.010439969 -0.056194574 2.2179999
-0.0065768673 -0.056194574 2.2179999
-0.002705202 -0.056017224 2.211
0.0011457071 -0.056017224 2.211
0.0049966159 -0.056017224 2.211
0.0088475253 -0.056017224 2.211
0.012698434 -0.056017224 2.211
0.016549343 -0.056017224 2.211
0.020400252 -0.056017224 2.211
0.024251161 -0.056017224 2.211
0.02810207 -0.056017224 2.211
0.031952981 -0.056017224 2.211
0.035803888 -0.056017224 2.211
0.039654799 -0.056017224 2.211
0.043505706 -0.056017224 2.211
0.047356617 -0.056017224 2.211
0.051207524 -0.056017224 2.211
0.055058435 -0.056017224 2.211
0.058909342 -0.056017224 2.211
0.062760249 -0.056017224 2.211
0.066611163 -0.056017224 2.211
0.07046207 -0.056017224 2.211
0.074312977 -0.056017224 2.211
0.078163885 -0.056017224 2.211
0.082014799 -0.056017224 2.211
0.085865706 -0.056017224 2.211
0.089716613 -0.056017224 2.211
0.09356752 -0.056017224 2.211
0.097418435 -0.056017224 2.211
0.10126934 -0.056017224 2.211
0.10478744 -0.055839874 2.204
0.10862616 -0.055839874 2.204
0.11246487 -0.055839874 2.204
0.11630359 -0.055839874 2.204
0.12014231 -0.055839874 2.204
0.12398103 -0.055839874 2.204
0.12781975 -0.055839874 2.204
0.13165846 -0.055839874 2.204
0.13549718 -0.055839874 2.204
0.1393359 -0.055839874 2.204
0.14362934 -0.056017224 2.211
0.14748025 -0.056017224 2.211
0.15133116 -0.056017224 2.211
0.15518206 -0.056017224 2.211
0.15903297 -0.056017224 2.211
0.16288388 -0.056017224 2.211
0.1667348 -0.056017224 2.211
0.17058571 -0.056017224 2.211
0.17443661 -0.056017224 2.211
0.17828752 -0.056017224 2.211
0.18213843 -0.056017224 2.211
0.18598934 -0.056017224 2.211
0.18984024 -0.056017224 2.211
0.19369116 -0.056017224 2.211
0.19754207 -0.056017224 2.211
0.20139298 -0.056017224 2.211
0.20524389 -0.056017224 2.211
0.20909479 -0.056017224 2.211
0.2129457 -0.056017224 2.211
0.21679661 -0.056017224 2.211
-0.2183561 -0.052166317 2.211
-0.2145052 -0.052166317 2.211
-0.21065429 -0.052166317 2.211
-0.20680338 -0.052166317 2.211
-0.20295247 -0.052166317 2.211
-0.19910157 -0.052166317 2.211
-0.19525065 -0.052166317 2.211
-0.19139974 -0.052166317 2.211
-0.18754883 -0.052166317 2.211
-0.18369792 -0.052166317 2.211
-0.17984702 -0.052166317 2.211
-0.17599611 -0.052166317 2.211
-0.1721452 -0.052166317 2.211
-0.1682943 -0.052166317 2.211
-0.16444337 -0.052166317 2.211
-0.16059247 -0.052166317 2.211
-0.1572378 -0.052331474 2.2179999
-0.1533747 -0.052331474 2.2179999
-0.14951161 -0.052331474 2.2179999
-0.14564849 -0.052331474 2.2179999
-0.1417854 -0.052331474 2.2179999
-0.1379223 -0.052331474 2.2179999
-0.13405919 -0.052331474 2.2179999
-0.13019609 -0.052331474 2.2179999
-0.126333 -0.052331474 2.2179999
-0.12246989 -0.052331474 2.2179999
-0.11860679 -0.052331474 2.2179999
-0.11474369 -0.052331474 2.2179999
-0.11088059 -0.052331474 2.2179999
-0.10701749 -0.052331474 2.2179999
-0.10315439 -0.052331474 2.2179999
-0.099291287 -0.052331474 2.2179999
-0.095428191 -0.052331474 2.2179999
-0.091565087 -0.052331474 2.2179999
-0.087701984 -0.052331474 2.2179999
-0.083838888 -0.052331474 2.2179999
-0.079975784 -0.052331474 2.2179999
-0.07611268 -0.052331474 2.2179999
-0.072249584 -0.052331474 2.2179999
-0.06838648 -0.052331474 2.2179999
-0.064523384 -0.052331474 2.2179999
-0.06066028 -0.052331474 2.2179999
-0.05679718 -0.052331474 2.2179999
-0.052934077 -0.052331474 2.2179999
-0.049070977 -0.052331474 2.2179999
-0.045207877 -0.052331474 2.2179999
-0.041344777 -0.052331474 2.2179999
-0.037481673 -0.052331474 2.2179999
-0.033618573 -0.052331474 2.2179999
-0.029755473 -0.052331474 2.2179999
-0.025892371 -0.052331474 2.2179999
-0.022029271 -0.052331474 2.2179999
-0.01816617 -0.052331474 2.2179999
-0.01430307 -0.052331474 2.2179999
-0.010439969 -0.052331474 2.2179999
-0.0065561109 -0.052166317 2.211
-0.002705202 -0.052166317 2.211
0.0011457071 -0.052166317 2.211
0.0049966159 -0.052166317 2.211
0.0088475253 -0.052166317 2.211
0.012698434 -0.052166317 2.211
0.016549343 -0.052166317 2.211
0.020400252 -0.052166317 2.211
0.024251161 -0.052166317 2.211
0.02810207 -0.052166317 2.211
0.031952981 -0.052166317 2.211
0.035803888 -0.052166317 2.211
0.039654799 -0.052166317 2.211
0.043505706 -0.052166317 2.211
0.047356617 -0.052166317 2.211
0.051207524 -0.052166317 2.211
0.055058435 -0.052166317 2.211
0.058909342 -0.052166317 2.211
0.062760249 -0.052166317 2.211
0.066611163 -0.052166317 2.211
0.07046207 -0.052166317 2.211
0.074312977 -0.052166317 2.211
0.078163885 -0.052166317 2.211
0.082014799 -0.052166317 2.211
0.085865706 -0.052166317 2.211
0.089716613 -0.052166317 2.211
0.09356752 -0.052166317 2.211
0.097418435 -0.052166317 2.211
0.10126934 -0.052166317 2.211
0.10478744 -0.05200116 2.204
0.10862616 -0.05200116 2.204
0.11246487 -0.05200116 2.204
0.11630359 -0.05200116 2.204
0.12014231 -0.05200116 2.204
0.12398103 -0.05200116 2.204
0.12781975 -0.05200116 2.204
0.13165846 -0.05200116 2.204
0.13549718 -0.05200116 2.204
0.1393359 -0.05200116 2.204
0.14362934 -0.052166317 2.211
0.14748025 -0.052166317 2.211
0.15133116 -0.052166317 2.211
0.15518206 -0.052166317 2.211
0.15903297 -0.052166317 2.211
0.16288388 -0.052166317 2.211
0.1667348 -0.052166317 2.211
0.17058571 -0.052166317 2.211
0.17443661 -0.052166317 2.211
0.17828752 -0.052166317 2.211
0.18213843 -0.052166317 2.211
0.18598934 -0.052166317 2.211
0.18984024 -0.052166317 2.211
0.19369116 -0.052166317 2.211
0.19754207 -0.052166317 2.211
0.20139298 -0.052166317 2.211
0.20524389 -0.052166317 2.211
0.20909479 -0.052166317 2.211
0.2129457 -0.052166317 2.211
0.21679661 -0.052166317 2.211
-0.2183561 -0.048315406 2.211
-0.2145052 -0.048315406 2.211
-0.21065429 -0.048315406 2.211
-0.20680338 -0.048315406 2.211
-0.20295247 -0.048315406 2.211
-0.19910157 -0.048315406 2.211
-0.19525065 -0.048315406 2.211
-0.19139974 -0.048315406 2.211
-0.18754883 -0.048315406 2.211
-0.18369792 -0.048315406 2.211
-0.17984702 -0.048315406 2.211
-0.17599611 -0.048315406 2.211
-0.1721452 -0.048315406 2.211
-0.1682943 -0.048315406 2.211
-0.16444337 -0.048315406 2.211
-0.16059247 -0.048315406 2.211
-0.1572378 -0.048468374 2.2179999
-0.1533747 -0.048468374 2.2179999
-0.14951161 -0.048468374 2.2179999
-0.14564849 -0.048468374 2.2179999
-0.1417854 -0.048468374 2.2179999
-0.1379223 -0.048468374 2.2179999
-0.13405919 -0.048468374 2.2179999
-0.13019609 -0.048468374 2.2179999
-0.126333 -0.048468374 2.2179999
-0.12246989 -0.048468374 2.2179999
-0.11860679 -0.048468374 2.2179999
-0.11474369 -0.048468374 2.2179999
-0.11088059 -0.048468374 2.2179999
-0.10701749 -0.048468374 2.2179999
-0.10315439 -0.048468374 2.2179999
-0.099291287 -0.048468374 2.2179999
-0.095428191 -0.048468374 2.2179999
-0.091565087 -0.048468374 2.2179999
-0.087701984 -0.048468374 2.2179999
-0.083838888 -0.048468374 2.2179999
-0.079975784 -0.048468374 2.2179999
-0.07611268 -0.048468374 2.2179999
-0.072249584 -0.048468374 2.2179999
-0.06838648 -0.048468374 2.2179999
-0.064523384 -0.048468374 2.2179999
-0.06066028 -0.048468374 2.2179999
-0.05679718 -0.048468374 2.2179999
-0.052934077 -0.048468374 2.2179999
-0.049070977 -0.048468374 2.2179999
-0.045207877 -0.048468374 2.2179999
-0.041344777 -0.048468374 2.2179999
-0.037481673 -0.048468374 2.2179999
-0.033618573 -0.048468374 2.2179999
-0.029755473 -0.048468374 2.2179999
-0.025892371 -0.048468374 2.2179999
-0.022029271 -0.048468374 2.2179999
-0.01816617 -0.048468374 2.2179999
-0.01430307 -0.048468374 2.2179999
-0.01040702 -0.048315406 2.211
-0.0065561109 -0.048315406 2.211
-0.002705202 -0.048315406 2.211
0.0011457071 -0.048315406 2.211
0.0049966159 -0.048315406 2.211
0.0088475253 -0.048315406 2.211
0.012698434 -0.048315406 2.211
0.016549343 -0.048315406 2.211
0.020400252 -0.048315406 2.211
0.024251161 -0.048315406 2.211
0.02810207 -0.048315406 2.211
0.031952981 -0.048315406 2.211
0.035803888 -0.048315406 2.211
0.039654799 -0.048315406 2.211
0.043505706 -0.048315406 2.211
0.047356617 -0.048315406 2.211
0.051207524 -0.048315406 2.211
0.055058435 -0.048315406 2.211
0.058909342 -0.048315406 2.211
0.062760249 -0.048315406 2.211
0.066611163 -0.048315406 2.211
0.07046207 -0.048315406 2.211
0.074312977 -0.048315406 2.211
0.078163885 -0.048315406 2.211
0.082014799 -0.048315406 2.211
0.085865706 -0.048315406 2.211
0.089716613 -0.048315406 2.211
0.09356752 -0.048315406 2.211
0.097418435 -0.048315406 2.211
0.10094873 -0.048162442 2.204
0.10478744 -0.048162442 2.204
0.10862616 -0.048162442 2.204
0.11246487 -0.048162442 2.204
0.11630359 -0.048162442 2.204
0.12014231 -0.048162442 2.204
0.12398103 -0.048162442 2.204
0.12781975 -0.048162442 2.204
0.13165846 -0.048162442 2.204
0.13549718 -0.048162442 2.204
0.1393359 -0.048162442 2.204
0.14362934 -0.048315406 2.211
0.14748025 -0.048315406 2.211
0.15133116 -0.048315406 2.211
0.15518206 -0.048315406 2.211
0.15903297 -0.048315406 2.211
0.16288388 -0.048315406 2.211
0.1667348 -0.048315406 2.211
0.17058571 -0.048315406 2.211
0.17443661 -0.048315406 2.211
0.17828752 -0.048315406 2.211
0.18213843 -0.048315406 2.211
0.18598934 -0.048315406 2.211
0.18984024 -0.048315406 2.211
0.19369116 -0.048315406 2.211
0.19754207 -0.048315406 2.211
0.20139298 -0.048315406 2.211
0.20524389 -0.048315406 2.211
0.20909479 -0.048315406 2.211
0.2129457 -0.048315406 2.211
0.21679661 -0.048315406 2.211
-0.21766479 -0.044323724 2.204
-0.21382608 -0.044323724 2.204
-0.20998736 -0.044323724 2.204
-0.20614864 -0.044323724 2.204
-0.20230992 -0.044323724 2.204
-0.19910157 -0.044464499 2.211
-0.19525065 -0.044464499 2.211
-0.19139974 -0.044464499 2.211
-0.18754883 -0.044464499 2.211
-0.18369792 -0.044464499 2.211
-0.17984702 -0.044464499 2.211
-0.17599611 -0.044464499 2.211
-0.1721452 -0.044464499 2.211
-0.1682943 -0.044464499 2.211
-0.16444337 -0.044464499 2.211
-0.16110091 -0.04460527 2.2179999
-0.1572378 -0.04460527 2.2179999
-0.1533747 -0.04460527 2.2179999
-0.14951161 -0.04460527 2.2179999
-0.14564849 -0.04460527 2.2179999
-0.1417854 -0.04460527 2.2179999
-0.1379223 -0.04460527 2.2179999
-0.13405919 -0.04460527 2.2179999
-0.13019609 -0.04460527 2.2179999
-0.126333 -0.04460527 2.2179999
-0.12246989 -0.04460527 2.2179999
-0.11860679 -0.04460527 2.2179999
-0.11474369 -0.04460527 2.2179999
-0.11088059 -0.04460527 2.2179999
-0.10701749 -0.04460527 2.2179999
-0.10315439 -0.04460527 2.2179999
-0.099291287 -0.04460527 2.2179999
-0.095428191 -0.04460527 2.2179999
-0.091565087 -0.04460527 2.2179999
-0.087701984 -0.04460527 2.2179999
-0.083838888 -0.04460527 2.2179999
-0.079975784 -0.04460527 2.2179999
-0.07611268 -0.04460527 2.2179999
-0.072249584 -0.04460527 2.2179999
-0.06838648 -0.04460527 2.2179999
-0.064523384 -0.04460527 2.2179999
-0.06066028 -0.04460527 2.2179999
-0.05679718 -0.04460527 2.2179999
-0.052934077 -0.04460527 2.2179999
-0.049070977 -0.04460527 2.2179999
-0.045207877 -0.04460527 2.2179999
-0.041344777 -0.04460527 2.2179999
-0.037481673 -0.04460527 2.2179999
-0.033618573 -0.04460527 2.2179999
-0.029755473 -0.04460527 2.2179999
-0.025892371 -0.04460527 2.2179999
-0.022029271 -0.04460527 2.2179999
-0.018108837 -0.044464499 2.211
-0.014257929 -0.044464499 2.211
-0.01040702 -0.044464499 2.211
-0.0065561109 -0.044464499 2.211
-0.002705202 -0.044464499 2.211
0.0011457071 -0.044464499 2.211
0.0049966159 -0.044464499 2.211
0.0088475253 -0.044464499 2.211
0.012698434 -0.044464499 2.211
0.016549343 -0.044464499 2.211
0.020400252 -0.044464499 2.211
0.024251161 -0.044464499 2.211
0.02810207 -0.044464499 2.211
0.031952981 -0.044464499 2.211
0.035803888 -0.044464499 2.211
0.039654799 -0.044464499 2.211
0.043505706 -0.044464499 2.211
0.047506545 -0.04460527 2.2179999
0.051369645 -0.04460527 2.2179999
0.055058435 -0.044464499 2.211
0.058909342 -0.044464499 2.211
0.062760249 -0.044464499 2.211
0.066611163 -0.044464499 2.211
0.07046207 -0.044464499 2.211
0.074312977 -0.044464499 2.211
0.078163885 -0.044464499 2.211
0.082014799 -0.044464499 2.211
0.085865706 -0.044464499 2.211
0.089716613 -0.044464499 2.211
0.09356752 -0.044464499 2.211
0.097418435 -0.044464499 2.211
0.10094873 -0.044323724 2.204
0.10478744 -0.044323724 2.204
0.10862616 -0.044323724 2.204
0.11246487 -0.044323724 2.204
0.11630359 -0.044323724 2.204
0.12014231 -0.044323724 2.204
0.12398103 -0.044323724 2.204
0.12781975 -0.044323724 2.204
0.13165846 -0.044323724 2.204
0.13549718 -0.044323724 2.204
0.1393359 -0.044323724 2.204
0.14362934 -0.044464499 2.211
0.14748025 -0.044464499 2.211
0.15133116 -0.044464499 2.211
0.15518206 -0.044464499 2.211
0.15903297 -0.044464499 2.211
0.16288388 -0.044464499 2.211
0.1667348 -0.044464499 2.211
0.17058571 -0.044464499 2.211
0.17443661 -0.044464499 2.211
0.17828752 -0.044464499 2.211
0.18213843 -0.044464499 2.211
0.18598934 -0.044464499 2.211
0.18984024 -0.044464499 2.211
0.19369116 -0.044464499 2.211
0.19754207 -0.044464499 2.211
0.20139298 -0.044464499 2.211
0.20524389 -0.044464499 2.211
0.20909479 -0.044464499 2.211
0.2129457 -0.044464499 2.211
0.21679661 -0.044464499 2.211
-0.21766479 -0.040485006 2.204
-0.21382608 -0.040485006 2.204
-0.20998736 -0.040485006 2.204
-0.20614864 -0.040485006 2.204
-0.20230992 -0.040485006 2.204
-0.19910157 -0.040613588 2.211
-0.19525065 -0.040613588 2.211
-0.19139974 -0.040613588 2.211
-0.18754883 -0.040613588 2.211
-0.18369792 -0.040613588 2.211
-0.17984702 -0.040613588 2.211
-0.17599611 -0.040613588 2.211
-0.1721452 -0.040613588 2.211
-0.1682943 -0.040613588 2.211
-0.16496401 -0.04074217 2.2179999
-0.16110091 -0.04074217 2.2179999
-0.1572378 -0.04074217 2.2179999
-0.1533747 -0.04074217 2.2179999
-0.14951161 -0.04074217 2.2179999
-0.14564849 -0.04074217 2.2179999
-0.1417854 -0.04074217 2.2179999
-0.1379223 -0.04074217 2.2179999
-0.13405919 -0.04074217 2.2179999
-0.13019609 -0.04074217 2.2179999
-0.126333 -0.04074217 2.2179999
-0.12246989 -0.04074217 2.2179999
-0.11860679 -0.04074217 2.2179999
-0.11474369 -0.04074217 2.2179999
-0.11088059 -0.04074217 2.2179999
-0.10701749 -0.04074217 2.2179999
-0.10315439 -0.04074217 2.2179999
-0.099291287 -0.04074217 2.2179999
-0.095428191 -0.04074217 2.2179999
-0.091565087 -0.04074217 2.2179999
-0.087701984 -0.04074217 2.2179999
-0.083838888 -0.04074217 2.2179999
-0.079975784 -0.04074217 2.2179999
-0.07611268 -0.04074217 2.2179999
-0.072249584 -0.04074217 2.2179999
-0.06838648 -0.04074217 2.2179999
-0.064523384 -0.04074217 2.2179999
-0.06066028 -0.04074217 2.2179999
-0.05679718 -0.04074217 2.2179999
-0.052934077 -0.04074217 2.2179999
-0.049070977 -0.04074217 2.2179999
-0.045207877 -0.04074217 2.2179999
-0.041344777 -0.04074217 2.2179999
-0.037481673 -0.04074217 2.2179999
-0.033618573 -0.04074217 2.2179999
-0.029755473 -0.04074217 2.2179999
-0.025892371 -0.04074217 2.2179999
-0.021959746 -0.040613588 2.211
-0.018108837 -0.040613588 2.211
-0.014257929 -0.040613588 2.211
-0.01040702 -0.040613588 2.211
-0.0065561109 -0.040613588 2.211
-0.002705202 -0.040613588 2.211
0.0011457071 -0.040613588 2.211
0.0049966159 -0.040613588 2.211
0.0088475253 -0.040613588 2.211
0.012698434 -0.040613588 2.211
0.016549343 -0.040613588 2.211
0.020400252 -0.040613588 2.211
0.024327939 -0.04074217 2.2179999
0.028191041 -0.04074217 2.2179999
0.031952981 -0.040613588 2.211
0.035803888 -0.040613588 2.211
0.039780345 -0.04074217 2.2179999
0.043643445 -0.04074217 2.2179999
0.047506545 -0.04074217 2.2179999
0.051369645 -0.04074217 2.2179999
0.055232748 -0.04074217 2.2179999
0.059095848 -0.04074217 2.2179999
0.062958948 -0.04074217 2.2179999
0.066822052 -0.04074217 2.2179999
0.070685148 -0.04074217 2.2179999
0.074548252 -0.04074217 2.2179999
0.078163885 -0.040613588 2.211
0.082014799 -0.040613588 2.211
0.085865706 -0.040613588 2.211
0.089716613 -0.040613588 2.211
0.09356752 -0.040613588 2.211
0.097418435 -0.040613588 2.211
0.10094873 -0.040485006 2.204
0.10478744 -0.040485006 2.204
0.10862616 -0.040485006 2.204
0.11246487 -0.040485006 2.204
0.11630359 -0.040485006 2.204
0.12014231 -0.040485006 2.204
0.12398103 -0.040485006 2.204
0.12781975 -0.040485006 2.204
0.13165846 -0.040485006 2.204
0.13549718 -0.040485006 2.204
0.1393359 -0.040485006 2.204
0.14362934 -0.040613588 2.211
0.14748025 -0.040613588 2.211
0.15133116 -0.040613588 2.211
0.15518206 -0.040613588 2.211
0.15903297 -0.040613588 2.211
0.16288388 -0.040613588 2.211
0.1667348 -0.040613588 2.211
0.17058571 -0.040613588 2.211
0.17443661 -0.040613588 2.211
0.17828752 -0.040613588 2.211
0.18213843 -0.040613588 2.211
0.18598934 -0.040613588 2.211
0.18984024 -0.040613588 2.211
0.19369116 -0.040613588 2.211
0.19754207 -0.040613588 2.211
0.20139298 -0.040613588 2.211
0.20524389 -0.040613588 2.211
0.20909479 -0.040613588 2.211
0.2129457 -0.040613588 2.211
0.21679661 -0.040613588 2.211
-0.21766479 -0.036646292 2.204
-0.21382608 -0.036646292 2.204
-0.20998736 -0.036646292 2.204
-0.20614864 -0.036646292 2.204
-0.20230992 -0.036646292 2.204
-0.19910157 -0.036762681 2.211
-0.19525065 -0.036762681 2.211
-0.19139974 -0.036762681 2.211
-0.18754883 -0.036762681 2.211
-0.18369792 -0.036762681 2.211
-0.17984702 -0.036762681 2.211
-0.17599611 -0.036762681 2.211
-0.17269021 -0.03687907 2.2179999
-0.1688271 -0.03687907 2.2179999
-0.16496401 -0.03687907 2.2179999
-0.16110091 -0.03687907 2.2179999
-0.1572378 -0.03687907 2.2179999
-0.1533747 -0.03687907 2.2179999
-0.14951161 -0.03687907 2.2179999
-0.14564849 -0.03687907 2.2179999
-0.1417854 -0.03687907 2.2179999
-0.1379223 -0.03687907 2.2179999
-0.13405919 -0.03687907 2.2179999
-0.13019609 -0.03687907 2.2179999
-0.126333 -0.03687907 2.2179999
-0.12246989 -0.03687907 2.2179999
-0.11860679 -0.03687907 2.2179999
-0.11474369 -0.03687907 2.2179999
-0.11088059 -0.03687907 2.2179999
-0.10701749 -0.03687907 2.2179999
-0.10315439 -0.03687907 2.2179999
-0.099291287 -0.03687907 2.2179999
-0.095428191 -0.03687907 2.2179999
-0.091565087 -0.03687907 2.2179999
-0.087701984 -0.03687907 2.2179999
-0.083838888 -0.03687907 2.2179999
-0.079975784 -0.03687907 2.2179999
-0.07611268 -0.03687907 2.2179999
-0.072249584 -0.03687907 2.2179999
-0.06838648 -0.03687907 2.2179999
-0.064523384 -0.03687907 2.2179999
-0.06066028 -0.03687907 2.2179999
-0.05679718 -0.03687907 2.2179999
-0.052934077 -0.03687907 2.2179999
-0.049070977 -0.03687907 2.2179999
-0.045207877 -0.03687907 2.2179999
-0.041344777 -0.03687907 2.2179999
-0.037481673 -0.03687907 2.2179999
-0.033618573 -0.03687907 2.2179999
-0.029755473 -0.03687907 2.2179999
-0.025810655 -0.036762681 2.211
-0.021959746 -0.036762681 2.211
-0.018108837 -0.036762681 2.211
-0.014257929 -0.036762681 2.211
-0.01040702 -0.036762681 2.211
-0.0065561109 -0.036762681 2.211
-0.002705202 -0.036762681 2.211
0.0011457071 -0.036762681 2.211
0.0049966159 -0.036762681 2.211
0.0088475253 -0.036762681 2.211
0.012698434 -0.036762681 2.211
0.016549343 -0.036762681 2.211
0.020464839 -0.03687907 2.2179999
0.024327939 -0.03687907 2.2179999
0.028191041 -0.03687907 2.2179999
0.032054141 -0.03687907 2.2179999
0.035917241 -0.03687907 2.2179999
0.039780345 -0.03687907 2.2179999
0.043643445 -0.03687907 2.2179999
0.047506545 -0.03687907 2.2179999
0.051369645 -0.03687907 2.2179999
0.055232748 -0.03687907 2.2179999
0.059095848 -0.03687907 2.2179999
0.062958948 -0.03687907 2.2179999
0.066822052 -0.03687907 2.2179999
0.070685148 -0.03687907 2.2179999
0.074548252 -0.03687907 2.2179999
0.078411356 -0.03687907 2.2179999
0.082014799 -0.036762681 2.211
0.085865706 -0.036762681 2.211
0.089716613 -0.036762681 2.211
0.09356752 -0.036762681 2.211
0.097418435 -0.036762681 2.211
0.10094873 -0.036646292 2.204
0.10478744 -0.036646292 2.204
0.10862616 -0.036646292 2.204
0.11246487 -0.036646292 2.204
0.11630359 -0.036646292 2.204
0.12014231 -0.036646292 2.204
0.12398103 -0.036646292 2.204
0.12781975 -0.036646292 2.204
0.13165846 -0.036646292 2.204
0.13549718 -0.036646292 2.204
0.1393359 -0.036646292 2.204
0.14362934 -0.036762681 2.211
0.14748025 -0.036762681 2.211
0.15133116 -0.036762681 2.211
0.15518206 -0.036762681 2.211
0.15903297 -0.036762681 2.211
0.16288388 -0.036762681 2.211
0.1667348 -0.036762681 2.211
0.17058571 -0.036762681 2.211
0.17443661 -0.036762681 2.211
0.17828752 -0.036762681 2.211
0.18213843 -0.036762681 2.211
0.18598934 -0.036762681 2.211
0.18984024 -0.036762681 2.211
0.19369116 -0.036762681 2.211
0.19754207 -0.036762681 2.211
0.20139298 -0.036762681 2.211
0.20524389 -0.036762681 2.211
0.20909479 -0.036762681 2.211
0.2129457 -0.036762681 2.211
0.21679661 -0.036762681 2.211
-0.21766479 -0.032807574 2.204
-0.21382608 -0.032807574 2.204
-0.20998736 -0.032807574 2.204
-0.20614864 -0.032807574 2.204
-0.20295247 -0.03291177 2.211
-0.19910157 -0.03291177 2.211
-0.19525065 -0.03291177 2.211
-0.19139974 -0.03291177 2.211
-0.18814261 -0.03301597 2.2179999
-0.1842795 -0.03301597 2.2179999
-0.18041641 -0.03301597 2.2179999
-0.17655331 -0.03301597 2.2179999
-0.17269021 -0.03301597 2.2179999
-0.1688271 -0.03301597 2.2179999
-0.16496401 -0.03301597 2.2179999
-0.16110091 -0.03301597 2.2179999
-0.1572378 -0.03301597 2.2179999
-0.1533747 -0.03301597 2.2179999
-0.14951161 -0.03301597 2.2179999
-0.14564849 -0.03301597 2.2179999
-0.1417854 -0.03301597 2.2179999
-0.1379223 -0.03301597 2.2179999
-0.13405919 -0.03301597 2.2179999
-0.13019609 -0.03301597 2.2179999
-0.126333 -0.03301597 2.2179999
-0.12246989 -0.03301597 2.2179999
-0.11860679 -0.03301597 2.2179999
-0.11474369 -0.03301597 2.2179999
-0.11088059 -0.03301597 2.2179999
-0.10701749 -0.03301597 2.2179999
-0.10315439 -0.03301597 2.2179999
-0.099291287 -0.03301597 2.2179999
-0.095428191 -0.03301597 2.2179999
-0.091565087 -0.03301597 2.2179999
-0.087701984 -0.03301597 2.2179999
-0.083838888 -0.03301597 2.2179999
-0.079975784 -0.03301597 2.2179999
-0.07611268 -0.03301597 2.2179999
-0.072249584 -0.03301597 2.2179999
-0.06838648 -0.03301597 2.2179999
-0.064523384 -0.03301597 2.2179999
-0.06066028 -0.03301597 2.2179999
-0.05679718 -0.03301597 2.2179999
-0.052934077 -0.03301597 2.2179999
-0.049070977 -0.03301597 2.2179999
-0.045207877 -0.03301597 2.2179999
-0.041344777 -0.03301597 2.2179999
-0.037481673 -0.03301597 2.2179999
-0.033618573 -0.03301597 2.2179999
-0.029755473 -0.03301597 2.2179999
-0.025810655 -0.03291177 2.211
-0.021959746 -0.03291177 2.211
-0.018108837 -0.03291177 2.211
-0.014257929 -0.03291177 2.211
-0.01040702 -0.03291177 2.211
-0.0065561109 -0.03291177 2.211
-0.002705202 -0.03291177 2.211
0.0011457071 -0.03291177 2.211
0.0049966159 -0.03291177 2.211
0.0088475253 -0.03291177 2.211
0.012698434 -0.03291177 2.211
0.016601738 -0.03301597 2.2179999
0.020464839 -0.03301597 2.2179999
0.024327939 -0.03301597 2.2179999
0.028191041 -0.03301597 2.2179999
0.032054141 -0.03301597 2.2179999
0.035917241 -0.03301597 2.2179999
0.039780345 -0.03301597 2.2179999
0.043643445 -0.03301597 2.2179999
0.047506545 -0.03301597 2.2179999
0.051369645 -0.03301597 2.2179999
0.055232748 -0.03301597 2.2179999
0.059095848 -0.03301597 2.2179999
0.062958948 -0.03301597 2.2179999
0.066822052 -0.03301597 2.2179999
0.070685148 -0.03301597 2.2179999
0.074548252 -0.03301597 2.2179999
0.078411356 -0.03301597 2.2179999
0.082014799 -0.03291177 2.211
0.085865706 -0.03291177 2.211
0.089716613 -0.03291177 2.211
0.09356752 -0.03291177 2.211
0.097418435 -0.03291177 2.211
0.10126934 -0.03291177 2.211
0.10478744 -0.032807574 2.204
0.10862616 -0.032807574 2.204
0.11246487 -0.032807574 2.204
0.11630359 -0.032807574 2.204
0.12014231 -0.032807574 2.204
0.12398103 -0.032807574 2.204
0.12781975 -0.032807574 2.204
0.13165846 -0.032807574 2.204
0.13549718 -0.032807574 2.204
0.1393359 -0.032807574 2.204
0.14362934 -0.03291177 2.211
0.14748025 -0.03291177 2.211
0.15133116 -0.03291177 2.211
0.15518206 -0.03291177 2.211
0.15903297 -0.03291177 2.211
0.16288388 -0.03291177 2.211
0.1667348 -0.03291177 2.211
0.17058571 -0.03291177 2.211
0.17443661 -0.03291177 2.211
0.17828752 -0.03291177 2.211
0.18213843 -0.03291177 2.211
0.18598934 -0.03291177 2.211
0.18984024 -0.03291177 2.211
0.19369116 -0.03291177 2.211
0.19754207 -0.03291177 2.211
0.20139298 -0.03291177 2.211
0.20524389 -0.03291177 2.211
0.20909479 -0.03291177 2.211
0.2129457 -0.03291177 2.211
0.21679661 -0.03291177 2.211
-0.21766479 -0.028968856 2.204
-0.21382608 -0.028968856 2.204
-0.20998736 -0.028968856 2.204
-0.20680338 -0.029060861 2.211
-0.20295247 -0.029060861 2.211
-0.19910157 -0.029060861 2.211
-0.19525065 -0.029060861 2.211
-0.19200571 -0.029152868 2.2179999
-0.18814261 -0.029152868 2.2179999
-0.1842795 -0.029152868 2.2179999
-0.18041641 -0.029152868 2.2179999
-0.17655331 -0.029152868 2.2179999
-0.17269021 -0.029152868 2.2179999
-0.1688271 -0.029152868 2.2179999
-0.16496401 -0.029152868 2.2179999
-0.16110091 -0.029152868 2.2179999
-0.1572378 -0.029152868 2.2179999
-0.1533747 -0.029152868 2.2179999
-0.14951161 -0.029152868 2.2179999
-0.14564849 -0.029152868 2.2179999
-0.1417854 -0.029152868 2.2179999
-0.1379223 -0.029152868 2.2179999
-0.13405919 -0.029152868 2.2179999
-0.13019609 -0.029152868 2.2179999
-0.126333 -0.029152868 2.2179999
-0.12246989 -0.029152868 2.2179999
-0.11860679 -0.029152868 2.2179999
-0.11474369 -0.029152868 2.2179999
-0.11088059 -0.029152868 2.2179999
-0.10701749 -0.029152868 2.2179999
-0.10315439 -0.029152868 2.2179999
-0.099291287 -0.029152868 2.2179999
-0.095428191 -0.029152868 2.2179999
-0.091565087 -0.029152868 2.2179999
-0.087701984 -0.029152868 2.2179999
-0.083838888 -0.029152868 2.2179999
-0.079975784 -0.029152868 2.2179999
-0.07611268 -0.029152868 2.2179999
-0.072249584 -0.029152868 2.2179999
-0.06838648 -0.029152868 2.2179999
-0.064523384 -0.029152868 2.2179999
-0.06066028 -0.029152868 2.2179999
-0.05679718 -0.029152868 2.2179999
-0.052934077 -0.029152868 2.2179999
-0.049070977 -0.029152868 2.2179999
-0.045207877 -0.029152868 2.2179999
-0.041344777 -0.029152868 2.2179999
-0.037481673 -0.029152868 2.2179999
-0.033618573 -0.029152868 2.2179999
-0.029661564 -0.029060861 2.211
-0.025810655 -0.029060861 2.211
-0.021959746 -0.029060861 2.211
-0.018108837 -0.029060861 2.211
-0.014257929 -0.029060861 2.211
-0.01040702 -0.029060861 2.211
-0.0065561109 -0.029060861 2.211
-0.002705202 -0.029060861 2.211
0.0011457071 -0.029060861 2.211
0.0049966159 -0.029060861 2.211
0.0088475253 -0.029060861 2.211
0.012698434 -0.029060861 2.211
0.016601738 -0.029152868 2.2179999
0.020464839 -0.029152868 2.2179999
0.024327939 -0.029152868 2.2179999
0.028191041 -0.029152868 2.2179999
0.032054141 -0.029152868 2.2179999
0.035917241 -0.029152868 2.2179999
0.039780345 -0.029152868 2.2179999
0.043643445 -0.029152868 2.2179999
0.047506545 -0.029152868 2.2179999
0.051369645 -0.029152868 2.2179999
0.055232748 -0.029152868 2.2179999
0.059095848 -0.029152868 2.2179999
0.062958948 -0.029152868 2.2179999
0.066822052 -0.029152868 2.2179999
0.070685148 -0.029152868 2.2179999
0.074548252 -0.029152868 2.2179999
0.078411356 -0.029152868 2.2179999
0.082014799 -0.029060861 2.211
0.085865706 -0.029060861 2.211
0.089716613 -0.029060861 2.211
0.09356752 -0.029060861 2.211
0.097418435 -0.029060861 2.211
0.10126934 -0.029060861 2.211
0.10512025 -0.029060861 2.211
0.10897116 -0.029060861 2.211
0.11246487 -0.028968856 2.204
0.11630359 -0.028968856 2.204
0.12014231 -0.028968856 2.204
0.12398103 -0.028968856 2.204
0.12781975 -0.028968856 2.204
0.13165846 -0.028968856 2.204
0.13549718 -0.028968856 2.204
0.1393359 -0.028968856 2.204
0.14362934 -0.029060861 2.211
0.14701334 -0.028968856 2.204
0.15133116 -0.029060861 2.211
0.15518206 -0.029060861 2.211
0.15903297 -0.029060861 2.211
0.16288388 -0.029060861 2.211
0.1667348 -0.029060861 2.211
0.17058571 -0.029060861 2.211
0.17443661 -0.029060861 2.211
0.17828752 -0.029060861 2.211
0.18213843 -0.029060861 2.211
0.18598934 -0.029060861 2.211
0.18984024 -0.029060861 2.211
0.19369116 -0.029060861 2.211
0.19754207 -0.029060861 2.211
0.20139298 -0.029060861 2.211
0.20524389 -0.029060861 2.211
0.20909479 -0.029060861 2.211
0.2129457 -0.029060861 2.211
0.21679661 -0.029060861 2.211
-0.21766479 -0.025130138 2.204
-0.21382608 -0.025130138 2.204
-0.20998736 -0.025130138 2.204
-0.20680338 -0.025209952 2.211
-0.20295247 -0.025209952 2.211
-0.19910157 -0.025209952 2.211
-0.19586881 -0.025289766 2.2179999
-0.19200571 -0.025289766 2.2179999
-0.18814261 -0.025289766 2.2179999
-0.1842795 -0.025289766 2.2179999
-0.18041641 -0.025289766 2.2179999
-0.17655331 -0.025289766 2.2179999
-0.17269021 -0.025289766 2.2179999
-0.1688271 -0.025289766 2.2179999
-0.16496401 -0.025289766 2.2179999
-0.16110091 -0.025289766 2.2179999
-0.1572378 -0.025289766 2.2179999
-0.1533747 -0.025289766 2.2179999
-0.14951161 -0.025289766 2.2179999
-0.14518884 -0.025209952 2.211
-0.1417854 -0.025289766 2.2179999
-0.1379223 -0.025289766 2.2179999
-0.13405919 -0.025289766 2.2179999
-0.13019609 -0.025289766 2.2179999
-0.126333 -0.025289766 2.2179999
-0.12246989 -0.025289766 2.2179999
-0.11860679 -0.025289766 2.2179999
-0.11474369 -0.025289766 2.2179999
-0.11088059 -0.025289766 2.2179999
-0.10701749 -0.025289766 2.2179999
-0.10315439 -0.025289766 2.2179999
-0.099291287 -0.025289766 2.2179999
-0.095428191 -0.025289766 2.2179999
-0.091565087 -0.025289766 2.2179999
-0.087425202 -0.025209952 2.211
-0.083574288 -0.025209952 2.211
-0.079975784 -0.025289766 2.2179999
-0.07611268 -0.025289766 2.2179999
-0.072249584 -0.025289766 2.2179999
-0.06838648 -0.025289766 2.2179999
-0.064523384 -0.025289766 2.2179999
-0.06066028 -0.025289766 2.2179999
-0.05679718 -0.025289766 2.2179999
-0.052934077 -0.025289766 2.2179999
-0.049070977 -0.025289766 2.2179999
-0.045207877 -0.025289766 2.2179999
-0.041344777 -0.025289766 2.2179999
-0.037481673 -0.025289766 2.2179999
-0.033618573 -0.025289766 2.2179999
-0.029661564 -0.025209952 2.211
-0.025810655 -0.025209952 2.211
-0.021959746 -0.025209952 2.211
-0.018108837 -0.025209952 2.211
-0.014257929 -0.025209952 2.211
-0.01040702 -0.025209952 2.211
-0.0065561109 -0.025209952 2.211
-0.002705202 -0.025209952 2.211
0.0011457071 -0.025209952 2.211
0.0049966159 -0.025209952 2.211
0.0088475253 -0.025209952 2.211
0.012698434 -0.025209952 2.211
0.016601738 -0.025289766 2.2179999
0.020464839 -0.025289766 2.2179999
0.024327939 -0.025289766 2.2179999
0.028191041 -0.025289766 2.2179999
0.032054141 -0.025289766 2.2179999
0.035917241 -0.025289766 2.2179999
0.039780345 -0.025289766 2.2179999
0.043643445 -0.025289766 2.2179999
0.047506545 -0.025289766 2.2179999
0.051369645 -0.025289766 2.2179999
0.055232748 -0.025289766 2.2179999
0.059095848 -0.025289766 2.2179999
0.062958948 -0.025289766 2.2179999
0.066822052 -0.025289766 2.2179999
0.070685148 -0.025289766 2.2179999
0.074548252 -0.025289766 2.2179999
0.078411356 -0.025289766 2.2179999
0.082274452 -0.025289766 2.2179999
0.085865706 -0.025209952 2.211
0.089716613 -0.025209952 2.211
0.09356752 -0.025209952 2.211
0.097418435 -0.025209952 2.211
0.10126934 -0.025209952 2.211
0.10512025 -0.025209952 2.211
0.10897116 -0.025209952 2.211
0.11282207 -0.025209952 2.211
0.11667298 -0.025209952 2.211
0.12052388 -0.025209952 2.211
0.12398103 -0.025130138 2.204
0.1282257 -0.025209952 2.211
0.13165846 -0.025130138 2.204
0.13549718 -0.025130138 2.204
0.1393359 -0.025130138 2.204
0.14317462 -0.025130138 2.204
0.14701334 -0.025130138 2.204
0.15085205 -0.025130138 2.204
0.15518206 -0.025209952 2.211
0.15903297 -0.025209952 2.211
0.16288388 -0.025209952 2.211
0.1667348 -0.025209952 2.211
0.17058571 -0.025209952 2.211
0.17443661 -0.025209952 2.211
0.17828752 -0.025209952 2.211
0.18213843 -0.025209952 2.211
0.18598934 -0.025209952 2.211
0.18984024 -0.025209952 2.211
0.19369116 -0.025209952 2.211
0.19754207 -0.025209952 2.211
0.20139298 -0.025209952 2.211
0.20524389 -0.025209952 2.211
0.20909479 -0.025209952 2.211
0.2129457 -0.025209952 2.211
0.21679661 -0.025209952 2.211
-0.2183561 -0.021359043 2.211
-0.21382608 -0.021291422 2.204
-0.21065429 -0.021359043 2.211
-0.20680338 -0.021359043 2.211
-0.20295247 -0.021359043 2.211
-0.19910157 -0.021359043 2.211
-0.19586881 -0.021426667 2.2179999
-0.19200571 -0.021426667 2.2179999
-0.18814261 -0.021426667 2.2179999
-0.1842795 -0.021426667 2.2179999
-0.18041641 -0.021426667 2.2179999
-0.17655331 -0.021426667 2.2179999
-0.17269021 -0.021426667 2.2179999
-0.1688271 -0.021426667 2.2179999
-0.16496401 -0.021426667 2.2179999
-0.16110091 -0.021426667 2.2179999
-0.1572378 -0.021426667 2.2179999
-0.1533747 -0.021426667 2.2179999
-0.14903975 -0.021359043 2.211
-0.14518884 -0.021359043 2.211
-0.14133793 -0.021359043 2.211
-0.1379223 -0.021426667 2.2179999
-0.13405919 -0.021426667 2.2179999
-0.13019609 -0.021426667 2.2179999
-0.126333 -0.021426667 2.2179999
-0.12246989 -0.021426667 2.2179999
-0.11860679 -0.021426667 2.2179999
-0.11474369 -0.021426667 2.2179999
-0.11088059 -0.021426667 2.2179999
-0.10701749 -0.021426667 2.2179999
-0.10315439 -0.021426667 2.2179999
-0.098977923 -0.021359043 2.211
-0.095127016 -0.021359043 2.211
-0.091276109 -0.021359043 2.211
-0.087425202 -0.021359043 2.211
-0.083574288 -0.021359043 2.211
-0.079723381 -0.021359043 2.211
-0.07611268 -0.021426667 2.2179999
-0.072249584 -0.021426667 2.2179999
-0.06838648 -0.021426667 2.2179999
-0.064523384 -0.021426667 2.2179999
-0.06066028 -0.021426667 2.2179999
-0.05679718 -0.021426667 2.2179999
-0.052934077 -0.021426667 2.2179999
-0.049070977 -0.021426667 2.2179999
-0.045207877 -0.021426667 2.2179999
-0.041344777 -0.021426667 2.2179999
-0.037481673 -0.021426667 2.2179999
-0.033618573 -0.021426667 2.2179999
-0.029661564 -0.021359043 2.211
-0.025810655 -0.021359043 2.211
-0.021959746 -0.021359043 2.211
-0.018108837 -0.021359043 2.211
-0.014257929 -0.021359043 2.211
-0.01040702 -0.021359043 2.211
-0.0065561109 -0.021359043 2.211
-0.002705202 -0.021359043 2.211
0.0011457071 -0.021359043 2.211
0.0049966159 -0.021359043 2.211
0.0088475253 -0.021359043 2.211
0.012698434 -0.021359043 2.211
0.016601738 -0.021426667 2.2179999
0.020464839 -0.021426667 2.2179999
0.024327939 -0.021426667 2.2179999
0.028191041 -0.021426667 2.2179999
0.032054141 -0.021426667 2.2179999
0.035917241 -0.021426667 2.2179999
0.039780345 -0.021426667 2.2179999
0.043643445 -0.021426667 2.2179999
0.047506545 -0.021426667 2.2179999
0.051369645 -0.021426667 2.2179999
0.055232748 -0.021426667 2.2179999
0.059095848 -0.021426667 2.2179999
0.062958948 -0.021426667 2.2179999
0.066822052 -0.021426667 2.2179999
0.070685148 -0.021426667 2.2179999
0.074548252 -0.021426667 2.2179999
0.078411356 -0.021426667 2.2179999
0.082274452 -0.021426667 2.2179999
0.085865706 -0.021359043 2.211
0.089716613 -0.021359043 2.211
0.09356752 -0.021359043 2.211
0.097418435 -0.021359043 2.211
0.10126934 -0.021359043 2.211
0.10512025 -0.021359043 2.211
0.10897116 -0.021359043 2.211
0.11282207 -0.021359043 2.211
0.11667298 -0.021359043 2.211
0.12052388 -0.021359043 2.211
0.12437479 -0.021359043 2.211
0.1282257 -0.021359043 2.211
0.13207661 -0.021359043 2.211
0.13549718 -0.021291422 2.204
0.1393359 -0.021291422 2.204
0.14317462 -0.021291422 2.204
0.14701334 -0.021291422 2.204
0.15085205 -0.021291422 2.204
0.15469076 -0.021291422 2.204
0.15852948 -0.021291422 2.204
0.16236819 -0.021291422 2.204
0.1667348 -0.021359043 2.211
0.17058571 -0.021359043 2.211
0.17443661 -0.021359043 2.211
0.17828752 -0.021359043 2.211
0.18213843 -0.021359043 2.211
0.18598934 -0.021359043 2.211
0.18984024 -0.021359043 2.211
0.19369116 -0.021359043 2.211
0.19754207 -0.021359043 2.211
0.20139298 -0.021359043 2.211
0.20524389 -0.021359043 2.211
0.20909479 -0.021359043 2.211
0.2129457 -0.021359043 2.211
0.21679661 -0.021359043 2.211
-0.2183561 -0.017508134 2.211
-0.2145052 -0.017508134 2.211
-0.21065429 -0.017508134 2.211
-0.20680338 -0.017508134 2.211
-0.20295247 -0.017508134 2.211
-0.19910157 -0.017508134 2.211
-0.19586881 -0.017563565 2.2179999
-0.19200571 -0.017563565 2.2179999
-0.18814261 -0.017563565 2.2179999
-0.1842795 -0.017563565 2.2179999
-0.18041641 -0.017563565 2.2179999
-0.17655331 -0.017563565 2.2179999
-0.17269021 -0.017563565 2.2179999
-0.1688271 -0.017563565 2.2179999
-0.16496401 -0.017563565 2.2179999
-0.16110091 -0.017563565 2.2179999
-0.1572378 -0.017563565 2.2179999
-0.15289065 -0.017508134 2.211
-0.14903975 -0.017508134 2.211
-0.14518884 -0.017508134 2.211
-0.14133793 -0.017508134 2.211
-0.13748702 -0.017508134 2.211
-0.1336361 -0.017508134 2.211
-0.13019609 -0.017563565 2.2179999
-0.126333 -0.017563565 2.2179999
-0.12246989 -0.017563565 2.2179999
-0.11860679 -0.017563565 2.2179999
-0.11474369 -0.017563565 2.2179999
-0.11053065 -0.017508134 2.211
-0.10667975 -0.017508134 2.211
-0.10315439 -0.017563565 2.2179999
-0.098977923 -0.017508134 2.211
-0.095127016 -0.017508134 2.211
-0.091276109 -0.017508134 2.211
-0.087425202 -0.017508134 2.211
-0.083574288 -0.017508134 2.211
-0.079723381 -0.017508134 2.211
-0.075872473 -0.017508134 2.211
-0.072249584 -0.017563565 2.2179999
-0.06838648 -0.017563565 2.2179999
-0.064523384 -0.017563565 2.2179999
-0.06066028 -0.017563565 2.2179999
-0.05679718 -0.017563565 2.2179999
-0.052934077 -0.017563565 2.2179999
-0.049070977 -0.017563565 2.2179999
-0.045207877 -0.017563565 2.2179999
-0.041344777 -0.017563565 2.2179999
-0.037481673 -0.017563565 2.2179999
-0.033512473 -0.017508134 2.211
-0.029661564 -0.017508134 2.211
-0.025810655 -0.017508134 2.211
-0.021959746 -0.017508134 2.211
-0.018108837 -0.017508134 2.211
-0.014257929 -0.017508134 2.211
-0.01040702 -0.017508134 2.211
-0.0065561109 -0.017508134 2.211
-0.002705202 -0.017508134 2.211
0.0011457071 -0.017508134 2.211
0.0049966159 -0.017508134 2.211
0.0088475253 -0.017508134 2.211
0.012698434 -0.017508134 2.211
0.016549343 -0.017508134 2.211
0.020464839 -0.017563565 2.2179999
0.024327939 -0.017563565 2.2179999
0.028191041 -0.017563565 2.2179999
0.032054141 -0.017563565 2.2179999
0.035917241 -0.017563565 2.2179999
0.039780345 -0.017563565 2.2179999
0.043643445 -0.017563565 2.2179999
0.047506545 -0.017563565 2.2179999
0.051369645 -0.017563565 2.2179999
0.055232748 -0.017563565 2.2179999
0.059095848 -0.017563565 2.2179999
0.062958948 -0.017563565 2.2179999
0.066822052 -0.017563565 2.2179999
0.070685148 -0.017563565 2.2179999
0.074548252 -0.017563565 2.2179999
0.078411356 -0.017563565 2.2179999
0.082014799 -0.017508134 2.211
0.085865706 -0.017508134 2.211
0.089716613 -0.017508134 2.211
0.09356752 -0.017508134 2.211
0.097418435 -0.017508134 2.211
0.10126934 -0.017508134 2.211
0.10512025 -0.017508134 2.211
0.10897116 -0.017508134 2.211
0.11282207 -0.017508134 2.211
0.11667298 -0.017508134 2.211
0.12052388 -0.017508134 2.211
0.12437479 -0.017508134 2.211
0.1282257 -0.017508134 2.211
0.13207661 -0.017508134 2.211
0.13592753 -0.017508134 2.211
0.1393359 -0.017452704 2.204
0.14317462 -0.017452704 2.204
0.14701334 -0.017452704 2.204
0.15085205 -0.017452704 2.204
0.15469076 -0.017452704 2.204
0.15852948 -0.017452704 2.204
0.16236819 -0.017452704 2.204
0.16620691 -0.017452704 2.204
0.17058571 -0.017508134 2.211
0.17443661 -0.017508134 2.211
0.17828752 -0.017508134 2.211
0.18213843 -0.017508134 2.211
0.18598934 -0.017508134 2.211
0.18984024 -0.017508134 2.211
0.19369116 -0.017508134 2.211
0.19754207 -0.017508134 2.211
0.20139298 -0.017508134 2.211
0.20524389 -0.017508134 2.211
0.20909479 -0.017508134 2.211
0.2129457 -0.017508134 2.211
0.21679661 -0.017508134 2.211
-0.2183561 -0.013657225 2.211
-0.2145052 -0.013657225 2.211
-0.21065429 -0.013657225 2.211
-0.20680338 -0.013657225 2.211
-0.20295247 -0.013657225 2.211
-0.19910157 -0.013657225 2.211
-0.19586881 -0.013700464 2.2179999
-0.19200571 -0.013700464 2.2179999
-0.18814261 -0.013700464 2.2179999
-0.1842795 -0.013700464 2.2179999
-0.18041641 -0.013700464 2.2179999
-0.17655331 -0.013700464 2.2179999
-0.17269021 -0.013700464 2.2179999
-0.1688271 -0.013700464 2.2179999
-0.16496401 -0.013700464 2.2179999
-0.16110091 -0.013700464 2.2179999
-0.15674156 -0.013657225 2.211
-0.15289065 -0.013657225 2.211
-0.14903975 -0.013657225 2.211
-0.14518884 -0.013657225 2.211
-0.14133793 -0.013657225 2.211
-0.13748702 -0.013657225 2.211
-0.1336361 -0.013657225 2.211
-0.12978519 -0.013657225 2.211
-0.12593429 -0.013657225 2.211
-0.12208338 -0.013657225 2.211
-0.11823247 -0.013657225 2.211
-0.11438157 -0.013657225 2.211
-0.11053065 -0.013657225 2.211
-0.10667975 -0.013657225 2.211
-0.10282884 -0.013657225 2.211
-0.098977923 -0.013657225 2.211
-0.095127016 -0.013657225 2.211
-0.091276109 -0.013657225 2.211
-0.087425202 -0.013657225 2.211
-0.083574288 -0.013657225 2.211
-0.079723381 -0.013657225 2.211
-0.075872473 -0.013657225 2.211
-0.072021566 -0.013657225 2.211
-0.06838648 -0.013700464 2.2179999
-0.064523384 -0.013700464 2.2179999
-0.06066028 -0.013700464 2.2179999
-0.05679718 -0.013700464 2.2179999
-0.052934077 -0.013700464 2.2179999
-0.049070977 -0.013700464 2.2179999
-0.045207877 -0.013700464 2.2179999
-0.041214291 -0.013657225 2.211
-0.037363384 -0.013657225 2.211
-0.033512473 -0.013657225 2.211
-0.029661564 -0.013657225 2.211
-0.025810655 -0.013657225 2.211
-0.021959746 -0.013657225 2.211
-0.018108837 -0.013657225 2.211
-0.014257929 -0.013657225 2.211
-0.01040702 -0.013657225 2.211
-0.0065561109 -0.013657225 2.211
-0.002705202 -0.013657225 2.211
0.0011457071 -0.013657225 2.211
0.0049966159 -0.013657225 2.211
0.0088475253 -0.013657225 2.211
0.012698434 -0.013657225 2.211
0.016601738 -0.013700464 2.2179999
0.020464839 -0.013700464 2.2179999
0.024327939 -0.013700464 2.2179999
0.028191041 -0.013700464 2.2179999
0.032054141 -0.013700464 2.2179999
0.035917241 -0.013700464 2.2179999
0.039780345 -0.013700464 2.2179999
0.043643445 -0.013700464 2.2179999
0.047506545 -0.013700464 2.2179999
0.051369645 -0.013700464 2.2179999
0.055232748 -0.013700464 2.2179999
0.059095848 -0.013700464 2.2179999
0.062958948 -0.013700464 2.2179999
0.066822052 -0.013700464 2.2179999
0.070685148 -0.013700464 2.2179999
0.074548252 -0.013700464 2.2179999
0.078411356 -0.013700464 2.2179999
0.082274452 -0.013700464 2.2179999
0.085865706 -0.013657225 2.211
0.089716613 -0.013657225 2.211
0.09356752 -0.013657225 2.211
0.097418435 -0.013657225 2.211
0.10126934 -0.013657225 2.211
0.10512025 -0.013657225 2.211
0.10897116 -0.013657225 2.211
0.11282207 -0.013657225 2.211
0.11667298 -0.013657225 2.211
0.12052388 -0.013657225 2.211
0.12437479 -0.013657225 2.211
0.1282257 -0.013657225 2.211
0.13207661 -0.013657225 2.211
0.13592753 -0.013657225 2.211
0.1393359 -0.013613987 2.204
0.14317462 -0.013613987 2.204
0.14701334 -0.013613987 2.204
0.15085205 -0.013613987 2.204
0.15469076 -0.013613987 2.204
0.15852948 -0.013613987 2.204
0.16236819 -0.013613987 2.204
0.16620691 -0.013613987 2.204
0.17058571 -0.013657225 2.211
0.17443661 -0.013657225 2.211
0.17828752 -0.013657225 2.211
0.18213843 -0.013657225 2.211
0.18598934 -0.013657225 2.211
0.18984024 -0.013657225 2.211
0.19369116 -0.013657225 2.211
0.19754207 -0.013657225 2.211
0.20139298 -0.013657225 2.211
0.20524389 -0.013657225 2.211
0.20909479 -0.013657225 2.211
0.2129457 -0.013657225 2.211
0.21679661 -0.013657225 2.211
-0.2183561 -0.0098063163 2.211
-0.2145052 -0.0098063163 2.211
-0.21065429 -0.0098063163 2.211
-0.20680338 -0.0098063163 2.211
-0.20295247 -0.0098063163 2.211
-0.19910157 -0.0098063163 2.211
-0.19586881 -0.0098373629 2.2179999
-0.19200571 -0.0098373629 2.2179999
-0.18814261 -0.0098373629 2.2179999
-0.1842795 -0.0098373629 2.2179999
-0.18041641 -0.0098373629 2.2179999
-0.17655331 -0.0098373629 2.2179999
-0.17269021 -0.0098373629 2.2179999
-0.1688271 -0.0098373629 2.2179999
-0.16496401 -0.0098373629 2.2179999
-0.16110091 -0.0098373629 2.2179999
-0.1572378 -0.0098373629 2.2179999
-0.15289065 -0.0098063163 2.211
-0.14903975 -0.0098063163 2.211
-0.14518884 -0.0098063163 2.211
-0.14133793 -0.0098063163 2.211
-0.13748702 -0.0098063163 2.211
-0.1336361 -0.0098063163 2.211
-0.12978519 -0.0098063163 2.211
-0.12593429 -0.0098063163 2.211
-0.12208338 -0.0098063163 2.211
-0.11823247 -0.0098063163 2.211
-0.11438157 -0.0098063163 2.211
-0.11053065 -0.0098063163 2.211
-0.10667975 -0.0098063163 2.211
-0.10282884 -0.0098063163 2.211
-0.098977923 -0.0098063163 2.211
-0.095127016 -0.0098063163 2.211
-0.091276109 -0.0098063163 2.211
-0.087425202 -0.0098063163 2.211
-0.083574288 -0.0098063163 2.211
-0.079723381 -0.0098063163 2.211
-0.075872473 -0.0098063163 2.211
-0.072021566 -0.0098063163 2.211
-0.06838648 -0.0098373629 2.2179999
-0.064523384 -0.0098373629 2.2179999
-0.06066028 -0.0098373629 2.2179999
-0.05679718 -0.0098373629 2.2179999
-0.052934077 -0.0098373629 2.2179999
-0.048916109 -0.0098063163 2.211
-0.045065202 -0.0098063163 2.211
-0.041214291 -0.0098063163 2.211
-0.037363384 -0.0098063163 2.211
-0.033512473 -0.0098063163 2.211
-0.029661564 -0.0098063163 2.211
-0.025810655 -0.0098063163 2.211
-0.021959746 -0.0098063163 2.211
-0.018108837 -0.0098063163 2.211
-0.014257929 -0.0098063163 2.211
-0.01040702 -0.0098063163 2.211
-0.0065561109 -0.0098063163 2.211
-0.002705202 -0.0098063163 2.211
0.0011457071 -0.0098063163 2.211
0.0049966159 -0.0098063163 2.211
0.0088475253 -0.0098063163 2.211
0.012698434 -0.0098063163 2.211
0.016601738 -0.0098373629 2.2179999
0.020464839 -0.0098373629 2.2179999
0.024327939 -0.0098373629 2.2179999
0.028191041 -0.0098373629 2.2179999
0.032054141 -0.0098373629 2.2179999
0.035917241 -0.0098373629 2.2179999
0.039780345 -0.0098373629 2.2179999
0.043643445 -0.0098373629 2.2179999
0.047506545 -0.0098373629 2.2179999
0.051369645 -0.0098373629 2.2179999
0.055232748 -0.0098373629 2.2179999
0.059095848 -0.0098373629 2.2179999
0.062958948 -0.0098373629 2.2179999
0.066822052 -0.0098373629 2.2179999
0.070685148 -0.0098373629 2.2179999
0.074548252 -0.0098373629 2.2179999
0.078411356 -0.0098373629 2.2179999
0.082014799 -0.0098063163 2.211
0.085865706 -0.0098063163 2.211
0.089716613 -0.0098063163 2.211
0.09356752 -0.0098063163 2.211
0.097418435 -0.0098063163 2.211
0.10126934 -0.0098063163 2.211
0.10512025 -0.0098063163 2.211
0.10897116 -0.0098063163 2.211
0.11282207 -0.0098063163 2.211
0.11667298 -0.0098063163 2.211
0.12052388 -0.0098063163 2.211
0.12437479 -0.0098063163 2.211
0.1282257 -0.0098063163 2.211
0.13207661 -0.0098063163 2.211
0.13592753 -0.0098063163 2.211
0.1393359 -0.0097752698 2.204
0.14317462 -0.0097752698 2.204
0.14701334 -0.0097752698 2.204
0.15085205 -0.0097752698 2.204
0.15469076 -0.0097752698 2.204
0.15852948 -0.0097752698 2.204
0.16236819 -0.0097752698 2.204
0.16620691 -0.0097752698 2.204
0.17004563 -0.0097752698 2.204
0.17443661 -0.0098063163 2.211
0.17828752 -0.0098063163 2.211
0.18213843 -0.0098063163 2.211
0.18598934 -0.0098063163 2.211
0.18984024 -0.0098063163 2.211
0.19369116 -0.0098063163 2.211
0.19754207 -0.0098063163 2.211
0.20139298 -0.0098063163 2.211
0.20524389 -0.0098063163 2.211
0.20909479 -0.0098063163 2.211
0.2129457 -0.0098063163 2.211
0.21679661 -0.0098063163 2.211
-0.2183561 -0.0059554079 2.211
-0.2145052 -0.0059554079 2.211
-0.21065429 -0.0059554079 2.211
-0.20680338 -0.0059554079 2.211
-0.20295247 -0.0059554079 2.211
-0.19910157 -0.0059554079 2.211
-0.19586881 -0.0059742625 2.2179999
-0.19200571 -0.0059742625 2.2179999
-0.18814261 -0.0059742625 2.2179999
-0.1842795 -0.0059742625 2.2179999
-0.18041641 -0.0059742625 2.2179999
-0.17655331 -0.0059742625 2.2179999
-0.17269021 -0.0059742625 2.2179999
-0.1688271 -0.0059742625 2.2179999
-0.16496401 -0.0059742625 2.2179999
-0.16110091 -0.0059742625 2.2179999
-0.1572378 -0.0059742625 2.2179999
-0.15289065 -0.0059554079 2.211
-0.14903975 -0.0059554079 2.211
-0.14518884 -0.0059554079 2.211
-0.14133793 -0.0059554079 2.211
-0.13748702 -0.0059554079 2.211
-0.1336361 -0.0059554079 2.211
-0.12978519 -0.0059554079 2.211
-0.12593429 -0.0059554079 2.211
-0.12208338 -0.0059554079 2.211
-0.11823247 -0.0059554079 2.211
-0.11438157 -0.0059554079 2.211
-0.11053065 -0.0059554079 2.211
-0.10667975 -0.0059554079 2.211
-0.10282884 -0.0059554079 2.211
-0.098977923 -0.0059554079 2.211
-0.095127016 -0.0059554079 2.211
-0.091276109 -0.0059554079 2.211
-0.087425202 -0.0059554079 2.211
-0.083574288 -0.0059554079 2.211
-0.079723381 -0.0059554079 2.211
-0.075872473 -0.0059554079 2.211
-0.072021566 -0.0059554079 2.211
-0.068170652 -0.0059554079 2.211
-0.064319745 -0.0059554079 2.211
-0.060468838 -0.0059554079 2.211
-0.056617927 -0.0059554079 2.211
-0.05276702 -0.0059554079 2.211
-0.048916109 -0.0059554079 2.211
-0.045065202 -0.0059554079 2.211
-0.041214291 -0.0059554079 2.211
-0.037363384 -0.0059554079 2.211
-0.033512473 -0.0059554079 2.211
-0.029661564 -0.0059554079 2.211
-0.025810655 -0.0059554079 2.211
-0.021959746 -0.0059554079 2.211
-0.018108837 -0.0059554079 2.211
-0.014257929 -0.0059554079 2.211
-0.01040702 -0.0059554079 2.211
-0.0065561109 -0.0059554079 2.211
-0.002705202 -0.0059554079 2.211
0.0011457071 -0.0059554079 2.211
0.0049966159 -0.0059554079 2.211
0.0088475253 -0.0059554079 2.211
0.012698434 -0.0059554079 2.211
0.016601738 -0.0059742625 2.2179999
0.020464839 -0.0059742625 2.2179999
0.024327939 -0.0059742625 2.2179999
0.028191041 -0.0059742625 2.2179999
0.032054141 -0.0059742625 2.2179999
0.035917241 -0.0059742625 2.2179999
0.039780345 -0.0059742625 2.2179999
0.043643445 -0.0059742625 2.2179999
0.047506545 -0.0059742625 2.2179999
0.051369645 -0.0059742625 2.2179999
0.055232748 -0.0059742625 2.2179999
0.059095848 -0.0059742625 2.2179999
0.062958948 -0.0059742625 2.2179999
0.066822052 -0.0059742625 2.2179999
0.070685148 -0.0059742625 2.2179999
0.074548252 -0.0059742625 2.2179999
0.078411356 -0.0059742625 2.2179999
0.082014799 -0.0059554079 2.211
0.085865706 -0.0059554079 2.211
0.089716613 -0.0059554079 2.211
0.09356752 -0.0059554079 2.211
0.097418435 -0.0059554079 2.211
0.10126934 -0.0059554079 2.211
0.10512025 -0.0059554079 2.211
0.10897116 -0.0059554079 2.211
0.11282207 -0.0059554079 2.211
0.11667298 -0.0059554079 2.211
0.12052388 -0.0059554079 2.211
0.12437479 -0.0059554079 2.211
0.1282257 -0.0059554079 2.211
0.13207661 -0.0059554079 2.211
0.13592753 -0.0059554079 2.211
0.1393359 -0.0059365528 2.204
0.14317462 -0.0059365528 2.204
0.14701334 -0.0059365528 2.204
0.15085205 -0.0059365528 2.204
0.15469076 -0.0059365528 2.204
0.15852948 -0.0059365528 2.204
0.16236819 -0.0059365528 2.204
0.16620691 -0.0059365528 2.204
0.17004563 -0.0059365528 2.204
0.17443661 -0.0059554079 2.211
0.17828752 -0.0059554079 2.211
0.18213843 -0.0059554079 2.211
0.18598934 -0.0059554079 2.211
0.18984024 -0.0059554079 2.211
0.19369116 -0.0059554079 2.211
0.19754207 -0.0059554079 2.211
0.20139298 -0.0059554079 2.211
0.20524389 -0.0059554079 2.211
0.20909479 -0.0059554079 2.211
0.2129457 -0.0059554079 2.211
0.21679661 -0.0059554079 2.211
0.21994896 -0.0059365528 2.204
-0.2183561 -0.0021044987 2.211
-0.2145052 -0.0021044987 2.211
-0.21065429 -0.0021044987 2.211
-0.20680338 -0.0021044987 2.211
-0.20295247 -0.0021044987 2.211
-0.19910157 -0.0021044987 2.211
-0.19586881 -0.0021111614 2.2179999
-0.19200571 -0.0021111614 2.2179999
-0.18814261 -0.0021111614 2.2179999
-0.18494418 -0.0021187763 2.2260001
-0.18106715 -0.0021187763 2.2260001
-0.17655331 -0.0021111614 2.2179999
-0.17269021 -0.0021111614 2.2179999
-0.1688271 -0.0021111614 2.2179999
-0.16496401 -0.0021111614 2.2179999
-0.16110091 -0.0021111614 2.2179999
-0.1572378 -0.0021111614 2.2179999
-0.15289065 -0.0021044987 2.211
-0.14903975 -0.0021044987 2.211
-0.14518884 -0.0021044987 2.211
-0.14133793 -0.0021044987 2.211
-0.13748702 -0.0021044987 2.211
-0.1336361 -0.0021044987 2.211
-0.12978519 -0.0021044987 2.211
-0.12593429 -0.0021044987 2.211
-0.12208338 -0.0021044987 2.211
-0.11823247 -0.0021044987 2.211
-0.11438157 -0.0021044987 2.211
-0.11053065 -0.0021044987 2.211
-0.10667975 -0.0021044987 2.211
-0.10282884 -0.0021044987 2.211
-0.098977923 -0.0021044987 2.211
-0.095127016 -0.0021044987 2.211
-0.091276109 -0.0021044987 2.211
-0.087425202 -0.0021044987 2.211
-0.083574288 -0.0021044987 2.211
-0.079723381 -0.0021044987 2.211
-0.075872473 -0.0021044987 2.211
-0.072021566 -0.0021044987 2.211
-0.068170652 -0.0021044987 2.211
-0.064319745 -0.0021044987 2.211
-0.060468838 -0.0021044987 2.211
-0.056617927 -0.0021044987 2.211
-0.05276702 -0.0021044987 2.211
-0.048916109 -0.0021044987 2.211
-0.045065202 -0.0021044987 2.211
-0.041214291 -0.0021044987 2.211
-0.037363384 -0.0021044987 2.211
-0.033512473 -0.0021044987 2.211
-0.029661564 -0.0021044987 2.211
-0.025810655 -0.0021044987 2.211
-0.021959746 -0.0021044987 2.211
-0.018108837 -0.0021044987 2.211
-0.014257929 -0.0021044987 2.211
-0.010439969 -0.0021111614 2.2179999
-0.0065768673 -0.0021111614 2.2179999
-0.0027137666 -0.0021111614 2.2179999
0.0011457071 -0.0021044987 2.211
0.0049966159 -0.0021044987 2.211
0.0088475253 -0.0021044987 2.211
0.012738637 -0.0021111614 2.2179999
0.016601738 -0.0021111614 2.2179999
0.020464839 -0.0021111614 2.2179999
0.024327939 -0.0021111614 2.2179999
0.028191041 -0.0021111614 2.2179999
0.032054141 -0.0021111614 2.2179999
0.035917241 -0.0021111614 2.2179999
0.039780345 -0.0021111614 2.2179999
0.043643445 -0.0021111614 2.2179999
0.047506545 -0.0021111614 2.2179999
0.051369645 -0.0021111614 2.2179999
0.055232748 -0.0021111614 2.2179999
0.059095848 -0.0021111614 2.2179999
0.062958948 -0.0021111614 2.2179999
0.066822052 -0.0021111614 2.2179999
0.070685148 -0.0021111614 2.2179999
0.074548252 -0.0021111614 2.2179999
0.078163885 -0.0021044987 2.211
0.082014799 -0.0021044987 2.211
0.085865706 -0.0021044987 2.211
0.089716613 -0.0021044987 2.211
0.09356752 -0.0021044987 2.211
0.097418435 -0.0021044987 2.211
0.10126934 -0.0021044987 2.211
0.10512025 -0.0021044987 2.211
0.10897116 -0.0021044987 2.211
0.11282207 -0.0021044987 2.211
0.11667298 -0.0021044987 2.211
0.12052388 -0.0021044987 2.211
0.12437479 -0.0021044987 2.211
0.1282257 -0.0021044987 2.211
0.13207661 -0.0021044987 2.211
0.13592753 -0.0021044987 2.211
0.1393359 -0.0020978358 2.204
0.14317462 -0.0020978358 2.204
0.14701334 -0.0020978358 2.204
0.15085205 -0.0020978358 2.204
0.15469076 -0.0020978358 2.204
0.15852948 -0.0020978358 2.204
0.16236819 -0.0020978358 2.204
0.16620691 -0.0020978358 2.204
0.17004563 -0.0020978358 2.204
0.17443661 -0.0021044987 2.211
0.17828752 -0.0021044987 2.211
0.18213843 -0.0021044987 2.211
0.18598934 -0.0021044987 2.211
0.18984024 -0.0021044987 2.211
0.19369116 -0.0021044987 2.211
0.19754207 -0.0021044987 2.211
0.20139298 -0.0021044987 2.211
0.20524389 -0.0021044987 2.211
0.20909479 -0.0021044987 2.211
0.2129457 -0.0021044987 2.211
0.21679661 -0.0021044987 2.211
0.21994896 -0.0020978358 2.204
-0.2183561 0.0017464104 2.211
-0.2145052 0.0017464104 2.211
-0.21065429 0.0017464104 2.211
-0.20680338 0.0017464104 2.211
-0.20295247 0.0017464104 2.211
-0.19973192 0.0017519394 2.2179999
-0.19586881 0.0017519394 2.2179999
-0.19200571 0.0017519394 2.2179999
-0.18814261 0.0017519394 2.2179999
-0.18494418 0.0017582586 2.2260001
-0.18106715 0.0017582586 2.2260001
-0.17655331 0.0017519394 2.2179999
-0.17269021 0.0017519394 2.2179999
-0.1688271 0.0017519394 2.2179999
-0.16496401 0.0017519394 2.2179999
-0.16110091 0.0017519394 2.2179999
-0.1572378 0.0017519394 2.2179999
-0.1533747 0.0017519394 2.2179999
-0.14903975 0.0017464104 2.211
-0.14518884 0.0017464104 2.211
-0.14133793 0.0017464104 2.211
-0.13748702 0.0017464104 2.211
-0.1336361 0.0017464104 2.211
-0.12978519 0.0017464104 2.211
-0.12593429 0.0017464104 2.211
-0.12208338 0.0017464104 2.211
-0.11823247 0.0017464104 2.211
-0.11438157 0.0017464104 2.211
-0.11053065 0.0017464104 2.211
-0.10667975 0.0017464104 2.211
-0.10282884 0.0017464104 2.211
-0.098977923 0.0017464104 2.211
-0.095127016 0.0017464104 2.211
-0.091276109 0.0017464104 2.211
-0.087425202 0.0017464104 2.211
-0.083574288 0.0017464104 2.211
-0.079723381 0.0017464104 2.211
-0.075872473 0.0017464104 2.211
-0.072021566 0.0017464104 2.211
-0.06838648 0.0017519394 2.2179999
-0.064523384 0.0017519394 2.2179999
-0.060468838 0.0017464104 2.211
-0.056617927 0.0017464104 2.211
-0.05276702 0.0017464104 2.211
-0.048916109 0.0017464104 2.211
-0.045065202 0.0017464104 2.211
-0.041214291 0.0017464104 2.211
-0.037363384 0.0017464104 2.211
-0.033512473 0.0017464104 2.211
-0.029661564 0.0017464104 2.211
-0.025810655 0.0017464104 2.211
-0.021959746 0.0017464104 2.211
-0.018108837 0.0017464104 2.211
-0.014257929 0.0017464104 2.211
-0.010439969 0.0017519394 2.2179999
-0.0065561109 0.0017464104 2.211
-0.002705202 0.0017464104 2.211
0.0011457071 0.0017464104 2.211
0.0049966159 0.0017464104 2.211
0.0088475253 0.0017464104 2.211
0.012738637 0.0017519394 2.2179999
0.016601738 0.0017519394 2.2179999
0.020464839 0.0017519394 2.2179999
0.024327939 0.0017519394 2.2179999
0.028191041 0.0017519394 2.2179999
0.032054141 0.0017519394 2.2179999
0.035917241 0.0017519394 2.2179999
0.039780345 0.0017519394 2.2179999
0.043643445 0.0017519394 2.2179999
0.047506545 0.0017519394 2.2179999
0.051369645 0.0017519394 2.2179999
0.055232748 0.0017519394 2.2179999
0.059095848 0.0017519394 2.2179999
0.062958948 0.0017519394 2.2179999
0.066822052 0.0017519394 2.2179999
0.070685148 0.0017519394 2.2179999
0.074548252 0.0017519394 2.2179999
0.078163885 0.0017464104 2.211
0.082014799 0.0017464104 2.211
0.085865706 0.0017464104 2.211
0.089716613 0.0017464104 2.211
0.09356752 0.0017464104 2.211
0.097418435 0.0017464104 2.211
0.10126934 0.0017464104 2.211
0.10512025 0.0017464104 2.211
0.10897116 0.0017464104 2.211
0.11282207 0.0017464104 2.211
0.11667298 0.0017464104 2.211
0.12052388 0.0017464104 2.211
0.12437479 0.0017464104 2.211
0.1282257 0.0017464104 2.211
0.13207661 0.0017464104 2.211
0.13592753 0.0017464104 2.211
0.1393359 0.0017408812 2.204
0.14317462 0.0017408812 2.204
0.14701334 0.0017408812 2.204
0.15085205 0.0017408812 2.204
0.15469076 0.0017408812 2.204
0.15852948 0.0017408812 2.204
0.16236819 0.0017408812 2.204
0.16620691 0.0017408812 2.204
0.17004563 0.0017408812 2.204
0.17443661 0.0017464104 2.211
0.17828752 0.0017464104 2.211
0.18213843 0.0017464104 2.211
0.18598934 0.0017464104 2.211
0.18984024 0.0017464104 2.211
0.19369116 0.0017464104 2.211
0.19754207 0.0017464104 2.211
0.20139298 0.0017464104 2.211
0.20524389 0.0017464104 2.211
0.20909479 0.0017464104 2.211
0.2129457 0.0017464104 2.211
0.21679661 0.0017464104 2.211
-0.2183561 0.0055973195 2.211
-0.2145052 0.0055973195 2.211
-0.21065429 0.0055973195 2.211
-0.20680338 0.0055973195 2.211
-0.20295247 0.0055973195 2.211
-0.19973192 0.0056150402 2.2179999
-0.19586881 0.0056150402 2.2179999
-0.19200571 0.0056150402 2.2179999
-0.18814261 0.0056150402 2.2179999
-0.18494418 0.0056352932 2.2260001
-0.18106715 0.0056352932 2.2260001
-0.17655331 0.0056150402 2.2179999
-0.17269021 0.0056150402 2.2179999
-0.1688271 0.0056150402 2.2179999
-0.16496401 0.0056150402 2.2179999
-0.16110091 0.0056150402 2.2179999
-0.1572378 0.0056150402 2.2179999
-0.1533747 0.0056150402 2.2179999
-0.14903975 0.0055973195 2.211
-0.14518884 0.0055973195 2.211
-0.14133793 0.0055973195 2.211
-0.13748702 0.0055973195 2.211
-0.1336361 0.0055973195 2.211
-0.12978519 0.0055973195 2.211
-0.12593429 0.0055973195 2.211
-0.12208338 0.0055973195 2.211
-0.11823247 0.0055973195 2.211
-0.11438157 0.0055973195 2.211
-0.11053065 0.0055973195 2.211
-0.10667975 0.0055973195 2.211
-0.10282884 0.0055973195 2.211
-0.098977923 0.0055973195 2.211
-0.095127016 0.0055973195 2.211
-0.091276109 0.0055973195 2.211
-0.087425202 0.0055973195 2.211
-0.083574288 0.0055973195 2.211
-0.079723381 0.0055973195 2.211
-0.075872473 0.0055973195 2.211
-0.072021566 0.0055973195 2.211
-0.06838648 0.0056150402 2.2179999
-0.064523384 0.0056150402 2.2179999
-0.06066028 0.0056150402 2.2179999
-0.056617927 0.0055973195 2.211
-0.05276702 0.0055973195 2.211
-0.048916109 0.0055973195 2.211
-0.045065202 0.0055973195 2.211
-0.041214291 0.0055973195 2.211
-0.037363384 0.0055973195 2.211
-0.033512473 0.0055973195 2.211
-0.029661564 0.0055973195 2.211
-0.025810655 0.0055973195 2.211
-0.021959746 0.0055973195 2.211
-0.018108837 0.0055973195 2.211
-0.014257929 0.0055973195 2.211
-0.01040702 0.0055973195 2.211
-0.0065561109 0.0055973195 2.211
-0.002705202 0.0055973195 2.211
0.0011457071 0.0055973195 2.211
0.0049966159 0.0055973195 2.211
0.0088475253 0.0055973195 2.211
0.012698434 0.0055973195 2.211
0.016601738 0.0056150402 2.2179999
0.020464839 0.0056150402 2.2179999
0.024327939 0.0056150402 2.2179999
0.028191041 0.0056150402 2.2179999
0.032054141 0.0056150402 2.2179999
0.035917241 0.0056150402 2.2179999
0.039780345 0.0056150402 2.2179999
0.043643445 0.0056150402 2.2179999
0.047506545 0.0056150402 2.2179999
0.051369645 0.0056150402 2.2179999
0.055232748 0.0056150402 2.2179999
0.059095848 0.0056150402 2.2179999
0.062958948 0.0056150402 2.2179999
0.066611163 0.0055973195 2.211
0.070685148 0.0056150402 2.2179999
0.074548252 0.0056150402 2.2179999
0.078163885 0.0055973195 2.211
0.082014799 0.0055973195 2.211
0.085865706 0.0055973195 2.211
0.089716613 0.0055973195 2.211
0.09356752 0.0055973195 2.211
0.097418435 0.0055973195 2.211
0.10126934 0.0055973195 2.211
0.10512025 0.0055973195 2.211
0.10897116 0.0055973195 2.211
0.11282207 0.0055973195 2.211
0.11667298 0.0055973195 2.211
0.12052388 0.0055973195 2.211
0.12437479 0.0055973195 2.211
0.1282257 0.0055973195 2.211
0.13207661 0.0055973195 2.211
0.13592753 0.0055973195 2.211
0.13977844 0.0055973195 2.211
0.14317462 0.0055795982 2.204
0.14701334 0.0055795982 2.204
0.15085205 0.0055795982 2.204
0.15469076 0.0055795982 2.204
0.15852948 0.0055795982 2.204
0.16236819 0.0055795982 2.204
0.16620691 0.0055795982 2.204
0.17058571 0.0055973195 2.211
0.17443661 0.0055973195 2.211
0.17828752 0.0055973195 2.211
0.18213843 0.0055973195 2.211
0.18598934 0.0055973195 2.211
0.18984024 0.0055973195 2.211
0.19369116 0.0055973195 2.211
0.19754207 0.0055973195 2.211
0.20139298 0.0055973195 2.211
0.20524389 0.0055973195 2.211
0.20909479 0.0055973195 2.211
0.2129457 0.0055973195 2.211
0.21679661 0.0055973195 2.211
-0.2183561 0.0094482284 2.211
-0.2145052 0.0094482284 2.211
-0.21065429 0.0094482284 2.211
-0.20680338 0.0094482284 2.211
-0.20295247 0.0094482284 2.211
-0.19973192 0.0094781416 2.2179999
-0.19586881 0.0094781416 2.2179999
-0.19200571 0.0094781416 2.2179999
-0.18814261 0.0094781416 2.2179999
-0.1842795 0.0094781416 2.2179999
-0.18041641 0.0094781416 2.2179999
-0.17655331 0.0094781416 2.2179999
-0.17269021 0.0094781416 2.2179999
-0.1688271 0.0094781416 2.2179999
-0.16496401 0.0094781416 2.2179999
-0.16110091 0.0094781416 2.2179999
-0.1572378 0.0094781416 2.2179999
-0.15289065 0.0094482284 2.211
-0.14903975 0.0094482284 2.211
-0.14518884 0.0094482284 2.211
-0.14133793 0.0094482284 2.211
-0.13748702 0.0094482284 2.211
-0.1336361 0.0094482284 2.211
-0.12978519 0.0094482284 2.211
-0.12593429 0.0094482284 2.211
-0.12208338 0.0094482284 2.211
-0.11823247 0.0094482284 2.211
-0.11438157 0.0094482284 2.211
-0.11053065 0.0094482284 2.211
-0.10667975 0.0094482284 2.211
-0.10282884 0.0094482284 2.211
-0.098977923 0.0094482284 2.211
-0.095127016 0.0094482284 2.211
-0.091276109 0.0094482284 2.211
-0.087425202 0.0094482284 2.211
-0.083574288 0.0094482284 2.211
-0.079723381 0.0094482284 2.211
-0.07611268 0.0094781416 2.2179999
-0.072249584 0.0094781416 2.2179999
-0.06838648 0.0094781416 2.2179999
-0.064523384 0.0094781416 2.2179999
-0.06066028 0.0094781416 2.2179999
-0.056617927 0.0094482284 2.211
-0.05276702 0.0094482284 2.211
-0.048916109 0.0094482284 2.211
-0.045065202 0.0094482284 2.211
-0.041214291 0.0094482284 2.211
-0.037363384 0.0094482284 2.211
-0.033512473 0.0094482284 2.211
-0.029661564 0.0094482284 2.211
-0.025810655 0.0094482284 2.211
-0.021959746 0.0094482284 2.211
-0.018108837 0.0094482284 2.211
-0.014257929 0.0094482284 2.211
-0.01040702 0.0094482284 2.211
-0.0065561109 0.0094482284 2.211
-0.002705202 0.0094482284 2.211
0.0011457071 0.0094482284 2.211
0.0049966159 0.0094482284 2.211
0.0088475253 0.0094482284 2.211
0.012698434 0.0094482284 2.211
0.016601738 0.0094781416 2.2179999
0.020464839 0.0094781416 2.2179999
0.024327939 0.0094781416 2.2179999
0.028191041 0.0094781416 2.2179999
0.032054141 0.0094781416 2.2179999
0.035803888 0.0094482284 2.211
0.039654799 0.0094482284 2.211
0.043643445 0.0094781416 2.2179999
0.047506545 0.0094781416 2.2179999
0.051369645 0.0094781416 2.2179999
0.055232748 0.0094781416 2.2179999
0.059095848 0.0094781416 2.2179999
0.062958948 0.0094781416 2.2179999
0.066611163 0.0094482284 2.211
0.07046207 0.0094482284 2.211
0.074548252 0.0094781416 2.2179999
0.078163885 0.0094482284 2.211
0.082014799 0.0094482284 2.211
0.085865706 0.0094482284 2.211
0.089716613 0.0094482284 2.211
0.09356752 0.0094482284 2.211
0.097418435 0.0094482284 2.211
0.10126934 0.0094482284 2.211
0.10512025 0.0094482284 2.211
0.10897116 0.0094482284 2.211
0.11282207 0.0094482284 2.211
0.11667298 0.0094482284 2.211
0.12052388 0.0094482284 2.211
0.12437479 0.0094482284 2.211
0.1282257 0.0094482284 2.211
0.13207661 0.0094482284 2.211
0.13592753 0.0094482284 2.211
0.13977844 0.0094482284 2.211
0.14362934 0.0094482284 2.211
0.14701334 0.0094183153 2.204
0.15085205 0.0094183153 2.204
0.15469076 0.0094183153 2.204
0.15852948 0.0094183153 2.204
0.16236819 0.0094183153 2.204
0.16620691 0.0094183153 2.204
0.17058571 0.0094482284 2.211
0.17443661 0.0094482284 2.211
0.17828752 0.0094482284 2.211
0.18213843 0.0094482284 2.211
0.18598934 0.0094482284 2.211
0.18984024 0.0094482284 2.211
0.19369116 0.0094482284 2.211
0.19754207 0.0094482284 2.211
0.20139298 0.0094482284 2.211
0.20524389 0.0094482284 2.211
0.20909479 0.0094482284 2.211
0.2129457 0.0094482284 2.211
0.21679661 0.0094482284 2.211
-0.2183561 0.013299137 2.211
-0.2145052 0.013299137 2.211
-0.21065429 0.013299137 2.211
-0.20680338 0.013299137 2.211
-0.20295247 0.013299137 2.211
-0.19973192 0.013341242 2.2179999
-0.19586881 0.013341242 2.2179999
-0.19200571 0.013341242 2.2179999
-0.18814261 0.013341242 2.2179999
-0.1842795 0.013341242 2.2179999
-0.18041641 0.013341242 2.2179999
-0.17655331 0.013341242 2.2179999
-0.17269021 0.013341242 2.2179999
-0.1688271 0.013341242 2.2179999
-0.16496401 0.013341242 2.2179999
-0.16110091 0.013341242 2.2179999
-0.1572378 0.013341242 2.2179999
-0.1533747 0.013341242 2.2179999
-0.14951161 0.013341242 2.2179999
-0.14518884 0.013299137 2.211
-0.14133793 0.013299137 2.211
-0.13748702 0.013299137 2.211
-0.1336361 0.013299137 2.211
-0.12978519 0.013299137 2.211
-0.12593429 0.013299137 2.211
-0.12208338 0.013299137 2.211
-0.11823247 0.013299137 2.211
-0.11438157 0.013299137 2.211
-0.11053065 0.013299137 2.211
-0.10667975 0.013299137 2.211
-0.10282884 0.013299137 2.211
-0.098977923 0.013299137 2.211
-0.095127016 0.013299137 2.211
-0.091276109 0.013299137 2.211
-0.087425202 0.013299137 2.211
-0.083574288 0.013299137 2.211
-0.079975784 0.013341242 2.2179999
-0.07611268 0.013341242 2.2179999
-0.072249584 0.013341242 2.2179999
-0.06838648 0.013341242 2.2179999
-0.064523384 0.013341242 2.2179999
-0.06066028 0.013341242 2.2179999
-0.056617927 0.013299137 2.211
-0.05276702 0.013299137 2.211
-0.048916109 0.013299137 2.211
-0.045065202 0.013299137 2.211
-0.041214291 0.013299137 2.211
-0.037363384 0.013299137 2.211
-0.033512473 0.013299137 2.211
-0.029661564 0.013299137 2.211
-0.025810655 0.013299137 2.211
-0.021890223 0.013257032 2.204
-0.018108837 0.013299137 2.211
-0.014257929 0.013299137 2.211
-0.01040702 0.013299137 2.211
-0.0065561109 0.013299137 2.211
-0.002705202 0.013299137 2.211
0.0011457071 0.013299137 2.211
0.0049966159 0.013299137 2.211
0.0088475253 0.013299137 2.211
0.012698434 0.013299137 2.211
0.016601738 0.013341242 2.2179999
0.020464839 0.013341242 2.2179999
0.024327939 0.013341242 2.2179999
0.028191041 0.013341242 2.2179999
0.031952981 0.013299137 2.211
0.035803888 0.013299137 2.211
0.039654799 0.013299137 2.211
0.043505706 0.013299137 2.211
0.047506545 0.013341242 2.2179999
0.051369645 0.013341242 2.2179999
0.055232748 0.013341242 2.2179999
0.059095848 0.013341242 2.2179999
0.062760249 0.013299137 2.211
0.066611163 0.013299137 2.211
0.07046207 0.013299137 2.211
0.074548252 0.013341242 2.2179999
0.078163885 0.013299137 2.211
0.082014799 0.013299137 2.211
0.085865706 0.013299137 2.211
0.089716613 0.013299137 2.211
0.09356752 0.013299137 2.211
0.097418435 0.013299137 2.211
0.10126934 0.013299137 2.211
0.10512025 0.013299137 2.211
0.10897116 0.013299137 2.211
0.11282207 0.013299137 2.211
0.11667298 0.013299137 2.211
0.12052388 0.013299137 2.211
0.12437479 0.013299137 2.211
0.1282257 0.013299137 2.211
0.13207661 0.013299137 2.211
0.13592753 0.013299137 2.211
0.13977844 0.013299137 2.211
0.14362934 0.013299137 2.211
0.14748025 0.013299137 2.211
0.15085205 0.013257032 2.204
0.15469076 0.013257032 2.204
0.15852948 0.013257032 2.204
0.16288388 0.013299137 2.211
0.1667348 0.013299137 2.211
0.17058571 0.013299137 2.211
0.17443661 0.013299137 2.211
0.17828752 0.013299137 2.211
0.18213843 0.013299137 2.211
0.18598934 0.013299137 2.211
0.18984024 0.013299137 2.211
0.19369116 0.013299137 2.211
0.19754207 0.013299137 2.211
0.20139298 0.013299137 2.211
0.20524389 0.013299137 2.211
0.20909479 0.013299137 2.211
0.2129457 0.013299137 2.211
0.21679661 0.013299137 2.211
-0.2183561 0.017150046 2.211
-0.2145052 0.017150046 2.211
-0.21065429 0.017150046 2.211
-0.20680338 0.017150046 2.211
-0.20359501 0.017204342 2.2179999
-0.19973192 0.017204342 2.2179999
-0.19586881 0.017204342 2.2179999
-0.19200571 0.017204342 2.2179999
-0.18814261 0.017204342 2.2179999
-0.1842795 0.017204342 2.2179999
-0.18041641 0.017204342 2.2179999
-0.17655331 0.017204342 2.2179999
-0.17269021 0.017204342 2.2179999
-0.1688271 0.017204342 2.2179999
-0.16496401 0.017204342 2.2179999
-0.16110091 0.017204342 2.2179999
-0.1572378 0.017204342 2.2179999
-0.1533747 0.017204342 2.2179999
-0.14951161 0.017204342 2.2179999
-0.14564849 0.017204342 2.2179999
-0.14133793 0.017150046 2.211
-0.13748702 0.017150046 2.211
-0.1336361 0.017150046 2.211
-0.12978519 0.017150046 2.211
-0.12593429 0.017150046 2.211
-0.12208338 0.017150046 2.211
-0.11823247 0.017150046 2.211
-0.11438157 0.017150046 2.211
-0.11053065 0.017150046 2.211
-0.10667975 0.017150046 2.211
-0.10282884 0.017150046 2.211
-0.098977923 0.017150046 2.211
-0.095127016 0.017150046 2.211
-0.091276109 0.017150046 2.211
-0.087425202 0.017150046 2.211
-0.083574288 0.017150046 2.211
-0.079975784 0.017204342 2.2179999
-0.07611268 0.017204342 2.2179999
-0.072249584 0.017204342 2.2179999
-0.06838648 0.017204342 2.2179999
-0.064523384 0.017204342 2.2179999
-0.06066028 0.017204342 2.2179999
-0.056617927 0.017150046 2.211
-0.05276702 0.017150046 2.211
-0.048916109 0.017150046 2.211
-0.045065202 0.017150046 2.211
-0.041214291 0.017150046 2.211
-0.037363384 0.017150046 2.211
-0.033512473 0.017150046 2.211
-0.029661564 0.017150046 2.211
-0.025728941 0.01709575 2.204
-0.021890223 0.01709575 2.204
-0.018108837 0.017150046 2.211
-0.014257929 0.017150046 2.211
-0.01040702 0.017150046 2.211
-0.0065561109 0.017150046 2.211
-0.002705202 0.017150046 2.211
0.0011457071 0.017150046 2.211
0.0049966159 0.017150046 2.211
0.0088475253 0.017150046 2.211
0.012698434 0.017150046 2.211
0.016549343 0.017150046 2.211
0.020400252 0.017150046 2.211
0.024251161 0.017150046 2.211
0.02810207 0.017150046 2.211
0.031952981 0.017150046 2.211
0.035803888 0.017150046 2.211
0.039654799 0.017150046 2.211
0.043505706 0.017150046 2.211
0.047356617 0.017150046 2.211
0.051369645 0.017204342 2.2179999
0.055232748 0.017204342 2.2179999
0.059095848 0.017204342 2.2179999
0.062760249 0.017150046 2.211
0.066611163 0.017150046 2.211
0.07046207 0.017150046 2.211
0.074312977 0.017150046 2.211
0.078163885 0.017150046 2.211
0.082014799 0.017150046 2.211
0.085865706 0.017150046 2.211
0.089716613 0.017150046 2.211
0.09356752 0.017150046 2.211
0.097418435 0.017150046 2.211
0.10126934 0.017150046 2.211
0.10512025 0.017150046 2.211
0.10897116 0.017150046 2.211
0.11282207 0.017150046 2.211
0.11667298 0.017150046 2.211
0.12052388 0.017150046 2.211
0.12437479 0.017150046 2.211
0.1282257 0.017150046 2.211
0.13207661 0.017150046 2.211
0.13592753 0.017150046 2.211
0.13977844 0.017150046 2.211
0.14362934 0.017150046 2.211
0.14748025 0.017150046 2.211
0.15133116 0.017150046 2.211
0.15518206 0.017150046 2.211
0.15903297 0.017150046 2.211
0.16288388 0.017150046 2.211
0.1667348 0.017150046 2.211
0.17058571 0.017150046 2.211
0.17443661 0.017150046 2.211
0.17828752 0.017150046 2.211
0.18213843 0.017150046 2.211
0.18598934 0.017150046 2.211
0.18984024 0.017150046 2.211
0.19369116 0.017150046 2.211
0.19816747 0.017204342 2.2179999
0.20203058 0.017204342 2.2179999
0.20524389 0.017150046 2.211
0.20909479 0.017150046 2.211
0.2129457 0.017150046 2.211
0.21679661 0.017150046 2.211
-0.2183561 0.021000955 2.211
-0.2145052 0.021000955 2.211
-0.21065429 0.021000955 2.211
-0.20745811 0.021067444 2.2179999
-0.20359501 0.021067444 2.2179999
-0.19973192 0.021067444 2.2179999
-0.19586881 0.021067444 2.2179999
-0.19200571 0.021067444 2.2179999
-0.18814261 0.021067444 2.2179999
-0.1842795 0.021067444 2.2179999
-0.18041641 0.021067444 2.2179999
-0.17655331 0.021067444 2.2179999
-0.17269021 0.021067444 2.2179999
-0.1688271 0.021067444 2.2179999
-0.16496401 0.021067444 2.2179999
-0.16110091 0.021067444 2.2179999
-0.1572378 0.021067444 2.2179999
-0.1533747 0.021067444 2.2179999
-0.14951161 0.021067444 2.2179999
-0.14564849 0.021067444 2.2179999
-0.14133793 0.021000955 2.211
-0.13748702 0.021000955 2.211
-0.1336361 0.021000955 2.211
-0.12978519 0.021000955 2.211
-0.12593429 0.021000955 2.211
-0.12208338 0.021000955 2.211
-0.11823247 0.021000955 2.211
-0.11438157 0.021000955 2.211
-0.11053065 0.021000955 2.211
-0.10667975 0.021000955 2.211
-0.10282884 0.021000955 2.211
-0.098977923 0.021000955 2.211
-0.095127016 0.021000955 2.211
-0.091276109 0.021000955 2.211
-0.087425202 0.021000955 2.211
-0.083574288 0.021000955 2.211
-0.079975784 0.021067444 2.2179999
-0.07611268 0.021067444 2.2179999
-0.072249584 0.021067444 2.2179999
-0.06838648 0.021067444 2.2179999
-0.064523384 0.021067444 2.2179999
-0.06066028 0.021067444 2.2179999
-0.056617927 0.021000955 2.211
-0.05276702 0.021000955 2.211
-0.048916109 0.021000955 2.211
-0.045065202 0.021000955 2.211
-0.041214291 0.021000955 2.211
-0.037363384 0.021000955 2.211
-0.033512473 0.021000955 2.211
-0.029661564 0.021000955 2.211
-0.025728941 0.020934466 2.204
-0.021890223 0.020934466 2.204
-0.018108837 0.021000955 2.211
-0.014257929 0.021000955 2.211
-0.01040702 0.021000955 2.211
-0.0065561109 0.021000955 2.211
-0.002705202 0.021000955 2.211
0.0011457071 0.021000955 2.211
0.0049966159 0.021000955 2.211
0.0088475253 0.021000955 2.211
0.012698434 0.021000955 2.211
0.016601738 0.021067444 2.2179999
0.020400252 0.021000955 2.211
0.024251161 0.021000955 2.211
0.02810207 0.021000955 2.211
0.031952981 0.021000955 2.211
0.035803888 0.021000955 2.211
0.039654799 0.021000955 2.211
0.043505706 0.021000955 2.211
0.047356617 0.021000955 2.211
0.051207524 0.021000955 2.211
0.055058435 0.021000955 2.211
0.058909342 0.021000955 2.211
0.062760249 0.021000955 2.211
0.066611163 0.021000955 2.211
0.07046207 0.021000955 2.211
0.074548252 0.021067444 2.2179999
0.078163885 0.021000955 2.211
0.082014799 0.021000955 2.211
0.086137556 0.021067444 2.2179999
0.089716613 0.021000955 2.211
0.09356752 0.021000955 2.211
0.097418435 0.021000955 2.211
0.10126934 0.021000955 2.211
0.10512025 0.021000955 2.211
0.10897116 0.021000955 2.211
0.11282207 0.021000955 2.211
0.11667298 0.021000955 2.211
0.12052388 0.021000955 2.211
0.12437479 0.021000955 2.211
0.1282257 0.021000955 2.211
0.13207661 0.021000955 2.211
0.13592753 0.021000955 2.211
0.13977844 0.021000955 2.211
0.14362934 0.021000955 2.211
0.14748025 0.021000955 2.211
0.15133116 0.021000955 2.211
0.15518206 0.021000955 2.211
0.15903297 0.021000955 2.211
0.16288388 0.021000955 2.211
0.1667348 0.021000955 2.211
0.17058571 0.021000955 2.211
0.17443661 0.021000955 2.211
0.17828752 0.021000955 2.211
0.18213843 0.021000955 2.211
0.18598934 0.021000955 2.211
0.18984024 0.021000955 2.211
0.19430438 0.021067444 2.2179999
0.19816747 0.021067444 2.2179999
0.20203058 0.021067444 2.2179999
0.20524389 0.021000955 2.211
0.20909479 0.021000955 2.211
0.2129457 0.021000955 2.211
0.21679661 0.021000955 2.211
-0.2183561 0.024851864 2.211
-0.2145052 0.024851864 2.211
-0.21065429 0.024851864 2.211
-0.20745811 0.024930544 2.2179999
-0.20359501 0.024930544 2.2179999
-0.19973192 0.024930544 2.2179999
-0.19586881 0.024930544 2.2179999
-0.19200571 0.024930544 2.2179999
-0.18814261 0.024930544 2.2179999
-0.1842795 0.024930544 2.2179999
-0.18041641 0.024930544 2.2179999
-0.17655331 0.024930544 2.2179999
-0.17269021 0.024930544 2.2179999
-0.1688271 0.024930544 2.2179999
-0.16496401 0.024930544 2.2179999
-0.16110091 0.024930544 2.2179999
-0.1572378 0.024930544 2.2179999
-0.1533747 0.024930544 2.2179999
-0.14951161 0.024930544 2.2179999
-0.14564849 0.024930544 2.2179999
-0.14133793 0.024851864 2.211
-0.13748702 0.024851864 2.211
-0.1336361 0.024851864 2.211
-0.12978519 0.024851864 2.211
-0.12593429 0.024851864 2.211
-0.12208338 0.024851864 2.211
-0.11823247 0.024851864 2.211
-0.11438157 0.024851864 2.211
-0.11053065 0.024851864 2.211
-0.10667975 0.024851864 2.211
-0.10282884 0.024851864 2.211
-0.098977923 0.024851864 2.211
-0.095127016 0.024851864 2.211
-0.091276109 0.024851864 2.211
-0.087425202 0.024851864 2.211
-0.083838888 0.024930544 2.2179999
-0.079975784 0.024930544 2.2179999
-0.07611268 0.024930544 2.2179999
-0.072249584 0.024930544 2.2179999
-0.06838648 0.024930544 2.2179999
-0.064523384 0.024930544 2.2179999
-0.06066028 0.024930544 2.2179999
-0.056617927 0.024851864 2.211
-0.05276702 0.024851864 2.211
-0.048916109 0.024851864 2.211
-0.045065202 0.024851864 2.211
-0.041214291 0.024851864 2.211
-0.037363384 0.024851864 2.211
-0.033512473 0.024851864 2.211
-0.029661564 0.024851864 2.211
-0.025810655 0.024851864 2.211
-0.021959746 0.024851864 2.211
-0.018108837 0.024851864 2.211
-0.014257929 0.024851864 2.211
-0.01040702 0.024851864 2.211
-0.0065561109 0.024851864 2.211
-0.002705202 0.024851864 2.211
0.0011457071 0.024851864 2.211
0.0049966159 0.024851864 2.211
0.0088475253 0.024851864 2.211
0.012738637 0.024930544 2.2179999
0.016601738 0.024930544 2.2179999
0.020464839 0.024930544 2.2179999
0.024251161 0.024851864 2.211
0.02810207 0.024851864 2.211
0.031952981 0.024851864 2.211
0.035803888 0.024851864 2.211
0.039654799 0.024851864 2.211
0.043505706 0.024851864 2.211
0.047356617 0.024851864 2.211
0.051207524 0.024851864 2.211
0.055058435 0.024851864 2.211
0.058909342 0.024851864 2.211
0.062760249 0.024851864 2.211
0.066611163 0.024851864 2.211
0.07046207 0.024851864 2.211
0.074548252 0.024930544 2.2179999
0.078163885 0.024851864 2.211
0.082274452 0.024930544 2.2179999
0.086137556 0.024930544 2.2179999
0.089716613 0.024851864 2.211
0.09356752 0.024851864 2.211
0.097418435 0.024851864 2.211
0.10126934 0.024851864 2.211
0.10512025 0.024851864 2.211
0.10897116 0.024851864 2.211
0.11282207 0.024851864 2.211
0.11667298 0.024851864 2.211
0.12052388 0.024851864 2.211
0.12437479 0.024851864 2.211
0.1282257 0.024851864 2.211
0.13207661 0.024851864 2.211
0.13592753 0.024851864 2.211
0.13977844 0.024851864 2.211
0.14362934 0.024851864 2.211
0.14748025 0.024851864 2.211
0.15133116 0.024851864 2.211
0.15518206 0.024851864 2.211
0.15903297 0.024851864 2.211
0.16288388 0.024851864 2.211
0.1667348 0.024851864 2.211
0.17058571 0.024851864 2.211
0.17443661 0.024851864 2.211
0.17828752 0.024851864 2.211
0.18213843 0.024851864 2.211
0.18598934 0.024851864 2.211
0.18984024 0.024851864 2.211
0.19369116 0.024851864 2.211
0.19754207 0.024851864 2.211
0.20139298 0.024851864 2.211
0.20524389 0.024851864 2.211
0.20909479 0.024851864 2.211
0.2129457 0.024851864 2.211
0.21679661 0.024851864 2.211
-0.2183561 0.028702773 2.211
-0.2145052 0.028702773 2.211
-0.21132122 0.028793646 2.2179999
-0.20745811 0.028793646 2.2179999
-0.20359501 0.028793646 2.2179999
-0.19973192 0.028793646 2.2179999
-0.19586881 0.028793646 2.2179999
-0.19200571 0.028793646 2.2179999
-0.18814261 0.028793646 2.2179999
-0.1842795 0.028793646 2.2179999
-0.18041641 0.028793646 2.2179999
-0.17655331 0.028793646 2.2179999
-0.17269021 0.028793646 2.2179999
-0.1688271 0.028793646 2.2179999
-0.16496401 0.028793646 2.2179999
-0.16110091 0.028793646 2.2179999
-0.1572378 0.028793646 2.2179999
-0.1533747 0.028793646 2.2179999
-0.14903975 0.028702773 2.211
-0.14518884 0.028702773 2.211
-0.14133793 0.028702773 2.211
-0.13748702 0.028702773 2.211
-0.1336361 0.028702773 2.211
-0.12978519 0.028702773 2.211
-0.12593429 0.028702773 2.211
-0.12208338 0.028702773 2.211
-0.11823247 0.028702773 2.211
-0.11438157 0.028702773 2.211
-0.11053065 0.028702773 2.211
-0.10667975 0.028702773 2.211
-0.10282884 0.028702773 2.211
-0.098977923 0.028702773 2.211
-0.095127016 0.028702773 2.211
-0.091276109 0.028702773 2.211
-0.087425202 0.028702773 2.211
-0.083838888 0.028793646 2.2179999
-0.079975784 0.028793646 2.2179999
-0.07611268 0.028793646 2.2179999
-0.072249584 0.028793646 2.2179999
-0.06838648 0.028793646 2.2179999
-0.064523384 0.028793646 2.2179999
-0.06066028 0.028793646 2.2179999
-0.056617927 0.028702773 2.211
-0.05276702 0.028702773 2.211
-0.048916109 0.028702773 2.211
-0.045065202 0.028702773 2.211
-0.041214291 0.028702773 2.211
-0.037363384 0.028702773 2.211
-0.033512473 0.028702773 2.211
-0.029661564 0.028702773 2.211
-0.025810655 0.028702773 2.211
-0.021959746 0.028702773 2.211
-0.018108837 0.028702773 2.211
-0.014257929 0.028702773 2.211
-0.01040702 0.028702773 2.211
-0.0065561109 0.028702773 2.211
-0.002705202 0.028702773 2.211
0.0011493344 0.028793646 2.2179999
0.0050124354 0.028793646 2.2179999
0.0088755358 0.028793646 2.2179999
0.012738637 0.028793646 2.2179999
0.016601738 0.028793646 2.2179999
0.020464839 0.028793646 2.2179999
0.024251161 0.028702773 2.211
0.02810207 0.028702773 2.211
0.031952981 0.028702773 2.211
0.035803888 0.028702773 2.211
0.039654799 0.028702773 2.211
0.043505706 0.028702773 2.211
0.047356617 0.028702773 2.211
0.051207524 0.028702773 2.211
0.055058435 0.028702773 2.211
0.058909342 0.028702773 2.211
0.062760249 0.028702773 2.211
0.066611163 0.028702773 2.211
0.07046207 0.028702773 2.211
0.074548252 0.028793646 2.2179999
0.078411356 0.028793646 2.2179999
0.082274452 0.028793646 2.2179999
0.086137556 0.028793646 2.2179999
0.090000652 0.028793646 2.2179999
0.09356752 0.028702773 2.211
0.097418435 0.028702773 2.211
0.10126934 0.028702773 2.211
0.10512025 0.028702773 2.211
0.10897116 0.028702773 2.211
0.11282207 0.028702773 2.211
0.11667298 0.028702773 2.211
0.12052388 0.028702773 2.211
0.12437479 0.028702773 2.211
0.1282257 0.028702773 2.211
0.13207661 0.028702773 2.211
0.13592753 0.028702773 2.211
0.13977844 0.028702773 2.211
0.14362934 0.028702773 2.211
0.14748025 0.028702773 2.211
0.15133116 0.028702773 2.211
0.15518206 0.028702773 2.211
0.15903297 0.028702773 2.211
0.16288388 0.028702773 2.211
0.1667348 0.028702773 2.211
0.17058571 0.028702773 2.211
0.17443661 0.028702773 2.211
0.17828752 0.028702773 2.211
0.18213843 0.028702773 2.211
0.18598934 0.028702773 2.211
0.18984024 0.028702773 2.211
0.19369116 0.028702773 2.211
0.19754207 0.028702773 2.211
0.20139298 0.028702773 2.211
0.20524389 0.028702773 2.211
0.20909479 0.028702773 2.211
0.2129457 0.028702773 2.211
0.21679661 0.028702773 2.211
-0.2183561 0.032553684 2.211
-0.2145052 0.032553684 2.211
-0.21132122 0.032656748 2.2179999
-0.20745811 0.032656748 2.2179999
-0.20359501 0.032656748 2.2179999
-0.19973192 0.032656748 2.2179999
-0.19586881 0.032656748 2.2179999
-0.19200571 0.032656748 2.2179999
-0.18814261 0.032656748 2.2179999
-0.1842795 0.032656748 2.2179999
-0.18041641 0.032656748 2.2179999
-0.17655331 0.032656748 2.2179999
-0.17269021 0.032656748 2.2179999
-0.1688271 0.032656748 2.2179999
-0.16496401 0.032656748 2.2179999
-0.16110091 0.032656748 2.2179999
-0.15674156 0.032553684 2.211
-0.15289065 0.032553684 2.211
-0.14903975 0.032553684 2.211
-0.14518884 0.032553684 2.211
-0.14133793 0.032553684 2.211
-0.13748702 0.032553684 2.211
-0.1336361 0.032553684 2.211
-0.12978519 0.032553684 2.211
-0.12593429 0.032553684 2.211
-0.12208338 0.032553684 2.211
-0.11823247 0.032553684 2.211
-0.11438157 0.032553684 2.211
-0.11053065 0.032553684 2.211
-0.10667975 0.032553684 2.211
-0.10282884 0.032553684 2.211
-0.098977923 0.032553684 2.211
-0.095127016 0.032553684 2.211
-0.091276109 0.032553684 2.211
-0.087701984 0.032656748 2.2179999
-0.083838888 0.032656748 2.2179999
-0.079975784 0.032656748 2.2179999
-0.07611268 0.032656748 2.2179999
-0.072249584 0.032656748 2.2179999
-0.06838648 0.032656748 2.2179999
-0.064523384 0.032656748 2.2179999
-0.06066028 0.032656748 2.2179999
-0.056617927 0.032553684 2.211
-0.05276702 0.032553684 2.211
-0.048916109 0.032553684 2.211
-0.045065202 0.032553684 2.211
-0.041214291 0.032553684 2.211
-0.037363384 0.032553684 2.211
-0.033512473 0.032553684 2.211
-0.029661564 0.032553684 2.211
-0.025810655 0.032553684 2.211
-0.021959746 0.032553684 2.211
-0.018108837 0.032553684 2.211
-0.014257929 0.032553684 2.211
-0.01040702 0.032553684 2.211
-0.0065561109 0.032553684 2.211
-0.0027137666 0.032656748 2.2179999
0.0011493344 0.032656748 2.2179999
0.0050124354 0.032656748 2.2179999
0.0088755358 0.032656748 2.2179999
0.012738637 0.032656748 2.2179999
0.016601738 0.032656748 2.2179999
0.020400252 0.032553684 2.211
0.024251161 0.032553684 2.211
0.02810207 0.032553684 2.211
0.031952981 0.032553684 2.211
0.035803888 0.032553684 2.211
0.039654799 0.032553684 2.211
0.043505706 0.032553684 2.211
0.047356617 0.032553684 2.211
0.051207524 0.032553684 2.211
0.055058435 0.032553684 2.211
0.058909342 0.032553684 2.211
0.062760249 0.032553684 2.211
0.066822052 0.032656748 2.2179999
0.070685148 0.032656748 2.2179999
0.074548252 0.032656748 2.2179999
0.078411356 0.032656748 2.2179999
0.082274452 0.032656748 2.2179999
0.086137556 0.032656748 2.2179999
0.090000652 0.032656748 2.2179999
0.093863755 0.032656748 2.2179999
0.097726859 0.032656748 2.2179999
0.10126934 0.032553684 2.211
0.10512025 0.032553684 2.211
0.10897116 0.032553684 2.211
0.11282207 0.032553684 2.211
0.11667298 0.032553684 2.211
0.12052388 0.032553684 2.211
0.12437479 0.032553684 2.211
0.1282257 0.032553684 2.211
0.13207661 0.032553684 2.211
0.13592753 0.032553684 2.211
0.13977844 0.032553684 2.211
0.14362934 0.032553684 2.211
0.14748025 0.032553684 2.211
0.15133116 0.032553684 2.211
0.15518206 0.032553684 2.211
0.15903297 0.032553684 2.211
0.16288388 0.032553684 2.211
0.1667348 0.032553684 2.211
0.17058571 0.032553684 2.211
0.17443661 0.032553684 2.211
0.17828752 0.032553684 2.211
0.18213843 0.032553684 2.211
0.18598934 0.032553684 2.211
0.18984024 0.032553684 2.211
0.19369116 0.032553684 2.211
0.19754207 0.032553684 2.211
0.20139298 0.032553684 2.211
0.20524389 0.032553684 2.211
0.20909479 0.032553684 2.211
0.2129457 0.032553684 2.211
0.21679661 0.032553684 2.211
-0.2183561 0.036404591 2.211
-0.2145052 0.036404591 2.211
-0.21065429 0.036404591 2.211
-0.20680338 0.036404591 2.211
-0.20359501 0.036519848 2.2179999
-0.19973192 0.036519848 2.2179999
-0.19586881 0.036519848 2.2179999
-0.19200571 0.036519848 2.2179999
-0.18814261 0.036519848 2.2179999
-0.1842795 0.036519848 2.2179999
-0.18041641 0.036519848 2.2179999
-0.17655331 0.036519848 2.2179999
-0.17269021 0.036519848 2.2179999
-0.1688271 0.036519848 2.2179999
-0.16496401 0.036519848 2.2179999
-0.16059247 0.036404591 2.211
-0.15674156 0.036404591 2.211
-0.15289065 0.036404591 2.211
-0.14903975 0.036404591 2.211
-0.14518884 0.036404591 2.211
-0.14133793 0.036404591 2.211
-0.13748702 0.036404591 2.211
-0.1336361 0.036404591 2.211
-0.12978519 0.036404591 2.211
-0.12593429 0.036404591 2.211
-0.12208338 0.036404591 2.211
-0.11823247 0.036404591 2.211
-0.11438157 0.036404591 2.211
-0.11053065 0.036404591 2.211
-0.10667975 0.036404591 2.211
-0.10282884 0.036404591 2.211
-0.098977923 0.036404591 2.211
-0.095127016 0.036404591 2.211
-0.091276109 0.036404591 2.211
-0.087701984 0.036519848 2.2179999
-0.083838888 0.036519848 2.2179999
-0.079975784 0.036519848 2.2179999
-0.07611268 0.036519848 2.2179999
-0.072249584 0.036519848 2.2179999
-0.06838648 0.036519848 2.2179999
-0.064523384 0.036519848 2.2179999
-0.06066028 0.036519848 2.2179999
-0.056617927 0.036404591 2.211
-0.05276702 0.036404591 2.211
-0.048916109 0.036404591 2.211
-0.045065202 0.036404591 2.211
-0.041214291 0.036404591 2.211
-0.037363384 0.036404591 2.211
-0.033512473 0.036404591 2.211
-0.029661564 0.036404591 2.211
-0.025810655 0.036404591 2.211
-0.021959746 0.036404591 2.211
-0.018108837 0.036404591 2.211
-0.014257929 0.036404591 2.211
-0.01040702 0.036404591 2.211
-0.0065561109 0.036404591 2.211
-0.0027137666 0.036519848 2.2179999
0.0011493344 0.036519848 2.2179999
0.0050124354 0.036519848 2.2179999
0.0088755358 0.036519848 2.2179999
0.012738637 0.036519848 2.2179999
0.016601738 0.036519848 2.2179999
0.020400252 0.036404591 2.211
0.024251161 0.036404591 2.211
0.02810207 0.036404591 2.211
0.031952981 0.036404591 2.211
0.035803888 0.036404591 2.211
0.039654799 0.036404591 2.211
0.043505706 0.036404591 2.211
0.047356617 0.036404591 2.211
0.051207524 0.036404591 2.211
0.055058435 0.036404591 2.211
0.058909342 0.036404591 2.211
0.062760249 0.036404591 2.211
0.066822052 0.036519848 2.2179999
0.070685148 0.036519848 2.2179999
0.074548252 0.036519848 2.2179999
0.078411356 0.036519848 2.2179999
0.082274452 0.036519848 2.2179999
0.086137556 0.036519848 2.2179999
0.090000652 0.036519848 2.2179999
0.093863755 0.036519848 2.2179999
0.097726859 0.036519848 2.2179999
0.10126934 0.036404591 2.211
0.10512025 0.036404591 2.211
0.10897116 0.036404591 2.211
0.11282207 0.036404591 2.211
0.11667298 0.036404591 2.211
0.12052388 0.036404591 2.211
0.12437479 0.036404591 2.211
0.1282257 0.036404591 2.211
0.13207661 0.036404591 2.211
0.13592753 0.036404591 2.211
0.13977844 0.036404591 2.211
0.14362934 0.036404591 2.211
0.14748025 0.036404591 2.211
0.15133116 0.036404591 2.211
0.15518206 0.036404591 2.211
0.15903297 0.036404591 2.211
0.16288388 0.036404591 2.211
0.1667348 0.036404591 2.211
0.17058571 0.036404591 2.211
0.17443661 0.036404591 2.211
0.17828752 0.036404591 2.211
0.18213843 0.036404591 2.211
0.18598934 0.036404591 2.211
0.18984024 0.036404591 2.211
0.19369116 0.036404591 2.211
0.19754207 0.036404591 2.211
0.20139298 0.036404591 2.211
0.20524389 0.036404591 2.211
0.20909479 0.036404591 2.211
0.2129457 0.036404591 2.211
0.21679661 0.036404591 2.211
-0.2183561 0.040255502 2.211
-0.2145052 0.040255502 2.211
-0.21065429 0.040255502 2.211
-0.20680338 0.040255502 2.211
-0.20295247 0.040255502 2.211
-0.19973192 0.040382948 2.2179999
-0.19586881 0.040382948 2.2179999
-0.19200571 0.040382948 2.2179999
-0.18814261 0.040382948 2.2179999
-0.1842795 0.040382948 2.2179999
-0.18041641 0.040382948 2.2179999
-0.17655331 0.040382948 2.2179999
-0.17269021 0.040382948 2.2179999
-0.1688271 0.040382948 2.2179999
-0.16444337 0.040255502 2.211
-0.16059247 0.040255502 2.211
-0.15674156 0.040255502 2.211
-0.15289065 0.040255502 2.211
-0.14903975 0.040255502 2.211
-0.14518884 0.040255502 2.211
-0.14133793 0.040255502 2.211
-0.13748702 0.040255502 2.211
-0.1336361 0.040255502 2.211
-0.12978519 0.040255502 2.211
-0.12593429 0.040255502 2.211
-0.12208338 0.040255502 2.211
-0.11823247 0.040255502 2.211
-0.11438157 0.040255502 2.211
-0.11053065 0.040255502 2.211
-0.10667975 0.040255502 2.211
-0.10282884 0.040255502 2.211
-0.098977923 0.040255502 2.211
-0.095127016 0.040255502 2.211
-0.091565087 0.040382948 2.2179999
-0.087701984 0.040382948 2.2179999
-0.083838888 0.040382948 2.2179999
-0.079975784 0.040382948 2.2179999
-0.07611268 0.040382948 2.2179999
-0.072249584 0.040382948 2.2179999
-0.06838648 0.040382948 2.2179999
-0.064523384 0.040382948 2.2179999
-0.06066028 0.040382948 2.2179999
-0.056617927 0.040255502 2.211
-0.05276702 0.040255502 2.211
-0.048916109 0.040255502 2.211
-0.045065202 0.040255502 2.211
-0.041214291 0.040255502 2.211
-0.037363384 0.040255502 2.211
-0.033512473 0.040255502 2.211
-0.029661564 0.040255502 2.211
-0.025810655 0.040255502 2.211
-0.021959746 0.040255502 2.211
-0.018108837 0.040255502 2.211
-0.014257929 0.040255502 2.211
-0.01040702 0.040255502 2.211
-0.0065561109 0.040255502 2.211
-0.0027137666 0.040382948 2.2179999
0.0011493344 0.040382948 2.2179999
0.0050124354 0.040382948 2.2179999
0.0088755358 0.040382948 2.2179999
0.012738637 0.040382948 2.2179999
0.016549343 0.040255502 2.211
0.020400252 0.040255502 2.211
0.024251161 0.040255502 2.211
0.02810207 0.040255502 2.211
0.031952981 0.040255502 2.211
0.035803888 0.040255502 2.211
0.039654799 0.040255502 2.211
0.043505706 0.040255502 2.211
0.047356617 0.040255502 2.211
0.051207524 0.040255502 2.211
0.055058435 0.040255502 2.211
0.059095848 0.040382948 2.2179999
0.062958948 0.040382948 2.2179999
0.066822052 0.040382948 2.2179999
0.070685148 0.040382948 2.2179999
0.074548252 0.040382948 2.2179999
0.078411356 0.040382948 2.2179999
0.082274452 0.040382948 2.2179999
0.086137556 0.040382948 2.2179999
0.090000652 0.040382948 2.2179999
0.093863755 0.040382948 2.2179999
0.097726859 0.040382948 2.2179999
0.10126934 0.040255502 2.211
0.10512025 0.040255502 2.211
0.10897116 0.040255502 2.211
0.11282207 0.040255502 2.211
0.11667298 0.040255502 2.211
0.12052388 0.040255502 2.211
0.12437479 0.040255502 2.211
0.12781975 0.040128052 2.204
0.13207661 0.040255502 2.211
0.13592753 0.040255502 2.211
0.13977844 0.040255502 2.211
0.14362934 0.040255502 2.211
0.14748025 0.040255502 2.211
0.15133116 0.040255502 2.211
0.15518206 0.040255502 2.211
0.15903297 0.040255502 2.211
0.16288388 0.040255502 2.211
0.1667348 0.040255502 2.211
0.17058571 0.040255502 2.211
0.17443661 0.040255502 2.211
0.17828752 0.040255502 2.211
0.18213843 0.040255502 2.211
0.18598934 0.040255502 2.211
0.18984024 0.040255502 2.211
0.19369116 0.040255502 2.211
0.19754207 0.040255502 2.211
0.20139298 0.040255502 2.211
0.20524389 0.040255502 2.211
0.20909479 0.040255502 2.211
0.2129457 0.040255502 2.211
0.21679661 0.040255502 2.211
-0.2183561 0.044106409 2.211
-0.2145052 0.044106409 2.211
-0.21065429 0.044106409 2.211
-0.20680338 0.044106409 2.211
-0.20295247 0.044106409 2.211
-0.19910157 0.044106409 2.211
-0.19525065 0.044106409 2.211
-0.19200571 0.044246048 2.2179999
-0.18814261 0.044246048 2.2179999
-0.1842795 0.044246048 2.2179999
-0.18041641 0.044246048 2.2179999
-0.17599611 0.044106409 2.211
-0.1721452 0.044106409 2.211
-0.1682943 0.044106409 2.211
-0.16444337 0.044106409 2.211
-0.16059247 0.044106409 2.211
-0.15674156 0.044106409 2.211
-0.15289065 0.044106409 2.211
-0.14903975 0.044106409 2.211
-0.14518884 0.044106409 2.211
-0.14133793 0.044106409 2.211
-0.13748702 0.044106409 2.211
-0.1336361 0.044106409 2.211
-0.12978519 0.044106409 2.211
-0.12593429 0.044106409 2.211
-0.12208338 0.044106409 2.211
-0.11823247 0.044106409 2.211
-0.11438157 0.044106409 2.211
-0.11053065 0.044106409 2.211
-0.10667975 0.044106409 2.211
-0.10282884 0.044106409 2.211
-0.098977923 0.044106409 2.211
-0.095127016 0.044106409 2.211
-0.091565087 0.044246048 2.2179999
-0.087701984 0.044246048 2.2179999
-0.083838888 0.044246048 2.2179999
-0.079975784 0.044246048 2.2179999
-0.07611268 0.044246048 2.2179999
-0.072249584 0.044246048 2.2179999
-0.06838648 0.044246048 2.2179999
-0.064523384 0.044246048 2.2179999
-0.060468838 0.044106409 2.211
-0.056617927 0.044106409 2.211
-0.05276702 0.044106409 2.211
-0.048916109 0.044106409 2.211
-0.045065202 0.044106409 2.211
-0.041214291 0.044106409 2.211
-0.037363384 0.044106409 2.211
-0.033512473 0.044106409 2.211
-0.029661564 0.044106409 2.211
-0.025810655 0.044106409 2.211
-0.021959746 0.044106409 2.211
-0.018108837 0.044106409 2.211
-0.014257929 0.044106409 2.211
-0.01040702 0.044106409 2.211
-0.0065561109 0.044106409 2.211
-0.0027137666 0.044246048 2.2179999
0.0011493344 0.044246048 2.2179999
0.0050124354 0.044246048 2.2179999
0.0088755358 0.044246048 2.2179999
0.012698434 0.044106409 2.211
0.016549343 0.044106409 2.211
0.020400252 0.044106409 2.211
0.024251161 0.044106409 2.211
0.02810207 0.044106409 2.211
0.031952981 0.044106409 2.211
0.035803888 0.044106409 2.211
0.039654799 0.044106409 2.211
0.043505706 0.044106409 2.211
0.047356617 0.044106409 2.211
0.051207524 0.044106409 2.211
0.055232748 0.044246048 2.2179999
0.059095848 0.044246048 2.2179999
0.062958948 0.044246048 2.2179999
0.066822052 0.044246048 2.2179999
0.070685148 0.044246048 2.2179999
0.074548252 0.044246048 2.2179999
0.078411356 0.044246048 2.2179999
0.082274452 0.044246048 2.2179999
0.086137556 0.044246048 2.2179999
0.090000652 0.044246048 2.2179999
0.093863755 0.044246048 2.2179999
0.097726859 0.044246048 2.2179999
0.10158996 0.044246048 2.2179999
0.10512025 0.044106409 2.211
0.10897116 0.044106409 2.211
0.11282207 0.044106409 2.211
0.11667298 0.044106409 2.211
0.12052388 0.044106409 2.211
0.12437479 0.044106409 2.211
0.1282257 0.044106409 2.211
0.13207661 0.044106409 2.211
0.13592753 0.044106409 2.211
0.13977844 0.044106409 2.211
0.14362934 0.044106409 2.211
0.14748025 0.044106409 2.211
0.15133116 0.044106409 2.211
0.15518206 0.044106409 2.211
0.15903297 0.044106409 2.211
0.16288388 0.044106409 2.211
0.1667348 0.044106409 2.211
0.17058571 0.044106409 2.211
0.17443661 0.044106409 2.211
0.17828752 0.044106409 2.211
0.18213843 0.044106409 2.211
0.18598934 0.044106409 2.211
0.18984024 0.044106409 2.211
0.19369116 0.044106409 2.211
0.19754207 0.044106409 2.211
0.20139298 0.044106409 2.211
0.20524389 0.044106409 2.211
0.20909479 0.044106409 2.211
0.2129457 0.044106409 2.211
0.21679661 0.044106409 2.211
-0.2183561 0.04795732 2.211
-0.2145052 0.04795732 2.211
-0.21065429 0.04795732 2.211
-0.20680338 0.04795732 2.211
-0.20295247 0.04795732 2.211
-0.19910157 0.04795732 2.211
-0.19525065 0.04795732 2.211
-0.19139974 0.04795732 2.211
-0.18754883 0.04795732 2.211
-0.18369792 0.04795732 2.211
-0.17984702 0.04795732 2.211
-0.17599611 0.04795732 2.211
-0.1721452 0.04795732 2.211
-0.1682943 0.04795732 2.211
-0.16444337 0.04795732 2.211
-0.16059247 0.04795732 2.211
-0.15674156 0.04795732 2.211
-0.15289065 0.04795732 2.211
-0.14903975 0.04795732 2.211
-0.14518884 0.04795732 2.211
-0.14133793 0.04795732 2.211
-0.13748702 0.04795732 2.211
-0.1336361 0.04795732 2.211
-0.12978519 0.04795732 2.211
-0.12593429 0.04795732 2.211
-0.12208338 0.04795732 2.211
-0.11823247 0.04795732 2.211
-0.11438157 0.04795732 2.211
-0.11053065 0.04795732 2.211
-0.10667975 0.04795732 2.211
-0.10282884 0.04795732 2.211
-0.098977923 0.04795732 2.211
-0.095127016 0.04795732 2.211
-0.091565087 0.048109151 2.2179999
-0.087701984 0.048109151 2.2179999
-0.083838888 0.048109151 2.2179999
-0.079975784 0.048109151 2.2179999
-0.07611268 0.048109151 2.2179999
-0.072249584 0.048109151 2.2179999
-0.06838648 0.048109151 2.2179999
-0.064319745 0.04795732 2.211
-0.060468838 0.04795732 2.211
-0.05679718 0.048109151 2.2179999
-0.05276702 0.04795732 2.211
-0.048916109 0.04795732 2.211
-0.045065202 0.04795732 2.211
-0.041214291 0.04795732 2.211
-0.037363384 0.04795732 2.211
-0.033512473 0.04795732 2.211
-0.029661564 0.04795732 2.211
-0.025810655 0.04795732 2.211
-0.021959746 0.04795732 2.211
-0.018108837 0.04795732 2.211
-0.014257929 0.04795732 2.211
-0.01040702 0.04795732 2.211
-0.0065561109 0.04795732 2.211
-0.0027137666 0.048109151 2.2179999
0.0011493344 0.048109151 2.2179999
0.0050124354 0.048109151 2.2179999
0.0088475253 0.04795732 2.211
0.012698434 0.04795732 2.211
0.016549343 0.04795732 2.211
0.020400252 0.04795732 2.211
0.024251161 0.04795732 2.211
0.02810207 0.04795732 2.211
0.031952981 0.04795732 2.211
0.035803888 0.04795732 2.211
0.039654799 0.04795732 2.211
0.043505706 0.04795732 2.211
0.047356617 0.04795732 2.211
0.051207524 0.04795732 2.211
0.055232748 0.048109151 2.2179999
0.059095848 0.048109151 2.2179999
0.062958948 0.048109151 2.2179999
0.066822052 0.048109151 2.2179999
0.070685148 0.048109151 2.2179999
0.074548252 0.048109151 2.2179999
0.078411356 0.048109151 2.2179999
0.082274452 0.048109151 2.2179999
0.086137556 0.048109151 2.2179999
0.090000652 0.048109151 2.2179999
0.093863755 0.048109151 2.2179999
0.097726859 0.048109151 2.2179999
0.10158996 0.048109151 2.2179999
0.10512025 0.04795732 2.211
0.10897116 0.04795732 2.211
0.11282207 0.04795732 2.211
0.11667298 0.04795732 2.211
0.12052388 0.04795732 2.211
0.12437479 0.04795732 2.211
0.1282257 0.04795732 2.211
0.13207661 0.04795732 2.211
0.13592753 0.04795732 2.211
0.13977844 0.04795732 2.211
0.14362934 0.04795732 2.211
0.14748025 0.04795732 2.211
0.15133116 0.04795732 2.211
0.15518206 0.04795732 2.211
0.15903297 0.04795732 2.211
0.16288388 0.04795732 2.211
0.1667348 0.04795732 2.211
0.17058571 0.04795732 2.211
0.17443661 0.04795732 2.211
0.17828752 0.04795732 2.211
0.18213843 0.04795732 2.211
0.18598934 0.04795732 2.211
0.18984024 0.04795732 2.211
0.19369116 0.04795732 2.211
0.19754207 0.04795732 2.211
0.20139298 0.04795732 2.211
0.20524389 0.04795732 2.211
0.20909479 0.04795732 2.211
0.2129457 0.04795732 2.211
0.21679661 0.04795732 2.211
-0.21766479 0.051644202 2.204
-0.2145052 0.051808227 2.211
-0.21065429 0.051808227 2.211
-0.20680338 0.051808227 2.211
-0.20295247 0.051808227 2.211
-0.19910157 0.051808227 2.211
-0.19525065 0.051808227 2.211
-0.19139974 0.051808227 2.211
-0.18754883 0.051808227 2.211
-0.18369792 0.051808227 2.211
-0.17984702 0.051808227 2.211
-0.17599611 0.051808227 2.211
-0.1721452 0.051808227 2.211
-0.1682943 0.051808227 2.211
-0.16444337 0.051808227 2.211
-0.16059247 0.051808227 2.211
-0.15674156 0.051808227 2.211
-0.15289065 0.051808227 2.211
-0.14903975 0.051808227 2.211
-0.14518884 0.051808227 2.211
-0.14133793 0.051808227 2.211
-0.13705173 0.051644202 2.204
-0.13321301 0.051644202 2.204
-0.1293743 0.051644202 2.204
-0.12593429 0.051808227 2.211
-0.12208338 0.051808227 2.211
-0.11823247 0.051808227 2.211
-0.11438157 0.051808227 2.211
-0.11053065 0.051808227 2.211
-0.10667975 0.051808227 2.211
-0.10282884 0.051808227 2.211
-0.098977923 0.051808227 2.211
-0.095127016 0.051808227 2.211
-0.091565087 0.051972251 2.2179999
-0.087701984 0.051972251 2.2179999
-0.083838888 0.051972251 2.2179999
-0.079975784 0.051972251 2.2179999
-0.07611268 0.051972251 2.2179999
-0.072249584 0.051972251 2.2179999
-0.06838648 0.051972251 2.2179999
-0.064523384 0.051972251 2.2179999
-0.06066028 0.051972251 2.2179999
-0.05679718 0.051972251 2.2179999
-0.052934077 0.051972251 2.2179999
-0.048916109 0.051808227 2.211
-0.045065202 0.051808227 2.211
-0.041344777 0.051972251 2.2179999
-0.037481673 0.051972251 2.2179999
-0.033618573 0.051972251 2.2179999
-0.029755473 0.051972251 2.2179999
-0.025892371 0.051972251 2.2179999
-0.021959746 0.051808227 2.211
-0.018108837 0.051808227 2.211
-0.014257929 0.051808227 2.211
-0.01040702 0.051808227 2.211
-0.0065768673 0.051972251 2.2179999
-0.0027137666 0.051972251 2.2179999
0.0011493344 0.051972251 2.2179999
0.0050124354 0.051972251 2.2179999
0.0088475253 0.051808227 2.211
0.012698434 0.051808227 2.211
0.016549343 0.051808227 2.211
0.020400252 0.051808227 2.211
0.024251161 0.051808227 2.211
0.02810207 0.051808227 2.211
0.031952981 0.051808227 2.211
0.035803888 0.051808227 2.211
0.039654799 0.051808227 2.211
0.043505706 0.051808227 2.211
0.047356617 0.051808227 2.211
0.051207524 0.051808227 2.211
0.055058435 0.051808227 2.211
0.059095848 0.051972251 2.2179999
0.062958948 0.051972251 2.2179999
0.066822052 0.051972251 2.2179999
0.070685148 0.051972251 2.2179999
0.074548252 0.051972251 2.2179999
0.078411356 0.051972251 2.2179999
0.082274452 0.051972251 2.2179999
0.086137556 0.051972251 2.2179999
0.090000652 0.051972251 2.2179999
0.093863755 0.051972251 2.2179999
0.097726859 0.051972251 2.2179999
0.10158996 0.051972251 2.2179999
0.10545306 0.051972251 2.2179999
0.10897116 0.051808227 2.211
0.11282207 0.051808227 2.211
0.11667298 0.051808227 2.211
0.12052388 0.051808227 2.211
0.12437479 0.051808227 2.211
0.1282257 0.051808227 2.211
0.13207661 0.051808227 2.211
0.13592753 0.051808227 2.211
0.13977844 0.051808227 2.211
0.14362934 0.051808227 2.211
0.14748025 0.051808227 2.211
0.15133116 0.051808227 2.211
0.15518206 0.051808227 2.211
0.15903297 0.051808227 2.211
0.16288388 0.051808227 2.211
0.1667348 0.051808227 2.211
0.17058571 0.051808227 2.211
0.17443661 0.051808227 2.211
0.17828752 0.051808227 2.211
0.18213843 0.051808227 2.211
0.18598934 0.051808227 2.211
0.18984024 0.051808227 2.211
0.19369116 0.051808227 2.211
0.19754207 0.051808227 2.211
0.20139298 0.051808227 2.211
0.20524389 0.051808227 2.211
0.20909479 0.051808227 2.211
0.2129457 0.051808227 2.211
0.21679661 0.051808227 2.211
-0.21766479 0.05548292 2.204
-0.2145052 0.055659138 2.211
-0.21065429 0.055659138 2.211
-0.20680338 0.055659138 2.211
-0.20295247 0.055659138 2.211
-0.19910157 0.055659138 2.211
-0.19525065 0.055659138 2.211
-0.19139974 0.055659138 2.211
-0.18754883 0.055659138 2.211
-0.18369792 0.055659138 2.211
-0.17984702 0.055659138 2.211
-0.17599611 0.055659138 2.211
-0.1721452 0.055659138 2.211
-0.1682943 0.055659138 2.211
-0.16444337 0.055659138 2.211
-0.16059247 0.055659138 2.211
-0.15674156 0.055659138 2.211
-0.15289065 0.055659138 2.211
-0.14903975 0.055659138 2.211
-0.14518884 0.055659138 2.211
-0.14089045 0.05548292 2.204
-0.13705173 0.05548292 2.204
-0.13321301 0.05548292 2.204
-0.1293743 0.05548292 2.204
-0.12553559 0.05548292 2.204
-0.12169687 0.05548292 2.204
-0.11823247 0.055659138 2.211
-0.11438157 0.055659138 2.211
-0.11053065 0.055659138 2.211
-0.10667975 0.055659138 2.211
-0.10282884 0.055659138 2.211
-0.098977923 0.055659138 2.211
-0.095127016 0.055659138 2.211
-0.091276109 0.055659138 2.211
-0.087701984 0.055835351 2.2179999
-0.083838888 0.055835351 2.2179999
-0.079975784 0.055835351 2.2179999
-0.075872473 0.055659138 2.211
-0.072249584 0.055835351 2.2179999
-0.06838648 0.055835351 2.2179999
-0.064523384 0.055835351 2.2179999
-0.06066028 0.055835351 2.2179999
-0.05679718 0.055835351 2.2179999
-0.052934077 0.055835351 2.2179999
-0.049070977 0.055835351 2.2179999
-0.045207877 0.055835351 2.2179999
-0.041344777 0.055835351 2.2179999
-0.037481673 0.055835351 2.2179999
-0.033618573 0.055835351 2.2179999
-0.029755473 0.055835351 2.2179999
-0.025892371 0.055835351 2.2179999
-0.022029271 0.055835351 2.2179999
-0.01816617 0.055835351 2.2179999
-0.014257929 0.055659138 2.211
-0.010439969 0.055835351 2.2179999
-0.0065768673 0.055835351 2.2179999
-0.0027137666 0.055835351 2.2179999
0.0011493344 0.055835351 2.2179999
0.0050124354 0.055835351 2.2179999
0.0088475253 0.055659138 2.211
0.012698434 0.055659138 2.211
0.016549343 0.055659138 2.211
0.020400252 0.055659138 2.211
0.024251161 0.055659138 2.211
0.02810207 0.055659138 2.211
0.031952981 0.055659138 2.211
0.035803888 0.055659138 2.211
0.039654799 0.055659138 2.211
0.043505706 0.055659138 2.211
0.047356617 0.055659138 2.211
0.051207524 0.055659138 2.211
0.055058435 0.055659138 2.211
0.058909342 0.055659138 2.211
0.062958948 0.055835351 2.2179999
0.066822052 0.055835351 2.2179999
0.070685148 0.055835351 2.2179999
0.074548252 0.055835351 2.2179999
0.078411356 0.055835351 2.2179999
0.082274452 0.055835351 2.2179999
0.086137556 0.055835351 2.2179999
0.090000652 0.055835351 2.2179999
0.093863755 0.055835351 2.2179999
0.097726859 0.055835351 2.2179999
0.10158996 0.055835351 2.2179999
0.10512025 0.055659138 2.211
0.10897116 0.055659138 2.211
0.11282207 0.055659138 2.211
0.11667298 0.055659138 2.211
0.12052388 0.055659138 2.211
0.12437479 0.055659138 2.211
0.1282257 0.055659138 2.211
0.13207661 0.055659138 2.211
0.13592753 0.055659138 2.211
0.13977844 0.055659138 2.211
0.14362934 0.055659138 2.211
0.14748025 0.055659138 2.211
0.15133116 0.055659138 2.211
0.15518206 0.055659138 2.211
0.15903297 0.055659138 2.211
0.16288388 0.055659138 2.211
0.1667348 0.055659138 2.211
0.17058571 0.055659138 2.211
0.17443661 0.055659138 2.211
0.17828752 0.055659138 2.211
0.18213843 0.055659138 2.211
0.18598934 0.055659138 2.211
0.18984024 0.055659138 2.211
0.19369116 0.055659138 2.211
0.19754207 0.055659138 2.211
0.20139298 0.055659138 2.211
0.20524389 0.055659138 2.211
0.20909479 0.055659138 2.211
0.2129457 0.055659138 2.211
0.21679661 0.055659138 2.211
0.21994896 0.05548292 2.204
-0.21766479 0.059321638 2.204
-0.21382608 0.059321638 2.204
-0.21065429 0.059510045 2.211
-0.20680338 0.059510045 2.211
-0.20295247 0.059510045 2.211
-0.19910157 0.059510045 2.211
-0.19525065 0.059510045 2.211
-0.19139974 0.059510045 2.211
-0.18754883 0.059510045 2.211
-0.18369792 0.059510045 2.211
-0.18041641 0.059698451 2.2179999
-0.17655331 0.059698451 2.2179999
-0.1721452 0.059510045 2.211
-0.1682943 0.059510045 2.211
-0.16444337 0.059510045 2.211
-0.16059247 0.059510045 2.211
-0.15674156 0.059510045 2.211
-0.15289065 0.059510045 2.211
-0.14903975 0.059510045 2.211
-0.14518884 0.059510045 2.211
-0.14089045 0.059321638 2.204
-0.13705173 0.059321638 2.204
-0.13321301 0.059321638 2.204
-0.1293743 0.059321638 2.204
-0.12553559 0.059321638 2.204
-0.12169687 0.059321638 2.204
-0.11823247 0.059510045 2.211
-0.11438157 0.059510045 2.211
-0.11053065 0.059510045 2.211
-0.10667975 0.059510045 2.211
-0.10282884 0.059510045 2.211
-0.098977923 0.059510045 2.211
-0.095127016 0.059510045 2.211
-0.091276109 0.059510045 2.211
-0.087425202 0.059510045 2.211
-0.083574288 0.059510045 2.211
-0.079723381 0.059510045 2.211
-0.075872473 0.059510045 2.211
-0.072021566 0.059510045 2.211
-0.06838648 0.059698451 2.2179999
-0.064523384 0.059698451 2.2179999
-0.06066028 0.059698451 2.2179999
-0.05679718 0.059698451 2.2179999
-0.052934077 0.059698451 2.2179999
-0.049070977 0.059698451 2.2179999
-0.045207877 0.059698451 2.2179999
-0.041344777 0.059698451 2.2179999
-0.037481673 0.059698451 2.2179999
-0.033618573 0.059698451 2.2179999
-0.029755473 0.059698451 2.2179999
-0.025892371 0.059698451 2.2179999
-0.022029271 0.059698451 2.2179999
-0.01816617 0.059698451 2.2179999
-0.01430307 0.059698451 2.2179999
-0.010439969 0.059698451 2.2179999
-0.0065768673 0.059698451 2.2179999
-0.0027137666 0.059698451 2.2179999
0.0011493344 0.059698451 2.2179999
0.0050124354 0.059698451 2.2179999
0.0088475253 0.059510045 2.211
0.012698434 0.059510045 2.211
0.016549343 0.059510045 2.211
0.020400252 0.059510045 2.211
0.024251161 0.059510045 2.211
0.02810207 0.059510045 2.211
0.031952981 0.059510045 2.211
0.035803888 0.059510045 2.211
0.039654799 0.059510045 2.211
0.043505706 0.059510045 2.211
0.047356617 0.059510045 2.211
0.051207524 0.059510045 2.211
0.055058435 0.059510045 2.211
0.058909342 0.059510045 2.211
0.062760249 0.059510045 2.211
0.066822052 0.059698451 2.2179999
0.070685148 0.059698451 2.2179999
0.074548252 0.059698451 2.2179999
0.078411356 0.059698451 2.2179999
0.082274452 0.059698451 2.2179999
0.086137556 0.059698451 2.2179999
0.090000652 0.059698451 2.2179999
0.09356752 0.059510045 2.211
0.097726859 0.059698451 2.2179999
0.10158996 0.059698451 2.2179999
0.10512025 0.059510045 2.211
0.10897116 0.059510045 2.211
0.11282207 0.059510045 2.211
0.11667298 0.059510045 2.211
0.12052388 0.059510045 2.211
0.12398103 0.059321638 2.204
0.12781975 0.059321638 2.204
0.13165846 0.059321638 2.204
0.13592753 0.059510045 2.211
0.13977844 0.059510045 2.211
0.14362934 0.059510045 2.211
0.14748025 0.059510045 2.211
0.15133116 0.059510045 2.211
0.15518206 0.059510045 2.211
0.15903297 0.059510045 2.211
0.16288388 0.059510045 2.211
0.1667348 0.059510045 2.211
0.17058571 0.059510045 2.211
0.17443661 0.059510045 2.211
0.17828752 0.059510045 2.211
0.18213843 0.059510045 2.211
0.18598934 0.059510045 2.211
0.18984024 0.059510045 2.211
0.19369116 0.059510045 2.211
0.19754207 0.059510045 2.211
0.20139298 0.059510045 2.211
0.20524389 0.059510045 2.211
0.20909479 0.059510045 2.211
0.2129457 0.059510045 2.211
0.21679661 0.059510045 2.211
0.21994896 0.059321638 2.204
-0.21766479 0.063160352 2.204
-0.21382608 0.063160352 2.204
-0.21065429 0.063360952 2.211
-0.20680338 0.063360952 2.211
-0.20295247 0.063360952 2.211
-0.19910157 0.063360952 2.211
-0.19525065 0.063360952 2.211
-0.19139974 0.063360952 2.211
-0.18754883 0.063360952 2.211
-0.18369792 0.063360952 2.211
-0.18041641 0.063561551 2.2179999
-0.17655331 0.063561551 2.2179999
-0.17269021 0.063561551 2.2179999
-0.1688271 0.063561551 2.2179999
-0.16444337 0.063360952 2.211
-0.16059247 0.063360952 2.211
-0.15674156 0.063360952 2.211
-0.15289065 0.063360952 2.211
-0.14903975 0.063360952 2.211
-0.14518884 0.063360952 2.211
-0.14089045 0.063160352 2.204
-0.13705173 0.063160352 2.204
-0.13321301 0.063160352 2.204
-0.1293743 0.063160352 2.204
-0.12553559 0.063160352 2.204
-0.12169687 0.063160352 2.204
-0.11823247 0.063360952 2.211
-0.11438157 0.063360952 2.211
-0.11053065 0.063360952 2.211
-0.10667975 0.063360952 2.211
-0.10282884 0.063360952 2.211
-0.098977923 0.063360952 2.211
-0.095127016 0.063360952 2.211
-0.091276109 0.063360952 2.211
-0.087425202 0.063360952 2.211
-0.083574288 0.063360952 2.211
-0.079723381 0.063360952 2.211
-0.075872473 0.063360952 2.211
-0.072021566 0.063360952 2.211
-0.06838648 0.063561551 2.2179999
-0.064523384 0.063561551 2.2179999
-0.06066028 0.063561551 2.2179999
-0.05679718 0.063561551 2.2179999
-0.052934077 0.063561551 2.2179999
-0.049070977 0.063561551 2.2179999
-0.045207877 0.063561551 2.2179999
-0.041344777 0.063561551 2.2179999
-0.037481673 0.063561551 2.2179999
-0.033618573 0.063561551 2.2179999
-0.029755473 0.063561551 2.2179999
-0.025892371 0.063561551 2.2179999
-0.022029271 0.063561551 2.2179999
-0.01816617 0.063561551 2.2179999
-0.01430307 0.063561551 2.2179999
-0.010439969 0.063561551 2.2179999
-0.0065768673 0.063561551 2.2179999
-0.0027137666 0.063561551 2.2179999
0.0011493344 0.063561551 2.2179999
0.0050124354 0.063561551 2.2179999
0.0088475253 0.063360952 2.211
0.012698434 0.063360952 2.211
0.016549343 0.063360952 2.211
0.020400252 0.063360952 2.211
0.024251161 0.063360952 2.211
0.02810207 0.063360952 2.211
0.031952981 0.063360952 2.211
0.035803888 0.063360952 2.211
0.039654799 0.063360952 2.211
0.043505706 0.063360952 2.211
0.047356617 0.063360952 2.211
0.051207524 0.063360952 2.211
0.055058435 0.063360952 2.211
0.058909342 0.063360952 2.211
0.062760249 0.063360952 2.211
0.066611163 0.063360952 2.211
0.070685148 0.063561551 2.2179999
0.074548252 0.063561551 2.2179999
0.078411356 0.063561551 2.2179999
0.082274452 0.063561551 2.2179999
0.085865706 0.063360952 2.211
0.089716613 0.063360952 2.211
0.09356752 0.063360952 2.211
0.097418435 0.063360952 2.211
0.10126934 0.063360952 2.211
0.10512025 0.063360952 2.211
0.10897116 0.063360952 2.211
0.11282207 0.063360952 2.211
0.11667298 0.063360952 2.211
0.12014231 0.063160352 2.204
0.12398103 0.063160352 2.204
0.12781975 0.063160352 2.204
0.13165846 0.063160352 2.204
0.13592753 0.063360952 2.211
0.13977844 0.063360952 2.211
0.14362934 0.063360952 2.211
0.14748025 0.063360952 2.211
0.15133116 0.063360952 2.211
0.15518206 0.063360952 2.211
0.15903297 0.063360952 2.211
0.16288388 0.063360952 2.211
0.1667348 0.063360952 2.211
0.17058571 0.063360952 2.211
0.17443661 0.063360952 2.211
0.17828752 0.063360952 2.211
0.18213843 0.063360952 2.211
0.18598934 0.063360952 2.211
0.18984024 0.063360952 2.211
0.19369116 0.063360952 2.211
0.19754207 0.063360952 2.211
0.20139298 0.063360952 2.211
0.20524389 0.063360952 2.211
0.20909479 0.063360952 2.211
0.2129457 0.063360952 2.211
0.21679661 0.063360952 2.211
0.21994896 0.063160352 2.204
-0.21766479 0.06699907 2.204
-0.21382608 0.06699907 2.204
-0.21065429 0.067211866 2.211
-0.20680338 0.067211866 2.211
-0.20295247 0.067211866 2.211
-0.19910157 0.067211866 2.211
-0.19525065 0.067211866 2.211
-0.19139974 0.067211866 2.211
-0.18754883 0.067211866 2.211
-0.18369792 0.067211866 2.211
-0.18041641 0.067424655 2.2179999
-0.17655331 0.067424655 2.2179999
-0.17269021 0.067424655 2.2179999
-0.1688271 0.067424655 2.2179999
-0.16444337 0.067211866 2.211
-0.16059247 0.067211866 2.211
-0.15674156 0.067211866 2.211
-0.15289065 0.067211866 2.211
-0.14903975 0.067211866 2.211
-0.14472917 0.06699907 2.204
-0.14089045 0.06699907 2.204
-0.13705173 0.06699907 2.204
-0.13321301 0.06699907 2.204
-0.1293743 0.06699907 2.204
-0.12553559 0.06699907 2.204
-0.12169687 0.06699907 2.204
-0.11823247 0.067211866 2.211
-0.11438157 0.067211866 2.211
-0.11053065 0.067211866 2.211
-0.10667975 0.067211866 2.211
-0.10282884 0.067211866 2.211
-0.098977923 0.067211866 2.211
-0.095127016 0.067211866 2.211
-0.091276109 0.067211866 2.211
-0.087425202 0.067211866 2.211
-0.083574288 0.067211866 2.211
-0.079723381 0.067211866 2.211
-0.075872473 0.067211866 2.211
-0.072021566 0.067211866 2.211
-0.068170652 0.067211866 2.211
-0.064523384 0.067424655 2.2179999
-0.06066028 0.067424655 2.2179999
-0.05679718 0.067424655 2.2179999
-0.052934077 0.067424655 2.2179999
-0.049070977 0.067424655 2.2179999
-0.045207877 0.067424655 2.2179999
-0.041344777 0.067424655 2.2179999
-0.037481673 0.067424655 2.2179999
-0.033618573 0.067424655 2.2179999
-0.029755473 0.067424655 2.2179999
-0.025892371 0.067424655 2.2179999
-0.022029271 0.067424655 2.2179999
-0.01816617 0.067424655 2.2179999
-0.01430307 0.067424655 2.2179999
-0.010439969 0.067424655 2.2179999
-0.0065768673 0.067424655 2.2179999
-0.0027137666 0.067424655 2.2179999
0.0011457071 0.067211866 2.211
0.0049966159 0.067211866 2.211
0.0088475253 0.067211866 2.211
0.012698434 0.067211866 2.211
0.016549343 0.067211866 2.211
0.020400252 0.067211866 2.211
0.024251161 0.067211866 2.211
0.02810207 0.067211866 2.211
0.031952981 0.067211866 2.211
0.035803888 0.067211866 2.211
0.039654799 0.067211866 2.211
0.043505706 0.067211866 2.211
0.047356617 0.067211866 2.211
0.051207524 0.067211866 2.211
0.055058435 0.067211866 2.211
0.058909342 0.067211866 2.211
0.062760249 0.067211866 2.211
0.066611163 0.067211866 2.211
0.07046207 0.067211866 2.211
0.074312977 0.067211866 2.211
0.078163885 0.067211866 2.211
0.082014799 0.067211866 2.211
0.085865706 0.067211866 2.211
0.089716613 0.067211866 2.211
0.09356752 0.067211866 2.211
0.097418435 0.067211866 2.211
0.10126934 0.067211866 2.211
0.10512025 0.067211866 2.211
0.10897116 0.067211866 2.211
0.11282207 0.067211866 2.211
0.11667298 0.067211866 2.211
0.12014231 0.06699907 2.204
0.12398103 0.06699907 2.204
0.12781975 0.06699907 2.204
0.13165846 0.06699907 2.204
0.13592753 0.067211866 2.211
0.13977844 0.067211866 2.211
0.14362934 0.067211866 2.211
0.14748025 0.067211866 2.211
0.15133116 0.067211866 2.211
0.15518206 0.067211866 2.211
0.15903297 0.067211866 2.211
0.16288388 0.067211866 2.211
0.1667348 0.067211866 2.211
0.17058571 0.067211866 2.211
0.17443661 0.067211866 2.211
0.17828752 0.067211866 2.211
0.18213843 0.067211866 2.211
0.18598934 0.067211866 2.211
0.19044128 0.067424655 2.2179999
0.19430438 0.067424655 2.2179999
0.19816747 0.067424655 2.2179999
0.20139298 0.067211866 2.211
0.20524389 0.067211866 2.211
0.20909479 0.067211866 2.211
0.2129457 0.067211866 2.211
0.21679661 0.067211866 2.211
-0.21766479 0.070837788 2.204
-0.21382608 0.070837788 2.204
-0.21065429 0.071062773 2.211
-0.20680338 0.071062773 2.211
-0.20295247 0.071062773 2.211
-0.19910157 0.071062773 2.211
-0.19525065 0.071062773 2.211
-0.19139974 0.071062773 2.211
-0.18754883 0.071062773 2.211
-0.18369792 0.071062773 2.211
-0.17984702 0.071062773 2.211
-0.17599611 0.071062773 2.211
-0.17269021 0.071287759 2.2179999
-0.1688271 0.071287759 2.2179999
-0.16444337 0.071062773 2.211
-0.16059247 0.071062773 2.211
-0.15674156 0.071062773 2.211
-0.15289065 0.071062773 2.211
-0.14903975 0.071062773 2.211
-0.14472917 0.070837788 2.204
-0.14089045 0.070837788 2.204
-0.13705173 0.070837788 2.204
-0.13321301 0.070837788 2.204
-0.1293743 0.070837788 2.204
-0.12553559 0.070837788 2.204
-0.12169687 0.070837788 2.204
-0.11785815 0.070837788 2.204
-0.11438157 0.071062773 2.211
-0.11053065 0.071062773 2.211
-0.10667975 0.071062773 2.211
-0.10282884 0.071062773 2.211
-0.098977923 0.071062773 2.211
-0.095127016 0.071062773 2.211
-0.091276109 0.071062773 2.211
-0.087425202 0.071062773 2.211
-0.083574288 0.071062773 2.211
-0.079723381 0.071062773 2.211
-0.075872473 0.071062773 2.211
-0.072021566 0.071062773 2.211
-0.068170652 0.071062773 2.211
-0.064523384 0.071287759 2.2179999
-0.06066028 0.071287759 2.2179999
-0.05679718 0.071287759 2.2179999
-0.052934077 0.071287759 2.2179999
-0.049070977 0.071287759 2.2179999
-0.045207877 0.071287759 2.2179999
-0.041344777 0.071287759 2.2179999
-0.037481673 0.071287759 2.2179999
-0.033618573 0.071287759 2.2179999
-0.029755473 0.071287759 2.2179999
-0.025892371 0.071287759 2.2179999
-0.022029271 0.071287759 2.2179999
-0.01816617 0.071287759 2.2179999
-0.01430307 0.071287759 2.2179999
-0.010439969 0.071287759 2.2179999
-0.0065561109 0.071062773 2.211
-0.002705202 0.071062773 2.211
0.0011457071 0.071062773 2.211
0.0049966159 0.071062773 2.211
0.0088475253 0.071062773 2.211
0.012698434 0.071062773 2.211
0.016549343 0.071062773 2.211
0.020400252 0.071062773 2.211
0.024251161 0.071062773 2.211
0.02810207 0.071062773 2.211
0.031952981 0.071062773 2.211
0.035803888 0.071062773 2.211
0.039654799 0.071062773 2.211
0.043505706 0.071062773 2.211
0.047356617 0.071062773 2.211
0.051207524 0.071062773 2.211
0.055058435 0.071062773 2.211
0.058909342 0.071062773 2.211
0.062760249 0.071062773 2.211
0.066611163 0.071062773 2.211
0.07046207 0.071062773 2.211
0.074312977 0.071062773 2.211
0.078163885 0.071062773 2.211
0.082014799 0.071062773 2.211
0.085865706 0.071062773 2.211
0.089716613 0.071062773 2.211
0.09356752 0.071062773 2.211
0.097418435 0.071062773 2.211
0.10126934 0.071062773 2.211
0.10512025 0.071062773 2.211
0.10897116 0.071062773 2.211
0.11282207 0.071062773 2.211
0.11667298 0.071062773 2.211
0.12052388 0.071062773 2.211
0.12437479 0.071062773 2.211
0.1282257 0.071062773 2.211
0.13207661 0.071062773 2.211
0.13592753 0.071062773 2.211
0.13977844 0.071062773 2.211
0.14362934 0.071062773 2.211
0.14748025 0.071062773 2.211
0.15133116 0.071062773 2.211
0.15518206 0.071062773 2.211
0.15903297 0.071062773 2.211
0.16288388 0.071062773 2.211
0.1667348 0.071062773 2.211
0.17058571 0.071062773 2.211
0.17443661 0.071062773 2.211
0.17828752 0.071062773 2.211
0.18271507 0.071287759 2.2179999
0.18657817 0.071287759 2.2179999
0.19044128 0.071287759 2.2179999
0.19430438 0.071287759 2.2179999
0.19816747 0.071287759 2.2179999
0.20139298 0.071062773 2.211
0.20524389 0.071062773 2.211
0.20909479 0.071062773 2.211
0.2129457 0.071062773 2.211
0.21679661 0.071062773 2.211
-0.21766479 0.074676506 2.204
-0.2145052 0.074913681 2.211
-0.21065429 0.074913681 2.211
-0.20680338 0.074913681 2.211
-0.20295247 0.074913681 2.211
-0.19910157 0.074913681 2.211
-0.19525065 0.074913681 2.211
-0.19139974 0.074913681 2.211
-0.18754883 0.074913681 2.211
-0.18369792 0.074913681 2.211
-0.17984702 0.074913681 2.211
-0.17599611 0.074913681 2.211
-0.17269021 0.075150855 2.2179999
-0.1688271 0.075150855 2.2179999
-0.16444337 0.074913681 2.211
-0.16059247 0.074913681 2.211
-0.15674156 0.074913681 2.211
-0.15289065 0.074913681 2.211
-0.14903975 0.074913681 2.211
-0.14472917 0.074676506 2.204
-0.14089045 0.074676506 2.204
-0.13705173 0.074676506 2.204
-0.13321301 0.074676506 2.204
-0.1293743 0.074676506 2.204
-0.12553559 0.074676506 2.204
-0.12169687 0.074676506 2.204
-0.11785815 0.074676506 2.204
-0.11438157 0.074913681 2.211
-0.11053065 0.074913681 2.211
-0.10667975 0.074913681 2.211
-0.10282884 0.074913681 2.211
-0.098977923 0.074913681 2.211
-0.095127016 0.074913681 2.211
-0.091276109 0.074913681 2.211
-0.087425202 0.074913681 2.211
-0.083574288 0.074913681 2.211
-0.079723381 0.074913681 2.211
-0.075872473 0.074913681 2.211
-0.072021566 0.074913681 2.211
-0.068170652 0.074913681 2.211
-0.064319745 0.074913681 2.211
-0.06066028 0.075150855 2.2179999
-0.05679718 0.075150855 2.2179999
-0.052934077 0.075150855 2.2179999
-0.049070977 0.075150855 2.2179999
-0.045207877 0.075150855 2.2179999
-0.041493904 0.075421922 2.2260001
-0.037616868 0.075421922 2.2260001
-0.033618573 0.075150855 2.2179999
-0.029755473 0.075150855 2.2179999
-0.025892371 0.075150855 2.2179999
-0.022029271 0.075150855 2.2179999
-0.01816617 0.075150855 2.2179999
-0.01430307 0.075150855 2.2179999
-0.01040702 0.074913681 2.211
-0.0065561109 0.074913681 2.211
-0.002705202 0.074913681 2.211
0.0011457071 0.074913681 2.211
0.0049966159 0.074913681 2.211
0.0088475253 0.074913681 2.211
0.012698434 0.074913681 2.211
0.016549343 0.074913681 2.211
0.020400252 0.074913681 2.211
0.024251161 0.074913681 2.211
0.02810207 0.074913681 2.211
0.031952981 0.074913681 2.211
0.035803888 0.074913681 2.211
0.039654799 0.074913681 2.211
0.043505706 0.074913681 2.211
0.047356617 0.074913681 2.211
0.051207524 0.074913681 2.211
0.055058435 0.074913681 2.211
0.058909342 0.074913681 2.211
0.062760249 0.074913681 2.211
0.066611163 0.074913681 2.211
0.07046207 0.074913681 2.211
0.074312977 0.074913681 2.211
0.078163885 0.074913681 2.211
0.082014799 0.074913681 2.211
0.085865706 0.074913681 2.211
0.089716613 0.074913681 2.211
0.09356752 0.074913681 2.211
0.097418435 0.074913681 2.211
0.10126934 0.074913681 2.211
0.10512025 0.074913681 2.211
0.10897116 0.074913681 2.211
0.11282207 0.074913681 2.211
0.11667298 0.074913681 2.211
0.12052388 0.074913681 2.211
0.12437479 0.074913681 2.211
0.1282257 0.074913681 2.211
0.13207661 0.074913681 2.211
0.13592753 0.074913681 2.211
0.13977844 0.074913681 2.211
0.14362934 0.074913681 2.211
0.14748025 0.074913681 2.211
0.15133116 0.074913681 2.211
0.15518206 0.074913681 2.211
0.15903297 0.074913681 2.211
0.16288388 0.074913681 2.211
0.16726267 0.075150855 2.2179999
0.17112577 0.075150855 2.2179999
0.17498888 0.075150855 2.2179999
0.17885198 0.075150855 2.2179999
0.18271507 0.075150855 2.2179999
0.18657817 0.075150855 2.2179999
0.19044128 0.075150855 2.2179999
0.19430438 0.075150855 2.2179999
0.19816747 0.075150855 2.2179999
0.20139298 0.074913681 2.211
0.20524389 0.074913681 2.211
0.20909479 0.074913681 2.211
0.2129457 0.074913681 2.211
0.21679661 0.074913681 2.211
-0.2183561 0.078764588 2.211
-0.2145052 0.078764588 2.211
-0.21065429 0.078764588 2.211
-0.20680338 0.078764588 2.211
-0.20295247 0.078764588 2.211
-0.19910157 0.078764588 2.211
-0.19525065 0.078764588 2.211
-0.19139974 0.078764588 2.211
-0.18754883 0.078764588 2.211
-0.18369792 0.078764588 2.211
-0.17984702 0.078764588 2.211
-0.17599611 0.078764588 2.211
-0.1721452 0.078764588 2.211
-0.1688271 0.079013959 2.2179999
-0.16444337 0.078764588 2.211
-0.16059247 0.078764588 2.211
-0.15674156 0.078764588 2.211
-0.15289065 0.078764588 2.211
-0.14903975 0.078764588 2.211
-0.14472917 0.078515224 2.204
-0.14089045 0.078515224 2.204
-0.13705173 0.078515224 2.204
-0.13321301 0.078515224 2.204
-0.1293743 0.078515224 2.204
-0.12553559 0.078515224 2.204
-0.12169687 0.078515224 2.204
-0.11785815 0.078515224 2.204
-0.11401943 0.078515224 2.204
-0.11053065 0.078764588 2.211
-0.10667975 0.078764588 2.211
-0.10282884 0.078764588 2.211
-0.098977923 0.078764588 2.211
-0.095127016 0.078764588 2.211
-0.091276109 0.078764588 2.211
-0.087425202 0.078764588 2.211
-0.083574288 0.078764588 2.211
-0.079723381 0.078764588 2.211
-0.075872473 0.078764588 2.211
-0.072021566 0.078764588 2.211
-0.068170652 0.078764588 2.211
-0.064319745 0.078764588 2.211
-0.06066028 0.079013959 2.2179999
-0.05679718 0.079013959 2.2179999
-0.052934077 0.079013959 2.2179999
-0.049070977 0.079013959 2.2179999
-0.045370936 0.079298951 2.2260001
-0.041493904 0.079298951 2.2260001
-0.037616868 0.079298951 2.2260001
-0.033739831 0.079298951 2.2260001
-0.029755473 0.079013959 2.2179999
-0.025892371 0.079013959 2.2179999
-0.022029271 0.079013959 2.2179999
-0.01816617 0.079013959 2.2179999
-0.01430307 0.079013959 2.2179999
-0.01040702 0.078764588 2.211
-0.0065561109 0.078764588 2.211
-0.002705202 0.078764588 2.211
0.0011457071 0.078764588 2.211
0.0049966159 0.078764588 2.211
0.0088475253 0.078764588 2.211
0.012698434 0.078764588 2.211
0.016549343 0.078764588 2.211
0.020400252 0.078764588 2.211
0.024251161 0.078764588 2.211
0.02810207 0.078764588 2.211
0.031952981 0.078764588 2.211
0.035803888 0.078764588 2.211
0.039654799 0.078764588 2.211
0.043505706 0.078764588 2.211
0.047356617 0.078764588 2.211
0.051207524 0.078764588 2.211
0.055058435 0.078764588 2.211
0.058909342 0.078764588 2.211
0.062760249 0.078764588 2.211
0.066611163 0.078764588 2.211
0.07046207 0.078764588 2.211
0.074312977 0.078764588 2.211
0.078163885 0.078764588 2.211
0.082014799 0.078764588 2.211
0.085865706 0.078764588 2.211
0.089716613 0.078764588 2.211
0.09356752 0.078764588 2.211
0.097418435 0.078764588 2.211
0.10126934 0.078764588 2.211
0.10512025 0.078764588 2.211
0.10897116 0.078764588 2.211
0.11282207 0.078764588 2.211
0.11667298 0.078764588 2.211
0.12052388 0.078764588 2.211
0.12437479 0.078764588 2.211
0.1282257 0.078764588 2.211
0.13207661 0.078764588 2.211
0.13592753 0.078764588 2.211
0.13977844 0.078764588 2.211
0.14362934 0.078764588 2.211
0.14748025 0.078764588 2.211
0.15133116 0.078764588 2.211
0.15518206 0.078764588 2.211
0.15903297 0.078764588 2.211
0.16339958 0.079013959 2.2179999
0.16726267 0.079013959 2.2179999
0.17112577 0.079013959 2.2179999
0.17498888 0.079013959 2.2179999
0.17885198 0.079013959 2.2179999
0.18271507 0.079013959 2.2179999
0.18657817 0.079013959 2.2179999
0.19044128 0.079013959 2.2179999
0.19430438 0.079013959 2.2179999
0.19816747 0.079013959 2.2179999
0.20139298 0.078764588 2.211
0.20524389 0.078764588 2.211
0.20909479 0.078764588 2.211
0.2129457 0.078764588 2.211
0.21679661 0.078764588 2.211
0.21994896 0.078515224 2.204
-0.2183561 0.082615502 2.211
-0.2145052 0.082615502 2.211
-0.21065429 0.082615502 2.211
-0.20680338 0.082615502 2.211
-0.20295247 0.082615502 2.211
-0.19910157 0.082615502 2.211
-0.19525065 0.082615502 2.211
-0.19139974 0.082615502 2.211
-0.18754883 0.082615502 2.211
-0.18369792 0.082615502 2.211
-0.17984702 0.082615502 2.211
-0.17599611 0.082615502 2.211
-0.1721452 0.082615502 2.211
-0.1688271 0.082877055 2.2179999
-0.16444337 0.082615502 2.211
-0.16059247 0.082615502 2.211
-0.15674156 0.082615502 2.211
-0.15289065 0.082615502 2.211
-0.14903975 0.082615502 2.211
-0.14472917 0.082353942 2.204
-0.14089045 0.082353942 2.204
-0.13705173 0.082353942 2.204
-0.13321301 0.082353942 2.204
-0.1293743 0.082353942 2.204
-0.12553559 0.082353942 2.204
-0.12169687 0.082353942 2.204
-0.11785815 0.082353942 2.204
-0.11401943 0.082353942 2.204
-0.11053065 0.082615502 2.211
-0.10667975 0.082615502 2.211
-0.10282884 0.082615502 2.211
-0.098977923 0.082615502 2.211
-0.095127016 0.082615502 2.211
-0.091276109 0.082615502 2.211
-0.087148413 0.082353942 2.204
-0.083309695 0.082353942 2.204
-0.079470977 0.082353942 2.204
-0.075872473 0.082615502 2.211
-0.072021566 0.082615502 2.211
-0.068170652 0.082615502 2.211
-0.064319745 0.082615502 2.211
-0.06066028 0.082877055 2.2179999
-0.05679718 0.082877055 2.2179999
-0.052934077 0.082877055 2.2179999
-0.049247973 0.083175987 2.2260001
-0.045370936 0.083175987 2.2260001
-0.041493904 0.083175987 2.2260001
-0.037616868 0.083175987 2.2260001
-0.033739831 0.083175987 2.2260001
-0.029862799 0.083175987 2.2260001
-0.025892371 0.082877055 2.2179999
-0.022029271 0.082877055 2.2179999
-0.01816617 0.082877055 2.2179999
-0.01430307 0.082877055 2.2179999
-0.01040702 0.082615502 2.211
-0.0065561109 0.082615502 2.211
-0.002705202 0.082615502 2.211
0.0011457071 0.082615502 2.211
0.0049966159 0.082615502 2.211
0.0088475253 0.082615502 2.211
0.012698434 0.082615502 2.211
0.016549343 0.082615502 2.211
0.020464839 0.082877055 2.2179999
0.024327939 0.082877055 2.2179999
0.02810207 0.082615502 2.211
0.031952981 0.082615502 2.211
0.035803888 0.082615502 2.211
0.039654799 0.082615502 2.211
0.043505706 0.082615502 2.211
0.047356617 0.082615502 2.211
0.051207524 0.082615502 2.211
0.055058435 0.082615502 2.211
0.058909342 0.082615502 2.211
0.062760249 0.082615502 2.211
0.066611163 0.082615502 2.211
0.07046207 0.082615502 2.211
0.074312977 0.082615502 2.211
0.078163885 0.082615502 2.211
0.082014799 0.082615502 2.211
0.085865706 0.082615502 2.211
0.089716613 0.082615502 2.211
0.09356752 0.082615502 2.211
0.097418435 0.082615502 2.211
0.10126934 0.082615502 2.211
0.10512025 0.082615502 2.211
0.10897116 0.082615502 2.211
0.11282207 0.082615502 2.211
0.11667298 0.082615502 2.211
0.12052388 0.082615502 2.211
0.12398103 0.082353942 2.204
0.1282257 0.082615502 2.211
0.13207661 0.082615502 2.211
0.13592753 0.082615502 2.211
0.13977844 0.082615502 2.211
0.14362934 0.082615502 2.211
0.14748025 0.082615502 2.211
0.15133116 0.082615502 2.211
0.15518206 0.082615502 2.211
0.15903297 0.082615502 2.211
0.16288388 0.082615502 2.211
0.16726267 0.082877055 2.2179999
0.17112577 0.082877055 2.2179999
0.17498888 0.082877055 2.2179999
0.17828752 0.082615502 2.211
0.18271507 0.082877055 2.2179999
0.18657817 0.082877055 2.2179999
0.19044128 0.082877055 2.2179999
0.19430438 0.082877055 2.2179999
0.19816747 0.082877055 2.2179999
0.20139298 0.082615502 2.211
0.20524389 0.082615502 2.211
0.20909479 0.082615502 2.211
0.2129457 0.082615502 2.211
0.21679661 0.082615502 2.211
0.21994896 0.082353942 2.204
-0.2183561 0.086466409 2.211
-0.2145052 0.086466409 2.211
-0.21065429 0.086466409 2.211
-0.20680338 0.086466409 2.211
-0.20295247 0.086466409 2.211
-0.19910157 0.086466409 2.211
-0.19525065 0.086466409 2.211
-0.19139974 0.086466409 2.211
-0.18754883 0.086466409 2.211
-0.18369792 0.086466409 2.211
-0.17984702 0.086466409 2.211
-0.17599611 0.086466409 2.211
-0.1721452 0.086466409 2.211
-0.1688271 0.086740158 2.2179999
-0.16444337 0.086466409 2.211
-0.16059247 0.086466409 2.211
-0.15674156 0.086466409 2.211
-0.15289065 0.086466409 2.211
-0.14903975 0.086466409 2.211
-0.14472917 0.08619266 2.204
-0.14089045 0.08619266 2.204
-0.13705173 0.08619266 2.204
-0.13321301 0.08619266 2.204
-0.1293743 0.08619266 2.204
-0.12553559 0.08619266 2.204
-0.12169687 0.08619266 2.204
-0.11785815 0.08619266 2.204
-0.11438157 0.086466409 2.211
-0.11053065 0.086466409 2.211
-0.10667975 0.086466409 2.211
-0.10282884 0.086466409 2.211
-0.098977923 0.086466409 2.211
-0.095127016 0.086466409 2.211
-0.091276109 0.086466409 2.211
-0.087148413 0.08619266 2.204
-0.083309695 0.08619266 2.204
-0.079470977 0.08619266 2.204
-0.075872473 0.086466409 2.211
-0.072021566 0.086466409 2.211
-0.068170652 0.086466409 2.211
-0.064319745 0.086466409 2.211
-0.06066028 0.086740158 2.2179999
-0.05679718 0.086740158 2.2179999
-0.052934077 0.086740158 2.2179999
-0.049247973 0.087053023 2.2260001
-0.045370936 0.087053023 2.2260001
-0.041493904 0.087053023 2.2260001
-0.037616868 0.087053023 2.2260001
-0.033739831 0.087053023 2.2260001
-0.029862799 0.087053023 2.2260001
-0.025892371 0.086740158 2.2179999
-0.022029271 0.086740158 2.2179999
-0.01816617 0.086740158 2.2179999
-0.01430307 0.086740158 2.2179999
-0.01040702 0.086466409 2.211
-0.0065561109 0.086466409 2.211
-0.002705202 0.086466409 2.211
0.0011457071 0.086466409 2.211
0.0049966159 0.086466409 2.211
0.0088475253 0.086466409 2.211
0.012698434 0.086466409 2.211
0.016601738 0.086740158 2.2179999
0.020464839 0.086740158 2.2179999
0.024327939 0.086740158 2.2179999
0.02810207 0.086466409 2.211
0.031952981 0.086466409 2.211
0.035803888 0.086466409 2.211
0.039654799 0.086466409 2.211
0.043505706 0.086466409 2.211
0.047356617 0.086466409 2.211
0.051207524 0.086466409 2.211
0.055058435 0.086466409 2.211
0.058909342 0.086466409 2.211
0.062760249 0.086466409 2.211
0.066611163 0.086466409 2.211
0.07046207 0.086466409 2.211
0.074312977 0.086466409 2.211
0.078163885 0.086466409 2.211
0.082014799 0.086466409 2.211
0.085865706 0.086466409 2.211
0.089716613 0.086466409 2.211
0.09356752 0.086466409 2.211
0.097418435 0.086466409 2.211
0.10126934 0.086466409 2.211
0.10512025 0.086466409 2.211
0.10897116 0.086466409 2.211
0.11246487 0.08619266 2.204
0.11630359 0.08619266 2.204
0.12014231 0.08619266 2.204
0.12398103 0.08619266 2.204
0.12781975 0.08619266 2.204
0.13165846 0.08619266 2.204
0.13592753 0.086466409 2.211
0.13977844 0.086466409 2.211
0.14362934 0.086466409 2.211
0.14748025 0.086466409 2.211
0.15133116 0.086466409 2.211
0.15518206 0.086466409 2.211
0.15903297 0.086466409 2.211
0.16288388 0.086466409 2.211
0.16726267 0.086740158 2.2179999
0.17112577 0.086740158 2.2179999
0.17443661 0.086466409 2.211
0.17828752 0.086466409 2.211
0.18213843 0.086466409 2.211
0.18598934 0.086466409 2.211
0.18984024 0.086466409 2.211
0.19369116 0.086466409 2.211
0.19754207 0.086466409 2.211
0.20139298 0.086466409 2.211
0.20524389 0.086466409 2.211
0.20909479 0.086466409 2.211
0.2129457 0.086466409 2.211
0.21679661 0.086466409 2.211
0.21994896 0.08619266 2.204
-0.2183561 0.090317316 2.211
-0.2145052 0.090317316 2.211
-0.21065429 0.090317316 2.211
-0.20680338 0.090317316 2.211
-0.20295247 0.090317316 2.211
-0.19910157 0.090317316 2.211
-0.19525065 0.090317316 2.211
-0.19139974 0.090317316 2.211
-0.18754883 0.090317316 2.211
-0.18369792 0.090317316 2.211
-0.17984702 0.090317316 2.211
-0.17655331 0.090603262 2.2179999
-0.17269021 0.090603262 2.2179999
-0.1688271 0.090603262 2.2179999
-0.16496401 0.090603262 2.2179999
-0.16059247 0.090317316 2.211
-0.15674156 0.090317316 2.211
-0.15289065 0.090317316 2.211
-0.14903975 0.090317316 2.211
-0.14518884 0.090317316 2.211
-0.14089045 0.090031378 2.204
-0.13705173 0.090031378 2.204
-0.13321301 0.090031378 2.204
-0.1293743 0.090031378 2.204
-0.12553559 0.090031378 2.204
-0.12169687 0.090031378 2.204
-0.11823247 0.090317316 2.211
-0.11438157 0.090317316 2.211
-0.11053065 0.090317316 2.211
-0.10667975 0.090317316 2.211
-0.10282884 0.090317316 2.211
-0.098977923 0.090317316 2.211
-0.095127016 0.090317316 2.211
-0.091276109 0.090317316 2.211
-0.087148413 0.090031378 2.204
-0.083309695 0.090031378 2.204
-0.079470977 0.090031378 2.204
-0.075872473 0.090317316 2.211
-0.072021566 0.090317316 2.211
-0.068170652 0.090317316 2.211
-0.064319745 0.090317316 2.211
-0.06066028 0.090603262 2.2179999
-0.05679718 0.090603262 2.2179999
-0.052934077 0.090603262 2.2179999
-0.049247973 0.09093006 2.2260001
-0.045370936 0.09093006 2.2260001
-0.041493904 0.09093006 2.2260001
-0.037616868 0.09093006 2.2260001
-0.033739831 0.09093006 2.2260001
-0.029862799 0.09093006 2.2260001
-0.025892371 0.090603262 2.2179999
-0.022029271 0.090603262 2.2179999
-0.01816617 0.090603262 2.2179999
-0.01430307 0.090603262 2.2179999
-0.01040702 0.090317316 2.211
-0.0065561109 0.090317316 2.211
-0.002705202 0.090317316 2.211
0.0011457071 0.090317316 2.211
0.0049966159 0.090317316 2.211
0.0088475253 0.090317316 2.211
0.012698434 0.090317316 2.211
0.016549343 0.090317316 2.211
0.020464839 0.090603262 2.2179999
0.024327939 0.090603262 2.2179999
0.02810207 0.090317316 2.211
0.031952981 0.090317316 2.211
0.035803888 0.090317316 2.211
0.039654799 0.090317316 2.211
0.043505706 0.090317316 2.211
0.047356617 0.090317316 2.211
0.051207524 0.090317316 2.211
0.055058435 0.090317316 2.211
0.058909342 0.090317316 2.211
0.062760249 0.090317316 2.211
0.066611163 0.090317316 2.211
0.07046207 0.090317316 2.211
0.074312977 0.090317316 2.211
0.078163885 0.090317316 2.211
0.082014799 0.090317316 2.211
0.085865706 0.090317316 2.211
0.089716613 0.090317316 2.211
0.09356752 0.090317316 2.211
0.097418435 0.090317316 2.211
0.10126934 0.090317316 2.211
0.10512025 0.090317316 2.211
0.10862616 0.090031378 2.204
0.11246487 0.090031378 2.204
0.11630359 0.090031378 2.204
0.12014231 0.090031378 2.204
0.12398103 0.090031378 2.204
0.12781975 0.090031378 2.204
0.13165846 0.090031378 2.204
0.13592753 0.090317316 2.211
0.13977844 0.090317316 2.211
0.14362934 0.090317316 2.211
0.14748025 0.090317316 2.211
0.15133116 0.090317316 2.211
0.15518206 0.090317316 2.211
0.15903297 0.090317316 2.211
0.16288388 0.090317316 2.211
0.1667348 0.090317316 2.211
0.17058571 0.090317316 2.211
0.17443661 0.090317316 2.211
0.17828752 0.090317316 2.211
0.18213843 0.090317316 2.211
0.18598934 0.090317316 2.211
0.18984024 0.090317316 2.211
0.19369116 0.090317316 2.211
0.19754207 0.090317316 2.211
0.20139298 0.090317316 2.211
0.20524389 0.090317316 2.211
0.20909479 0.090317316 2.211
0.2129457 0.090317316 2.211
0.21611024 0.090031378 2.204
0.21994896 0.090031378 2.204
-0.2183561 0.094168223 2.211
-0.2145052 0.094168223 2.211
-0.21065429 0.094168223 2.211
-0.20680338 0.094168223 2.211
-0.20295247 0.094168223 2.211
-0.19910157 0.094168223 2.211
-0.19525065 0.094168223 2.211
-0.19139974 0.094168223 2.211
-0.18754883 0.094168223 2.211
-0.18369792 0.094168223 2.211
-0.17984702 0.094168223 2.211
-0.17655331 0.094466358 2.2179999
-0.17269021 0.094466358 2.2179999
-0.1688271 0.094466358 2.2179999
-0.16496401 0.094466358 2.2179999
-0.16110091 0.094466358 2.2179999
-0.15674156 0.094168223 2.211
-0.15289065 0.094168223 2.211
-0.14903975 0.094168223 2.211
-0.14518884 0.094168223 2.211
-0.14133793 0.094168223 2.211
-0.13705173 0.093870088 2.204
-0.13321301 0.093870088 2.204
-0.12978519 0.094168223 2.211
-0.12593429 0.094168223 2.211
-0.12208338 0.094168223 2.211
-0.11823247 0.094168223 2.211
-0.11438157 0.094168223 2.211
-0.11053065 0.094168223 2.211
-0.10667975 0.094168223 2.211
-0.10282884 0.094168223 2.211
-0.098977923 0.094168223 2.211
-0.095127016 0.094168223 2.211
-0.091276109 0.094168223 2.211
-0.087148413 0.093870088 2.204
-0.083309695 0.093870088 2.204
-0.079470977 0.093870088 2.204
-0.075872473 0.094168223 2.211
-0.072021566 0.094168223 2.211
-0.068170652 0.094168223 2.211
-0.064319745 0.094168223 2.211
-0.06066028 0.094466358 2.2179999
-0.05679718 0.094466358 2.2179999
-0.052934077 0.094466358 2.2179999
-0.049070977 0.094466358 2.2179999
-0.045370936 0.094807096 2.2260001
-0.041493904 0.094807096 2.2260001
-0.037616868 0.094807096 2.2260001
-0.033739831 0.094807096 2.2260001
-0.029862799 0.094807096 2.2260001
-0.025892371 0.094466358 2.2179999
-0.022029271 0.094466358 2.2179999
-0.01816617 0.094466358 2.2179999
-0.01430307 0.094466358 2.2179999
-0.010439969 0.094466358 2.2179999
-0.0065561109 0.094168223 2.211
-0.002705202 0.094168223 2.211
0.0011457071 0.094168223 2.211
0.0049966159 0.094168223 2.211
0.0088475253 0.094168223 2.211
0.012698434 0.094168223 2.211
0.016549343 0.094168223 2.211
0.020464839 0.094466358 2.2179999
0.024327939 0.094466358 2.2179999
0.02810207 0.094168223 2.211
0.031952981 0.094168223 2.211
0.035803888 0.094168223 2.211
0.039654799 0.094168223 2.211
0.043505706 0.094168223 2.211
0.047356617 0.094168223 2.211
0.051207524 0.094168223 2.211
0.055058435 0.094168223 2.211
0.058909342 0.094168223 2.211
0.062760249 0.094168223 2.211
0.066611163 0.094168223 2.211
0.07046207 0.094168223 2.211
0.074312977 0.094168223 2.211
0.078163885 0.094168223 2.211
0.082014799 0.094168223 2.211
0.085865706 0.094168223 2.211
0.089716613 0.094168223 2.211
0.09356752 0.094168223 2.211
0.097418435 0.094168223 2.211
0.10126934 0.094168223 2.211
0.10512025 0.094168223 2.211
0.10862616 0.093870088 2.204
0.11246487 0.093870088 2.204
0.11630359 0.093870088 2.204
0.12014231 0.093870088 2.204
0.12398103 0.093870088 2.204
0.12781975 0.093870088 2.204
0.13165846 0.093870088 2.204
0.13549718 0.093870088 2.204
0.13977844 0.094168223 2.211
0.14362934 0.094168223 2.211
0.14748025 0.094168223 2.211
0.15133116 0.094168223 2.211
0.15518206 0.094168223 2.211
0.15903297 0.094168223 2.211
0.16288388 0.094168223 2.211
0.1667348 0.094168223 2.211
0.17058571 0.094168223 2.211
0.17443661 0.094168223 2.211
0.17828752 0.094168223 2.211
0.18213843 0.094168223 2.211
0.18598934 0.094168223 2.211
0.18984024 0.094168223 2.211
0.19369116 0.094168223 2.211
0.19754207 0.094168223 2.211
0.20139298 0.094168223 2.211
0.20524389 0.094168223 2.211
0.20909479 0.094168223 2.211
0.2129457 0.094168223 2.211
0.21611024 0.093870088 2.204
0.21994896 0.093870088 2.204
-0.2183561 0.098019138 2.211
-0.2145052 0.098019138 2.211
-0.21065429 0.098019138 2.211
-0.20680338 0.098019138 2.211
-0.20295247 0.098019138 2.211
-0.19910157 0.098019138 2.211
-0.19525065 0.098019138 2.211
-0.19139974 0.098019138 2.211
-0.18754883 0.098019138 2.211
-0.18369792 0.098019138 2.211
-0.17984702 0.098019138 2.211
-0.17655331 0.098329462 2.2179999
-0.17269021 0.098329462 2.2179999
-0.1688271 0.098329462 2.2179999
-0.16496401 0.098329462 2.2179999
-0.16110091 0.098329462 2.2179999
-0.1572378 0.098329462 2.2179999
-0.1533747 0.098329462 2.2179999
-0.14903975 0.098019138 2.211
-0.14518884 0.098019138 2.211
-0.14133793 0.098019138 2.211
-0.13748702 0.098019138 2.211
-0.1336361 0.098019138 2.211
-0.12978519 0.098019138 2.211
-0.12593429 0.098019138 2.211
-0.12208338 0.098019138 2.211
-0.11823247 0.098019138 2.211
-0.11438157 0.098019138 2.211
-0.11053065 0.098019138 2.211
-0.10667975 0.098019138 2.211
-0.10282884 0.098019138 2.211
-0.098977923 0.098019138 2.211
-0.095127016 0.098019138 2.211
-0.091276109 0.098019138 2.211
-0.087425202 0.098019138 2.211
-0.083574288 0.098019138 2.211
-0.079723381 0.098019138 2.211
-0.075872473 0.098019138 2.211
-0.072021566 0.098019138 2.211
-0.068170652 0.098019138 2.211
-0.064319745 0.098019138 2.211
-0.060468838 0.098019138 2.211
-0.05679718 0.098329462 2.2179999
-0.052934077 0.098329462 2.2179999
-0.049070977 0.098329462 2.2179999
-0.045370936 0.098684125 2.2260001
-0.041493904 0.098684125 2.2260001
-0.037616868 0.098684125 2.2260001
-0.033739831 0.098684125 2.2260001
-0.029755473 0.098329462 2.2179999
-0.025892371 0.098329462 2.2179999
-0.022029271 0.098329462 2.2179999
-0.01816617 0.098329462 2.2179999
-0.01430307 0.098329462 2.2179999
-0.010439969 0.098329462 2.2179999
-0.0065561109 0.098019138 2.211
-0.002705202 0.098019138 2.211
0.0011457071 0.098019138 2.211
0.0049966159 0.098019138 2.211
0.0088475253 0.098019138 2.211
0.012698434 0.098019138 2.211
0.016549343 0.098019138 2.211
0.020464839 0.098329462 2.2179999
0.024327939 0.098329462 2.2179999
0.02810207 0.098019138 2.211
0.032054141 0.098329462 2.2179999
0.035803888 0.098019138 2.211
0.039654799 0.098019138 2.211
0.043505706 0.098019138 2.211
0.047356617 0.098019138 2.211
0.051207524 0.098019138 2.211
0.055058435 0.098019138 2.211
0.058909342 0.098019138 2.211
0.062760249 0.098019138 2.211
0.066611163 0.098019138 2.211
0.07046207 0.098019138 2.211
0.074312977 0.098019138 2.211
0.078163885 0.098019138 2.211
0.082014799 0.098019138 2.211
0.085865706 0.098019138 2.211
0.089716613 0.098019138 2.211
0.09356752 0.098019138 2.211
0.097418435 0.098019138 2.211
0.10126934 0.098019138 2.211
0.10512025 0.098019138 2.211
0.10862616 0.097708806 2.204
0.11246487 0.097708806 2.204
0.11630359 0.097708806 2.204
0.12014231 0.097708806 2.204
0.12398103 0.097708806 2.204
0.12781975 0.097708806 2.204
0.13165846 0.097708806 2.204
0.13592753 0.098019138 2.211
0.13977844 0.098019138 2.211
0.14362934 0.098019138 2.211
0.14748025 0.098019138 2.211
0.15133116 0.098019138 2.211
0.15518206 0.098019138 2.211
0.15903297 0.098019138 2.211
0.16288388 0.098019138 2.211
0.1667348 0.098019138 2.211
0.17058571 0.098019138 2.211
0.17443661 0.098019138 2.211
0.17828752 0.098019138 2.211
0.18213843 0.098019138 2.211
0.18598934 0.098019138 2.211
0.18984024 0.098019138 2.211
0.19369116 0.098019138 2.211
0.19754207 0.098019138 2.211
0.20139298 0.098019138 2.211
0.20524389 0.098019138 2.211
0.20909479 0.098019138 2.211
0.21227153 0.097708806 2.204
0.21611024 0.097708806 2.204
0.21994896 0.097708806 2.204
-0.2183561 0.10187005 2.211
-0.2145052 0.10187005 2.211
-0.21065429 0.10187005 2.211
-0.20680338 0.10187005 2.211
-0.20295247 0.10187005 2.211
-0.19910157 0.10187005 2.211
-0.19525065 0.10187005 2.211
-0.19139974 0.10187005 2.211
-0.18754883 0.10187005 2.211
-0.18369792 0.10187005 2.211
-0.17984702 0.10187005 2.211
-0.17655331 0.10219257 2.2179999
-0.17269021 0.10219257 2.2179999
-0.1688271 0.10219257 2.2179999
-0.16496401 0.10219257 2.2179999
-0.16110091 0.10219257 2.2179999
-0.1572378 0.10219257 2.2179999
-0.1533747 0.10219257 2.2179999
-0.14903975 0.10187005 2.211
-0.14518884 0.10187005 2.211
-0.14133793 0.10187005 2.211
-0.13748702 0.10187005 2.211
-0.1336361 0.10187005 2.211
-0.12978519 0.10187005 2.211
-0.12593429 0.10187005 2.211
-0.12208338 0.10187005 2.211
-0.11823247 0.10187005 2.211
-0.11438157 0.10187005 2.211
-0.11053065 0.10187005 2.211
-0.10667975 0.10187005 2.211
-0.10282884 0.10187005 2.211
-0.098977923 0.10187005 2.211
-0.095127016 0.10187005 2.211
-0.091276109 0.10187005 2.211
-0.087425202 0.10187005 2.211
-0.083574288 0.10187005 2.211
-0.079723381 0.10187005 2.211
-0.075872473 0.10187005 2.211
-0.072021566 0.10187005 2.211
-0.068170652 0.10187005 2.211
-0.064319745 0.10187005 2.211
-0.060468838 0.10187005 2.211
-0.05679718 0.10219257 2.2179999
-0.052934077 0.10219257 2.2179999
-0.049070977 0.10219257 2.2179999
-0.045207877 0.10219257 2.2179999
-0.041493904 0.10256116 2.2260001
-0.037481673 0.10219257 2.2179999
-0.033618573 0.10219257 2.2179999
-0.029755473 0.10219257 2.2179999
-0.025892371 0.10219257 2.2179999
-0.022029271 0.10219257 2.2179999
-0.01816617 0.10219257 2.2179999
-0.01430307 0.10219257 2.2179999
-0.01040702 0.10187005 2.211
-0.0065561109 0.10187005 2.211
-0.002705202 0.10187005 2.211
0.0011457071 0.10187005 2.211
0.0049966159 0.10187005 2.211
0.0088475253 0.10187005 2.211
0.012698434 0.10187005 2.211
0.016549343 0.10187005 2.211
0.020400252 0.10187005 2.211
0.024327939 0.10219257 2.2179999
0.02810207 0.10187005 2.211
0.032054141 0.10219257 2.2179999
0.035803888 0.10187005 2.211
0.039654799 0.10187005 2.211
0.043505706 0.10187005 2.211
0.047356617 0.10187005 2.211
0.051207524 0.10187005 2.211
0.055058435 0.10187005 2.211
0.058909342 0.10187005 2.211
0.062760249 0.10187005 2.211
0.066611163 0.10187005 2.211
0.07046207 0.10187005 2.211
0.074312977 0.10187005 2.211
0.078163885 0.10187005 2.211
0.082014799 0.10187005 2.211
0.085865706 0.10187005 2.211
0.089716613 0.10187005 2.211
0.09356752 0.10187005 2.211
0.097418435 0.10187005 2.211
0.10126934 0.10187005 2.211
0.10512025 0.10187005 2.211
0.10862616 0.10154752 2.204
0.11246487 0.10154752 2.204
0.11630359 0.10154752 2.204
0.12014231 0.10154752 2.204
0.12398103 0.10154752 2.204
0.12781975 0.10154752 2.204
0.13165846 0.10154752 2.204
0.13592753 0.10187005 2.211
0.13977844 0.10187005 2.211
0.14362934 0.10187005 2.211
0.14748025 0.10187005 2.211
0.15133116 0.10187005 2.211
0.15518206 0.10187005 2.211
0.15903297 0.10187005 2.211
0.16288388 0.10187005 2.211
0.1667348 0.10187005 2.211
0.17058571 0.10187005 2.211
0.17443661 0.10187005 2.211
0.17828752 0.10187005 2.211
0.18213843 0.10187005 2.211
0.18598934 0.10187005 2.211
0.18984024 0.10187005 2.211
0.19369116 0.10187005 2.211
0.19754207 0.10187005 2.211
0.20139298 0.10187005 2.211
0.20524389 0.10187005 2.211
0.20909479 0.10187005 2.211
0.21227153 0.10154752 2.204
0.21611024 0.10154752 2.204
0.21994896 0.10154752 2.204
-0.2183561 0.10572095 2.211
-0.2145052 0.10572095 2.211
-0.21065429 0.10572095 2.211
-0.20680338 0.10572095 2.211
-0.20295247 0.10572095 2.211
-0.19910157 0.10572095 2.211
-0.19525065 0.10572095 2.211
-0.19139974 0.10572095 2.211
-0.18754883 0.10572095 2.211
-0.18369792 0.10572095 2.211
-0.17984702 0.10572095 2.211
-0.17655331 0.10605566 2.2179999
-0.17269021 0.10605566 2.2179999
-0.1688271 0.10605566 2.2179999
-0.16496401 0.10605566 2.2179999
-0.16110091 0.10605566 2.2179999
-0.1572378 0.10605566 2.2179999
-0.1533747 0.10605566 2.2179999
-0.14951161 0.10605566 2.2179999
-0.14518884 0.10572095 2.211
-0.14133793 0.10572095 2.211
-0.13748702 0.10572095 2.211
-0.1336361 0.10572095 2.211
-0.12978519 0.10572095 2.211
-0.12593429 0.10572095 2.211
-0.12208338 0.10572095 2.211
-0.11823247 0.10572095 2.211
-0.11438157 0.10572095 2.211
-0.11053065 0.10572095 2.211
-0.10667975 0.10572095 2.211
-0.10282884 0.10572095 2.211
-0.098977923 0.10572095 2.211
-0.095127016 0.10572095 2.211
-0.091276109 0.10572095 2.211
-0.087425202 0.10572095 2.211
-0.083574288 0.10572095 2.211
-0.079723381 0.10572095 2.211
-0.075872473 0.10572095 2.211
-0.072021566 0.10572095 2.211
-0.068170652 0.10572095 2.211
-0.064319745 0.10572095 2.211
-0.060468838 0.10572095 2.211
-0.056617927 0.10572095 2.211
-0.052934077 0.10605566 2.2179999
-0.049070977 0.10605566 2.2179999
-0.045207877 0.10605566 2.2179999
-0.041344777 0.10605566 2.2179999
-0.037481673 0.10605566 2.2179999
-0.033618573 0.10605566 2.2179999
-0.029755473 0.10605566 2.2179999
-0.025892371 0.10605566 2.2179999
-0.022029271 0.10605566 2.2179999
-0.01816617 0.10605566 2.2179999
-0.014257929 0.10572095 2.211
-0.01040702 0.10572095 2.211
-0.0065561109 0.10572095 2.211
-0.002705202 0.10572095 2.211
0.0011457071 0.10572095 2.211
0.0049966159 0.10572095 2.211
0.0088475253 0.10572095 2.211
0.012698434 0.10572095 2.211
0.016549343 0.10572095 2.211
0.020400252 0.10572095 2.211
0.024251161 0.10572095 2.211
0.02810207 0.10572095 2.211
0.032054141 0.10605566 2.2179999
0.035803888 0.10572095 2.211
0.039654799 0.10572095 2.211
0.043505706 0.10572095 2.211
0.047506545 0.10605566 2.2179999
0.051369645 0.10605566 2.2179999
0.055232748 0.10605566 2.2179999
0.059095848 0.10605566 2.2179999
0.062760249 0.10572095 2.211
0.066611163 0.10572095 2.211
0.07046207 0.10572095 2.211
0.074312977 0.10572095 2.211
0.078163885 0.10572095 2.211
0.082014799 0.10572095 2.211
0.085865706 0.10572095 2.211
0.089716613 0.10572095 2.211
0.09356752 0.10572095 2.211
0.097418435 0.10572095 2.211
0.10126934 0.10572095 2.211
0.10512025 0.10572095 2.211
0.10897116 0.10572095 2.211
0.11246487 0.10538624 2.204
0.11630359 0.10538624 2.204
0.12014231 0.10538624 2.204
0.12398103 0.10538624 2.204
0.12781975 0.10538624 2.204
0.13165846 0.10538624 2.204
0.13592753 0.10572095 2.211
0.13977844 0.10572095 2.211
0.14362934 0.10572095 2.211
0.14748025 0.10572095 2.211
0.15133116 0.10572095 2.211
0.15518206 0.10572095 2.211
0.15903297 0.10572095 2.211
0.16288388 0.10572095 2.211
0.1667348 0.10572095 2.211
0.17058571 0.10572095 2.211
0.17443661 0.10572095 2.211
0.17828752 0.10572095 2.211
0.18213843 0.10572095 2.211
0.18598934 0.10572095 2.211
0.18984024 0.10572095 2.211
0.19369116 0.10572095 2.211
0.19754207 0.10572095 2.211
0.20139298 0.10572095 2.211
0.20459409 0.10538624 2.204
0.20843281 0.10538624 2.204
0.21227153 0.10538624 2.204
0.21611024 0.10538624 2.204
0.21994896 0.10538624 2.204
-0.2183561 0.10957186 2.211
-0.2145052 0.10957186 2.211
-0.21065429 0.10957186 2.211
-0.20680338 0.10957186 2.211
-0.20295247 0.10957186 2.211
-0.19910157 0.10957186 2.211
-0.19525065 0.10957186 2.211
-0.19139974 0.10957186 2.211
-0.18754883 0.10957186 2.211
-0.18369792 0.10957186 2.211
-0.17984702 0.10957186 2.211
-0.17599611 0.10957186 2.211
-0.17269021 0.10991877 2.2179999
-0.1688271 0.10991877 2.2179999
-0.16496401 0.10991877 2.2179999
-0.16110091 0.10991877 2.2179999
-0.1572378 0.10991877 2.2179999
-0.1533747 0.10991877 2.2179999
-0.14951161 0.10991877 2.2179999
-0.14518884 0.10957186 2.211
-0.14133793 0.10957186 2.211
-0.13748702 0.10957186 2.211
-0.1336361 0.10957186 2.211
-0.12978519 0.10957186 2.211
-0.12593429 0.10957186 2.211
-0.12208338 0.10957186 2.211
-0.11823247 0.10957186 2.211
-0.11438157 0.10957186 2.211
-0.11053065 0.10957186 2.211
-0.10667975 0.10957186 2.211
-0.10282884 0.10957186 2.211
-0.098977923 0.10957186 2.211
-0.095127016 0.10957186 2.211
-0.091276109 0.10957186 2.211
-0.087425202 0.10957186 2.211
-0.083574288 0.10957186 2.211
-0.079723381 0.10957186 2.211
-0.075872473 0.10957186 2.211
-0.072021566 0.10957186 2.211
-0.068170652 0.10957186 2.211
-0.064319745 0.10957186 2.211
-0.060468838 0.10957186 2.211
-0.056617927 0.10957186 2.211
-0.052934077 0.10991877 2.2179999
-0.049070977 0.10991877 2.2179999
-0.045207877 0.10991877 2.2179999
-0.041344777 0.10991877 2.2179999
-0.037481673 0.10991877 2.2179999
-0.033618573 0.10991877 2.2179999
-0.029755473 0.10991877 2.2179999
-0.025892371 0.10991877 2.2179999
-0.022029271 0.10991877 2.2179999
-0.018108837 0.10957186 2.211
-0.014257929 0.10957186 2.211
-0.01040702 0.10957186 2.211
-0.0065561109 0.10957186 2.211
-0.002705202 0.10957186 2.211
0.0011457071 0.10957186 2.211
0.0049966159 0.10957186 2.211
0.0088475253 0.10957186 2.211
0.012698434 0.10957186 2.211
0.016549343 0.10957186 2.211
0.020400252 0.10957186 2.211
0.024327939 0.10991877 2.2179999
0.028191041 0.10991877 2.2179999
0.032054141 0.10991877 2.2179999
0.035803888 0.10957186 2.211
0.039654799 0.10957186 2.211
0.043505706 0.10957186 2.211
0.047506545 0.10991877 2.2179999
0.051369645 0.10991877 2.2179999
0.055232748 0.10991877 2.2179999
0.059095848 0.10991877 2.2179999
0.062760249 0.10957186 2.211
0.066611163 0.10957186 2.211
0.07046207 0.10957186 2.211
0.074312977 0.10957186 2.211
0.078163885 0.10957186 2.211
0.082014799 0.10957186 2.211
0.085865706 0.10957186 2.211
0.089716613 0.10957186 2.211
0.09356752 0.10957186 2.211
0.097418435 0.10957186 2.211
0.10126934 0.10957186 2.211
0.10512025 0.10957186 2.211
0.10897116 0.10957186 2.211
0.11246487 0.10922496 2.204
0.11630359 0.10922496 2.204
0.12014231 0.10922496 2.204
0.12398103 0.10922496 2.204
0.12781975 0.10922496 2.204
0.13165846 0.10922496 2.204
0.13592753 0.10957186 2.211
0.13977844 0.10957186 2.211
0.14362934 0.10957186 2.211
0.14748025 0.10957186 2.211
0.15133116 0.10957186 2.211
0.15518206 0.10957186 2.211
0.15903297 0.10957186 2.211
0.16288388 0.10957186 2.211
0.1667348 0.10957186 2.211
0.17058571 0.10957186 2.211
0.17443661 0.10957186 2.211
0.17828752 0.10957186 2.211
0.18213843 0.10957186 2.211
0.18598934 0.10957186 2.211
0.18984024 0.10957186 2.211
0.19369116 0.10957186 2.211
0.19754207 0.10957186 2.211
0.20139298 0.10957186 2.211
0.20459409 0.10922496 2.204
0.20843281 0.10922496 2.204
0.21227153 0.10922496 2.204
0.21611024 0.10922496 2.204
0.21994896 0.10922496 2.204
-0.2183561 0.11342277 2.211
-0.2145052 0.11342277 2.211
-0.21065429 0.11342277 2.211
-0.20680338 0.11342277 2.211
-0.20295247 0.11342277 2.211
-0.19910157 0.11342277 2.211
-0.19525065 0.11342277 2.211
-0.19139974 0.11342277 2.211
-0.18754883 0.11342277 2.211
-0.18369792 0.11342277 2.211
-0.17984702 0.11342277 2.211
-0.17599611 0.11342277 2.211
-0.1721452 0.11342277 2.211
-0.1688271 0.11378186 2.2179999
-0.16496401 0.11378186 2.2179999
-0.16110091 0.11378186 2.2179999
-0.1572378 0.11378186 2.2179999
-0.1533747 0.11378186 2.2179999
-0.14951161 0.11378186 2.2179999
-0.14518884 0.11342277 2.211
-0.14133793 0.11342277 2.211
-0.13748702 0.11342277 2.211
-0.1336361 0.11342277 2.211
-0.12978519 0.11342277 2.211
-0.12593429 0.11342277 2.211
-0.12208338 0.11342277 2.211
-0.11823247 0.11342277 2.211
-0.11438157 0.11342277 2.211
-0.11053065 0.11342277 2.211
-0.10667975 0.11342277 2.211
-0.10282884 0.11342277 2.211
-0.098977923 0.11342277 2.211
-0.095127016 0.11342277 2.211
-0.091276109 0.11342277 2.211
-0.087425202 0.11342277 2.211
-0.083574288 0.11342277 2.211
-0.079723381 0.11342277 2.211
-0.075872473 0.11342277 2.211
-0.072021566 0.11342277 2.211
-0.068170652 0.11342277 2.211
-0.064319745 0.11342277 2.211
-0.060468838 0.11342277 2.211
-0.056617927 0.11342277 2.211
-0.052934077 0.11378186 2.2179999
-0.049070977 0.11378186 2.2179999
-0.045207877 0.11378186 2.2179999
-0.041344777 0.11378186 2.2179999
-0.037481673 0.11378186 2.2179999
-0.033618573 0.11378186 2.2179999
-0.029755473 0.11378186 2.2179999
-0.025892371 0.11378186 2.2179999
-0.021959746 0.11342277 2.211
-0.018108837 0.11342277 2.211
-0.014257929 0.11342277 2.211
-0.01040702 0.11342277 2.211
-0.0065561109 0.11342277 2.211
-0.002705202 0.11342277 2.211
0.0011457071 0.11342277 2.211
0.0049966159 0.11342277 2.211
0.0088475253 0.11342277 2.211
0.012698434 0.11342277 2.211
0.016549343 0.11342277 2.211
0.020400252 0.11342277 2.211
0.024251161 0.11342277 2.211
0.028191041 0.11378186 2.2179999
0.032054141 0.11378186 2.2179999
0.035803888 0.11342277 2.211
0.039654799 0.11342277 2.211
0.043505706 0.11342277 2.211
0.047356617 0.11342277 2.211
0.051369645 0.11378186 2.2179999
0.055232748 0.11378186 2.2179999
0.059095848 0.11378186 2.2179999
0.062760249 0.11342277 2.211
0.066611163 0.11342277 2.211
0.07046207 0.11342277 2.211
0.074312977 0.11342277 2.211
0.078163885 0.11342277 2.211
0.082014799 0.11342277 2.211
0.085865706 0.11342277 2.211
0.089716613 0.11342277 2.211
0.09356752 0.11342277 2.211
0.097418435 0.11342277 2.211
0.10126934 0.11342277 2.211
0.10512025 0.11342277 2.211
0.10862616 0.11306368 2.204
0.11246487 0.11306368 2.204
0.11630359 0.11306368 2.204
0.12014231 0.11306368 2.204
0.12398103 0.11306368 2.204
0.12781975 0.11306368 2.204
0.13207661 0.11342277 2.211
0.13592753 0.11342277 2.211
0.13977844 0.11342277 2.211
0.14362934 0.11342277 2.211
0.14748025 0.11342277 2.211
0.15133116 0.11342277 2.211
0.15518206 0.11342277 2.211
0.15903297 0.11342277 2.211
0.16288388 0.11342277 2.211
0.1667348 0.11342277 2.211
0.17004563 0.11306368 2.204
0.17388435 0.11306368 2.204
0.17772307 0.11306368 2.204
0.18213843 0.11342277 2.211
0.18598934 0.11342277 2.211
0.18984024 0.11342277 2.211
0.19369116 0.11342277 2.211
0.19754207 0.11342277 2.211
0.20139298 0.11342277 2.211
0.20459409 0.11306368 2.204
0.20843281 0.11306368 2.204
0.21227153 0.11306368 2.204
0.21611024 0.11306368 2.204
0.21994896 0.11306368 2.204
-0.2183561 0.11727368 2.211
-0.2145052 0.11727368 2.211
-0.21065429 0.11727368 2.211
-0.20680338 0.11727368 2.211
-0.20295247 0.11727368 2.211
-0.19910157 0.11727368 2.211
-0.19525065 0.11727368 2.211
-0.19139974 0.11727368 2.211
-0.18754883 0.11727368 2.211
-0.18369792 0.11727368 2.211
-0.17984702 0.11727368 2.211
-0.17599611 0.11727368 2.211
-0.1721452 0.11727368 2.211
-0.1688271 0.11764497 2.2179999
-0.16496401 0.11764497 2.2179999
-0.16110091 0.11764497 2.2179999
-0.1572378 0.11764497 2.2179999
-0.1533747 0.11764497 2.2179999
-0.14951161 0.11764497 2.2179999
-0.14518884 0.11727368 2.211
-0.14133793 0.11727368 2.211
-0.13748702 0.11727368 2.211
-0.1336361 0.11727368 2.211
-0.12978519 0.11727368 2.211
-0.12593429 0.11727368 2.211
-0.12208338 0.11727368 2.211
-0.11823247 0.11727368 2.211
-0.11438157 0.11727368 2.211
-0.11053065 0.11727368 2.211
-0.10667975 0.11727368 2.211
-0.10282884 0.11727368 2.211
-0.098977923 0.11727368 2.211
-0.095127016 0.11727368 2.211
-0.091276109 0.11727368 2.211
-0.087425202 0.11727368 2.211
-0.083574288 0.11727368 2.211
-0.079723381 0.11727368 2.211
-0.075872473 0.11727368 2.211
-0.072021566 0.11727368 2.211
-0.068170652 0.11727368 2.211
-0.064319745 0.11727368 2.211
-0.060468838 0.11727368 2.211
-0.056617927 0.11727368 2.211
-0.052934077 0.11764497 2.2179999
-0.049070977 0.11764497 2.2179999
-0.045207877 0.11764497 2.2179999
-0.041344777 0.11764497 2.2179999
-0.037481673 0.11764497 2.2179999
-0.033618573 0.11764497 2.2179999
-0.029755473 0.11764497 2.2179999
-0.025810655 0.11727368 2.211
-0.021959746 0.11727368 2.211
-0.018108837 0.11727368 2.211
-0.014257929 0.11727368 2.211
-0.01040702 0.11727368 2.211
-0.0065561109 0.11727368 2.211
-0.002705202 0.11727368 2.211
0.0011457071 0.11727368 2.211
0.0049966159 0.11727368 2.211
0.0088475253 0.11727368 2.211
0.012698434 0.11727368 2.211
0.016549343 0.11727368 2.211
0.020400252 0.11727368 2.211
0.024251161 0.11727368 2.211
0.02810207 0.11727368 2.211
0.031952981 0.11727368 2.211
0.035803888 0.11727368 2.211
0.039654799 0.11727368 2.211
0.043505706 0.11727368 2.211
0.047356617 0.11727368 2.211
0.051207524 0.11727368 2.211
0.055232748 0.11764497 2.2179999
0.059095848 0.11764497 2.2179999
0.062760249 0.11727368 2.211
0.066611163 0.11727368 2.211
0.07046207 0.11727368 2.211
0.074312977 0.11727368 2.211
0.078163885 0.11727368 2.211
0.082014799 0.11727368 2.211
0.085865706 0.11727368 2.211
0.089716613 0.11727368 2.211
0.09356752 0.11727368 2.211
0.097418435 0.11727368 2.211
0.10126934 0.11727368 2.211
0.10512025 0.11727368 2.211
0.10862616 0.1169024 2.204
0.11246487 0.1169024 2.204
0.11630359 0.1169024 2.204
0.12014231 0.1169024 2.204
0.12398103 0.1169024 2.204
0.12781975 0.1169024 2.204
0.13207661 0.11727368 2.211
0.13592753 0.11727368 2.211
0.13977844 0.11727368 2.211
0.14362934 0.11727368 2.211
0.14748025 0.11727368 2.211
0.15133116 0.11727368 2.211
0.15518206 0.11727368 2.211
0.15903297 0.11727368 2.211
0.16288388 0.11727368 2.211
0.16620691 0.1169024 2.204
0.17004563 0.1169024 2.204
0.17388435 0.1169024 2.204
0.17772307 0.1169024 2.204
0.18156178 0.1169024 2.204
0.1854005 0.1169024 2.204
0.18984024 0.11727368 2.211
0.19369116 0.11727368 2.211
0.19754207 0.11727368 2.211
0.20139298 0.11727368 2.211
0.20459409 0.1169024 2.204
0.20843281 0.1169024 2.204
0.21227153 0.1169024 2.204
0.21611024 0.1169024 2.204
0.21994896 0.1169024 2.204
-0.2183561 0.12112459 2.211
-0.21382608 0.12074111 2.204
-0.20998736 0.12074111 2.204
-0.20614864 0.12074111 2.204
-0.20230992 0.12074111 2.204
-0.19910157 0.12112459 2.211
-0.19525065 0.12112459 2.211
-0.19139974 0.12112459 2.211
-0.18754883 0.12112459 2.211
-0.18369792 0.12112459 2.211
-0.17984702 0.12112459 2.211
-0.17599611 0.12112459 2.211
-0.1721452 0.12112459 2.211
-0.1682943 0.12112459 2.211
-0.16496401 0.12150807 2.2179999
-0.16110091 0.12150807 2.2179999
-0.1572378 0.12150807 2.2179999
-0.1533747 0.12150807 2.2179999
-0.14903975 0.12112459 2.211
-0.14518884 0.12112459 2.211
-0.14133793 0.12112459 2.211
-0.13748702 0.12112459 2.211
-0.1336361 0.12112459 2.211
-0.12978519 0.12112459 2.211
-0.12593429 0.12112459 2.211
-0.12208338 0.12112459 2.211
-0.11823247 0.12112459 2.211
-0.11438157 0.12112459 2.211
-0.11053065 0.12112459 2.211
-0.10667975 0.12112459 2.211
-0.10282884 0.12112459 2.211
-0.098977923 0.12112459 2.211
-0.095127016 0.12112459 2.211
-0.091276109 0.12112459 2.211
-0.087425202 0.12112459 2.211
-0.083574288 0.12112459 2.211
-0.079723381 0.12112459 2.211
-0.075872473 0.12112459 2.211
-0.072021566 0.12112459 2.211
-0.06838648 0.12150807 2.2179999
-0.064523384 0.12150807 2.2179999
-0.06066028 0.12150807 2.2179999
-0.05679718 0.12150807 2.2179999
-0.052934077 0.12150807 2.2179999
-0.048916109 0.12112459 2.211
-0.045207877 0.12150807 2.2179999
-0.041344777 0.12150807 2.2179999
-0.037481673 0.12150807 2.2179999
-0.033618573 0.12150807 2.2179999
-0.029661564 0.12112459 2.211
-0.025810655 0.12112459 2.211
-0.021959746 0.12112459 2.211
-0.018108837 0.12112459 2.211
-0.014257929 0.12112459 2.211
-0.01040702 0.12112459 2.211
-0.0065561109 0.12112459 2.211
-0.002705202 0.12112459 2.211
0.0011457071 0.12112459 2.211
0.0049966159 0.12112459 2.211
0.0088475253 0.12112459 2.211
0.012698434 0.12112459 2.211
0.016549343 0.12112459 2.211
0.020400252 0.12112459 2.211
0.024251161 0.12112459 2.211
0.02810207 0.12112459 2.211
0.031952981 0.12112459 2.211
0.035803888 0.12112459 2.211
0.039654799 0.12112459 2.211
0.043505706 0.12112459 2.211
0.047356617 0.12112459 2.211
0.051207524 0.12112459 2.211
0.055232748 0.12150807 2.2179999
0.059095848 0.12150807 2.2179999
0.062760249 0.12112459 2.211
0.066611163 0.12112459 2.211
0.07046207 0.12112459 2.211
0.074312977 0.12112459 2.211
0.078163885 0.12112459 2.211
0.082014799 0.12112459 2.211
0.085865706 0.12112459 2.211
0.089716613 0.12112459 2.211
0.09356752 0.12112459 2.211
0.097418435 0.12112459 2.211
0.10126934 0.12112459 2.211
0.10478744 0.12074111 2.204
0.10862616 0.12074111 2.204
0.11246487 0.12074111 2.204
0.11630359 0.12074111 2.204
0.12014231 0.12074111 2.204
0.12398103 0.12074111 2.204
0.12781975 0.12074111 2.204
0.13207661 0.12112459 2.211
0.13592753 0.12112459 2.211
0.13977844 0.12112459 2.211
0.14362934 0.12112459 2.211
0.14748025 0.12112459 2.211
0.15133116 0.12112459 2.211
0.15518206 0.12112459 2.211
0.15903297 0.12112459 2.211
0.16288388 0.12112459 2.211
0.16620691 0.12074111 2.204
0.17004563 0.12074111 2.204
0.17388435 0.12074111 2.204
0.17772307 0.12074111 2.204
0.18156178 0.12074111 2.204
0.1854005 0.12074111 2.204
0.18923922 0.12074111 2.204
0.19369116 0.12112459 2.211
0.19754207 0.12112459 2.211
0.20139298 0.12112459 2.211
0.20524389 0.12112459 2.211
0.20909479 0.12112459 2.211
0.21227153 0.12074111 2.204
0.21611024 0.12074111 2.204
0.21994896 0.12074111 2.204
-0.2183561 0.1249755 2.211
-0.21382608 0.12457983 2.204
-0.20998736 0.12457983 2.204
-0.20614864 0.12457983 2.204
-0.20230992 0.12457983 2.204
-0.19910157 0.1249755 2.211
-0.19525065 0.1249755 2.211
-0.19139974 0.1249755 2.211
-0.18754883 0.1249755 2.211
-0.18369792 0.1249755 2.211
-0.17984702 0.1249755 2.211
-0.17599611 0.1249755 2.211
-0.1721452 0.1249755 2.211
-0.1682943 0.1249755 2.211
-0.16444337 0.1249755 2.211
-0.16110091 0.12537117 2.2179999
-0.1572378 0.12537117 2.2179999
-0.1533747 0.12537117 2.2179999
-0.14951161 0.12537117 2.2179999
-0.14518884 0.1249755 2.211
-0.14133793 0.1249755 2.211
-0.13748702 0.1249755 2.211
-0.1336361 0.1249755 2.211
-0.12978519 0.1249755 2.211
-0.12593429 0.1249755 2.211
-0.12208338 0.1249755 2.211
-0.11823247 0.1249755 2.211
-0.11438157 0.1249755 2.211
-0.11053065 0.1249755 2.211
-0.10667975 0.1249755 2.211
-0.10315439 0.12537117 2.2179999
-0.099291287 0.12537117 2.2179999
-0.095428191 0.12537117 2.2179999
-0.091276109 0.1249755 2.211
-0.087425202 0.1249755 2.211
-0.083574288 0.1249755 2.211
-0.079723381 0.1249755 2.211
-0.075872473 0.1249755 2.211
-0.072249584 0.12537117 2.2179999
-0.06838648 0.12537117 2.2179999
-0.064523384 0.12537117 2.2179999
-0.06066028 0.12537117 2.2179999
-0.05679718 0.12537117 2.2179999
-0.05276702 0.1249755 2.211
-0.048916109 0.1249755 2.211
-0.045065202 0.1249755 2.211
-0.041344777 0.12537117 2.2179999
-0.037481673 0.12537117 2.2179999
-0.033512473 0.1249755 2.211
-0.029661564 0.1249755 2.211
-0.025810655 0.1249755 2.211
-0.021959746 0.1249755 2.211
-0.018108837 0.1249755 2.211
-0.014257929 0.1249755 2.211
-0.01040702 0.1249755 2.211
-0.0065561109 0.1249755 2.211
-0.002705202 0.1249755 2.211
0.0011457071 0.1249755 2.211
0.0049966159 0.1249755 2.211
0.0088475253 0.1249755 2.211
0.012698434 0.1249755 2.211
0.016549343 0.1249755 2.211
0.020400252 0.1249755 2.211
0.024251161 0.1249755 2.211
0.02810207 0.1249755 2.211
0.031952981 0.1249755 2.211
0.035803888 0.1249755 2.211
0.039654799 0.1249755 2.211
0.043505706 0.1249755 2.211
0.047356617 0.1249755 2.211
0.051207524 0.1249755 2.211
0.055232748 0.12537117 2.2179999
0.059095848 0.12537117 2.2179999
0.062760249 0.1249755 2.211
0.066611163 0.1249755 2.211
0.07046207 0.1249755 2.211
0.074312977 0.1249755 2.211
0.078163885 0.1249755 2.211
0.082014799 0.1249755 2.211
0.085865706 0.1249755 2.211
0.089716613 0.1249755 2.211
0.09356752 0.1249755 2.211
0.097418435 0.1249755 2.211
0.10126934 0.1249755 2.211
0.10478744 0.12457983 2.204
0.10862616 0.12457983 2.204
0.11246487 0.12457983 2.204
0.11630359 0.12457983 2.204
0.12014231 0.12457983 2.204
0.12398103 0.12457983 2.204
0.1282257 0.1249755 2.211
0.13207661 0.1249755 2.211
0.13592753 0.1249755 2.211
0.13977844 0.1249755 2.211
0.14362934 0.1249755 2.211
0.14748025 0.1249755 2.211
0.15133116 0.1249755 2.211
0.15518206 0.1249755 2.211
0.15903297 0.1249755 2.211
0.16288388 0.1249755 2.211
0.16620691 0.12457983 2.204
0.17004563 0.12457983 2.204
0.17388435 0.12457983 2.204
0.17772307 0.12457983 2.204
0.18156178 0.12457983 2.204
0.1854005 0.12457983 2.204
0.18923922 0.12457983 2.204
0.19369116 0.1249755 2.211
0.19754207 0.1249755 2.211
0.20139298 0.1249755 2.211
0.20524389 0.1249755 2.211
0.20909479 0.1249755 2.211
0.21227153 0.12457983 2.204
0.21611024 0.12457983 2.204
0.21994896 0.12457983 2.204
-0.2183561 0.12882641 2.211
-0.2145052 0.12882641 2.211
-0.20998736 0.12841855 2.204
-0.20614864 0.12841855 2.204
-0.20230992 0.12841855 2.204
-0.1984712 0.12841855 2.204
-0.19525065 0.12882641 2.211
-0.19139974 0.12882641 2.211
-0.18754883 0.12882641 2.211
-0.18369792 0.12882641 2.211
-0.17984702 0.12882641 2.211
-0.17599611 0.12882641 2.211
-0.1721452 0.12882641 2.211
-0.1682943 0.12882641 2.211
-0.16444337 0.12882641 2.211
-0.16059247 0.12882641 2.211
-0.15674156 0.12882641 2.211
-0.15289065 0.12882641 2.211
-0.14951161 0.12923427 2.2179999
-0.14518884 0.12882641 2.211
-0.14133793 0.12882641 2.211
-0.13748702 0.12882641 2.211
-0.1336361 0.12882641 2.211
-0.12978519 0.12882641 2.211
-0.12593429 0.12882641 2.211
-0.12208338 0.12882641 2.211
-0.11823247 0.12882641 2.211
-0.11438157 0.12882641 2.211
-0.11053065 0.12882641 2.211
-0.10667975 0.12882641 2.211
-0.10315439 0.12923427 2.2179999
-0.099291287 0.12923427 2.2179999
-0.095428191 0.12923427 2.2179999
-0.091565087 0.12923427 2.2179999
-0.087425202 0.12882641 2.211
-0.083574288 0.12882641 2.211
-0.079723381 0.12882641 2.211
-0.07611268 0.12923427 2.2179999
-0.072249584 0.12923427 2.2179999
-0.06838648 0.12923427 2.2179999
-0.064523384 0.12923427 2.2179999
-0.06066028 0.12923427 2.2179999
-0.056617927 0.12882641 2.211
-0.05276702 0.12882641 2.211
-0.048916109 0.12882641 2.211
-0.045065202 0.12882641 2.211
-0.041214291 0.12882641 2.211
-0.037363384 0.12882641 2.211
-0.033512473 0.12882641 2.211
-0.029661564 0.12882641 2.211
-0.025810655 0.12882641 2.211
-0.021959746 0.12882641 2.211
-0.018108837 0.12882641 2.211
-0.014257929 0.12882641 2.211
-0.01040702 0.12882641 2.211
-0.0065561109 0.12882641 2.211
-0.002705202 0.12882641 2.211
0.0011457071 0.12882641 2.211
0.0049966159 0.12882641 2.211
0.0088475253 0.12882641 2.211
0.012698434 0.12882641 2.211
0.016549343 0.12882641 2.211
0.020400252 0.12882641 2.211
0.024251161 0.12882641 2.211
0.02810207 0.12882641 2.211
0.031952981 0.12882641 2.211
0.035803888 0.12882641 2.211
0.039654799 0.12882641 2.211
0.043505706 0.12882641 2.211
0.047356617 0.12882641 2.211
0.051207524 0.12882641 2.211
0.055232748 0.12923427 2.2179999
0.059095848 0.12923427 2.2179999
0.062760249 0.12882641 2.211
0.066611163 0.12882641 2.211
0.07046207 0.12882641 2.211
0.074312977 0.12882641 2.211
0.078163885 0.12882641 2.211
0.082014799 0.12882641 2.211
0.085865706 0.12882641 2.211
0.089716613 0.12882641 2.211
0.09356752 0.12882641 2.211
0.097418435 0.12882641 2.211
0.10094873 0.12841855 2.204
0.10478744 0.12841855 2.204
0.10862616 0.12841855 2.204
0.11246487 0.12841855 2.204
0.11630359 0.12841855 2.204
0.12014231 0.12841855 2.204
0.12437479 0.12882641 2.211
0.1282257 0.12882641 2.211
0.13207661 0.12882641 2.211
0.13592753 0.12882641 2.211
0.13977844 0.12882641 2.211
0.14362934 0.12882641 2.211
0.14748025 0.12882641 2.211
0.15133116 0.12882641 2.211
0.15518206 0.12882641 2.211
0.15903297 0.12882641 2.211
0.16288388 0.12882641 2.211
0.1667348 0.12882641 2.211
0.17004563 0.12841855 2.204
0.17388435 0.12841855 2.204
0.17772307 0.12841855 2.204
0.18156178 0.12841855 2.204
0.1854005 0.12841855 2.204
0.18984024 0.12882641 2.211
0.19369116 0.12882641 2.211
0.19754207 0.12882641 2.211
0.20139298 0.12882641 2.211
0.20524389 0.12882641 2.211
0.20909479 0.12882641 2.211
0.21227153 0.12841855 2.204
0.21611024 0.12841855 2.204
0.21994896 0.12841855 2.204
-0.2183561 0.13267732 2.211
-0.2145052 0.13267732 2.211
-0.20998736 0.13225727 2.204
-0.20614864 0.13225727 2.204
-0.20230992 0.13225727 2.204
-0.1984712 0.13225727 2.204
-0.1946325 0.13225727 2.204
-0.19139974 0.13267732 2.211
-0.18754883 0.13267732 2.211
-0.18369792 0.13267732 2.211
-0.17984702 0.13267732 2.211
-0.17599611 0.13267732 2.211
-0.1721452 0.13267732 2.211
-0.1682943 0.13267732 2.211
-0.16444337 0.13267732 2.211
-0.16059247 0.13267732 2.211
-0.15674156 0.13267732 2.211
-0.15289065 0.13267732 2.211
-0.14903975 0.13267732 2.211
-0.14518884 0.13267732 2.211
-0.14133793 0.13267732 2.211
-0.13748702 0.13267732 2.211
-0.1336361 0.13267732 2.211
-0.12978519 0.13267732 2.211
-0.12593429 0.13267732 2.211
-0.12208338 0.13267732 2.211
-0.11823247 0.13267732 2.211
-0.11438157 0.13267732 2.211
-0.11053065 0.13267732 2.211
-0.10667975 0.13267732 2.211
-0.10315439 0.13309737 2.2179999
-0.099291287 0.13309737 2.2179999
-0.095428191 0.13309737 2.2179999
-0.091276109 0.13267732 2.211
-0.087425202 0.13267732 2.211
-0.083574288 0.13267732 2.211
-0.079975784 0.13309737 2.2179999
-0.07611268 0.13309737 2.2179999
-0.072249584 0.13309737 2.2179999
-0.06838648 0.13309737 2.2179999
-0.064523384 0.13309737 2.2179999
-0.06066028 0.13309737 2.2179999
-0.056617927 0.13267732 2.211
-0.05276702 0.13267732 2.211
-0.048916109 0.13267732 2.211
-0.045065202 0.13267732 2.211
-0.041214291 0.13267732 2.211
-0.037363384 0.13267732 2.211
-0.033512473 0.13267732 2.211
-0.029661564 0.13267732 2.211
-0.025810655 0.13267732 2.211
-0.021959746 0.13267732 2.211
-0.018108837 0.13267732 2.211
-0.014257929 0.13267732 2.211
-0.01040702 0.13267732 2.211
-0.0065561109 0.13267732 2.211
-0.002705202 0.13267732 2.211
0.0011457071 0.13267732 2.211
0.0049966159 0.13267732 2.211
0.0088475253 0.13267732 2.211
0.012698434 0.13267732 2.211
0.016549343 0.13267732 2.211
0.020400252 0.13267732 2.211
0.024251161 0.13267732 2.211
0.02810207 0.13267732 2.211
0.031952981 0.13267732 2.211
0.035803888 0.13267732 2.211
0.039654799 0.13267732 2.211
0.043505706 0.13267732 2.211
0.047356617 0.13267732 2.211
0.051207524 0.13267732 2.211
0.055232748 0.13309737 2.2179999
0.059095848 0.13309737 2.2179999
0.062760249 0.13267732 2.211
0.066611163 0.13267732 2.211
0.07046207 0.13267732 2.211
0.074312977 0.13267732 2.211
0.078163885 0.13267732 2.211
0.082014799 0.13267732 2.211
0.085865706 0.13267732 2.211
0.089716613 0.13267732 2.211
0.09356752 0.13267732 2.211
0.097418435 0.13267732 2.211
0.10094873 0.13225727 2.204
0.10478744 0.13225727 2.204
0.10862616 0.13225727 2.204
0.11246487 0.13225727 2.204
0.11630359 0.13225727 2.204
0.12052388 0.13267732 2.211
0.12437479 0.13267732 2.211
0.1282257 0.13267732 2.211
0.13207661 0.13267732 2.211
0.13592753 0.13267732 2.211
0.13977844 0.13267732 2.211
0.14362934 0.13267732 2.211
0.14748025 0.13267732 2.211
0.15133116 0.13267732 2.211
0.15518206 0.13267732 2.211
0.15903297 0.13267732 2.211
0.16288388 0.13267732 2.211
0.1667348 0.13267732 2.211
0.17004563 0.13225727 2.204
0.17388435 0.13225727 2.204
0.17772307 0.13225727 2.204
0.18156178 0.13225727 2.204
0.1854005 0.13225727 2.204
0.18984024 0.13267732 2.211
0.19369116 0.13267732 2.211
0.19754207 0.13267732 2.211
0.20139298 0.13267732 2.211
0.20524389 0.13267732 2.211
0.20909479 0.13267732 2.211
0.21227153 0.13225727 2.204
0.21611024 0.13225727 2.204
0.21994896 0.13225727 2.204
-0.2183561 0.13652822 2.211
-0.2145052 0.13652822 2.211
-0.20998736 0.13609599 2.204
-0.20614864 0.13609599 2.204
-0.20230992 0.13609599 2.204
-0.1984712 0.13609599 2.204
-0.1946325 0.13609599 2.204
-0.19139974 0.13652822 2.211
-0.18754883 0.13652822 2.211
-0.18369792 0.13652822 2.211
-0.17984702 0.13652822 2.211
-0.17599611 0.13652822 2.211
-0.1721452 0.13652822 2.211
-0.1682943 0.13652822 2.211
-0.16444337 0.13652822 2.211
-0.16059247 0.13652822 2.211
-0.15674156 0.13652822 2.211
-0.15289065 0.13652822 2.211
-0.14903975 0.13652822 2.211
-0.14518884 0.13652822 2.211
-0.14133793 0.13652822 2.211
-0.13748702 0.13652822 2.211
-0.1336361 0.13652822 2.211
-0.12978519 0.13652822 2.211
-0.12593429 0.13652822 2.211
-0.12208338 0.13652822 2.211
-0.11823247 0.13652822 2.211
-0.11438157 0.13652822 2.211
-0.11053065 0.13652822 2.211
-0.10667975 0.13652822 2.211
-0.10282884 0.13652822 2.211
-0.098977923 0.13652822 2.211
-0.095428191 0.13696048 2.2179999
-0.091276109 0.13652822 2.211
-0.087425202 0.13652822 2.211
-0.083838888 0.13696048 2.2179999
-0.079975784 0.13696048 2.2179999
-0.07611268 0.13696048 2.2179999
-0.072249584 0.13696048 2.2179999
-0.06838648 0.13696048 2.2179999
-0.064523384 0.13696048 2.2179999
-0.06066028 0.13696048 2.2179999
-0.056617927 0.13652822 2.211
-0.05276702 0.13652822 2.211
-0.048916109 0.13652822 2.211
-0.045065202 0.13652822 2.211
-0.041214291 0.13652822 2.211
-0.037363384 0.13652822 2.211
-0.033512473 0.13652822 2.211
-0.029661564 0.13652822 2.211
-0.025810655 0.13652822 2.211
-0.021959746 0.13652822 2.211
-0.018108837 0.13652822 2.211
-0.014257929 0.13652822 2.211
-0.01040702 0.13652822 2.211
-0.0065561109 0.13652822 2.211
-0.002705202 0.13652822 2.211
0.0011457071 0.13652822 2.211
0.0049966159 0.13652822 2.211
0.0088475253 0.13652822 2.211
0.012698434 0.13652822 2.211
0.016549343 0.13652822 2.211
0.020400252 0.13652822 2.211
0.024251161 0.13652822 2.211
0.02810207 0.13652822 2.211
0.031952981 0.13652822 2.211
0.035803888 0.13652822 2.211
0.039654799 0.13652822 2.211
0.043505706 0.13652822 2.211
0.047356617 0.13652822 2.211
0.051207524 0.13652822 2.211
0.055058435 0.13652822 2.211
0.058909342 0.13652822 2.211
0.062760249 0.13652822 2.211
0.066611163 0.13652822 2.211
0.07046207 0.13652822 2.211
0.074312977 0.13652822 2.211
0.078163885 0.13652822 2.211
0.082014799 0.13652822 2.211
0.085865706 0.13652822 2.211
0.089716613 0.13652822 2.211
0.09356752 0.13652822 2.211
0.097418435 0.13652822 2.211
0.10094873 0.13609599 2.204
0.10478744 0.13609599 2.204
0.10862616 0.13609599 2.204
0.11246487 0.13609599 2.204
0.11630359 0.13609599 2.204
0.12014231 0.13609599 2.204
0.12437479 0.13652822 2.211
0.1282257 0.13652822 2.211
0.13207661 0.13652822 2.211
0.13592753 0.13652822 2.211
0.13977844 0.13652822 2.211
0.14362934 0.13652822 2.211
0.14748025 0.13652822 2.211
0.15133116 0.13652822 2.211
0.15518206 0.13652822 2.211
0.15903297 0.13652822 2.211
0.16288388 0.13652822 2.211
0.1667348 0.13652822 2.211
0.17058571 0.13652822 2.211
0.17388435 0.13609599 2.204
0.17772307 0.13609599 2.204
0.18156178 0.13609599 2.204
0.1854005 0.13609599 2.204
0.18984024 0.13652822 2.211
0.19369116 0.13652822 2.211
0.19754207 0.13652822 2.211
0.20139298 0.13652822 2.211
0.20524389 0.13652822 2.211
0.20909479 0.13652822 2.211
0.21227153 0.13609599 2.204
0.21611024 0.13609599 2.204
0.21994896 0.13609599 2.204
-0.2183561 0.14037913 2.211
-0.2145052 0.14037913 2.211
-0.20998736 0.1399347 2.204
-0.20614864 0.1399347 2.204
-0.20230992 0.1399347 2.204
-0.1984712 0.1399347 2.204
-0.1946325 0.1399347 2.204
-0.19079378 0.1399347 2.204
-0.18754883 0.14037913 2.211
-0.18369792 0.14037913 2.211
-0.17984702 0.14037913 2.211
-0.17599611 0.14037913 2.211
-0.1721452 0.14037913 2.211
-0.1682943 0.14037913 2.211
-0.16444337 0.14037913 2.211
-0.16059247 0.14037913 2.211
-0.15674156 0.14037913 2.211
-0.15289065 0.14037913 2.211
-0.14903975 0.14037913 2.211
-0.14518884 0.14037913 2.211
-0.14133793 0.14037913 2.211
-0.13748702 0.14037913 2.211
-0.1336361 0.14037913 2.211
-0.12978519 0.14037913 2.211
-0.12593429 0.14037913 2.211
-0.12208338 0.14037913 2.211
-0.11823247 0.14037913 2.211
-0.11438157 0.14037913 2.211
-0.11053065 0.14037913 2.211
-0.10667975 0.14037913 2.211
-0.10282884 0.14037913 2.211
-0.098977923 0.14037913 2.211
-0.095127016 0.14037913 2.211
-0.091276109 0.14037913 2.211
-0.087425202 0.14037913 2.211
-0.083838888 0.14082357 2.2179999
-0.079975784 0.14082357 2.2179999
-0.07611268 0.14082357 2.2179999
-0.072249584 0.14082357 2.2179999
-0.06838648 0.14082357 2.2179999
-0.064523384 0.14082357 2.2179999
-0.060468838 0.14037913 2.211
-0.056617927 0.14037913 2.211
-0.05276702 0.14037913 2.211
-0.048916109 0.14037913 2.211
-0.045065202 0.14037913 2.211
-0.041214291 0.14037913 2.211
-0.037363384 0.14037913 2.211
-0.033512473 0.14037913 2.211
-0.029661564 0.14037913 2.211
-0.025810655 0.14037913 2.211
-0.021959746 0.14037913 2.211
-0.018108837 0.14037913 2.211
-0.014257929 0.14037913 2.211
-0.01040702 0.14037913 2.211
-0.0065561109 0.14037913 2.211
-0.002705202 0.14037913 2.211
0.0011457071 0.14037913 2.211
0.0049966159 0.14037913 2.211
0.0088475253 0.14037913 2.211
0.012698434 0.14037913 2.211
0.016549343 0.14037913 2.211
0.020400252 0.14037913 2.211
0.024251161 0.14037913 2.211
0.02810207 0.14037913 2.211
0.031952981 0.14037913 2.211
0.035803888 0.14037913 2.211
0.039654799 0.14037913 2.211
0.043505706 0.14037913 2.211
0.047356617 0.14037913 2.211
0.051207524 0.14037913 2.211
0.055058435 0.14037913 2.211
0.058909342 0.14037913 2.211
0.062760249 0.14037913 2.211
0.066611163 0.14037913 2.211
0.07046207 0.14037913 2.211
0.074312977 0.14037913 2.211
0.078163885 0.14037913 2.211
0.082014799 0.14037913 2.211
0.085865706 0.14037913 2.211
0.089716613 0.14037913 2.211
0.09356752 0.14037913 2.211
0.097418435 0.14037913 2.211
0.10094873 0.1399347 2.204
0.10478744 0.1399347 2.204
0.10862616 0.1399347 2.204
0.11246487 0.1399347 2.204
0.11630359 0.1399347 2.204
0.12014231 0.1399347 2.204
0.12437479 0.14037913 2.211
0.1282257 0.14037913 2.211
0.13207661 0.14037913 2.211
0.13592753 0.14037913 2.211
0.13977844 0.14037913 2.211
0.14362934 0.14037913 2.211
0.14748025 0.14037913 2.211
0.15133116 0.14037913 2.211
0.15518206 0.14037913 2.211
0.15903297 0.14037913 2.211
0.16288388 0.14037913 2.211
0.1667348 0.14037913 2.211
0.17058571 0.14037913 2.211
0.17388435 0.1399347 2.204
0.17772307 0.1399347 2.204
0.18156178 0.1399347 2.204
0.1854005 0.1399347 2.204
0.18984024 0.14037913 2.211
0.19369116 0.14037913 2.211
0.19754207 0.14037913 2.211
0.20139298 0.14037913 2.211
0.20524389 0.14037913 2.211
0.20909479 0.14037913 2.211
0.2129457 0.14037913 2.211
0.21611024 0.1399347 2.204
0.21994896 0.1399347 2.204
-0.21766479 0.14377342 2.204
-0.21382608 0.14377342 2.204
-0.20998736 0.14377342 2.204
-0.20614864 0.14377342 2.204
-0.20230992 0.14377342 2.204
-0.1984712 0.14377342 2.204
-0.1946325 0.14377342 2.204
-0.19079378 0.14377342 2.204
-0.18754883 0.14423004 2.211
-0.18369792 0.14423004 2.211
-0.17984702 0.14423004 2.211
-0.17599611 0.14423004 2.211
-0.1721452 0.14423004 2.211
-0.1682943 0.14423004 2.211
-0.16444337 0.14423004 2.211
-0.16059247 0.14423004 2.211
-0.15674156 0.14423004 2.211
-0.15289065 0.14423004 2.211
-0.14903975 0.14423004 2.211
-0.14518884 0.14423004 2.211
-0.14133793 0.14423004 2.211
-0.13748702 0.14423004 2.211
-0.1336361 0.14423004 2.211
-0.12978519 0.14423004 2.211
-0.12593429 0.14423004 2.211
-0.12208338 0.14423004 2.211
-0.11823247 0.14423004 2.211
-0.11438157 0.14423004 2.211
-0.11053065 0.14423004 2.211
-0.10667975 0.14423004 2.211
-0.10282884 0.14423004 2.211
-0.098977923 0.14423004 2.211
-0.095127016 0.14423004 2.211
-0.091276109 0.14423004 2.211
-0.087425202 0.14423004 2.211
-0.083838888 0.14468667 2.2179999
-0.079975784 0.14468667 2.2179999
-0.07611268 0.14468667 2.2179999
-0.072249584 0.14468667 2.2179999
-0.06838648 0.14468667 2.2179999
-0.064523384 0.14468667 2.2179999
-0.060468838 0.14423004 2.211
-0.056617927 0.14423004 2.211
-0.052934077 0.14468667 2.2179999
-0.048916109 0.14423004 2.211
-0.045065202 0.14423004 2.211
-0.041214291 0.14423004 2.211
-0.037363384 0.14423004 2.211
-0.033512473 0.14423004 2.211
-0.029661564 0.14423004 2.211
-0.025810655 0.14423004 2.211
-0.021959746 0.14423004 2.211
-0.018108837 0.14423004 2.211
-0.014257929 0.14423004 2.211
-0.01040702 0.14423004 2.211
-0.0065561109 0.14423004 2.211
-0.002705202 0.14423004 2.211
0.0011457071 0.14423004 2.211
0.0049966159 0.14423004 2.211
0.0088475253 0.14423004 2.211
0.012698434 0.14423004 2.211
0.016549343 0.14423004 2.211
0.020400252 0.14423004 2.211
0.024251161 0.14423004 2.211
0.02810207 0.14423004 2.211
0.031952981 0.14423004 2.211
0.035803888 0.14423004 2.211
0.039654799 0.14423004 2.211
0.043505706 0.14423004 2.211
0.047356617 0.14423004 2.211
0.051207524 0.14423004 2.211
0.055058435 0.14423004 2.211
0.058909342 0.14423004 2.211
0.062760249 0.14423004 2.211
0.066611163 0.14423004 2.211
0.07046207 0.14423004 2.211
0.074312977 0.14423004 2.211
0.078163885 0.14423004 2.211
0.082014799 0.14423004 2.211
0.085865706 0.14423004 2.211
0.089716613 0.14423004 2.211
0.09356752 0.14423004 2.211
0.097418435 0.14423004 2.211
0.10094873 0.14377342 2.204
0.10478744 0.14377342 2.204
0.10862616 0.14377342 2.204
0.11246487 0.14377342 2.204
0.11630359 0.14377342 2.204
0.12014231 0.14377342 2.204
0.12437479 0.14423004 2.211
0.1282257 0.14423004 2.211
0.13207661 0.14423004 2.211
0.13592753 0.14423004 2.211
0.13977844 0.14423004 2.211
0.14362934 0.14423004 2.211
0.14748025 0.14423004 2.211
0.15133116 0.14423004 2.211
0.15518206 0.14423004 2.211
0.15903297 0.14423004 2.211
0.16288388 0.14423004 2.211
0.1667348 0.14423004 2.211
0.17058571 0.14423004 2.211
0.17388435 0.14377342 2.204
0.17772307 0.14377342 2.204
0.18156178 0.14377342 2.204
0.1854005 0.14377342 2.204
0.18984024 0.14423004 2.211
0.19369116 0.14423004 2.211
0.19754207 0.14423004 2.211
0.20139298 0.14423004 2.211
0.20524389 0.14423004 2.211
0.20909479 0.14423004 2.211
0.21227153 0.14377342 2.204
0.21611024 0.14377342 2.204
0.21994896 0.14377342 2.204
-0.21766479 0.14761212 2.204
-0.21382608 0.14761212 2.204
-0.20998736 0.14761212 2.204
-0.20614864 0.14761212 2.204
-0.20230992 0.14761212 2.204
-0.1984712 0.14761212 2.204
-0.1946325 0.14761212 2.204
-0.19079378 0.14761212 2.204
-0.18695506 0.14761212 2.204
-0.18369792 0.14808095 2.211
-0.17984702 0.14808095 2.211
-0.17599611 0.14808095 2.211
-0.1721452 0.14808095 2.211
-0.1682943 0.14808095 2.211
-0.16444337 0.14808095 2.211
-0.16059247 0.14808095 2.211
-0.15674156 0.14808095 2.211
-0.15289065 0.14808095 2.211
-0.14903975 0.14808095 2.211
-0.14518884 0.14808095 2.211
-0.14133793 0.14808095 2.211
-0.13748702 0.14808095 2.211
-0.1336361 0.14808095 2.211
-0.12978519 0.14808095 2.211
-0.12593429 0.14808095 2.211
-0.12208338 0.14808095 2.211
-0.11823247 0.14808095 2.211
-0.11438157 0.14808095 2.211
-0.11053065 0.14808095 2.211
-0.10667975 0.14808095 2.211
-0.10282884 0.14808095 2.211
-0.098977923 0.14808095 2.211
-0.095127016 0.14808095 2.211
-0.091276109 0.14808095 2.211
-0.087425202 0.14808095 2.211
-0.083574288 0.14808095 2.211
-0.079975784 0.14854978 2.2179999
-0.07611268 0.14854978 2.2179999
-0.072249584 0.14854978 2.2179999
-0.06838648 0.14854978 2.2179999
-0.064523384 0.14854978 2.2179999
-0.060468838 0.14808095 2.211
-0.056617927 0.14808095 2.211
-0.05276702 0.14808095 2.211
-0.048916109 0.14808095 2.211
-0.045065202 0.14808095 2.211
-0.041214291 0.14808095 2.211
-0.037363384 0.14808095 2.211
-0.033512473 0.14808095 2.211
-0.029661564 0.14808095 2.211
-0.025810655 0.14808095 2.211
-0.021959746 0.14808095 2.211
-0.018108837 0.14808095 2.211
-0.014257929 0.14808095 2.211
-0.01040702 0.14808095 2.211
-0.0065561109 0.14808095 2.211
-0.002705202 0.14808095 2.211
0.0011457071 0.14808095 2.211
0.0049966159 0.14808095 2.211
0.0088475253 0.14808095 2.211
0.012698434 0.14808095 2.211
0.016549343 0.14808095 2.211
0.020400252 0.14808095 2.211
0.024251161 0.14808095 2.211
0.02810207 0.14808095 2.211
0.031952981 0.14808095 2.211
0.035803888 0.14808095 2.211
0.039654799 0.14808095 2.211
0.043505706 0.14808095 2.211
0.047356617 0.14808095 2.211
0.051207524 0.14808095 2.211
0.055058435 0.14808095 2.211
0.058909342 0.14808095 2.211
0.062760249 0.14808095 2.211
0.066611163 0.14808095 2.211
0.07046207 0.14808095 2.211
0.074312977 0.14808095 2.211
0.078163885 0.14808095 2.211
0.082014799 0.14808095 2.211
0.085865706 0.14808095 2.211
0.089716613 0.14808095 2.211
0.09356752 0.14808095 2.211
0.097418435 0.14808095 2.211
0.10094873 0.14761212 2.204
0.10478744 0.14761212 2.204
0.10862616 0.14761212 2.204
0.11246487 0.14761212 2.204
0.11630359 0.14761212 2.204
0.12014231 0.14761212 2.204
0.12398103 0.14761212 2.204
0.1282257 0.14808095 2.211
0.13207661 0.14808095 2.211
0.13592753 0.14808095 2.211
0.13977844 0.14808095 2.211
0.14362934 0.14808095 2.211
0.14748025 0.14808095 2.211
0.15133116 0.14808095 2.211
0.15518206 0.14808095 2.211
0.15903297 0.14808095 2.211
0.16288388 0.14808095 2.211
0.1667348 0.14808095 2.211
0.17058571 0.14808095 2.211
0.17443661 0.14808095 2.211
0.17772307 0.14761212 2.204
0.18156178 0.14761212 2.204
0.18598934 0.14808095 2.211
0.18984024 0.14808095 2.211
0.19369116 0.14808095 2.211
0.19754207 0.14808095 2.211
0.20139298 0.14808095 2.211
0.20524389 0.14808095 2.211
0.20909479 0.14808095 2.211
0.21227153 0.14761212 2.204
0.21611024 0.14761212 2.204
0.21994896 0.14761212 2.204
-0.21766479 0.15145084 2.204
-0.21382608 0.15145084 2.204
-0.20998736 0.15145084 2.204
-0.20614864 0.15145084 2.204
-0.20230992 0.15145084 2.204
-0.1984712 0.15145084 2.204
-0.1946325 0.15145084 2.204
-0.19079378 0.15145084 2.204
-0.18754883 0.15193187 2.211
-0.18369792 0.15193187 2.211
-0.17984702 0.15193187 2.211
-0.17599611 0.15193187 2.211
-0.1721452 0.15193187 2.211
-0.1682943 0.15193187 2.211
-0.16444337 0.15193187 2.211
-0.16059247 0.15193187 2.211
-0.15674156 0.15193187 2.211
-0.15289065 0.15193187 2.211
-0.14903975 0.15193187 2.211
-0.14518884 0.15193187 2.211
-0.14133793 0.15193187 2.211
-0.13748702 0.15193187 2.211
-0.1336361 0.15193187 2.211
-0.12978519 0.15193187 2.211
-0.12593429 0.15193187 2.211
-0.12208338 0.15193187 2.211
-0.11823247 0.15193187 2.211
-0.11438157 0.15193187 2.211
-0.11053065 0.15193187 2.211
-0.10667975 0.15193187 2.211
-0.10282884 0.15193187 2.211
-0.098977923 0.15193187 2.211
-0.095127016 0.15193187 2.211
-0.091276109 0.15193187 2.211
-0.087425202 0.15193187 2.211
-0.083574288 0.15193187 2.211
-0.079975784 0.15241288 2.2179999
-0.07611268 0.15241288 2.2179999
-0.072249584 0.15241288 2.2179999
-0.06838648 0.15241288 2.2179999
-0.064523384 0.15241288 2.2179999
-0.060468838 0.15193187 2.211
-0.056617927 0.15193187 2.211
-0.05276702 0.15193187 2.211
-0.048916109 0.15193187 2.211
-0.045065202 0.15193187 2.211
-0.041214291 0.15193187 2.211
-0.037363384 0.15193187 2.211
-0.033512473 0.15193187 2.211
-0.029661564 0.15193187 2.211
-0.025810655 0.15193187 2.211
-0.021959746 0.15193187 2.211
-0.018108837 0.15193187 2.211
-0.014257929 0.15193187 2.211
-0.01040702 0.15193187 2.211
-0.0065561109 0.15193187 2.211
-0.002705202 0.15193187 2.211
0.0011457071 0.15193187 2.211
0.0049966159 0.15193187 2.211
0.0088475253 0.15193187 2.211
0.012698434 0.15193187 2.211
0.016549343 0.15193187 2.211
0.020400252 0.15193187 2.211
0.024251161 0.15193187 2.211
0.02810207 0.15193187 2.211
0.031952981 0.15193187 2.211
0.035803888 0.15193187 2.211
0.039654799 0.15193187 2.211
0.043505706 0.15193187 2.211
0.047356617 0.15193187 2.211
0.051207524 0.15193187 2.211
0.055058435 0.15193187 2.211
0.058909342 0.15193187 2.211
0.062760249 0.15193187 2.211
0.066611163 0.15193187 2.211
0.07046207 0.15193187 2.211
0.074312977 0.15193187 2.211
0.078163885 0.15193187 2.211
0.082014799 0.15193187 2.211
0.085865706 0.15193187 2.211
0.089716613 0.15193187 2.211
0.09356752 0.15193187 2.211
0.097418435 0.15193187 2.211
0.10094873 0.15145084 2.204
0.10478744 0.15145084 2.204
0.10862616 0.15145084 2.204
0.11246487 0.15145084 2.204
0.11630359 0.15145084 2.204
0.12014231 0.15145084 2.204
0.12398103 0.15145084 2.204
0.12781975 0.15145084 2.204
0.13207661 0.15193187 2.211
0.13592753 0.15193187 2.211
0.13977844 0.15193187 2.211
0.14362934 0.15193187 2.211
0.14748025 0.15193187 2.211
0.15133116 0.15193187 2.211
0.15518206 0.15193187 2.211
0.15903297 0.15193187 2.211
0.16288388 0.15193187 2.211
0.1667348 0.15193187 2.211
0.17058571 0.15193187 2.211
0.17443661 0.15193187 2.211
0.17828752 0.15193187 2.211
0.18213843 0.15193187 2.211
0.18598934 0.15193187 2.211
0.18984024 0.15193187 2.211
0.19369116 0.15193187 2.211
0.19754207 0.15193187 2.211
0.20139298 0.15193187 2.211
0.20524389 0.15193187 2.211
0.20843281 0.15145084 2.204
0.21227153 0.15145084 2.204
0.21611024 0.15145084 2.204
0.21994896 0.15145084 2.204
-0.21766479 0.15528956 2.204
-0.21382608 0.15528956 2.204
-0.20998736 0.15528956 2.204
-0.20614864 0.15528956 2.204
-0.20230992 0.15528956 2.204
-0.1984712 0.15528956 2.204
-0.1946325 0.15528956 2.204
-0.19079378 0.15528956 2.204
-0.18754883 0.15578277 2.211
-0.18369792 0.15578277 2.211
-0.17984702 0.15578277 2.211
-0.17599611 0.15578277 2.211
-0.1721452 0.15578277 2.211
-0.1682943 0.15578277 2.211
-0.16444337 0.15578277 2.211
-0.16059247 0.15578277 2.211
-0.15674156 0.15578277 2.211
-0.15289065 0.15578277 2.211
-0.14903975 0.15578277 2.211
-0.14518884 0.15578277 2.211
-0.14133793 0.15578277 2.211
-0.13748702 0.15578277 2.211
-0.1336361 0.15578277 2.211
-0.12978519 0.15578277 2.211
-0.12593429 0.15578277 2.211
-0.12208338 0.15578277 2.211
-0.11823247 0.15578277 2.211
-0.11438157 0.15578277 2.211
-0.11053065 0.15578277 2.211
-0.10667975 0.15578277 2.211
-0.10282884 0.15578277 2.211
-0.098977923 0.15578277 2.211
-0.095127016 0.15578277 2.211
-0.091276109 0.15578277 2.211
-0.087425202 0.15578277 2.211
-0.083574288 0.15578277 2.211
-0.079975784 0.15627597 2.2179999
-0.07611268 0.15627597 2.2179999
-0.072249584 0.15627597 2.2179999
-0.06838648 0.15627597 2.2179999
-0.064523384 0.15627597 2.2179999
-0.060468838 0.15578277 2.211
-0.056617927 0.15578277 2.211
-0.05276702 0.15578277 2.211
-0.048916109 0.15578277 2.211
-0.045065202 0.15578277 2.211
-0.041214291 0.15578277 2.211
-0.037363384 0.15578277 2.211
-0.033512473 0.15578277 2.211
-0.029661564 0.15578277 2.211
-0.025810655 0.15578277 2.211
-0.021959746 0.15578277 2.211
-0.018108837 0.15578277 2.211
-0.014257929 0.15578277 2.211
-0.01040702 0.15578277 2.211
-0.0065561109 0.15578277 2.211
-0.002705202 0.15578277 2.211
0.0011457071 0.15578277 2.211
0.0049966159 0.15578277 2.211
0.0088475253 0.15578277 2.211
0.012698434 0.15578277 2.211
0.016549343 0.15578277 2.211
0.020400252 0.15578277 2.211
0.024251161 0.15578277 2.211
0.02810207 0.15578277 2.211
0.031952981 0.15578277 2.211
0.035803888 0.15578277 2.211
0.039654799 0.15578277 2.211
0.043505706 0.15578277 2.211
0.047206685 0.15528956 2.204
0.051045403 0.15528956 2.204
0.054884121 0.15528956 2.204
0.058909342 0.15578277 2.211
0.062760249 0.15578277 2.211
0.066611163 0.15578277 2.211
0.07046207 0.15578277 2.211
0.074312977 0.15578277 2.211
0.078163885 0.15578277 2.211
0.082014799 0.15578277 2.211
0.085865706 0.15578277 2.211
0.089716613 0.15578277 2.211
0.09356752 0.15578277 2.211
0.097418435 0.15578277 2.211
0.10094873 0.15528956 2.204
0.10478744 0.15528956 2.204
0.10862616 0.15528956 2.204
0.11246487 0.15528956 2.204
0.11630359 0.15528956 2.204
0.12014231 0.15528956 2.204
0.12398103 0.15528956 2.204
0.12781975 0.15528956 2.204
0.13207661 0.15578277 2.211
0.13592753 0.15578277 2.211
0.13977844 0.15578277 2.211
0.14362934 0.15578277 2.211
0.14748025 0.15578277 2.211
0.15133116 0.15578277 2.211
0.15518206 0.15578277 2.211
0.15903297 0.15578277 2.211
0.16288388 0.15578277 2.211
0.1667348 0.15578277 2.211
0.17058571 0.15578277 2.211
0.17443661 0.15578277 2.211
0.17828752 0.15578277 2.211
0.18213843 0.15578277 2.211
0.18598934 0.15578277 2.211
0.18984024 0.15578277 2.211
0.19369116 0.15578277 2.211
0.19754207 0.15578277 2.211
0.20139298 0.15578277 2.211
0.20459409 0.15528956 2.204
0.20843281 0.15528956 2.204
0.21227153 0.15528956 2.204
0.21611024 0.15528956 2.204
0.21994896 0.15528956 2.204
-0.21766479 0.15912828 2.204
-0.21382608 0.15912828 2.204
-0.20998736 0.15912828 2.204
-0.20614864 0.15912828 2.204
-0.20230992 0.15912828 2.204
-0.1984712 0.15912828 2.204
-0.1946325 0.15912828 2.204
-0.19079378 0.15912828 2.204
-0.18754883 0.15963368 2.211
-0.18369792 0.15963368 2.211
-0.17984702 0.15963368 2.211
-0.17599611 0.15963368 2.211
-0.1721452 0.15963368 2.211
-0.1682943 0.15963368 2.211
-0.16444337 0.15963368 2.211
-0.16059247 0.15963368 2.211
-0.15674156 0.15963368 2.211
-0.15289065 0.15963368 2.211
-0.14903975 0.15963368 2.211
-0.14518884 0.15963368 2.211
-0.14133793 0.15963368 2.211
-0.1379223 0.16013907 2.2179999
-0.1336361 0.15963368 2.211
-0.12978519 0.15963368 2.211
-0.12593429 0.15963368 2.211
-0.12208338 0.15963368 2.211
-0.11823247 0.15963368 2.211
-0.11438157 0.15963368 2.211
-0.11053065 0.15963368 2.211
-0.10667975 0.15963368 2.211
-0.10282884 0.15963368 2.211
-0.098977923 0.15963368 2.211
-0.095127016 0.15963368 2.211
-0.091276109 0.15963368 2.211
-0.087425202 0.15963368 2.211
-0.083574288 0.15963368 2.211
-0.079975784 0.16013907 2.2179999
-0.07611268 0.16013907 2.2179999
-0.072249584 0.16013907 2.2179999
-0.06838648 0.16013907 2.2179999
-0.064523384 0.16013907 2.2179999
-0.060468838 0.15963368 2.211
-0.056617927 0.15963368 2.211
-0.05276702 0.15963368 2.211
-0.048916109 0.15963368 2.211
-0.045065202 0.15963368 2.211
-0.041214291 0.15963368 2.211
-0.037363384 0.15963368 2.211
-0.033512473 0.15963368 2.211
-0.029661564 0.15963368 2.211
-0.025810655 0.15963368 2.211
-0.021959746 0.15963368 2.211
-0.01816617 0.16013907 2.2179999
-0.014257929 0.15963368 2.211
-0.01040702 0.15963368 2.211
-0.0065561109 0.15963368 2.211
-0.002705202 0.15963368 2.211
0.0011457071 0.15963368 2.211
0.0049966159 0.15963368 2.211
0.0088475253 0.15963368 2.211
0.012698434 0.15963368 2.211
0.016549343 0.15963368 2.211
0.020400252 0.15963368 2.211
0.024251161 0.15963368 2.211
0.02810207 0.15963368 2.211
0.031952981 0.15963368 2.211
0.035803888 0.15963368 2.211
0.039529253 0.15912828 2.204
0.043367967 0.15912828 2.204
0.047206685 0.15912828 2.204
0.051045403 0.15912828 2.204
0.054884121 0.15912828 2.204
0.058722835 0.15912828 2.204
0.062760249 0.15963368 2.211
0.066611163 0.15963368 2.211
0.07046207 0.15963368 2.211
0.074312977 0.15963368 2.211
0.078163885 0.15963368 2.211
0.082014799 0.15963368 2.211
0.085865706 0.15963368 2.211
0.089716613 0.15963368 2.211
0.09356752 0.15963368 2.211
0.097418435 0.15963368 2.211
0.10126934 0.15963368 2.211
0.10512025 0.15963368 2.211
0.10862616 0.15912828 2.204
0.11246487 0.15912828 2.204
0.11630359 0.15912828 2.204
0.12014231 0.15912828 2.204
0.12398103 0.15912828 2.204
0.12781975 0.15912828 2.204
0.13165846 0.15912828 2.204
0.13592753 0.15963368 2.211
0.13977844 0.15963368 2.211
0.14362934 0.15963368 2.211
0.14748025 0.15963368 2.211
0.15133116 0.15963368 2.211
0.15518206 0.15963368 2.211
0.15903297 0.15963368 2.211
0.16288388 0.15963368 2.211
0.1667348 0.15963368 2.211
0.17058571 0.15963368 2.211
0.17443661 0.15963368 2.211
0.17828752 0.15963368 2.211
0.18213843 0.15963368 2.211
0.18598934 0.15963368 2.211
0.18984024 0.15963368 2.211
0.19369116 0.15963368 2.211
0.19754207 0.15963368 2.211
0.20075537 0.15912828 2.204
0.20459409 0.15912828 2.204
0.20843281 0.15912828 2.204
0.21227153 0.15912828 2.204
0.21611024 0.15912828 2.204
0.21994896 0.15912828 2.204
-0.21766479 0.162967 2.204
-0.2145052 0.16348459 2.211
-0.21065429 0.16348459 2.211
-0.20680338 0.16348459 2.211
-0.20295247 0.16348459 2.211
-0.19910157 0.16348459 2.211
-0.19525065 0.16348459 2.211
-0.19079378 0.162967 2.204
-0.18754883 0.16348459 2.211
-0.18369792 0.16348459 2.211
-0.17984702 0.16348459 2.211
-0.17599611 0.16348459 2.211
-0.1721452 0.16348459 2.211
-0.1682943 0.16348459 2.211
-0.16444337 0.16348459 2.211
-0.16059247 0.16348459 2.211
-0.15674156 0.16348459 2.211
-0.1533747 0.16400218 2.2179999
-0.14951161 0.16400218 2.2179999
-0.14564849 0.16400218 2.2179999
-0.1417854 0.16400218 2.2179999
-0.1379223 0.16400218 2.2179999
-0.13405919 0.16400218 2.2179999
-0.12978519 0.16348459 2.211
-0.12593429 0.16348459 2.211
-0.12208338 0.16348459 2.211
-0.11823247 0.16348459 2.211
-0.11438157 0.16348459 2.211
-0.11053065 0.16348459 2.211
-0.10667975 0.16348459 2.211
-0.10282884 0.16348459 2.211
-0.098977923 0.16348459 2.211
-0.095127016 0.16348459 2.211
-0.091276109 0.16348459 2.211
-0.087425202 0.16348459 2.211
-0.083574288 0.16348459 2.211
-0.079975784 0.16400218 2.2179999
-0.07611268 0.16400218 2.2179999
-0.072249584 0.16400218 2.2179999
-0.06838648 0.16400218 2.2179999
-0.064319745 0.16348459 2.211
-0.060468838 0.16348459 2.211
-0.056617927 0.16348459 2.211
-0.05276702 0.16348459 2.211
-0.048916109 0.16348459 2.211
-0.045065202 0.16348459 2.211
-0.041214291 0.16348459 2.211
-0.037363384 0.16348459 2.211
-0.033512473 0.16348459 2.211
-0.029661564 0.16348459 2.211
-0.025810655 0.16348459 2.211
-0.022029271 0.16400218 2.2179999
-0.01816617 0.16400218 2.2179999
-0.014257929 0.16348459 2.211
-0.01040702 0.16348459 2.211
-0.0065561109 0.16348459 2.211
-0.002705202 0.16348459 2.211
0.0011457071 0.16348459 2.211
0.0049966159 0.16348459 2.211
0.0088475253 0.16348459 2.211
0.012698434 0.16348459 2.211
0.016549343 0.16348459 2.211
0.020400252 0.16348459 2.211
0.024251161 0.16348459 2.211
0.02810207 0.16348459 2.211
0.031952981 0.16348459 2.211
0.035690535 0.162967 2.204
0.039529253 0.162967 2.204
0.043367967 0.162967 2.204
0.047206685 0.162967 2.204
0.051045403 0.162967 2.204
0.054884121 0.162967 2.204
0.058722835 0.162967 2.204
0.062561557 0.162967 2.204
0.066400267 0.162967 2.204
0.07046207 0.16348459 2.211
0.074312977 0.16348459 2.211
0.078163885 0.16348459 2.211
0.082014799 0.16348459 2.211
0.085865706 0.16348459 2.211
0.089716613 0.16348459 2.211
0.09356752 0.16348459 2.211
0.097418435 0.16348459 2.211
0.10126934 0.16348459 2.211
0.10512025 0.16348459 2.211
0.10897116 0.16348459 2.211
0.11246487 0.162967 2.204
0.11630359 0.162967 2.204
0.12014231 0.162967 2.204
0.12398103 0.162967 2.204
0.12781975 0.162967 2.204
0.13165846 0.162967 2.204
0.13592753 0.16348459 2.211
0.13977844 0.16348459 2.211
0.14362934 0.16348459 2.211
0.14748025 0.16348459 2.211
0.15133116 0.16348459 2.211
0.15518206 0.16348459 2.211
0.15903297 0.16348459 2.211
0.16288388 0.16348459 2.211
0.1667348 0.16348459 2.211
0.17058571 0.16348459 2.211
0.17443661 0.16348459 2.211
0.17828752 0.16348459 2.211
0.18213843 0.16348459 2.211
0.18598934 0.16348459 2.211
0.18984024 0.16348459 2.211
0.19307794 0.162967 2.204
0.19691665 0.162967 2.204
0.20075537 0.162967 2.204
0.20459409 0.162967 2.204
0.20843281 0.162967 2.204
0.21227153 0.162967 2.204
0.21611024 0.162967 2.204
0.21994896 0.162967 2.204
-0.21766479 0.16680571 2.204
-0.2145052 0.1673355 2.211
-0.21065429 0.1673355 2.211
-0.20680338 0.1673355 2.211
-0.20295247 0.1673355 2.211
-0.19910157 0.1673355 2.211
-0.19525065 0.1673355 2.211
-0.19079378 0.16680571 2.204
-0.18754883 0.1673355 2.211
-0.18369792 0.1673355 2.211
-0.17984702 0.1673355 2.211
-0.17599611 0.1673355 2.211
-0.1721452 0.1673355 2.211
-0.1682943 0.1673355 2.211
-0.16444337 0.1673355 2.211
-0.16110091 0.16786528 2.2179999
-0.1572378 0.16786528 2.2179999
-0.1533747 0.16786528 2.2179999
-0.14951161 0.16786528 2.2179999
-0.14564849 0.16786528 2.2179999
-0.1417854 0.16786528 2.2179999
-0.1379223 0.16786528 2.2179999
-0.13405919 0.16786528 2.2179999
-0.13019609 0.16786528 2.2179999
-0.12593429 0.1673355 2.211
-0.12208338 0.1673355 2.211
-0.11823247 0.1673355 2.211
-0.11438157 0.1673355 2.211
-0.11053065 0.1673355 2.211
-0.10667975 0.1673355 2.211
-0.10282884 0.1673355 2.211
-0.098977923 0.1673355 2.211
-0.095127016 0.1673355 2.211
-0.091276109 0.1673355 2.211
-0.087425202 0.1673355 2.211
-0.083574288 0.1673355 2.211
-0.079975784 0.16786528 2.2179999
-0.07611268 0.16786528 2.2179999
-0.072249584 0.16786528 2.2179999
-0.06838648 0.16786528 2.2179999
-0.064319745 0.1673355 2.211
-0.060468838 0.1673355 2.211
-0.056617927 0.1673355 2.211
-0.05276702 0.1673355 2.211
-0.048916109 0.1673355 2.211
-0.045065202 0.1673355 2.211
-0.041214291 0.1673355 2.211
-0.037363384 0.1673355 2.211
-0.033512473 0.1673355 2.211
-0.029661564 0.1673355 2.211
-0.025810655 0.1673355 2.211
-0.022029271 0.16786528 2.2179999
-0.01816617 0.16786528 2.2179999
-0.01430307 0.16786528 2.2179999
-0.01040702 0.1673355 2.211
-0.0065561109 0.1673355 2.211
-0.002705202 0.1673355 2.211
0.0011457071 0.1673355 2.211
0.0049966159 0.1673355 2.211
0.0088475253 0.1673355 2.211
0.012698434 0.1673355 2.211
0.016549343 0.1673355 2.211
0.020400252 0.1673355 2.211
0.024251161 0.1673355 2.211
0.02810207 0.1673355 2.211
0.031952981 0.1673355 2.211
0.035690535 0.16680571 2.204
0.039529253 0.16680571 2.204
0.043367967 0.16680571 2.204
0.047206685 0.16680571 2.204
0.051045403 0.16680571 2.204
0.054884121 0.16680571 2.204
0.058722835 0.16680571 2.204
0.062561557 0.16680571 2.204
0.066400267 0.16680571 2.204
0.07046207 0.1673355 2.211
0.074312977 0.1673355 2.211
0.078163885 0.1673355 2.211
0.082014799 0.1673355 2.211
0.085865706 0.1673355 2.211
0.089716613 0.1673355 2.211
0.09356752 0.1673355 2.211
0.097418435 0.1673355 2.211
0.10126934 0.1673355 2.211
0.10512025 0.1673355 2.211
0.10897116 0.1673355 2.211
0.11246487 0.16680571 2.204
0.11630359 0.16680571 2.204
0.12014231 0.16680571 2.204
0.12398103 0.16680571 2.204
0.12781975 0.16680571 2.204
0.13165846 0.16680571 2.204
0.13549718 0.16680571 2.204
0.1393359 0.16680571 2.204
0.14317462 0.16680571 2.204
0.14701334 0.16680571 2.204
0.15133116 0.1673355 2.211
0.15518206 0.1673355 2.211
0.15903297 0.1673355 2.211
0.16288388 0.1673355 2.211
0.1667348 0.1673355 2.211
0.17058571 0.1673355 2.211
0.17443661 0.1673355 2.211
0.17828752 0.1673355 2.211
0.18213843 0.1673355 2.211
0.18598934 0.1673355 2.211
0.18984024 0.1673355 2.211
0.19307794 0.16680571 2.204
0.19691665 0.16680571 2.204
0.20075537 0.16680571 2.204
0.20459409 0.16680571 2.204
0.20843281 0.16680571 2.204
0.21227153 0.16680571 2.204
0.21611024 0.16680571 2.204
0.21994896 0.16680571 2.204
-0.21766479 0.17064443 2.204
-0.2145052 0.1711864 2.211
-0.21065429 0.1711864 2.211
-0.20680338 0.1711864 2.211
-0.20295247 0.1711864 2.211
-0.19910157 0.1711864 2.211
-0.19525065 0.1711864 2.211
-0.19139974 0.1711864 2.211
-0.18754883 0.1711864 2.211
-0.18369792 0.1711864 2.211
-0.17984702 0.1711864 2.211
-0.17599611 0.1711864 2.211
-0.1721452 0.1711864 2.211
-0.1682943 0.1711864 2.211
-0.16496401 0.17172837 2.2179999
-0.16110091 0.17172837 2.2179999
-0.1572378 0.17172837 2.2179999
-0.1533747 0.17172837 2.2179999
-0.14951161 0.17172837 2.2179999
-0.14564849 0.17172837 2.2179999
-0.1417854 0.17172837 2.2179999
-0.1379223 0.17172837 2.2179999
-0.13405919 0.17172837 2.2179999
-0.13019609 0.17172837 2.2179999
-0.126333 0.17172837 2.2179999
-0.12208338 0.1711864 2.211
-0.11823247 0.1711864 2.211
-0.11438157 0.1711864 2.211
-0.11053065 0.1711864 2.211
-0.10667975 0.1711864 2.211
-0.10282884 0.1711864 2.211
-0.098977923 0.1711864 2.211
-0.095127016 0.1711864 2.211
-0.091276109 0.1711864 2.211
-0.087425202 0.1711864 2.211
-0.083574288 0.1711864 2.211
-0.079975784 0.17172837 2.2179999
-0.07611268 0.17172837 2.2179999
-0.072249584 0.17172837 2.2179999
-0.068170652 0.1711864 2.211
-0.064319745 0.1711864 2.211
-0.060468838 0.1711864 2.211
-0.056617927 0.1711864 2.211
-0.05276702 0.1711864 2.211
-0.048916109 0.1711864 2.211
-0.045065202 0.1711864 2.211
-0.041214291 0.1711864 2.211
-0.037363384 0.1711864 2.211
-0.033512473 0.1711864 2.211
-0.029661564 0.1711864 2.211
-0.025810655 0.1711864 2.211
-0.022029271 0.17172837 2.2179999
-0.01816617 0.17172837 2.2179999
-0.01430307 0.17172837 2.2179999
-0.01040702 0.1711864 2.211
-0.0065561109 0.1711864 2.211
-0.002705202 0.1711864 2.211
0.0011457071 0.1711864 2.211
0.0049966159 0.1711864 2.211
0.0088475253 0.1711864 2.211
0.012698434 0.1711864 2.211
0.016549343 0.1711864 2.211
0.020400252 0.1711864 2.211
0.024251161 0.1711864 2.211
0.02810207 0.1711864 2.211
0.031952981 0.1711864 2.211
0.035690535 0.17064443 2.204
0.039529253 0.17064443 2.204
0.043367967 0.17064443 2.204
0.047206685 0.17064443 2.204
0.051045403 0.17064443 2.204
0.054884121 0.17064443 2.204
0.058722835 0.17064443 2.204
0.062561557 0.17064443 2.204
0.066400267 0.17064443 2.204
0.070238985 0.17064443 2.204
0.074312977 0.1711864 2.211
0.078163885 0.1711864 2.211
0.082014799 0.1711864 2.211
0.085865706 0.1711864 2.211
0.089716613 0.1711864 2.211
0.09356752 0.1711864 2.211
0.097418435 0.1711864 2.211
0.10126934 0.1711864 2.211
0.10512025 0.1711864 2.211
0.10897116 0.1711864 2.211
0.11246487 0.17064443 2.204
0.11630359 0.17064443 2.204
0.12014231 0.17064443 2.204
0.12398103 0.17064443 2.204
0.12781975 0.17064443 2.204
0.13165846 0.17064443 2.204
0.13549718 0.17064443 2.204
0.1393359 0.17064443 2.204
0.14317462 0.17064443 2.204
0.14701334 0.17064443 2.204
0.15085205 0.17064443 2.204
0.15518206 0.1711864 2.211
0.15903297 0.1711864 2.211
0.16288388 0.1711864 2.211
0.1667348 0.1711864 2.211
0.17058571 0.1711864 2.211
0.17443661 0.1711864 2.211
0.17828752 0.1711864 2.211
0.18213843 0.1711864 2.211
0.18598934 0.1711864 2.211
0.18984024 0.1711864 2.211
0.19307794 0.17064443 2.204
0.19691665 0.17064443 2.204
0.20075537 0.17064443 2.204
0.20459409 0.17064443 2.204
0.20843281 0.17064443 2.204
0.21227153 0.17064443 2.204
0.21611024 0.17064443 2.204
0.21994896 0.17064443 2.204
-0.21766479 0.17448315 2.204
-0.2145052 0.17503731 2.211
-0.21065429 0.17503731 2.211
-0.20680338 0.17503731 2.211
-0.20295247 0.17503731 2.211
-0.19910157 0.17503731 2.211
-0.19525065 0.17503731 2.211
-0.19139974 0.17503731 2.211
-0.18754883 0.17503731 2.211
-0.18369792 0.17503731 2.211
-0.17984702 0.17503731 2.211
-0.17599611 0.17503731 2.211
-0.1721452 0.17503731 2.211
-0.1682943 0.17503731 2.211
-0.16496401 0.17559148 2.2179999
-0.16110091 0.17559148 2.2179999
-0.1572378 0.17559148 2.2179999
-0.1533747 0.17559148 2.2179999
-0.14951161 0.17559148 2.2179999
-0.14564849 0.17559148 2.2179999
-0.1417854 0.17559148 2.2179999
-0.1379223 0.17559148 2.2179999
-0.13405919 0.17559148 2.2179999
-0.13019609 0.17559148 2.2179999
-0.126333 0.17559148 2.2179999
-0.12246989 0.17559148 2.2179999
-0.11823247 0.17503731 2.211
-0.11438157 0.17503731 2.211
-0.11053065 0.17503731 2.211
-0.10667975 0.17503731 2.211
-0.10282884 0.17503731 2.211
-0.098977923 0.17503731 2.211
-0.095127016 0.17503731 2.211
-0.091276109 0.17503731 2.211
-0.087425202 0.17503731 2.211
-0.083838888 0.17559148 2.2179999
-0.079975784 0.17559148 2.2179999
-0.07611268 0.17559148 2.2179999
-0.072249584 0.17559148 2.2179999
-0.068170652 0.17503731 2.211
-0.064319745 0.17503731 2.211
-0.060468838 0.17503731 2.211
-0.056617927 0.17503731 2.211
-0.05276702 0.17503731 2.211
-0.048916109 0.17503731 2.211
-0.045065202 0.17503731 2.211
-0.041214291 0.17503731 2.211
-0.037363384 0.17503731 2.211
-0.033512473 0.17503731 2.211
-0.029661564 0.17503731 2.211
-0.025810655 0.17503731 2.211
-0.021959746 0.17503731 2.211
-0.01816617 0.17559148 2.2179999
-0.01430307 0.17559148 2.2179999
-0.01040702 0.17503731 2.211
-0.0065561109 0.17503731 2.211
-0.002705202 0.17503731 2.211
0.0011457071 0.17503731 2.211
0.0049966159 0.17503731 2.211
0.0088475253 0.17503731 2.211
0.012698434 0.17503731 2.211
0.016549343 0.17503731 2.211
0.020400252 0.17503731 2.211
0.024251161 0.17503731 2.211
0.02810207 0.17503731 2.211
0.031952981 0.17503731 2.211
0.035803888 0.17503731 2.211
0.039529253 0.17448315 2.204
0.043367967 0.17448315 2.204
0.047206685 0.17448315 2.204
0.051045403 0.17448315 2.204
0.054884121 0.17448315 2.204
0.058722835 0.17448315 2.204
0.062561557 0.17448315 2.204
0.066400267 0.17448315 2.204
0.070238985 0.17448315 2.204
0.074077703 0.17448315 2.204
0.078163885 0.17503731 2.211
0.082014799 0.17503731 2.211
0.085865706 0.17503731 2.211
0.089716613 0.17503731 2.211
0.09356752 0.17503731 2.211
0.097418435 0.17503731 2.211
0.10126934 0.17503731 2.211
0.10512025 0.17503731 2.211
0.10897116 0.17503731 2.211
0.11282207 0.17503731 2.211
0.11630359 0.17448315 2.204
0.12014231 0.17448315 2.204
0.12398103 0.17448315 2.204
0.12781975 0.17448315 2.204
0.13165846 0.17448315 2.204
0.13549718 0.17448315 2.204
0.1393359 0.17448315 2.204
0.14317462 0.17448315 2.204
0.14701334 0.17448315 2.204
0.15085205 0.17448315 2.204
0.15469076 0.17448315 2.204
0.15903297 0.17503731 2.211
0.16288388 0.17503731 2.211
0.1667348 0.17503731 2.211
0.17058571 0.17503731 2.211
0.17443661 0.17503731 2.211
0.17828752 0.17503731 2.211
0.18213843 0.17503731 2.211
0.18598934 0.17503731 2.211
0.18984024 0.17503731 2.211
0.19307794 0.17448315 2.204
0.19691665 0.17448315 2.204
0.20075537 0.17448315 2.204
0.20459409 0.17448315 2.204
0.20843281 0.17448315 2.204
0.21227153 0.17448315 2.204
0.21611024 0.17448315 2.204
0.21994896 0.17448315 2.204
-0.2183561 0.17888823 2.211
-0.2145052 0.17888823 2.211
-0.21065429 0.17888823 2.211
-0.20680338 0.17888823 2.211
-0.20295247 0.17888823 2.211
-0.19910157 0.17888823 2.211
-0.19525065 0.17888823 2.211
-0.19139974 0.17888823 2.211
-0.18754883 0.17888823 2.211
-0.18369792 0.17888823 2.211
-0.17984702 0.17888823 2.211
-0.17599611 0.17888823 2.211
-0.1721452 0.17888823 2.211
-0.1682943 0.17888823 2.211
-0.16444337 0.17888823 2.211
-0.16110091 0.17945458 2.2179999
-0.1572378 0.17945458 2.2179999
-0.1533747 0.17945458 2.2179999
-0.14951161 0.17945458 2.2179999
-0.14564849 0.17945458 2.2179999
-0.1417854 0.17945458 2.2179999
-0.1379223 0.17945458 2.2179999
-0.13405919 0.17945458 2.2179999
-0.13019609 0.17945458 2.2179999
-0.126333 0.17945458 2.2179999
-0.12246989 0.17945458 2.2179999
-0.11823247 0.17888823 2.211
-0.11438157 0.17888823 2.211
-0.11088059 0.17945458 2.2179999
-0.10667975 0.17888823 2.211
-0.10315439 0.17945458 2.2179999
-0.099291287 0.17945458 2.2179999
-0.095428191 0.17945458 2.2179999
-0.091276109 0.17888823 2.211
-0.087701984 0.17945458 2.2179999
-0.083838888 0.17945458 2.2179999
-0.079975784 0.17945458 2.2179999
-0.07611268 0.17945458 2.2179999
-0.072249584 0.17945458 2.2179999
-0.068170652 0.17888823 2.211
-0.064319745 0.17888823 2.211
-0.060468838 0.17888823 2.211
-0.056617927 0.17888823 2.211
-0.05276702 0.17888823 2.211
-0.048916109 0.17888823 2.211
-0.045065202 0.17888823 2.211
-0.041214291 0.17888823 2.211
-0.037363384 0.17888823 2.211
-0.033512473 0.17888823 2.211
-0.029661564 0.17888823 2.211
-0.025810655 0.17888823 2.211
-0.021959746 0.17888823 2.211
-0.018108837 0.17888823 2.211
-0.014257929 0.17888823 2.211
-0.01040702 0.17888823 2.211
-0.0065561109 0.17888823 2.211
-0.002705202 0.17888823 2.211
0.0011457071 0.17888823 2.211
0.0049966159 0.17888823 2.211
0.0088475253 0.17888823 2.211
0.012698434 0.17888823 2.211
0.016549343 0.17888823 2.211
0.020400252 0.17888823 2.211
0.024251161 0.17888823 2.211
0.02810207 0.17888823 2.211
0.031952981 0.17888823 2.211
0.035803888 0.17888823 2.211
0.039529253 0.17832187 2.204
0.043367967 0.17832187 2.204
0.047206685 0.17832187 2.204
0.051045403 0.17832187 2.204
0.054884121 0.17832187 2.204
0.058722835 0.17832187 2.204
0.062561557 0.17832187 2.204
0.066400267 0.17832187 2.204
0.070238985 0.17832187 2.204
0.074077703 0.17832187 2.204
0.077916421 0.17832187 2.204
0.082014799 0.17888823 2.211
0.085865706 0.17888823 2.211
0.089716613 0.17888823 2.211
0.09356752 0.17888823 2.211
0.097418435 0.17888823 2.211
0.10126934 0.17888823 2.211
0.10512025 0.17888823 2.211
0.10897116 0.17888823 2.211
0.11282207 0.17888823 2.211
0.11630359 0.17832187 2.204
0.12014231 0.17832187 2.204
0.12398103 0.17832187 2.204
0.12781975 0.17832187 2.204
0.13165846 0.17832187 2.204
0.13549718 0.17832187 2.204
0.1393359 0.17832187 2.204
0.14317462 0.17832187 2.204
0.14701334 0.17832187 2.204
0.15085205 0.17832187 2.204
0.15469076 0.17832187 2.204
0.15903297 0.17888823 2.211
0.16288388 0.17888823 2.211
0.1667348 0.17888823 2.211
0.17058571 0.17888823 2.211
0.17443661 0.17888823 2.211
0.17828752 0.17888823 2.211
0.18213843 0.17888823 2.211
0.18598934 0.17888823 2.211
0.18984024 0.17888823 2.211
0.19307794 0.17832187 2.204
0.19691665 0.17832187 2.204
0.20075537 0.17832187 2.204
0.20459409 0.17832187 2.204
0.20843281 0.17832187 2.204
0.21227153 0.17832187 2.204
0.21611024 0.17832187 2.204
0.21994896 0.17832187 2.204
-0.2183561 0.18273914 2.211
-0.2145052 0.18273914 2.211
-0.21065429 0.18273914 2.211
-0.20680338 0.18273914 2.211
-0.20295247 0.18273914 2.211
-0.19910157 0.18273914 2.211
-0.19525065 0.18273914 2.211
-0.19139974 0.18273914 2.211
-0.18754883 0.18273914 2.211
-0.18369792 0.18273914 2.211
-0.17984702 0.18273914 2.211
-0.17599611 0.18273914 2.211
-0.1721452 0.18273914 2.211
-0.1682943 0.18273914 2.211
-0.16444337 0.18273914 2.211
-0.16110091 0.18331768 2.2179999
-0.1572378 0.18331768 2.2179999
-0.1533747 0.18331768 2.2179999
-0.14951161 0.18331768 2.2179999
-0.14564849 0.18331768 2.2179999
-0.1417854 0.18331768 2.2179999
-0.1379223 0.18331768 2.2179999
-0.13405919 0.18331768 2.2179999
-0.13019609 0.18331768 2.2179999
-0.126333 0.18331768 2.2179999
-0.12246989 0.18331768 2.2179999
-0.11823247 0.18273914 2.211
-0.11474369 0.18331768 2.2179999
-0.11088059 0.18331768 2.2179999
-0.10701749 0.18331768 2.2179999
-0.10315439 0.18331768 2.2179999
-0.099291287 0.18331768 2.2179999
-0.095428191 0.18331768 2.2179999
-0.091565087 0.18331768 2.2179999
-0.087701984 0.18331768 2.2179999
-0.083838888 0.18331768 2.2179999
-0.079975784 0.18331768 2.2179999
-0.07611268 0.18331768 2.2179999
-0.072249584 0.18331768 2.2179999
-0.068170652 0.18273914 2.211
-0.064319745 0.18273914 2.211
-0.060468838 0.18273914 2.211
-0.056617927 0.18273914 2.211
-0.05276702 0.18273914 2.211
-0.048916109 0.18273914 2.211
-0.045065202 0.18273914 2.211
-0.041214291 0.18273914 2.211
-0.037363384 0.18273914 2.211
-0.033512473 0.18273914 2.211
-0.029661564 0.18273914 2.211
-0.025810655 0.18273914 2.211
-0.021959746 0.18273914 2.211
-0.018108837 0.18273914 2.211
-0.014257929 0.18273914 2.211
-0.01040702 0.18273914 2.211
-0.0065561109 0.18273914 2.211
-0.002705202 0.18273914 2.211
0.0011457071 0.18273914 2.211
0.0049966159 0.18273914 2.211
0.0088475253 0.18273914 2.211
0.012698434 0.18273914 2.211
0.016549343 0.18273914 2.211
0.020400252 0.18273914 2.211
0.024251161 0.18273914 2.211
0.02810207 0.18273914 2.211
0.031952981 0.18273914 2.211
0.035803888 0.18273914 2.211
0.039529253 0.18216059 2.204
0.043367967 0.18216059 2.204
0.047206685 0.18216059 2.204
0.051045403 0.18216059 2.204
0.054884121 0.18216059 2.204
0.058722835 0.18216059 2.204
0.062362857 0.18158203 2.197
0.066400267 0.18216059 2.204
0.070238985 0.18216059 2.204
0.074077703 0.18216059 2.204
0.077916421 0.18216059 2.204
0.081755139 0.18216059 2.204
0.085865706 0.18273914 2.211
0.089716613 0.18273914 2.211
0.09356752 0.18273914 2.211
0.097418435 0.18273914 2.211
0.10126934 0.18273914 2.211
0.10512025 0.18273914 2.211
0.10897116 0.18273914 2.211
0.11282207 0.18273914 2.211
0.11667298 0.18273914 2.211
0.12014231 0.18216059 2.204
0.12398103 0.18216059 2.204
0.12781975 0.18216059 2.204
0.13165846 0.18216059 2.204
0.13549718 0.18216059 2.204
0.1393359 0.18216059 2.204
0.14317462 0.18216059 2.204
0.14701334 0.18216059 2.204
0.15085205 0.18216059 2.204
0.15518206 0.18273914 2.211
0.15903297 0.18273914 2.211
0.16288388 0.18273914 2.211
0.1667348 0.18273914 2.211
0.17058571 0.18273914 2.211
0.17443661 0.18273914 2.211
0.17828752 0.18273914 2.211
0.18213843 0.18273914 2.211
0.18598934 0.18273914 2.211
0.18984024 0.18273914 2.211
0.19369116 0.18273914 2.211
0.19691665 0.18216059 2.204
0.20075537 0.18216059 2.204
0.20459409 0.18216059 2.204
0.20843281 0.18216059 2.204
0.21227153 0.18216059 2.204
0.21611024 0.18216059 2.204
0.21994896 0.18216059 2.204
-0.2183561 0.18659005 2.211
-0.2145052 0.18659005 2.211
-0.21065429 0.18659005 2.211
-0.20680338 0.18659005 2.211
-0.20295247 0.18659005 2.211
-0.19910157 0.18659005 2.211
-0.19525065 0.18659005 2.211
-0.19139974 0.18659005 2.211
-0.18754883 0.18659005 2.211
-0.18369792 0.18659005 2.211
-0.17984702 0.18659005 2.211
-0.17599611 0.18659005 2.211
-0.1721452 0.18659005 2.211
-0.1682943 0.18659005 2.211
-0.16444337 0.18659005 2.211
-0.16059247 0.18659005 2.211
-0.1572378 0.18718079 2.2179999
-0.1533747 0.18718079 2.2179999
-0.14951161 0.18718079 2.2179999
-0.14564849 0.18718079 2.2179999
-0.1417854 0.18718079 2.2179999
-0.1379223 0.18718079 2.2179999
-0.13405919 0.18718079 2.2179999
-0.13019609 0.18718079 2.2179999
-0.126333 0.18718079 2.2179999
-0.12246989 0.18718079 2.2179999
-0.11823247 0.18659005 2.211
-0.11438157 0.18659005 2.211
-0.11088059 0.18718079 2.2179999
-0.10701749 0.18718079 2.2179999
-0.10315439 0.18718079 2.2179999
-0.099291287 0.18718079 2.2179999
-0.095428191 0.18718079 2.2179999
-0.091565087 0.18718079 2.2179999
-0.087701984 0.18718079 2.2179999
-0.083838888 0.18718079 2.2179999
-0.079975784 0.18718079 2.2179999
-0.07611268 0.18718079 2.2179999
-0.072249584 0.18718079 2.2179999
-0.068170652 0.18659005 2.211
-0.064319745 0.18659005 2.211
-0.060468838 0.18659005 2.211
-0.056617927 0.18659005 2.211
-0.05276702 0.18659005 2.211
-0.048916109 0.18659005 2.211
-0.045065202 0.18659005 2.211
-0.041214291 0.18659005 2.211
-0.037363384 0.18659005 2.211
-0.033512473 0.18659005 2.211
-0.029661564 0.18659005 2.211
-0.025810655 0.18659005 2.211
-0.021959746 0.18659005 2.211
-0.018108837 0.18659005 2.211
-0.014257929 0.18659005 2.211
-0.01040702 0.18659005 2.211
-0.0065561109 0.18659005 2.211
-0.002705202 0.18659005 2.211
0.0011457071 0.18659005 2.211
0.0049966159 0.18659005 2.211
0.0088475253 0.18659005 2.211
0.012698434 0.18659005 2.211
0.016549343 0.18659005 2.211
0.020400252 0.18659005 2.211
0.024251161 0.18659005 2.211
0.02810207 0.18659005 2.211
0.031952981 0.18659005 2.211
0.035803888 0.18659005 2.211
0.039654799 0.18659005 2.211
0.043367967 0.1859993 2.204
0.047206685 0.1859993 2.204
0.051045403 0.1859993 2.204
0.054884121 0.1859993 2.204
0.058536332 0.18540856 2.197
0.062362857 0.18540856 2.197
0.066400267 0.1859993 2.204
0.070238985 0.1859993 2.204
0.074077703 0.1859993 2.204
0.077916421 0.1859993 2.204
0.081755139 0.1859993 2.204
0.085593857 0.1859993 2.204
0.089716613 0.18659005 2.211
0.09356752 0.18659005 2.211
0.097418435 0.18659005 2.211
0.10126934 0.18659005 2.211
0.10512025 0.18659005 2.211
0.10897116 0.18659005 2.211
0.11282207 0.18659005 2.211
0.11667298 0.18659005 2.211
0.12014231 0.1859993 2.204
0.12398103 0.1859993 2.204
0.12781975 0.1859993 2.204
0.13165846 0.1859993 2.204
0.13549718 0.1859993 2.204
0.1393359 0.1859993 2.204
0.14317462 0.1859993 2.204
0.14701334 0.1859993 2.204
0.15085205 0.1859993 2.204
0.15518206 0.18659005 2.211
0.15903297 0.18659005 2.211
0.16288388 0.18659005 2.211
0.1667348 0.18659005 2.211
0.17058571 0.18659005 2.211
0.17443661 0.18659005 2.211
0.17828752 0.18659005 2.211
0.18213843 0.18659005 2.211
0.18598934 0.18659005 2.211
0.18984024 0.18659005 2.211
0.19369116 0.18659005 2.211
0.19754207 0.18659005 2.211
0.20139298 0.18659005 2.211
0.20524389 0.18659005 2.211
0.20909479 0.18659005 2.211
0.21227153 0.1859993 2.204
0.21679661 0.18659005 2.211
0.21994896 0.1859993 2.204
-0.2183561 0.19044095 2.211
-0.2145052 0.19044095 2.211
-0.21065429 0.19044095 2.211
-0.20680338 0.19044095 2.211
-0.20295247 0.19044095 2.211
-0.19910157 0.19044095 2.211
-0.19525065 0.19044095 2.211
-0.19139974 0.19044095 2.211
-0.18754883 0.19044095 2.211
-0.18369792 0.19044095 2.211
-0.17984702 0.19044095 2.211
-0.17599611 0.19044095 2.211
-0.1721452 0.19044095 2.211
-0.1682943 0.19044095 2.211
-0.16444337 0.19044095 2.211
-0.16059247 0.19044095 2.211
-0.1572378 0.19104388 2.2179999
-0.1533747 0.19104388 2.2179999
-0.14951161 0.19104388 2.2179999
-0.14564849 0.19104388 2.2179999
-0.1417854 0.19104388 2.2179999
-0.1379223 0.19104388 2.2179999
-0.13405919 0.19104388 2.2179999
-0.13019609 0.19104388 2.2179999
-0.126333 0.19104388 2.2179999
-0.12208338 0.19044095 2.211
-0.11823247 0.19044095 2.211
-0.11438157 0.19044095 2.211
-0.11053065 0.19044095 2.211
-0.10701749 0.19104388 2.2179999
-0.10315439 0.19104388 2.2179999
-0.099291287 0.19104388 2.2179999
-0.095428191 0.19104388 2.2179999
-0.091565087 0.19104388 2.2179999
-0.087701984 0.19104388 2.2179999
-0.083838888 0.19104388 2.2179999
-0.079975784 0.19104388 2.2179999
-0.07611268 0.19104388 2.2179999
-0.072021566 0.19044095 2.211
-0.068170652 0.19044095 2.211
-0.064319745 0.19044095 2.211
-0.060468838 0.19044095 2.211
-0.056617927 0.19044095 2.211
-0.05276702 0.19044095 2.211
-0.048916109 0.19044095 2.211
-0.045065202 0.19044095 2.211
-0.041214291 0.19044095 2.211
-0.037363384 0.19044095 2.211
-0.033512473 0.19044095 2.211
-0.029661564 0.19044095 2.211
-0.025810655 0.19044095 2.211
-0.021959746 0.19044095 2.211
-0.018108837 0.19044095 2.211
-0.014257929 0.19044095 2.211
-0.01040702 0.19044095 2.211
-0.0065561109 0.19044095 2.211
-0.002705202 0.19044095 2.211
0.0011457071 0.19044095 2.211
0.0049966159 0.19044095 2.211
0.0088475253 0.19044095 2.211
0.012698434 0.19044095 2.211
0.016549343 0.19044095 2.211
0.020400252 0.19044095 2.211
0.024251161 0.19044095 2.211
0.02810207 0.19044095 2.211
0.031952981 0.19044095 2.211
0.035803888 0.19044095 2.211
0.039654799 0.19044095 2.211
0.043367967 0.18983802 2.204
0.047206685 0.18983802 2.204
0.051045403 0.18983802 2.204
0.054884121 0.18983802 2.204
0.058536332 0.18923509 2.197
0.062362857 0.18923509 2.197
0.066189378 0.18923509 2.197
0.070015907 0.18923509 2.197
0.074077703 0.18983802 2.204
0.077916421 0.18983802 2.204
0.081755139 0.18983802 2.204
0.085593857 0.18983802 2.204
0.089432575 0.18983802 2.204
0.09356752 0.19044095 2.211
0.097418435 0.19044095 2.211
0.10126934 0.19044095 2.211
0.10512025 0.19044095 2.211
0.10897116 0.19044095 2.211
0.11282207 0.19044095 2.211
0.11667298 0.19044095 2.211
0.12014231 0.18983802 2.204
0.12398103 0.18983802 2.204
0.12781975 0.18983802 2.204
0.13165846 0.18983802 2.204
0.13549718 0.18983802 2.204
0.1393359 0.18983802 2.204
0.14317462 0.18983802 2.204
0.14701334 0.18983802 2.204
0.15085205 0.18983802 2.204
0.15518206 0.19044095 2.211
0.15903297 0.19044095 2.211
0.16288388 0.19044095 2.211
0.1667348 0.19044095 2.211
0.17058571 0.19044095 2.211
0.17443661 0.19044095 2.211
0.17828752 0.19044095 2.211
0.18213843 0.19044095 2.211
0.18598934 0.19044095 2.211
0.18984024 0.19044095 2.211
0.19369116 0.19044095 2.211
0.19754207 0.19044095 2.211
0.20139298 0.19044095 2.211
0.20524389 0.19044095 2.211
0.20909479 0.19044095 2.211
0.2129457 0.19044095 2.211
0.21679661 0.19044095 2.211
-0.2183561 0.19429186 2.211
-0.2145052 0.19429186 2.211
-0.21065429 0.19429186 2.211
-0.20680338 0.19429186 2.211
-0.20295247 0.19429186 2.211
-0.19910157 0.19429186 2.211
-0.19525065 0.19429186 2.211
-0.19139974 0.19429186 2.211
-0.18754883 0.19429186 2.211
-0.18369792 0.19429186 2.211
-0.17984702 0.19429186 2.211
-0.17599611 0.19429186 2.211
-0.1721452 0.19429186 2.211
-0.1682943 0.19429186 2.211
-0.16444337 0.19429186 2.211
-0.16059247 0.19429186 2.211
-0.15674156 0.19429186 2.211
-0.1533747 0.19490698 2.2179999
-0.14951161 0.19490698 2.2179999
-0.14564849 0.19490698 2.2179999
-0.1417854 0.19490698 2.2179999
-0.1379223 0.19490698 2.2179999
-0.13405919 0.19490698 2.2179999
-0.13019609 0.19490698 2.2179999
-0.126333 0.19490698 2.2179999
-0.12208338 0.19429186 2.211
-0.11823247 0.19429186 2.211
-0.11438157 0.19429186 2.211
-0.11053065 0.19429186 2.211
-0.10667975 0.19429186 2.211
-0.10315439 0.19490698 2.2179999
-0.099291287 0.19490698 2.2179999
-0.095428191 0.19490698 2.2179999
-0.091565087 0.19490698 2.2179999
-0.087701984 0.19490698 2.2179999
-0.083838888 0.19490698 2.2179999
-0.079975784 0.19490698 2.2179999
-0.075872473 0.19429186 2.211
-0.072021566 0.19429186 2.211
-0.068170652 0.19429186 2.211
-0.064319745 0.19429186 2.211
-0.060468838 0.19429186 2.211
-0.056617927 0.19429186 2.211
-0.05276702 0.19429186 2.211
-0.048916109 0.19429186 2.211
-0.045065202 0.19429186 2.211
-0.041214291 0.19429186 2.211
-0.037363384 0.19429186 2.211
-0.033512473 0.19429186 2.211
-0.029661564 0.19429186 2.211
-0.025810655 0.19429186 2.211
-0.021959746 0.19429186 2.211
-0.018108837 0.19429186 2.211
-0.014257929 0.19429186 2.211
-0.01040702 0.19429186 2.211
-0.0065561109 0.19429186 2.211
-0.002705202 0.19429186 2.211
0.0011457071 0.19429186 2.211
0.0049966159 0.19429186 2.211
0.0088475253 0.19429186 2.211
0.012698434 0.19429186 2.211
0.016549343 0.19429186 2.211
0.020400252 0.19429186 2.211
0.024251161 0.19429186 2.211
0.02810207 0.19429186 2.211
0.031952981 0.19429186 2.211
0.035803888 0.19429186 2.211
0.039654799 0.19429186 2.211
0.043505706 0.19429186 2.211
0.047206685 0.19367674 2.204
0.051045403 0.19367674 2.204
0.054884121 0.19367674 2.204
0.058536332 0.19306162 2.197
0.062362857 0.19306162 2.197
0.066189378 0.19306162 2.197
0.070015907 0.19306162 2.197
0.073842429 0.19306162 2.197
0.077916421 0.19367674 2.204
0.081755139 0.19367674 2.204
0.085593857 0.19367674 2.204
0.089432575 0.19367674 2.204
0.09356752 0.19429186 2.211
0.097418435 0.19429186 2.211
0.10126934 0.19429186 2.211
0.10512025 0.19429186 2.211
0.10897116 0.19429186 2.211
0.11282207 0.19429186 2.211
0.11667298 0.19429186 2.211
0.12014231 0.19367674 2.204
0.12398103 0.19367674 2.204
0.12781975 0.19367674 2.204
0.13165846 0.19367674 2.204
0.13549718 0.19367674 2.204
0.1393359 0.19367674 2.204
0.14317462 0.19367674 2.204
0.14701334 0.19367674 2.204
0.15133116 0.19429186 2.211
0.15518206 0.19429186 2.211
0.15903297 0.19429186 2.211
0.16288388 0.19429186 2.211
0.1667348 0.19429186 2.211
0.17058571 0.19429186 2.211
0.17443661 0.19429186 2.211
0.17828752 0.19429186 2.211
0.18213843 0.19429186 2.211
0.18598934 0.19429186 2.211
0.18984024 0.19429186 2.211
0.19369116 0.19429186 2.211
0.19754207 0.19429186 2.211
0.20139298 0.19429186 2.211
0.20524389 0.19429186 2.211
0.20909479 0.19429186 2.211
0.2129457 0.19429186 2.211
0.21679661 0.19429186 2.211
-0.2183561 0.19814277 2.211
-0.2145052 0.19814277 2.211
-0.21065429 0.19814277 2.211
-0.20680338 0.19814277 2.211
-0.20295247 0.19814277 2.211
-0.19910157 0.19814277 2.211
-0.19525065 0.19814277 2.211
-0.19139974 0.19814277 2.211
-0.18754883 0.19814277 2.211
-0.18369792 0.19814277 2.211
-0.17984702 0.19814277 2.211
-0.17599611 0.19814277 2.211
-0.1721452 0.19814277 2.211
-0.1682943 0.19814277 2.211
-0.16444337 0.19814277 2.211
-0.16059247 0.19814277 2.211
-0.15674156 0.19814277 2.211
-0.1533747 0.19877009 2.2179999
-0.14951161 0.19877009 2.2179999
-0.14564849 0.19877009 2.2179999
-0.1417854 0.19877009 2.2179999
-0.1379223 0.19877009 2.2179999
-0.13405919 0.19877009 2.2179999
-0.13019609 0.19877009 2.2179999
-0.12593429 0.19814277 2.211
-0.12208338 0.19814277 2.211
-0.11823247 0.19814277 2.211
-0.11438157 0.19814277 2.211
-0.11053065 0.19814277 2.211
-0.10667975 0.19814277 2.211
-0.10282884 0.19814277 2.211
-0.099291287 0.19877009 2.2179999
-0.095428191 0.19877009 2.2179999
-0.091276109 0.19814277 2.211
-0.087425202 0.19814277 2.211
-0.083574288 0.19814277 2.211
-0.079723381 0.19814277 2.211
-0.075872473 0.19814277 2.211
-0.072021566 0.19814277 2.211
-0.068170652 0.19814277 2.211
-0.064319745 0.19814277 2.211
-0.060468838 0.19814277 2.211
-0.056617927 0.19814277 2.211
-0.05276702 0.19814277 2.211
-0.048916109 0.19814277 2.211
-0.045065202 0.19814277 2.211
-0.041214291 0.19814277 2.211
-0.037363384 0.19814277 2.211
-0.033512473 0.19814277 2.211
-0.029661564 0.19814277 2.211
-0.025810655 0.19814277 2.211
-0.021959746 0.19814277 2.211
-0.018108837 0.19814277 2.211
-0.014257929 0.19814277 2.211
-0.01040702 0.19814277 2.211
-0.0065561109 0.19814277 2.211
-0.002705202 0.19814277 2.211
0.0011457071 0.19814277 2.211
0.0049966159 0.19814277 2.211
0.0088475253 0.19814277 2.211
0.012698434 0.19814277 2.211
0.016549343 0.19814277 2.211
0.020400252 0.19814277 2.211
0.024251161 0.19814277 2.211
0.02810207 0.19814277 2.211
0.031952981 0.19814277 2.211
0.035803888 0.19814277 2.211
0.039654799 0.19814277 2.211
0.043505706 0.19814277 2.211
0.047206685 0.19751546 2.204
0.051045403 0.19751546 2.204
0.054884121 0.19751546 2.204
0.058722835 0.19751546 2.204
0.062362857 0.19688813 2.197
0.066189378 0.19688813 2.197
0.070015907 0.19688813 2.197
0.073842429 0.19688813 2.197
0.077668957 0.19688813 2.197
0.081755139 0.19751546 2.204
0.085593857 0.19751546 2.204
0.089432575 0.19751546 2.204
0.093271293 0.19751546 2.204
0.097418435 0.19814277 2.211
0.10126934 0.19814277 2.211
0.10512025 0.19814277 2.211
0.10897116 0.19814277 2.211
0.11282207 0.19814277 2.211
0.11667298 0.19814277 2.211
0.12014231 0.19751546 2.204
0.12398103 0.19751546 2.204
0.12781975 0.19751546 2.204
0.13165846 0.19751546 2.204
0.13549718 0.19751546 2.204
0.1393359 0.19751546 2.204
0.14317462 0.19751546 2.204
0.14701334 0.19751546 2.204
0.15085205 0.19751546 2.204
0.15518206 0.19814277 2.211
0.15903297 0.19814277 2.211
0.16288388 0.19814277 2.211
0.1667348 0.19814277 2.211
0.17058571 0.19814277 2.211
0.17443661 0.19814277 2.211
0.17828752 0.19814277 2.211
0.18213843 0.19814277 2.211
0.18598934 0.19814277 2.211
0.18984024 0.19814277 2.211
0.19369116 0.19814277 2.211
0.19754207 0.19814277 2.211
0.20139298 0.19814277 2.211
0.20524389 0.19814277 2.211
0.20909479 0.19814277 2.211
0.2129457 0.19814277 2.211
0.21679661 0.19814277 2.211
-0.2183561 0.20199367 2.211
-0.2145052 0.20199367 2.211
-0.21065429 0.20199367 2.211
-0.20680338 0.20199367 2.211
-0.20295247 0.20199367 2.211
-0.19910157 0.20199367 2.211
-0.19525065 0.20199367 2.211
-0.19139974 0.20199367 2.211
-0.18754883 0.20199367 2.211
-0.18311635 0.20135418 2.204
-0.17927763 0.20135418 2.204
-0.17543891 0.20135418 2.204
-0.1721452 0.20199367 2.211
-0.1682943 0.20199367 2.211
-0.16444337 0.20199367 2.211
-0.16059247 0.20199367 2.211
-0.15674156 0.20199367 2.211
-0.1533747 0.20263319 2.2179999
-0.14951161 0.20263319 2.2179999
-0.14564849 0.20263319 2.2179999
-0.1417854 0.20263319 2.2179999
-0.1379223 0.20263319 2.2179999
-0.13405919 0.20263319 2.2179999
-0.13019609 0.20263319 2.2179999
-0.12593429 0.20199367 2.211
-0.12208338 0.20199367 2.211
-0.11823247 0.20199367 2.211
-0.11438157 0.20199367 2.211
-0.11053065 0.20199367 2.211
-0.10667975 0.20199367 2.211
-0.10282884 0.20199367 2.211
-0.098977923 0.20199367 2.211
-0.095127016 0.20199367 2.211
-0.091276109 0.20199367 2.211
-0.087425202 0.20199367 2.211
-0.083574288 0.20199367 2.211
-0.079723381 0.20199367 2.211
-0.075872473 0.20199367 2.211
-0.072021566 0.20199367 2.211
-0.068170652 0.20199367 2.211
-0.064319745 0.20199367 2.211
-0.060468838 0.20199367 2.211
-0.056617927 0.20199367 2.211
-0.05276702 0.20199367 2.211
-0.048916109 0.20199367 2.211
-0.045065202 0.20199367 2.211
-0.041214291 0.20199367 2.211
-0.037363384 0.20199367 2.211
-0.033512473 0.20199367 2.211
-0.029661564 0.20199367 2.211
-0.025810655 0.20199367 2.211
-0.021959746 0.20199367 2.211
-0.018108837 0.20199367 2.211
-0.014257929 0.20199367 2.211
-0.01040702 0.20199367 2.211
-0.0065561109 0.20199367 2.211
-0.002705202 0.20199367 2.211
0.0011457071 0.20199367 2.211
0.0049966159 0.20199367 2.211
0.0088475253 0.20199367 2.211
0.012698434 0.20199367 2.211
0.016549343 0.20199367 2.211
0.020400252 0.20199367 2.211
0.024251161 0.20199367 2.211
0.02810207 0.20199367 2.211
0.031952981 0.20199367 2.211
0.035803888 0.20199367 2.211
0.039654799 0.20199367 2.211
0.043505706 0.20199367 2.211
0.047356617 0.20199367 2.211
0.051045403 0.20135418 2.204
0.054884121 0.20135418 2.204
0.058722835 0.20135418 2.204
0.062561557 0.20135418 2.204
0.066189378 0.20071466 2.197
0.070015907 0.20071466 2.197
0.073842429 0.20071466 2.197
0.077916421 0.20135418 2.204
0.081755139 0.20135418 2.204
0.085593857 0.20135418 2.204
0.089432575 0.20135418 2.204
0.093271293 0.20135418 2.204
0.097418435 0.20199367 2.211
0.10126934 0.20199367 2.211
0.10512025 0.20199367 2.211
0.10897116 0.20199367 2.211
0.11282207 0.20199367 2.211
0.11667298 0.20199367 2.211
0.12014231 0.20135418 2.204
0.12398103 0.20135418 2.204
0.12781975 0.20135418 2.204
0.13165846 0.20135418 2.204
0.13549718 0.20135418 2.204
0.1393359 0.20135418 2.204
0.14317462 0.20135418 2.204
0.14701334 0.20135418 2.204
0.15085205 0.20135418 2.204
0.15518206 0.20199367 2.211
0.15903297 0.20199367 2.211
0.16288388 0.20199367 2.211
0.1667348 0.20199367 2.211
0.17058571 0.20199367 2.211
0.17443661 0.20199367 2.211
0.17828752 0.20199367 2.211
0.18213843 0.20199367 2.211
0.18598934 0.20199367 2.211
0.18984024 0.20199367 2.211
0.19369116 0.20199367 2.211
0.19754207 0.20199367 2.211
0.20139298 0.20199367 2.211
0.20524389 0.20199367 2.211
0.20909479 0.20199367 2.211
0.2129457 0.20199367 2.211
0.21679661 0.20199367 2.211
-0.2183561 0.20584458 2.211
-0.2145052 0.20584458 2.211
-0.21065429 0.20584458 2.211
-0.20745811 0.20649628 2.2179999
-0.20295247 0.20584458 2.211
-0.19910157 0.20584458 2.211
-0.19525065 0.20584458 2.211
-0.19139974 0.20584458 2.211
-0.18695506 0.20519289 2.204
-0.18311635 0.20519289 2.204
-0.17927763 0.20519289 2.204
-0.17543891 0.20519289 2.204
-0.17160019 0.20519289 2.204
-0.1682943 0.20584458 2.211
-0.16444337 0.20584458 2.211
-0.16059247 0.20584458 2.211
-0.15674156 0.20584458 2.211
-0.15289065 0.20584458 2.211
-0.14951161 0.20649628 2.2179999
-0.14564849 0.20649628 2.2179999
-0.1417854 0.20649628 2.2179999
-0.1379223 0.20649628 2.2179999
-0.13405919 0.20649628 2.2179999
-0.13019609 0.20649628 2.2179999
-0.12593429 0.20584458 2.211
-0.12208338 0.20584458 2.211
-0.11823247 0.20584458 2.211
-0.11438157 0.20584458 2.211
-0.11053065 0.20584458 2.211
-0.10667975 0.20584458 2.211
-0.10282884 0.20584458 2.211
-0.098977923 0.20584458 2.211
-0.095127016 0.20584458 2.211
-0.091276109 0.20584458 2.211
-0.087425202 0.20584458 2.211
-0.083574288 0.20584458 2.211
-0.079723381 0.20584458 2.211
-0.075872473 0.20584458 2.211
-0.072021566 0.20584458 2.211
-0.068170652 0.20584458 2.211
-0.064319745 0.20584458 2.211
-0.060468838 0.20584458 2.211
-0.056617927 0.20584458 2.211
-0.05276702 0.20584458 2.211
-0.048916109 0.20584458 2.211
-0.045065202 0.20584458 2.211
-0.041214291 0.20584458 2.211
-0.037363384 0.20584458 2.211
-0.033512473 0.20584458 2.211
-0.029661564 0.20584458 2.211
-0.025810655 0.20584458 2.211
-0.021959746 0.20584458 2.211
-0.018108837 0.20584458 2.211
-0.014257929 0.20584458 2.211
-0.01040702 0.20584458 2.211
-0.0065561109 0.20584458 2.211
-0.002705202 0.20584458 2.211
0.0011457071 0.20584458 2.211
0.0049966159 0.20584458 2.211
0.0088475253 0.20584458 2.211
0.012698434 0.20584458 2.211
0.016549343 0.20584458 2.211
0.020400252 0.20584458 2.211
0.024251161 0.20584458 2.211
0.02810207 0.20584458 2.211
0.031952981 0.20584458 2.211
0.035803888 0.20584458 2.211
0.039654799 0.20584458 2.211
0.043505706 0.20584458 2.211
0.047356617 0.20584458 2.211
0.051207524 0.20584458 2.211
0.054884121 0.20519289 2.204
0.058722835 0.20519289 2.204
0.062561557 0.20519289 2.204
0.066400267 0.20519289 2.204
0.070015907 0.20454119 2.197
0.074077703 0.20519289 2.204
0.077916421 0.20519289 2.204
0.081755139 0.20519289 2.204
0.085593857 0.20519289 2.204
0.089432575 0.20519289 2.204
0.093271293 0.20519289 2.204
0.097418435 0.20584458 2.211
0.10126934 0.20584458 2.211
0.10512025 0.20584458 2.211
0.10897116 0.20584458 2.211
0.11282207 0.20584458 2.211
0.11667298 0.20584458 2.211
0.12052388 0.20584458 2.211
0.12398103 0.20519289 2.204
0.12781975 0.20519289 2.204
0.13165846 0.20519289 2.204
0.13549718 0.20519289 2.204
0.1393359 0.20519289 2.204
0.14317462 0.20519289 2.204
0.14701334 0.20519289 2.204
0.15085205 0.20519289 2.204
0.15518206 0.20584458 2.211
0.15903297 0.20584458 2.211
0.16288388 0.20584458 2.211
0.1667348 0.20584458 2.211
0.17058571 0.20584458 2.211
0.17443661 0.20584458 2.211
0.17828752 0.20584458 2.211
0.18213843 0.20584458 2.211
0.18598934 0.20584458 2.211
0.18984024 0.20584458 2.211
0.19369116 0.20584458 2.211
0.19754207 0.20584458 2.211
0.20139298 0.20584458 2.211
0.20524389 0.20584458 2.211
0.20909479 0.20584458 2.211
0.2129457 0.20584458 2.211
0.21679661 0.20584458 2.211
-0.2183561 0.2096955 2.211
-0.2145052 0.2096955 2.211
-0.21132122 0.21035938 2.2179999
-0.20745811 0.21035938 2.2179999
-0.20359501 0.21035938 2.2179999
-0.19910157 0.2096955 2.211
-0.19525065 0.2096955 2.211
-0.19139974 0.2096955 2.211
-0.18695506 0.20903161 2.204
-0.18311635 0.20903161 2.204
-0.17927763 0.20903161 2.204
-0.17543891 0.20903161 2.204
-0.17160019 0.20903161 2.204
-0.16776147 0.20903161 2.204
-0.16444337 0.2096955 2.211
-0.16059247 0.2096955 2.211
-0.15674156 0.2096955 2.211
-0.15289065 0.2096955 2.211
-0.14951161 0.21035938 2.2179999
-0.14564849 0.21035938 2.2179999
-0.1417854 0.21035938 2.2179999
-0.1379223 0.21035938 2.2179999
-0.13405919 0.21035938 2.2179999
-0.12978519 0.2096955 2.211
-0.12593429 0.2096955 2.211
-0.12208338 0.2096955 2.211
-0.11823247 0.2096955 2.211
-0.11438157 0.2096955 2.211
-0.11053065 0.2096955 2.211
-0.10667975 0.2096955 2.211
-0.10282884 0.2096955 2.211
-0.098977923 0.2096955 2.211
-0.095127016 0.2096955 2.211
-0.091276109 0.2096955 2.211
-0.087425202 0.2096955 2.211
-0.083574288 0.2096955 2.211
-0.079723381 0.2096955 2.211
-0.075872473 0.2096955 2.211
-0.072021566 0.2096955 2.211
-0.068170652 0.2096955 2.211
-0.064319745 0.2096955 2.211
-0.060468838 0.2096955 2.211
-0.056617927 0.2096955 2.211
-0.05276702 0.2096955 2.211
-0.048916109 0.2096955 2.211
-0.045065202 0.2096955 2.211
-0.041214291 0.2096955 2.211
-0.037363384 0.2096955 2.211
-0.033512473 0.2096955 2.211
-0.029661564 0.2096955 2.211
-0.025810655 0.2096955 2.211
-0.021959746 0.2096955 2.211
-0.018108837 0.2096955 2.211
-0.014257929 0.2096955 2.211
-0.01040702 0.2096955 2.211
-0.0065561109 0.2096955 2.211
-0.002705202 0.2096955 2.211
0.0011457071 0.2096955 2.211
0.0049966159 0.2096955 2.211
0.0088475253 0.2096955 2.211
0.012698434 0.2096955 2.211
0.016549343 0.2096955 2.211
0.020400252 0.2096955 2.211
0.024251161 0.2096955 2.211
0.02810207 0.2096955 2.211
0.031952981 0.2096955 2.211
0.035803888 0.2096955 2.211
0.039654799 0.2096955 2.211
0.043505706 0.2096955 2.211
0.047356617 0.2096955 2.211
0.051207524 0.2096955 2.211
0.054884121 0.20903161 2.204
0.058722835 0.20903161 2.204
0.062561557 0.20903161 2.204
0.066400267 0.20903161 2.204
0.070238985 0.20903161 2.204
0.074077703 0.20903161 2.204
0.077916421 0.20903161 2.204
0.081755139 0.20903161 2.204
0.085593857 0.20903161 2.204
0.089432575 0.20903161 2.204
0.093271293 0.20903161 2.204
0.097418435 0.2096955 2.211
0.10126934 0.2096955 2.211
0.10512025 0.2096955 2.211
0.10897116 0.2096955 2.211
0.11282207 0.2096955 2.211
0.11667298 0.2096955 2.211
0.12052388 0.2096955 2.211
0.12398103 0.20903161 2.204
0.12781975 0.20903161 2.204
0.13165846 0.20903161 2.204
0.13549718 0.20903161 2.204
0.1393359 0.20903161 2.204
0.14317462 0.20903161 2.204
0.14701334 0.20903161 2.204
0.15085205 0.20903161 2.204
0.15518206 0.2096955 2.211
0.15903297 0.2096955 2.211
0.16288388 0.2096955 2.211
0.1667348 0.2096955 2.211
0.17058571 0.2096955 2.211
0.17443661 0.2096955 2.211
0.17828752 0.2096955 2.211
0.18213843 0.2096955 2.211
0.18598934 0.2096955 2.211
0.18984024 0.2096955 2.211
0.19369116 0.2096955 2.211
0.19754207 0.2096955 2.211
0.20139298 0.2096955 2.211
0.20524389 0.2096955 2.211
0.20909479 0.2096955 2.211
0.2129457 0.2096955 2.211
0.21679661 0.2096955 2.211
-0.2183561 0.21354641 2.211
-0.21518432 0.21422249 2.2179999
-0.21132122 0.21422249 2.2179999
-0.20745811 0.21422249 2.2179999
-0.20359501 0.21422249 2.2179999
-0.19910157 0.21354641 2.211
-0.19525065 0.21354641 2.211
-0.19139974 0.21354641 2.211
-0.18754883 0.21354641 2.211
-0.18311635 0.21287033 2.204
-0.17927763 0.21287033 2.204
-0.17543891 0.21287033 2.204
-0.17160019 0.21287033 2.204
-0.16776147 0.21287033 2.204
-0.16392276 0.21287033 2.204
-0.16059247 0.21354641 2.211
-0.15674156 0.21354641 2.211
-0.15289065 0.21354641 2.211
-0.14903975 0.21354641 2.211
-0.14518884 0.21354641 2.211
-0.14133793 0.21354641 2.211
-0.13748702 0.21354641 2.211
-0.1336361 0.21354641 2.211
-0.12978519 0.21354641 2.211
-0.12593429 0.21354641 2.211
-0.12208338 0.21354641 2.211
-0.11823247 0.21354641 2.211
-0.11438157 0.21354641 2.211
-0.11053065 0.21354641 2.211
-0.10667975 0.21354641 2.211
-0.10282884 0.21354641 2.211
-0.098977923 0.21354641 2.211
-0.095127016 0.21354641 2.211
-0.091276109 0.21354641 2.211
-0.087425202 0.21354641 2.211
-0.083574288 0.21354641 2.211
-0.079723381 0.21354641 2.211
-0.075872473 0.21354641 2.211
-0.072021566 0.21354641 2.211
-0.068170652 0.21354641 2.211
-0.064319745 0.21354641 2.211
-0.060468838 0.21354641 2.211
-0.056617927 0.21354641 2.211
-0.05276702 0.21354641 2.211
-0.048916109 0.21354641 2.211
-0.045065202 0.21354641 2.211
-0.041214291 0.21354641 2.211
-0.037363384 0.21354641 2.211
-0.033512473 0.21354641 2.211
-0.029661564 0.21354641 2.211
-0.025810655 0.21354641 2.211
-0.021959746 0.21354641 2.211
-0.018108837 0.21354641 2.211
-0.014257929 0.21354641 2.211
-0.01040702 0.21354641 2.211
-0.0065561109 0.21354641 2.211
-0.002705202 0.21354641 2.211
0.0011457071 0.21354641 2.211
0.0049966159 0.21354641 2.211
0.0088475253 0.21354641 2.211
0.012698434 0.21354641 2.211
0.016549343 0.21354641 2.211
0.020400252 0.21354641 2.211
0.024251161 0.21354641 2.211
0.02810207 0.21354641 2.211
0.031952981 0.21354641 2.211
0.035803888 0.21354641 2.211
0.039654799 0.21354641 2.211
0.043505706 0.21354641 2.211
0.047356617 0.21354641 2.211
0.051207524 0.21354641 2.211
0.054884121 0.21287033 2.204
0.058722835 0.21287033 2.204
0.062561557 0.21287033 2.204
0.066400267 0.21287033 2.204
0.070238985 0.21287033 2.204
0.074077703 0.21287033 2.204
0.077916421 0.21287033 2.204
0.081755139 0.21287033 2.204
0.085593857 0.21287033 2.204
0.089432575 0.21287033 2.204
0.093271293 0.21287033 2.204
0.097418435 0.21354641 2.211
0.10126934 0.21354641 2.211
0.10512025 0.21354641 2.211
0.10897116 0.21354641 2.211
0.11282207 0.21354641 2.211
0.11667298 0.21354641 2.211
0.12052388 0.21354641 2.211
0.12398103 0.21287033 2.204
0.12781975 0.21287033 2.204
0.13165846 0.21287033 2.204
0.13549718 0.21287033 2.204
0.1393359 0.21287033 2.204
0.14317462 0.21287033 2.204
0.14701334 0.21287033 2.204
0.15085205 0.21287033 2.204
0.15518206 0.21354641 2.211
0.15903297 0.21354641 2.211
0.16288388 0.21354641 2.211
0.1667348 0.21354641 2.211
0.17058571 0.21354641 2.211
0.17443661 0.21354641 2.211
0.17828752 0.21354641 2.211
0.18213843 0.21354641 2.211
0.18598934 0.21354641 2.211
0.18984024 0.21354641 2.211
0.19369116 0.21354641 2.211
0.19754207 0.21354641 2.211
0.20139298 0.21354641 2.211
0.20524389 0.21354641 2.211
0.20909479 0.21354641 2.211
0.2129457 0.21354641 2.211
0.21679661 0.21354641 2.211
-0.2183561 0.21739732 2.211
-0.21518432 0.21808559 2.2179999
-0.21132122 0.21808559 2.2179999
-0.20745811 0.21808559 2.2179999
-0.20359501 0.21808559 2.2179999
-0.19910157 0.21739732 2.211
-0.19525065 0.21739732 2.211
-0.19139974 0.21739732 2.211
-0.18754883 0.21739732 2.211
-0.18311635 0.21670903 2.204
-0.17927763 0.21670903 2.204
-0.17543891 0.21670903 2.204
-0.17160019 0.21670903 2.204
-0.16776147 0.21670903 2.204
-0.16392276 0.21670903 2.204
-0.16008404 0.21670903 2.204
-0.15674156 0.21739732 2.211
-0.15289065 0.21739732 2.211
-0.14903975 0.21739732 2.211
-0.14518884 0.21739732 2.211
-0.14133793 0.21739732 2.211
-0.13748702 0.21739732 2.211
-0.1336361 0.21739732 2.211
-0.12978519 0.21739732 2.211
-0.12593429 0.21739732 2.211
-0.12208338 0.21739732 2.211
-0.11823247 0.21739732 2.211
-0.11438157 0.21739732 2.211
-0.11053065 0.21739732 2.211
-0.10667975 0.21739732 2.211
-0.10282884 0.21739732 2.211
-0.098977923 0.21739732 2.211
-0.095127016 0.21739732 2.211
-0.091276109 0.21739732 2.211
-0.087425202 0.21739732 2.211
-0.083574288 0.21739732 2.211
-0.079723381 0.21739732 2.211
-0.075872473 0.21739732 2.211
-0.072021566 0.21739732 2.211
-0.068170652 0.21739732 2.211
-0.064319745 0.21739732 2.211
-0.060468838 0.21739732 2.211
-0.056617927 0.21739732 2.211
-0.05276702 0.21739732 2.211
-0.048916109 0.21739732 2.211
-0.045065202 0.21739732 2.211
-0.041214291 0.21739732 2.211
-0.037363384 0.21739732 2.211
-0.033512473 0.21739732 2.211
-0.029661564 0.21739732 2.211
-0.025810655 0.21739732 2.211
-0.021959746 0.21739732 2.211
-0.018108837 0.21739732 2.211
-0.014257929 0.21739732 2.211
-0.01040702 0.21739732 2.211
-0.0065353545 0.21670903 2.204
-0.0026966373 0.21670903 2.204
0.0011457071 0.21739732 2.211
0.0049966159 0.21739732 2.211
0.0088475253 0.21739732 2.211
0.012698434 0.21739732 2.211
0.016549343 0.21739732 2.211
0.020400252 0.21739732 2.211
0.024251161 0.21739732 2.211
0.02810207 0.21739732 2.211
0.031952981 0.21739732 2.211
0.035803888 0.21739732 2.211
0.039654799 0.21739732 2.211
0.043505706 0.21739732 2.211
0.047356617 0.21739732 2.211
0.051207524 0.21739732 2.211
0.055058435 0.21739732 2.211
0.058722835 0.21670903 2.204
0.062561557 0.21670903 2.204
0.066400267 0.21670903 2.204
0.070238985 0.21670903 2.204
0.074077703 0.21670903 2.204
0.077916421 0.21670903 2.204
0.081755139 0.21670903 2.204
0.085593857 0.21670903 2.204
0.089432575 0.21670903 2.204
0.093271293 0.21670903 2.204
0.097418435 0.21739732 2.211
0.10126934 0.21739732 2.211
0.10512025 0.21739732 2.211
0.10897116 0.21739732 2.211
0.11282207 0.21739732 2.211
0.11667298 0.21739732 2.211
0.12052388 0.21739732 2.211
0.12398103 0.21670903 2.204
0.12781975 0.21670903 2.204
0.13165846 0.21670903 2.204
0.13549718 0.21670903 2.204
0.1393359 0.21670903 2.204
0.14317462 0.21670903 2.204
0.14701334 0.21670903 2.204
0.15133116 0.21739732 2.211
0.15518206 0.21739732 2.211
0.15903297 0.21739732 2.211
0.16288388 0.21739732 2.211
0.1667348 0.21739732 2.211
0.17058571 0.21739732 2.211
0.17443661 0.21739732 2.211
0.17828752 0.21739732 2.211
0.18213843 0.21739732 2.211
0.18598934 0.21739732 2.211
0.18984024 0.21739732 2.211
0.19369116 0.21739732 2.211
0.19754207 0.21739732 2.211
0.20139298 0.21739732 2.211
0.20524389 0.21739732 2.211
0.20909479 0.21739732 2.211
0.2129457 0.21739732 2.211
0.21679661 0.21739732 2.211
