# .PCD v0.7 - Point Cloud Data file format
VERSION 0.7
FIELDS x y z
SIZE 4 4 4
TYPE F F F
COUNT 1 1 1
WIDTH 16326
HEIGHT 1
VIEWPOINT 0 0 0 1 0 0 0
POINTS 16326
DATA ascii
-0.23845331 -0.24890703 1.505
-0.23583764 -0.24890703 1.505
-0.23322196 -0.24890703 1.505
-0.21229655 -0.24890703 1.505
-0.20968087 -0.24890703 1.505
-0.20706519 -0.24890703 1.505
-0.15183274 -0.24841087 1.502
-0.14922228 -0.24841087 1.502
-0.14661182 -0.24841087 1.502
-0.14400136 -0.24841087 1.502
-0.13616997 -0.24841087 1.502
-0.13355951 -0.24841087 1.502
-0.13094905 -0.24841087 1.502
-0.12833859 -0.24841087 1.502
-0.12572813 -0.24841087 1.502
-0.12311767 -0.24841087 1.502
-0.1205072 -0.24841087 1.502
-0.11789674 -0.24841087 1.502
-0.11551655 -0.24890703 1.505
-0.11290088 -0.24890703 1.505
-0.1102852 -0.24890703 1.505
-0.10766952 -0.24890703 1.505
-0.10484444 -0.24841087 1.502
-0.076129355 -0.24841087 1.502
-0.073518895 -0.24841087 1.502
-0.070908435 -0.24841087 1.502
-0.068297975 -0.24841087 1.502
-0.063077047 -0.24841087 1.502
-0.060466588 -0.24841087 1.502
-0.057856124 -0.24841087 1.502
-0.055245664 -0.24841087 1.502
-0.0526352 -0.24841087 1.502
-0.05002474 -0.24841087 1.502
-0.047414277 -0.24841087 1.502
-0.044803817 -0.24841087 1.502
-0.042193353 -0.24841087 1.502
-0.039582893 -0.24841087 1.502
-0.03697243 -0.24841087 1.502
-0.010867815 -0.24841087 1.502
-0.0082573527 -0.24841087 1.502
0.0021844944 -0.24841087 1.502
0.0047949562 -0.24841087 1.502
0.007405418 -0.24841087 1.502
0.01001588 -0.24841087 1.502
0.012626342 -0.24841087 1.502
0.015236803 -0.24841087 1.502
0.017847264 -0.24841087 1.502
0.020457726 -0.24841087 1.502
0.023068188 -0.24841087 1.502
0.038627815 -0.24774933 1.498
0.041231323 -0.24774933 1.498
0.043834835 -0.24774933 1.498
0.046438344 -0.24774933 1.498
0.049041852 -0.24774933 1.498
0.051645365 -0.24774933 1.498
0.09330152 -0.24774933 1.498
0.095905028 -0.24774933 1.498
0.098508537 -0.24774933 1.498
0.10111205 -0.24774933 1.498
0.10371556 -0.24774933 1.498
0.10631907 -0.24774933 1.498
0.10892258 -0.24774933 1.498
0.11152609 -0.24774933 1.498
0.1141296 -0.24774933 1.498
0.11673311 -0.24774933 1.498
0.15578575 -0.24774933 1.498
0.15838927 -0.24774933 1.498
0.16099277 -0.24774933 1.498
0.16359629 -0.24774933 1.498
-0.23583764 -0.24629135 1.505
-0.23322196 -0.24629135 1.505
-0.23060627 -0.24629135 1.505
-0.2279906 -0.24629135 1.505
-0.22537492 -0.24629135 1.505
-0.22275925 -0.24629135 1.505
-0.22014357 -0.24629135 1.505
-0.2175279 -0.24629135 1.505
-0.21491222 -0.24629135 1.505
-0.21229655 -0.24629135 1.505
-0.20968087 -0.24629135 1.505
-0.1544432 -0.24580041 1.502
-0.15183274 -0.24580041 1.502
-0.14922228 -0.24580041 1.502
-0.14661182 -0.24580041 1.502
-0.13355951 -0.24580041 1.502
-0.13094905 -0.24580041 1.502
-0.12833859 -0.24580041 1.502
-0.12572813 -0.24580041 1.502
-0.12311767 -0.24580041 1.502
-0.1205072 -0.24580041 1.502
-0.11789674 -0.24580041 1.502
-0.11528628 -0.24580041 1.502
-0.11267582 -0.24580041 1.502
-0.11006536 -0.24580041 1.502
-0.1074549 -0.24580041 1.502
-0.10484444 -0.24580041 1.502
-0.076129355 -0.24580041 1.502
-0.073518895 -0.24580041 1.502
-0.070908435 -0.24580041 1.502
-0.060466588 -0.24580041 1.502
-0.057856124 -0.24580041 1.502
-0.055245664 -0.24580041 1.502
-0.0526352 -0.24580041 1.502
-0.05002474 -0.24580041 1.502
-0.047414277 -0.24580041 1.502
-0.044803817 -0.24580041 1.502
-0.042193353 -0.24580041 1.502
-0.039582893 -0.24580041 1.502
-0.03697243 -0.24580041 1.502
-0.03436197 -0.24580041 1.502
-0.031751506 -0.24580041 1.502
-0.029141046 -0.24580041 1.502
-0.010867815 -0.24580041 1.502
-0.0082573527 -0.24580041 1.502
0.0021844944 -0.24580041 1.502
0.0047949562 -0.24580041 1.502
0.007405418 -0.24580041 1.502
0.01001588 -0.24580041 1.502
0.012626342 -0.24580041 1.502
0.015236803 -0.24580041 1.502
0.017847264 -0.24580041 1.502
0.020457726 -0.24580041 1.502
0.036024306 -0.24514581 1.498
0.038627815 -0.24514581 1.498
0.041231323 -0.24514581 1.498
0.043834835 -0.24514581 1.498
0.046438344 -0.24514581 1.498
0.049041852 -0.24514581 1.498
0.051645365 -0.24514581 1.498
0.054248873 -0.24514581 1.498
0.10371556 -0.24514581 1.498
0.10631907 -0.24514581 1.498
0.10892258 -0.24514581 1.498
0.11152609 -0.24514581 1.498
0.1141296 -0.24514581 1.498
0.11673311 -0.24514581 1.498
0.15578575 -0.24514581 1.498
0.15838927 -0.24514581 1.498
0.16099277 -0.24514581 1.498
0.16359629 -0.24514581 1.498
-0.23060627 -0.24367568 1.505
-0.2279906 -0.24367568 1.505
-0.22537492 -0.24367568 1.505
-0.22275925 -0.24367568 1.505
-0.22014357 -0.24367568 1.505
-0.2175279 -0.24367568 1.505
-0.21491222 -0.24367568 1.505
-0.21229655 -0.24367568 1.505
-0.19660249 -0.24367568 1.505
-0.19398682 -0.24367568 1.505
-0.1544432 -0.24318995 1.502
-0.15183274 -0.24318995 1.502
-0.14922228 -0.24318995 1.502
-0.13355951 -0.24318995 1.502
-0.13094905 -0.24318995 1.502
-0.12833859 -0.24318995 1.502
-0.12572813 -0.24318995 1.502
-0.12311767 -0.24318995 1.502
-0.1205072 -0.24318995 1.502
-0.11789674 -0.24318995 1.502
-0.11528628 -0.24318995 1.502
-0.11267582 -0.24318995 1.502
-0.11006536 -0.24318995 1.502
-0.1074549 -0.24318995 1.502
-0.10484444 -0.24318995 1.502
-0.078739822 -0.24318995 1.502
-0.076129355 -0.24318995 1.502
-0.073518895 -0.24318995 1.502
-0.070908435 -0.24318995 1.502
-0.057856124 -0.24318995 1.502
-0.055245664 -0.24318995 1.502
-0.0526352 -0.24318995 1.502
-0.05002474 -0.24318995 1.502
-0.047414277 -0.24318995 1.502
-0.044803817 -0.24318995 1.502
-0.039582893 -0.24318995 1.502
-0.03697243 -0.24318995 1.502
-0.03436197 -0.24318995 1.502
-0.031751506 -0.24318995 1.502
-0.029141046 -0.24318995 1.502
-0.026530584 -0.24318995 1.502
-0.023920123 -0.24318995 1.502
-0.010867815 -0.24318995 1.502
-0.0082573527 -0.24318995 1.502
0.0021844944 -0.24318995 1.502
0.0047949562 -0.24318995 1.502
0.007405418 -0.24318995 1.502
0.01001588 -0.24318995 1.502
0.012626342 -0.24318995 1.502
0.015236803 -0.24318995 1.502
0.017847264 -0.24318995 1.502
0.020457726 -0.24318995 1.502
0.036024306 -0.24254231 1.498
0.038627815 -0.24254231 1.498
0.041231323 -0.24254231 1.498
0.043834835 -0.24254231 1.498
0.046438344 -0.24254231 1.498
0.049041852 -0.24254231 1.498
0.051645365 -0.24254231 1.498
0.054248873 -0.24254231 1.498
0.10631907 -0.24254231 1.498
0.10892258 -0.24254231 1.498
0.11152609 -0.24254231 1.498
0.1141296 -0.24254231 1.498
0.11673311 -0.24254231 1.498
0.15578575 -0.24254231 1.498
0.15838927 -0.24254231 1.498
0.16099277 -0.24254231 1.498
0.16359629 -0.24254231 1.498
0.16619979 -0.24254231 1.498
0.18963139 -0.24254231 1.498
0.19223489 -0.24254231 1.498
0.1948384 -0.24254231 1.498
-0.23060627 -0.24106 1.505
-0.2279906 -0.24106 1.505
-0.22537492 -0.24106 1.505
-0.22275925 -0.24106 1.505
-0.22014357 -0.24106 1.505
-0.2175279 -0.24106 1.505
-0.21491222 -0.24106 1.505
-0.19921817 -0.24106 1.505
-0.19660249 -0.24106 1.505
-0.19398682 -0.24106 1.505
-0.19137114 -0.24106 1.505
-0.15705366 -0.24057949 1.502
-0.1544432 -0.24057949 1.502
-0.15183274 -0.24057949 1.502
-0.14922228 -0.24057949 1.502
-0.13355951 -0.24057949 1.502
-0.13094905 -0.24057949 1.502
-0.12833859 -0.24057949 1.502
-0.12572813 -0.24057949 1.502
-0.12311767 -0.24057949 1.502
-0.1205072 -0.24057949 1.502
-0.11789674 -0.24057949 1.502
-0.11528628 -0.24057949 1.502
-0.11267582 -0.24057949 1.502
-0.11006536 -0.24057949 1.502
-0.1074549 -0.24057949 1.502
-0.10484444 -0.24057949 1.502
-0.10223398 -0.24057949 1.502
-0.081350282 -0.24057949 1.502
-0.078739822 -0.24057949 1.502
-0.076129355 -0.24057949 1.502
-0.073518895 -0.24057949 1.502
-0.057856124 -0.24057949 1.502
-0.055245664 -0.24057949 1.502
-0.0526352 -0.24057949 1.502
-0.05002474 -0.24057949 1.502
-0.047414277 -0.24057949 1.502
-0.039582893 -0.24057949 1.502
-0.03697243 -0.24057949 1.502
-0.03436197 -0.24057949 1.502
-0.031751506 -0.24057949 1.502
-0.029141046 -0.24057949 1.502
-0.026530584 -0.24057949 1.502
-0.023920123 -0.24057949 1.502
-0.013478275 -0.24057949 1.502
-0.010867815 -0.24057949 1.502
-0.0082573527 -0.24057949 1.502
0.0021844944 -0.24057949 1.502
0.0047949562 -0.24057949 1.502
0.007405418 -0.24057949 1.502
0.01001588 -0.24057949 1.502
0.012626342 -0.24057949 1.502
0.015236803 -0.24057949 1.502
0.017847264 -0.24057949 1.502
0.020457726 -0.24057949 1.502
0.033420794 -0.2399388 1.498
0.036024306 -0.2399388 1.498
0.038627815 -0.2399388 1.498
0.041231323 -0.2399388 1.498
0.043834835 -0.2399388 1.498
0.046438344 -0.2399388 1.498
0.049041852 -0.2399388 1.498
0.051645365 -0.2399388 1.498
0.054248873 -0.2399388 1.498
0.056852382 -0.2399388 1.498
0.10631907 -0.2399388 1.498
0.10892258 -0.2399388 1.498
0.11152609 -0.2399388 1.498
0.1141296 -0.2399388 1.498
0.11673311 -0.2399388 1.498
0.11933662 -0.2399388 1.498
0.15578575 -0.2399388 1.498
0.15838927 -0.2399388 1.498
0.16099277 -0.2399388 1.498
0.16359629 -0.2399388 1.498
0.16619979 -0.2399388 1.498
0.1688033 -0.2399388 1.498
0.17140682 -0.2399388 1.498
0.18442437 -0.2399388 1.498
0.18702787 -0.2399388 1.498
0.18963139 -0.2399388 1.498
0.19223489 -0.2399388 1.498
0.1948384 -0.2399388 1.498
0.19744192 -0.2399388 1.498
-0.22537492 -0.23844433 1.505
-0.22275925 -0.23844433 1.505
-0.22014357 -0.23844433 1.505
-0.2175279 -0.23844433 1.505
-0.21491222 -0.23844433 1.505
-0.20183384 -0.23844433 1.505
-0.19921817 -0.23844433 1.505
-0.19660249 -0.23844433 1.505
-0.19398682 -0.23844433 1.505
-0.19137114 -0.23844433 1.505
-0.15705366 -0.23796903 1.502
-0.1544432 -0.23796903 1.502
-0.15183274 -0.23796903 1.502
-0.14922228 -0.23796903 1.502
-0.13355951 -0.23796903 1.502
-0.13094905 -0.23796903 1.502
-0.12833859 -0.23796903 1.502
-0.12572813 -0.23796903 1.502
-0.12311767 -0.23796903 1.502
-0.1205072 -0.23796903 1.502
-0.11789674 -0.23796903 1.502
-0.11551655 -0.23844433 1.505
-0.11290088 -0.23844433 1.505
-0.1074549 -0.23796903 1.502
-0.10484444 -0.23796903 1.502
-0.10223398 -0.23796903 1.502
-0.099623509 -0.23796903 1.502
-0.081350282 -0.23796903 1.502
-0.078739822 -0.23796903 1.502
-0.076129355 -0.23796903 1.502
-0.055245664 -0.23796903 1.502
-0.0526352 -0.23796903 1.502
-0.05002474 -0.23796903 1.502
-0.047414277 -0.23796903 1.502
-0.039582893 -0.23796903 1.502
-0.03697243 -0.23796903 1.502
-0.03436197 -0.23796903 1.502
-0.031751506 -0.23796903 1.502
-0.029141046 -0.23796903 1.502
-0.026530584 -0.23796903 1.502
-0.023920123 -0.23796903 1.502
-0.021309661 -0.23796903 1.502
-0.013478275 -0.23796903 1.502
-0.010867815 -0.23796903 1.502
-0.0082573527 -0.23796903 1.502
0.0021844944 -0.23796903 1.502
0.0047949562 -0.23796903 1.502
0.007405418 -0.23796903 1.502
0.01001588 -0.23796903 1.502
0.012626342 -0.23796903 1.502
0.015236803 -0.23796903 1.502
0.017847264 -0.23796903 1.502
0.020457726 -0.23796903 1.502
0.023068188 -0.23796903 1.502
0.02567865 -0.23796903 1.502
0.028289111 -0.23796903 1.502
0.036024306 -0.23733529 1.498
0.038627815 -0.23733529 1.498
0.041231323 -0.23733529 1.498
0.043834835 -0.23733529 1.498
0.046438344 -0.23733529 1.498
0.049041852 -0.23733529 1.498
0.051645365 -0.23733529 1.498
0.054248873 -0.23733529 1.498
0.056852382 -0.23733529 1.498
0.059455894 -0.23733529 1.498
0.10631907 -0.23733529 1.498
0.10892258 -0.23733529 1.498
0.11152609 -0.23733529 1.498
0.1141296 -0.23733529 1.498
0.11673311 -0.23733529 1.498
0.11933662 -0.23733529 1.498
0.12194013 -0.23733529 1.498
0.15318225 -0.23733529 1.498
0.15578575 -0.23733529 1.498
0.15838927 -0.23733529 1.498
0.16099277 -0.23733529 1.498
0.16359629 -0.23733529 1.498
0.16619979 -0.23733529 1.498
0.1688033 -0.23733529 1.498
0.17140682 -0.23733529 1.498
0.17401032 -0.23733529 1.498
0.18182085 -0.23733529 1.498
0.18442437 -0.23733529 1.498
0.18702787 -0.23733529 1.498
0.18963139 -0.23733529 1.498
0.19223489 -0.23733529 1.498
0.1948384 -0.23733529 1.498
0.19744192 -0.23733529 1.498
-0.22014357 -0.23582865 1.505
-0.20183384 -0.23582865 1.505
-0.19921817 -0.23582865 1.505
-0.19660249 -0.23582865 1.505
-0.19398682 -0.23582865 1.505
-0.19137114 -0.23582865 1.505
-0.1544432 -0.23535855 1.502
-0.15183274 -0.23535855 1.502
-0.14922228 -0.23535855 1.502
-0.14661182 -0.23535855 1.502
-0.13878043 -0.23535855 1.502
-0.13616997 -0.23535855 1.502
-0.13355951 -0.23535855 1.502
-0.13094905 -0.23535855 1.502
-0.12833859 -0.23535855 1.502
-0.12572813 -0.23535855 1.502
-0.12311767 -0.23535855 1.502
-0.1205072 -0.23535855 1.502
-0.11789674 -0.23535855 1.502
-0.11551655 -0.23582865 1.505
-0.11290088 -0.23582865 1.505
-0.1074549 -0.23535855 1.502
-0.10484444 -0.23535855 1.502
-0.10223398 -0.23535855 1.502
-0.099623509 -0.23535855 1.502
-0.097013049 -0.23535855 1.502
-0.094402589 -0.23535855 1.502
-0.081350282 -0.23535855 1.502
-0.078739822 -0.23535855 1.502
-0.076129355 -0.23535855 1.502
-0.039582893 -0.23535855 1.502
-0.03697243 -0.23535855 1.502
-0.03436197 -0.23535855 1.502
-0.031751506 -0.23535855 1.502
-0.029141046 -0.23535855 1.502
-0.026530584 -0.23535855 1.502
-0.023920123 -0.23535855 1.502
-0.016088737 -0.23535855 1.502
-0.013478275 -0.23535855 1.502
-0.010867815 -0.23535855 1.502
-0.0082573527 -0.23535855 1.502
0.0047949562 -0.23535855 1.502
0.007405418 -0.23535855 1.502
0.01001588 -0.23535855 1.502
0.012626342 -0.23535855 1.502
0.015236803 -0.23535855 1.502
0.017847264 -0.23535855 1.502
0.020457726 -0.23535855 1.502
0.023068188 -0.23535855 1.502
0.02567865 -0.23535855 1.502
0.028289111 -0.23535855 1.502
0.030899573 -0.23535855 1.502
0.041231323 -0.23473178 1.498
0.043834835 -0.23473178 1.498
0.046438344 -0.23473178 1.498
0.049041852 -0.23473178 1.498
0.051645365 -0.23473178 1.498
0.054248873 -0.23473178 1.498
0.056852382 -0.23473178 1.498
0.059455894 -0.23473178 1.498
0.062059402 -0.23473178 1.498
0.10371556 -0.23473178 1.498
0.10631907 -0.23473178 1.498
0.10892258 -0.23473178 1.498
0.11152609 -0.23473178 1.498
0.1141296 -0.23473178 1.498
0.11673311 -0.23473178 1.498
0.11933662 -0.23473178 1.498
0.12194013 -0.23473178 1.498
0.15318225 -0.23473178 1.498
0.15578575 -0.23473178 1.498
0.15838927 -0.23473178 1.498
0.16099277 -0.23473178 1.498
0.16359629 -0.23473178 1.498
0.16619979 -0.23473178 1.498
0.1688033 -0.23473178 1.498
0.17140682 -0.23473178 1.498
0.17401032 -0.23473178 1.498
0.17661384 -0.23473178 1.498
0.17921734 -0.23473178 1.498
0.18182085 -0.23473178 1.498
0.18702787 -0.23473178 1.498
0.18963139 -0.23473178 1.498
-0.20183384 -0.23321298 1.505
-0.19921817 -0.23321298 1.505
-0.19660249 -0.23321298 1.505
-0.19398682 -0.23321298 1.505
-0.19137114 -0.23321298 1.505
-0.18875547 -0.23321298 1.505
-0.15183274 -0.23274809 1.502
-0.14922228 -0.23274809 1.502
-0.14661182 -0.23274809 1.502
-0.14400136 -0.23274809 1.502
-0.1413909 -0.23274809 1.502
-0.13878043 -0.23274809 1.502
-0.13616997 -0.23274809 1.502
-0.13355951 -0.23274809 1.502
-0.13121061 -0.23321298 1.505
-0.12859493 -0.23321298 1.505
-0.12597924 -0.23321298 1.505
-0.12336358 -0.23321298 1.505
-0.1207479 -0.23321298 1.505
-0.11813223 -0.23321298 1.505
-0.11551655 -0.23321298 1.505
-0.10484444 -0.23274809 1.502
-0.10223398 -0.23274809 1.502
-0.099623509 -0.23274809 1.502
-0.097013049 -0.23274809 1.502
-0.094402589 -0.23274809 1.502
-0.091792129 -0.23274809 1.502
-0.089181662 -0.23274809 1.502
-0.086571202 -0.23274809 1.502
-0.083960742 -0.23274809 1.502
-0.081350282 -0.23274809 1.502
-0.078739822 -0.23274809 1.502
-0.039582893 -0.23274809 1.502
-0.03697243 -0.23274809 1.502
-0.03436197 -0.23274809 1.502
-0.031751506 -0.23274809 1.502
-0.029141046 -0.23274809 1.502
-0.026530584 -0.23274809 1.502
-0.023920123 -0.23274809 1.502
-0.016088737 -0.23274809 1.502
-0.013478275 -0.23274809 1.502
-0.010867815 -0.23274809 1.502
-0.0082573527 -0.23274809 1.502
0.007405418 -0.23274809 1.502
0.041231323 -0.23212826 1.498
0.043834835 -0.23212826 1.498
0.046438344 -0.23212826 1.498
0.049041852 -0.23212826 1.498
0.051645365 -0.23212826 1.498
0.054248873 -0.23212826 1.498
0.056852382 -0.23212826 1.498
0.059455894 -0.23212826 1.498
0.062059402 -0.23212826 1.498
0.064662911 -0.23212826 1.498
0.06726642 -0.23212826 1.498
0.069869936 -0.23212826 1.498
0.072473444 -0.23212826 1.498
0.075076953 -0.23212826 1.498
0.10371556 -0.23212826 1.498
0.10631907 -0.23212826 1.498
0.10892258 -0.23212826 1.498
0.11152609 -0.23212826 1.498
0.1141296 -0.23212826 1.498
0.11673311 -0.23212826 1.498
0.11933662 -0.23212826 1.498
0.12194013 -0.23212826 1.498
0.15318225 -0.23212826 1.498
0.15578575 -0.23212826 1.498
0.15838927 -0.23212826 1.498
0.16099277 -0.23212826 1.498
0.16359629 -0.23212826 1.498
0.16619979 -0.23212826 1.498
0.1688033 -0.23212826 1.498
0.17140682 -0.23212826 1.498
0.17401032 -0.23212826 1.498
0.17661384 -0.23212826 1.498
0.17921734 -0.23212826 1.498
-0.20183384 -0.2305973 1.505
-0.19921817 -0.2305973 1.505
-0.19660249 -0.2305973 1.505
-0.19398682 -0.2305973 1.505
-0.19137114 -0.2305973 1.505
-0.18875547 -0.2305973 1.505
-0.18613979 -0.2305973 1.505
-0.14922228 -0.23013763 1.502
-0.14661182 -0.23013763 1.502
-0.14400136 -0.23013763 1.502
-0.1413909 -0.23013763 1.502
-0.13878043 -0.23013763 1.502
-0.13616997 -0.23013763 1.502
-0.13382629 -0.2305973 1.505
-0.13121061 -0.2305973 1.505
-0.12859493 -0.2305973 1.505
-0.12597924 -0.2305973 1.505
-0.12336358 -0.2305973 1.505
-0.1207479 -0.2305973 1.505
-0.11813223 -0.2305973 1.505
-0.11551655 -0.2305973 1.505
-0.10484444 -0.23013763 1.502
-0.10223398 -0.23013763 1.502
-0.099623509 -0.23013763 1.502
-0.097013049 -0.23013763 1.502
-0.094402589 -0.23013763 1.502
-0.091792129 -0.23013763 1.502
-0.089181662 -0.23013763 1.502
-0.086571202 -0.23013763 1.502
-0.083960742 -0.23013763 1.502
-0.081350282 -0.23013763 1.502
-0.078739822 -0.23013763 1.502
-0.039582893 -0.23013763 1.502
-0.03697243 -0.23013763 1.502
-0.03436197 -0.23013763 1.502
-0.031751506 -0.23013763 1.502
-0.029141046 -0.23013763 1.502
-0.026530584 -0.23013763 1.502
-0.023920123 -0.23013763 1.502
-0.016088737 -0.23013763 1.502
-0.013478275 -0.23013763 1.502
-0.010867815 -0.23013763 1.502
-0.0082573527 -0.23013763 1.502
0.043834835 -0.22952476 1.498
0.046438344 -0.22952476 1.498
0.049041852 -0.22952476 1.498
0.051645365 -0.22952476 1.498
0.054248873 -0.22952476 1.498
0.056852382 -0.22952476 1.498
0.059455894 -0.22952476 1.498
0.062059402 -0.22952476 1.498
0.064662911 -0.22952476 1.498
0.06726642 -0.22952476 1.498
0.069869936 -0.22952476 1.498
0.072473444 -0.22952476 1.498
0.075076953 -0.22952476 1.498
0.077680461 -0.22952476 1.498
0.10371556 -0.22952476 1.498
0.10631907 -0.22952476 1.498
0.10892258 -0.22952476 1.498
0.11152609 -0.22952476 1.498
0.1141296 -0.22952476 1.498
0.11673311 -0.22952476 1.498
0.11933662 -0.22952476 1.498
0.12194013 -0.22952476 1.498
0.15057874 -0.22952476 1.498
0.15318225 -0.22952476 1.498
0.15578575 -0.22952476 1.498
0.15838927 -0.22952476 1.498
0.16099277 -0.22952476 1.498
0.16359629 -0.22952476 1.498
0.16619979 -0.22952476 1.498
0.1688033 -0.22952476 1.498
0.17140682 -0.22952476 1.498
0.17401032 -0.22952476 1.498
0.17661384 -0.22952476 1.498
0.17921734 -0.22952476 1.498
-0.20444952 -0.22798163 1.505
-0.20183384 -0.22798163 1.505
-0.19921817 -0.22798163 1.505
-0.19660249 -0.22798163 1.505
-0.19398682 -0.22798163 1.505
-0.19137114 -0.22798163 1.505
-0.18875547 -0.22798163 1.505
-0.18613979 -0.22798163 1.505
-0.14661182 -0.22752717 1.502
-0.14400136 -0.22752717 1.502
-0.1413909 -0.22752717 1.502
-0.13878043 -0.22752717 1.502
-0.13644196 -0.22798163 1.505
-0.13382629 -0.22798163 1.505
-0.13121061 -0.22798163 1.505
-0.12859493 -0.22798163 1.505
-0.12597924 -0.22798163 1.505
-0.12336358 -0.22798163 1.505
-0.1207479 -0.22798163 1.505
-0.11813223 -0.22798163 1.505
-0.10223398 -0.22752717 1.502
-0.099623509 -0.22752717 1.502
-0.097013049 -0.22752717 1.502
-0.094402589 -0.22752717 1.502
-0.091792129 -0.22752717 1.502
-0.089181662 -0.22752717 1.502
-0.086571202 -0.22752717 1.502
-0.083960742 -0.22752717 1.502
-0.081350282 -0.22752717 1.502
-0.078739822 -0.22752717 1.502
-0.03697243 -0.22752717 1.502
-0.03436197 -0.22752717 1.502
-0.031751506 -0.22752717 1.502
-0.029141046 -0.22752717 1.502
-0.026530584 -0.22752717 1.502
-0.023920123 -0.22752717 1.502
-0.021309661 -0.22752717 1.502
-0.018699199 -0.22752717 1.502
-0.016088737 -0.22752717 1.502
-0.013478275 -0.22752717 1.502
-0.010867815 -0.22752717 1.502
-0.0082573527 -0.22752717 1.502
-0.0056468905 -0.22752717 1.502
0.046438344 -0.22692125 1.498
0.049041852 -0.22692125 1.498
0.051645365 -0.22692125 1.498
0.054248873 -0.22692125 1.498
0.056852382 -0.22692125 1.498
0.059455894 -0.22692125 1.498
0.062059402 -0.22692125 1.498
0.064662911 -0.22692125 1.498
0.06726642 -0.22692125 1.498
0.069869936 -0.22692125 1.498
0.072473444 -0.22692125 1.498
0.075076953 -0.22692125 1.498
0.077680461 -0.22692125 1.498
0.10371556 -0.22692125 1.498
0.10631907 -0.22692125 1.498
0.10892258 -0.22692125 1.498
0.11152609 -0.22692125 1.498
0.1141296 -0.22692125 1.498
0.11673311 -0.22692125 1.498
0.11933662 -0.22692125 1.498
0.12194013 -0.22692125 1.498
0.12454364 -0.22692125 1.498
0.12714715 -0.22692125 1.498
0.12975065 -0.22692125 1.498
0.13235417 -0.22692125 1.498
0.13495767 -0.22692125 1.498
0.13756119 -0.22692125 1.498
0.14537172 -0.22692125 1.498
0.14797522 -0.22692125 1.498
0.15057874 -0.22692125 1.498
0.15318225 -0.22692125 1.498
0.15578575 -0.22692125 1.498
0.15838927 -0.22692125 1.498
0.16099277 -0.22692125 1.498
0.16359629 -0.22692125 1.498
0.16619979 -0.22692125 1.498
0.1688033 -0.22692125 1.498
0.17140682 -0.22692125 1.498
0.17401032 -0.22692125 1.498
0.17661384 -0.22692125 1.498
-0.20706519 -0.22536595 1.505
-0.20444952 -0.22536595 1.505
-0.20183384 -0.22536595 1.505
-0.19921817 -0.22536595 1.505
-0.19660249 -0.22536595 1.505
-0.19398682 -0.22536595 1.505
-0.19137114 -0.22536595 1.505
-0.18875547 -0.22536595 1.505
-0.18613979 -0.22536595 1.505
-0.18352412 -0.22536595 1.505
-0.14661182 -0.22491671 1.502
-0.14400136 -0.22491671 1.502
-0.1413909 -0.22491671 1.502
-0.13905764 -0.22536595 1.505
-0.13644196 -0.22536595 1.505
-0.13382629 -0.22536595 1.505
-0.13121061 -0.22536595 1.505
-0.12597924 -0.22536595 1.505
-0.12336358 -0.22536595 1.505
-0.1207479 -0.22536595 1.505
-0.11813223 -0.22536595 1.505
-0.10223398 -0.22491671 1.502
-0.099623509 -0.22491671 1.502
-0.097013049 -0.22491671 1.502
-0.094402589 -0.22491671 1.502
-0.091792129 -0.22491671 1.502
-0.089181662 -0.22491671 1.502
-0.086571202 -0.22491671 1.502
-0.083960742 -0.22491671 1.502
-0.081350282 -0.22491671 1.502
-0.078739822 -0.22491671 1.502
-0.076129355 -0.22491671 1.502
-0.03697243 -0.22491671 1.502
-0.03436197 -0.22491671 1.502
-0.031751506 -0.22491671 1.502
-0.029141046 -0.22491671 1.502
-0.026530584 -0.22491671 1.502
-0.023920123 -0.22491671 1.502
-0.021309661 -0.22491671 1.502
-0.018699199 -0.22491671 1.502
-0.016088737 -0.22491671 1.502
-0.013478275 -0.22491671 1.502
-0.010867815 -0.22491671 1.502
-0.0082573527 -0.22491671 1.502
-0.0056468905 -0.22491671 1.502
-0.0030364289 -0.22491671 1.502
0.046438344 -0.22431774 1.498
0.049041852 -0.22431774 1.498
0.051645365 -0.22431774 1.498
0.054248873 -0.22431774 1.498
0.056852382 -0.22431774 1.498
0.059455894 -0.22431774 1.498
0.062059402 -0.22431774 1.498
0.064662911 -0.22431774 1.498
0.06726642 -0.22431774 1.498
0.069869936 -0.22431774 1.498
0.072473444 -0.22431774 1.498
0.075076953 -0.22431774 1.498
0.09330152 -0.22431774 1.498
0.095905028 -0.22431774 1.498
0.098508537 -0.22431774 1.498
0.10111205 -0.22431774 1.498
0.10371556 -0.22431774 1.498
0.10631907 -0.22431774 1.498
0.10892258 -0.22431774 1.498
0.11152609 -0.22431774 1.498
0.1141296 -0.22431774 1.498
0.11673311 -0.22431774 1.498
0.11933662 -0.22431774 1.498
0.12194013 -0.22431774 1.498
0.12454364 -0.22431774 1.498
0.12714715 -0.22431774 1.498
0.12975065 -0.22431774 1.498
0.13235417 -0.22431774 1.498
0.13495767 -0.22431774 1.498
0.13756119 -0.22431774 1.498
0.1401647 -0.22431774 1.498
0.1427682 -0.22431774 1.498
0.14537172 -0.22431774 1.498
0.14797522 -0.22431774 1.498
0.15057874 -0.22431774 1.498
0.15318225 -0.22431774 1.498
0.15578575 -0.22431774 1.498
0.15838927 -0.22431774 1.498
0.16099277 -0.22431774 1.498
0.16619979 -0.22431774 1.498
0.1688033 -0.22431774 1.498
0.17140682 -0.22431774 1.498
0.17401032 -0.22431774 1.498
0.17661384 -0.22431774 1.498
-0.23845331 -0.22275028 1.505
-0.23583764 -0.22275028 1.505
-0.23322196 -0.22275028 1.505
-0.23060627 -0.22275028 1.505
-0.2279906 -0.22275028 1.505
-0.22537492 -0.22275028 1.505
-0.22275925 -0.22275028 1.505
-0.22014357 -0.22275028 1.505
-0.2175279 -0.22275028 1.505
-0.21491222 -0.22275028 1.505
-0.21229655 -0.22275028 1.505
-0.20968087 -0.22275028 1.505
-0.20706519 -0.22275028 1.505
-0.20444952 -0.22275028 1.505
-0.20183384 -0.22275028 1.505
-0.19921817 -0.22275028 1.505
-0.19660249 -0.22275028 1.505
-0.19398682 -0.22275028 1.505
-0.19137114 -0.22275028 1.505
-0.18875547 -0.22275028 1.505
-0.18613979 -0.22275028 1.505
-0.18352412 -0.22275028 1.505
-0.14400136 -0.22230625 1.502
-0.1413909 -0.22230625 1.502
-0.13905764 -0.22275028 1.505
-0.13644196 -0.22275028 1.505
-0.13382629 -0.22275028 1.505
-0.12336358 -0.22275028 1.505
-0.1207479 -0.22275028 1.505
-0.10484444 -0.22230625 1.502
-0.10223398 -0.22230625 1.502
-0.099623509 -0.22230625 1.502
-0.097013049 -0.22230625 1.502
-0.094402589 -0.22230625 1.502
-0.091792129 -0.22230625 1.502
-0.089181662 -0.22230625 1.502
-0.081350282 -0.22230625 1.502
-0.078739822 -0.22230625 1.502
-0.076129355 -0.22230625 1.502
-0.073518895 -0.22230625 1.502
-0.070908435 -0.22230625 1.502
-0.068297975 -0.22230625 1.502
-0.065687507 -0.22230625 1.502
-0.031751506 -0.22230625 1.502
-0.029141046 -0.22230625 1.502
-0.026530584 -0.22230625 1.502
-0.023920123 -0.22230625 1.502
-0.021309661 -0.22230625 1.502
-0.018699199 -0.22230625 1.502
-0.016088737 -0.22230625 1.502
-0.013478275 -0.22230625 1.502
-0.010867815 -0.22230625 1.502
-0.0082573527 -0.22230625 1.502
-0.0056468905 -0.22230625 1.502
-0.0030364289 -0.22230625 1.502
-0.0004259673 -0.22230625 1.502
0.046438344 -0.22171423 1.498
0.049041852 -0.22171423 1.498
0.051645365 -0.22171423 1.498
0.054248873 -0.22171423 1.498
0.056852382 -0.22171423 1.498
0.059455894 -0.22171423 1.498
0.062059402 -0.22171423 1.498
0.064662911 -0.22171423 1.498
0.06726642 -0.22171423 1.498
0.069869936 -0.22171423 1.498
0.072473444 -0.22171423 1.498
0.09330152 -0.22171423 1.498
0.095905028 -0.22171423 1.498
0.098508537 -0.22171423 1.498
0.10111205 -0.22171423 1.498
0.10371556 -0.22171423 1.498
0.10631907 -0.22171423 1.498
0.10892258 -0.22171423 1.498
0.11152609 -0.22171423 1.498
0.1141296 -0.22171423 1.498
0.11673311 -0.22171423 1.498
0.11933662 -0.22171423 1.498
0.12194013 -0.22171423 1.498
0.12454364 -0.22171423 1.498
0.12714715 -0.22171423 1.498
0.12975065 -0.22171423 1.498
0.13756119 -0.22171423 1.498
0.1401647 -0.22171423 1.498
0.1427682 -0.22171423 1.498
0.14537172 -0.22171423 1.498
0.14797522 -0.22171423 1.498
0.15057874 -0.22171423 1.498
0.1688033 -0.22171423 1.498
0.17140682 -0.22171423 1.498
0.17401032 -0.22171423 1.498
0.17661384 -0.22171423 1.498
-0.24106899 -0.2201346 1.505
-0.23845331 -0.2201346 1.505
-0.23583764 -0.2201346 1.505
-0.23322196 -0.2201346 1.505
-0.23060627 -0.2201346 1.505
-0.2279906 -0.2201346 1.505
-0.22537492 -0.2201346 1.505
-0.22275925 -0.2201346 1.505
-0.22014357 -0.2201346 1.505
-0.2175279 -0.2201346 1.505
-0.21491222 -0.2201346 1.505
-0.21229655 -0.2201346 1.505
-0.20968087 -0.2201346 1.505
-0.20706519 -0.2201346 1.505
-0.20444952 -0.2201346 1.505
-0.20183384 -0.2201346 1.505
-0.19921817 -0.2201346 1.505
-0.19660249 -0.2201346 1.505
-0.19398682 -0.2201346 1.505
-0.19137114 -0.2201346 1.505
-0.18875547 -0.2201346 1.505
-0.18613979 -0.2201346 1.505
-0.14400136 -0.21969579 1.502
-0.1413909 -0.21969579 1.502
-0.13905764 -0.2201346 1.505
-0.13644196 -0.2201346 1.505
-0.13382629 -0.2201346 1.505
-0.1207479 -0.2201346 1.505
-0.10484444 -0.21969579 1.502
-0.10223398 -0.21969579 1.502
-0.099623509 -0.21969579 1.502
-0.097013049 -0.21969579 1.502
-0.094402589 -0.21969579 1.502
-0.091792129 -0.21969579 1.502
-0.076129355 -0.21969579 1.502
-0.073518895 -0.21969579 1.502
-0.070908435 -0.21969579 1.502
-0.068297975 -0.21969579 1.502
-0.065687507 -0.21969579 1.502
-0.063077047 -0.21969579 1.502
-0.029141046 -0.21969579 1.502
-0.026530584 -0.21969579 1.502
-0.023920123 -0.21969579 1.502
-0.021309661 -0.21969579 1.502
-0.018699199 -0.21969579 1.502
-0.016088737 -0.21969579 1.502
-0.013478275 -0.21969579 1.502
-0.010867815 -0.21969579 1.502
-0.0082573527 -0.21969579 1.502
-0.0056468905 -0.21969579 1.502
-0.0030364289 -0.21969579 1.502
-0.0004259673 -0.21969579 1.502
0.0021844944 -0.21969579 1.502
0.0047949562 -0.21969579 1.502
0.049041852 -0.21911073 1.498
0.051645365 -0.21911073 1.498
0.054248873 -0.21911073 1.498
0.056852382 -0.21911073 1.498
0.059455894 -0.21911073 1.498
0.062059402 -0.21911073 1.498
0.064662911 -0.21911073 1.498
0.06726642 -0.21911073 1.498
0.069869936 -0.21911073 1.498
0.072473444 -0.21911073 1.498
0.090698011 -0.21911073 1.498
0.09330152 -0.21911073 1.498
0.095905028 -0.21911073 1.498
0.098508537 -0.21911073 1.498
0.10111205 -0.21911073 1.498
0.10371556 -0.21911073 1.498
0.10631907 -0.21911073 1.498
0.10892258 -0.21911073 1.498
0.11152609 -0.21911073 1.498
0.1141296 -0.21911073 1.498
0.11673311 -0.21911073 1.498
0.11933662 -0.21911073 1.498
0.12194013 -0.21911073 1.498
0.12454364 -0.21911073 1.498
0.12714715 -0.21911073 1.498
0.17140682 -0.21911073 1.498
0.17401032 -0.21911073 1.498
0.17661384 -0.21911073 1.498
-0.24630034 -0.21751893 1.505
-0.24368466 -0.21751893 1.505
-0.24106899 -0.21751893 1.505
-0.23845331 -0.21751893 1.505
-0.22537492 -0.21751893 1.505
-0.22275925 -0.21751893 1.505
-0.22014357 -0.21751893 1.505
-0.2175279 -0.21751893 1.505
-0.21491222 -0.21751893 1.505
-0.21229655 -0.21751893 1.505
-0.20968087 -0.21751893 1.505
-0.20706519 -0.21751893 1.505
-0.20444952 -0.21751893 1.505
-0.20183384 -0.21751893 1.505
-0.19921817 -0.21751893 1.505
-0.19660249 -0.21751893 1.505
-0.19398682 -0.21751893 1.505
-0.19137114 -0.21751893 1.505
-0.18875547 -0.21751893 1.505
-0.18613979 -0.21751893 1.505
-0.14400136 -0.21708533 1.502
-0.14167331 -0.21751893 1.505
-0.13905764 -0.21751893 1.505
-0.13644196 -0.21751893 1.505
-0.13382629 -0.21751893 1.505
-0.12336358 -0.21751893 1.505
-0.1074549 -0.21708533 1.502
-0.10484444 -0.21708533 1.502
-0.10223398 -0.21708533 1.502
-0.099623509 -0.21708533 1.502
-0.097013049 -0.21708533 1.502
-0.094402589 -0.21708533 1.502
-0.063077047 -0.21708533 1.502
-0.060466588 -0.21708533 1.502
-0.029141046 -0.21708533 1.502
-0.026530584 -0.21708533 1.502
-0.023920123 -0.21708533 1.502
-0.021309661 -0.21708533 1.502
-0.018699199 -0.21708533 1.502
-0.016088737 -0.21708533 1.502
-0.013478275 -0.21708533 1.502
-0.010867815 -0.21708533 1.502
-0.0082573527 -0.21708533 1.502
-0.0056468905 -0.21708533 1.502
-0.0030364289 -0.21708533 1.502
-0.0004259673 -0.21708533 1.502
0.0021844944 -0.21708533 1.502
0.0047949562 -0.21708533 1.502
0.007405418 -0.21708533 1.502
0.049041852 -0.21650721 1.498
0.051645365 -0.21650721 1.498
0.054248873 -0.21650721 1.498
0.056852382 -0.21650721 1.498
0.059455894 -0.21650721 1.498
0.062059402 -0.21650721 1.498
0.064662911 -0.21650721 1.498
0.06726642 -0.21650721 1.498
0.069869936 -0.21650721 1.498
0.072473444 -0.21650721 1.498
0.088094503 -0.21650721 1.498
0.090698011 -0.21650721 1.498
0.09330152 -0.21650721 1.498
0.095905028 -0.21650721 1.498
0.098508537 -0.21650721 1.498
0.10111205 -0.21650721 1.498
0.10371556 -0.21650721 1.498
0.10631907 -0.21650721 1.498
0.1141296 -0.21650721 1.498
0.11673311 -0.21650721 1.498
0.11933662 -0.21650721 1.498
0.12194013 -0.21650721 1.498
0.12454364 -0.21650721 1.498
0.12714715 -0.21650721 1.498
0.17140682 -0.21650721 1.498
0.17401032 -0.21650721 1.498
0.17661384 -0.21650721 1.498
-0.24630034 -0.21490325 1.505
-0.24368466 -0.21490325 1.505
-0.22275925 -0.21490325 1.505
-0.22014357 -0.21490325 1.505
-0.2175279 -0.21490325 1.505
-0.21491222 -0.21490325 1.505
-0.21229655 -0.21490325 1.505
-0.20968087 -0.21490325 1.505
-0.20706519 -0.21490325 1.505
-0.20444952 -0.21490325 1.505
-0.20183384 -0.21490325 1.505
-0.19921817 -0.21490325 1.505
-0.19660249 -0.21490325 1.505
-0.19398682 -0.21490325 1.505
-0.19137114 -0.21490325 1.505
-0.18875547 -0.21490325 1.505
-0.18613979 -0.21490325 1.505
-0.14400136 -0.21447487 1.502
-0.14167331 -0.21490325 1.505
-0.13905764 -0.21490325 1.505
-0.13644196 -0.21490325 1.505
-0.13382629 -0.21490325 1.505
-0.12597924 -0.21490325 1.505
-0.12336358 -0.21490325 1.505
-0.11006536 -0.21447487 1.502
-0.1074549 -0.21447487 1.502
-0.10484444 -0.21447487 1.502
-0.10223398 -0.21447487 1.502
-0.099623509 -0.21447487 1.502
-0.097013049 -0.21447487 1.502
-0.060466588 -0.21447487 1.502
-0.057856124 -0.21447487 1.502
-0.031751506 -0.21447487 1.502
-0.029141046 -0.21447487 1.502
-0.026530584 -0.21447487 1.502
-0.023920123 -0.21447487 1.502
-0.021309661 -0.21447487 1.502
-0.018699199 -0.21447487 1.502
-0.016088737 -0.21447487 1.502
-0.013478275 -0.21447487 1.502
-0.010867815 -0.21447487 1.502
-0.0082573527 -0.21447487 1.502
-0.0056468905 -0.21447487 1.502
-0.0030364289 -0.21447487 1.502
-0.0004259673 -0.21447487 1.502
0.0021844944 -0.21447487 1.502
0.0047949562 -0.21447487 1.502
0.007405418 -0.21447487 1.502
0.01001588 -0.21447487 1.502
0.049041852 -0.2139037 1.498
0.051645365 -0.2139037 1.498
0.054248873 -0.2139037 1.498
0.056852382 -0.2139037 1.498
0.059455894 -0.2139037 1.498
0.062059402 -0.2139037 1.498
0.064662911 -0.2139037 1.498
0.06726642 -0.2139037 1.498
0.069869936 -0.2139037 1.498
0.072473444 -0.2139037 1.498
0.088094503 -0.2139037 1.498
0.090698011 -0.2139037 1.498
0.09330152 -0.2139037 1.498
0.095905028 -0.2139037 1.498
0.098508537 -0.2139037 1.498
0.10111205 -0.2139037 1.498
0.10371556 -0.2139037 1.498
0.11673311 -0.2139037 1.498
0.11933662 -0.2139037 1.498
0.12194013 -0.2139037 1.498
0.12454364 -0.2139037 1.498
0.12714715 -0.2139037 1.498
0.12975065 -0.2139037 1.498
0.17661384 -0.2139037 1.498
0.20785595 -0.2139037 1.498
0.21045946 -0.2139037 1.498
-0.24630034 -0.21228758 1.505
-0.24368466 -0.21228758 1.505
-0.22014357 -0.21228758 1.505
-0.2175279 -0.21228758 1.505
-0.21491222 -0.21228758 1.505
-0.21229655 -0.21228758 1.505
-0.18875547 -0.21228758 1.505
-0.1413909 -0.2118644 1.502
-0.13905764 -0.21228758 1.505
-0.13644196 -0.21228758 1.505
-0.13382629 -0.21228758 1.505
-0.13121061 -0.21228758 1.505
-0.12859493 -0.21228758 1.505
-0.12597924 -0.21228758 1.505
-0.11267582 -0.2118644 1.502
-0.11006536 -0.2118644 1.502
-0.1074549 -0.2118644 1.502
-0.060466588 -0.2118644 1.502
-0.057856124 -0.2118644 1.502
-0.031751506 -0.2118644 1.502
-0.029141046 -0.2118644 1.502
-0.026530584 -0.2118644 1.502
-0.023920123 -0.2118644 1.502
-0.021309661 -0.2118644 1.502
-0.0004259673 -0.2118644 1.502
0.0021844944 -0.2118644 1.502
0.0047949562 -0.2118644 1.502
0.007405418 -0.2118644 1.502
0.01001588 -0.2118644 1.502
0.012626342 -0.2118644 1.502
0.049041852 -0.21130019 1.498
0.051645365 -0.21130019 1.498
0.054248873 -0.21130019 1.498
0.056852382 -0.21130019 1.498
0.059455894 -0.21130019 1.498
0.062059402 -0.21130019 1.498
0.064662911 -0.21130019 1.498
0.06726642 -0.21130019 1.498
0.069869936 -0.21130019 1.498
0.072473444 -0.21130019 1.498
0.075076953 -0.21130019 1.498
0.085490994 -0.21130019 1.498
0.088094503 -0.21130019 1.498
0.090698011 -0.21130019 1.498
0.09330152 -0.21130019 1.498
0.095905028 -0.21130019 1.498
0.098508537 -0.21130019 1.498
0.10111205 -0.21130019 1.498
0.11933662 -0.21130019 1.498
0.12194013 -0.21130019 1.498
0.12454364 -0.21130019 1.498
0.12714715 -0.21130019 1.498
0.12975065 -0.21130019 1.498
0.13235417 -0.21130019 1.498
-0.24630034 -0.2096719 1.505
-0.22014357 -0.2096719 1.505
-0.2175279 -0.2096719 1.505
-0.21491222 -0.2096719 1.505
-0.18875547 -0.2096719 1.505
-0.17271644 -0.20925394 1.502
-0.1413909 -0.20925394 1.502
-0.13905764 -0.2096719 1.505
-0.13644196 -0.2096719 1.505
-0.13382629 -0.2096719 1.505
-0.13121061 -0.2096719 1.505
-0.12859493 -0.2096719 1.505
-0.12597924 -0.2096719 1.505
-0.11528628 -0.20925394 1.502
-0.11267582 -0.20925394 1.502
-0.11006536 -0.20925394 1.502
-0.057856124 -0.20925394 1.502
-0.055245664 -0.20925394 1.502
-0.03436197 -0.20925394 1.502
-0.031751506 -0.20925394 1.502
-0.029141046 -0.20925394 1.502
-0.026530584 -0.20925394 1.502
-0.023920123 -0.20925394 1.502
0.0047949562 -0.20925394 1.502
0.007405418 -0.20925394 1.502
0.01001588 -0.20925394 1.502
0.012626342 -0.20925394 1.502
0.051645365 -0.20869668 1.498
0.054248873 -0.20869668 1.498
0.056852382 -0.20869668 1.498
0.059455894 -0.20869668 1.498
0.062059402 -0.20869668 1.498
0.064662911 -0.20869668 1.498
0.06726642 -0.20869668 1.498
0.069869936 -0.20869668 1.498
0.072473444 -0.20869668 1.498
0.075076953 -0.20869668 1.498
0.077680461 -0.20869668 1.498
0.08028397 -0.20869668 1.498
0.082887478 -0.20869668 1.498
0.085490994 -0.20869668 1.498
0.088094503 -0.20869668 1.498
0.090698011 -0.20869668 1.498
0.09330152 -0.20869668 1.498
0.095905028 -0.20869668 1.498
0.098508537 -0.20869668 1.498
0.12454364 -0.20869668 1.498
0.12714715 -0.20869668 1.498
0.12975065 -0.20869668 1.498
0.13235417 -0.20869668 1.498
0.13495767 -0.20869668 1.498
0.13756119 -0.20869668 1.498
0.1401647 -0.20869668 1.498
0.1427682 -0.20869668 1.498
0.14537172 -0.20869668 1.498
-0.24630034 -0.20705622 1.505
-0.2175279 -0.20705622 1.505
-0.21491222 -0.20705622 1.505
-0.21229655 -0.20705622 1.505
-0.17271644 -0.20664348 1.502
-0.1413909 -0.20664348 1.502
-0.13878043 -0.20664348 1.502
-0.13616997 -0.20664348 1.502
-0.13382629 -0.20705622 1.505
-0.13121061 -0.20705622 1.505
-0.12859493 -0.20705622 1.505
-0.11789674 -0.20664348 1.502
-0.11528628 -0.20664348 1.502
-0.11267582 -0.20664348 1.502
-0.055245664 -0.20664348 1.502
-0.0526352 -0.20664348 1.502
-0.03436197 -0.20664348 1.502
-0.031751506 -0.20664348 1.502
-0.029141046 -0.20664348 1.502
-0.026530584 -0.20664348 1.502
-0.023920123 -0.20664348 1.502
0.007405418 -0.20664348 1.502
0.01001588 -0.20664348 1.502
0.012626342 -0.20664348 1.502
0.015236803 -0.20664348 1.502
0.051645365 -0.20609318 1.498
0.054248873 -0.20609318 1.498
0.056852382 -0.20609318 1.498
0.059455894 -0.20609318 1.498
0.062059402 -0.20609318 1.498
0.064662911 -0.20609318 1.498
0.06726642 -0.20609318 1.498
0.069869936 -0.20609318 1.498
0.072473444 -0.20609318 1.498
0.075076953 -0.20609318 1.498
0.077680461 -0.20609318 1.498
0.08028397 -0.20609318 1.498
0.082887478 -0.20609318 1.498
0.085490994 -0.20609318 1.498
0.088094503 -0.20609318 1.498
0.090698011 -0.20609318 1.498
0.09330152 -0.20609318 1.498
0.095905028 -0.20609318 1.498
0.13235417 -0.20609318 1.498
0.13495767 -0.20609318 1.498
0.13756119 -0.20609318 1.498
0.1401647 -0.20609318 1.498
0.1427682 -0.20609318 1.498
0.14537172 -0.20609318 1.498
0.14797522 -0.20609318 1.498
0.15057874 -0.20609318 1.498
-0.24630034 -0.20444055 1.505
-0.2175279 -0.20444055 1.505
-0.21491222 -0.20444055 1.505
-0.21229655 -0.20444055 1.505
-0.1753269 -0.20403302 1.502
-0.17271644 -0.20403302 1.502
-0.17010598 -0.20403302 1.502
-0.1413909 -0.20403302 1.502
-0.13878043 -0.20403302 1.502
-0.13616997 -0.20403302 1.502
-0.13355951 -0.20403302 1.502
-0.13121061 -0.20444055 1.505
-0.12859493 -0.20444055 1.505
-0.11789674 -0.20403302 1.502
-0.11528628 -0.20403302 1.502
-0.0526352 -0.20403302 1.502
-0.05002474 -0.20403302 1.502
-0.03436197 -0.20403302 1.502
-0.031751506 -0.20403302 1.502
-0.029141046 -0.20403302 1.502
-0.026530584 -0.20403302 1.502
-0.023920123 -0.20403302 1.502
-0.021309661 -0.20403302 1.502
0.012626342 -0.20403302 1.502
0.051645365 -0.20348966 1.498
0.054248873 -0.20348966 1.498
0.056852382 -0.20348966 1.498
0.059455894 -0.20348966 1.498
0.062059402 -0.20348966 1.498
0.064662911 -0.20348966 1.498
0.06726642 -0.20348966 1.498
0.069869936 -0.20348966 1.498
0.072473444 -0.20348966 1.498
0.075076953 -0.20348966 1.498
0.077680461 -0.20348966 1.498
0.08028397 -0.20348966 1.498
0.082887478 -0.20348966 1.498
0.085490994 -0.20348966 1.498
0.088094503 -0.20348966 1.498
0.13495767 -0.20348966 1.498
0.13756119 -0.20348966 1.498
0.1401647 -0.20348966 1.498
0.1427682 -0.20348966 1.498
0.14537172 -0.20348966 1.498
0.14797522 -0.20348966 1.498
0.15057874 -0.20348966 1.498
0.17401032 -0.20348966 1.498
0.17661384 -0.20348966 1.498
0.17921734 -0.20348966 1.498
-0.24891602 -0.20182487 1.505
-0.24630034 -0.20182487 1.505
-0.2175279 -0.20182487 1.505
-0.21491222 -0.20182487 1.505
-0.21229655 -0.20182487 1.505
-0.20968087 -0.20182487 1.505
-0.1753269 -0.20142256 1.502
-0.17271644 -0.20142256 1.502
-0.17010598 -0.20142256 1.502
-0.16749552 -0.20142256 1.502
-0.1413909 -0.20142256 1.502
-0.13878043 -0.20142256 1.502
-0.13616997 -0.20142256 1.502
-0.13355951 -0.20142256 1.502
-0.13121061 -0.20182487 1.505
-0.1205072 -0.20142256 1.502
-0.11789674 -0.20142256 1.502
-0.0526352 -0.20142256 1.502
-0.05002474 -0.20142256 1.502
-0.03436197 -0.20142256 1.502
-0.031751506 -0.20142256 1.502
-0.029141046 -0.20142256 1.502
-0.026530584 -0.20142256 1.502
-0.023920123 -0.20142256 1.502
-0.021309661 -0.20142256 1.502
0.012626342 -0.20142256 1.502
0.049041852 -0.20088615 1.498
0.051645365 -0.20088615 1.498
0.054248873 -0.20088615 1.498
0.056852382 -0.20088615 1.498
0.059455894 -0.20088615 1.498
0.062059402 -0.20088615 1.498
0.064662911 -0.20088615 1.498
0.06726642 -0.20088615 1.498
0.069869936 -0.20088615 1.498
0.072473444 -0.20088615 1.498
0.075076953 -0.20088615 1.498
0.077680461 -0.20088615 1.498
0.08028397 -0.20088615 1.498
0.082887478 -0.20088615 1.498
0.085490994 -0.20088615 1.498
0.088094503 -0.20088615 1.498
0.090698011 -0.20088615 1.498
0.1427682 -0.20088615 1.498
0.14537172 -0.20088615 1.498
0.14797522 -0.20088615 1.498
0.15057874 -0.20088615 1.498
0.17140682 -0.20088615 1.498
0.17401032 -0.20088615 1.498
0.17661384 -0.20088615 1.498
0.17921734 -0.20088615 1.498
0.18182085 -0.20088615 1.498
0.18442437 -0.20088615 1.498
0.18702787 -0.20088615 1.498
0.18963139 -0.20088615 1.498
0.19223489 -0.20088615 1.498
0.1948384 -0.20088615 1.498
-0.24891602 -0.1992092 1.505
-0.24630034 -0.1992092 1.505
-0.2175279 -0.1992092 1.505
-0.21491222 -0.1992092 1.505
-0.21229655 -0.1992092 1.505
-0.20968087 -0.1992092 1.505
-0.20706519 -0.1992092 1.505
-0.20444952 -0.1992092 1.505
-0.17793736 -0.1988121 1.502
-0.1753269 -0.1988121 1.502
-0.17271644 -0.1988121 1.502
-0.17010598 -0.1988121 1.502
-0.16749552 -0.1988121 1.502
-0.14400136 -0.1988121 1.502
-0.1413909 -0.1988121 1.502
-0.13878043 -0.1988121 1.502
-0.13616997 -0.1988121 1.502
-0.13355951 -0.1988121 1.502
-0.13094905 -0.1988121 1.502
-0.1205072 -0.1988121 1.502
-0.11789674 -0.1988121 1.502
-0.05002474 -0.1988121 1.502
-0.047414277 -0.1988121 1.502
-0.044803817 -0.1988121 1.502
-0.042193353 -0.1988121 1.502
-0.039582893 -0.1988121 1.502
-0.03697243 -0.1988121 1.502
-0.03436197 -0.1988121 1.502
-0.031751506 -0.1988121 1.502
-0.029141046 -0.1988121 1.502
-0.026530584 -0.1988121 1.502
-0.023920123 -0.1988121 1.502
-0.021309661 -0.1988121 1.502
0.049041852 -0.19828264 1.498
0.051645365 -0.19828264 1.498
0.054248873 -0.19828264 1.498
0.056852382 -0.19828264 1.498
0.059455894 -0.19828264 1.498
0.062059402 -0.19828264 1.498
0.064662911 -0.19828264 1.498
0.06726642 -0.19828264 1.498
0.069869936 -0.19828264 1.498
0.072473444 -0.19828264 1.498
0.075076953 -0.19828264 1.498
0.077680461 -0.19828264 1.498
0.08028397 -0.19828264 1.498
0.082887478 -0.19828264 1.498
0.085490994 -0.19828264 1.498
0.088094503 -0.19828264 1.498
0.090698011 -0.19828264 1.498
0.09330152 -0.19828264 1.498
0.095905028 -0.19828264 1.498
0.098508537 -0.19828264 1.498
0.10111205 -0.19828264 1.498
0.10371556 -0.19828264 1.498
0.14797522 -0.19828264 1.498
0.15057874 -0.19828264 1.498
0.15318225 -0.19828264 1.498
0.17140682 -0.19828264 1.498
0.17401032 -0.19828264 1.498
0.17661384 -0.19828264 1.498
0.17921734 -0.19828264 1.498
0.18182085 -0.19828264 1.498
0.18442437 -0.19828264 1.498
0.18702787 -0.19828264 1.498
0.18963139 -0.19828264 1.498
0.19223489 -0.19828264 1.498
0.1948384 -0.19828264 1.498
0.19744192 -0.19828264 1.498
0.20004542 -0.19828264 1.498
0.20264894 -0.19828264 1.498
-0.24891602 -0.19659352 1.505
-0.24630034 -0.19659352 1.505
-0.2175279 -0.19659352 1.505
-0.21491222 -0.19659352 1.505
-0.21229655 -0.19659352 1.505
-0.20968087 -0.19659352 1.505
-0.20706519 -0.19659352 1.505
-0.20444952 -0.19659352 1.505
-0.17793736 -0.19620164 1.502
-0.1753269 -0.19620164 1.502
-0.17271644 -0.19620164 1.502
-0.17010598 -0.19620164 1.502
-0.16749552 -0.19620164 1.502
-0.16488506 -0.19620164 1.502
-0.14400136 -0.19620164 1.502
-0.1413909 -0.19620164 1.502
-0.13878043 -0.19620164 1.502
-0.13616997 -0.19620164 1.502
-0.13355951 -0.19620164 1.502
-0.13094905 -0.19620164 1.502
-0.12572813 -0.19620164 1.502
-0.12311767 -0.19620164 1.502
-0.1205072 -0.19620164 1.502
-0.11789674 -0.19620164 1.502
-0.047414277 -0.19620164 1.502
-0.044803817 -0.19620164 1.502
-0.042193353 -0.19620164 1.502
-0.039582893 -0.19620164 1.502
-0.03697243 -0.19620164 1.502
-0.03436197 -0.19620164 1.502
-0.031751506 -0.19620164 1.502
-0.029141046 -0.19620164 1.502
-0.026530584 -0.19620164 1.502
-0.023920123 -0.19620164 1.502
-0.021309661 -0.19620164 1.502
-0.018699199 -0.19620164 1.502
0.049041852 -0.19567913 1.498
0.051645365 -0.19567913 1.498
0.054248873 -0.19567913 1.498
0.056852382 -0.19567913 1.498
0.059455894 -0.19567913 1.498
0.062059402 -0.19567913 1.498
0.064662911 -0.19567913 1.498
0.08028397 -0.19567913 1.498
0.082887478 -0.19567913 1.498
0.085490994 -0.19567913 1.498
0.088094503 -0.19567913 1.498
0.090698011 -0.19567913 1.498
0.09330152 -0.19567913 1.498
0.095905028 -0.19567913 1.498
0.098508537 -0.19567913 1.498
0.10111205 -0.19567913 1.498
0.10371556 -0.19567913 1.498
0.10631907 -0.19567913 1.498
0.15318225 -0.19567913 1.498
0.17401032 -0.19567913 1.498
0.17661384 -0.19567913 1.498
0.17921734 -0.19567913 1.498
0.18182085 -0.19567913 1.498
0.18442437 -0.19567913 1.498
0.18702787 -0.19567913 1.498
0.18963139 -0.19567913 1.498
0.19223489 -0.19567913 1.498
0.1948384 -0.19567913 1.498
0.19744192 -0.19567913 1.498
0.20004542 -0.19567913 1.498
-0.24891602 -0.19397785 1.505
-0.21491222 -0.19397785 1.505
-0.21229655 -0.19397785 1.505
-0.20968087 -0.19397785 1.505
-0.20706519 -0.19397785 1.505
-0.20444952 -0.19397785 1.505
-0.20183384 -0.19397785 1.505
-0.18054782 -0.19359118 1.502
-0.17793736 -0.19359118 1.502
-0.1753269 -0.19359118 1.502
-0.17271644 -0.19359118 1.502
-0.17010598 -0.19359118 1.502
-0.16749552 -0.19359118 1.502
-0.16488506 -0.19359118 1.502
-0.14661182 -0.19359118 1.502
-0.14400136 -0.19359118 1.502
-0.1413909 -0.19359118 1.502
-0.13878043 -0.19359118 1.502
-0.13616997 -0.19359118 1.502
-0.13355951 -0.19359118 1.502
-0.13094905 -0.19359118 1.502
-0.12572813 -0.19359118 1.502
-0.12311767 -0.19359118 1.502
-0.1205072 -0.19359118 1.502
-0.11789674 -0.19359118 1.502
-0.11528628 -0.19359118 1.502
-0.047414277 -0.19359118 1.502
-0.044803817 -0.19359118 1.502
-0.042193353 -0.19359118 1.502
-0.039582893 -0.19359118 1.502
-0.03697243 -0.19359118 1.502
-0.03436197 -0.19359118 1.502
-0.031751506 -0.19359118 1.502
-0.029141046 -0.19359118 1.502
-0.026530584 -0.19359118 1.502
-0.023920123 -0.19359118 1.502
-0.021309661 -0.19359118 1.502
-0.018699199 -0.19359118 1.502
0.007405418 -0.19359118 1.502
0.049041852 -0.19307563 1.498
0.051645365 -0.19307563 1.498
0.054248873 -0.19307563 1.498
0.056852382 -0.19307563 1.498
0.059455894 -0.19307563 1.498
0.062059402 -0.19307563 1.498
0.064662911 -0.19307563 1.498
0.06726642 -0.19307563 1.498
0.082887478 -0.19307563 1.498
0.085490994 -0.19307563 1.498
0.088094503 -0.19307563 1.498
0.090698011 -0.19307563 1.498
0.09330152 -0.19307563 1.498
0.095905028 -0.19307563 1.498
0.098508537 -0.19307563 1.498
0.10111205 -0.19307563 1.498
0.10371556 -0.19307563 1.498
0.10631907 -0.19307563 1.498
0.15318225 -0.19307563 1.498
0.17401032 -0.19307563 1.498
0.17661384 -0.19307563 1.498
0.17921734 -0.19307563 1.498
0.18182085 -0.19307563 1.498
0.18442437 -0.19307563 1.498
0.18702787 -0.19307563 1.498
0.18963139 -0.19307563 1.498
0.19223489 -0.19307563 1.498
0.1948384 -0.19307563 1.498
0.19744192 -0.19307563 1.498
0.20004542 -0.19307563 1.498
-0.21229655 -0.19136216 1.505
-0.20968087 -0.19136216 1.505
-0.20706519 -0.19136216 1.505
-0.20444952 -0.19136216 1.505
-0.20183384 -0.19136216 1.505
-0.19921817 -0.19136216 1.505
-0.19660249 -0.19136216 1.505
-0.18054782 -0.1909807 1.502
-0.17793736 -0.1909807 1.502
-0.1753269 -0.1909807 1.502
-0.17271644 -0.1909807 1.502
-0.17010598 -0.1909807 1.502
-0.16749552 -0.1909807 1.502
-0.16488506 -0.1909807 1.502
-0.1622746 -0.1909807 1.502
-0.15966412 -0.1909807 1.502
-0.15705366 -0.1909807 1.502
-0.1544432 -0.1909807 1.502
-0.14922228 -0.1909807 1.502
-0.14661182 -0.1909807 1.502
-0.14400136 -0.1909807 1.502
-0.1413909 -0.1909807 1.502
-0.13878043 -0.1909807 1.502
-0.13616997 -0.1909807 1.502
-0.13355951 -0.1909807 1.502
-0.12572813 -0.1909807 1.502
-0.12311767 -0.1909807 1.502
-0.1205072 -0.1909807 1.502
-0.11789674 -0.1909807 1.502
-0.11528628 -0.1909807 1.502
-0.047414277 -0.1909807 1.502
-0.044803817 -0.1909807 1.502
-0.042193353 -0.1909807 1.502
-0.039582893 -0.1909807 1.502
-0.03697243 -0.1909807 1.502
-0.03436197 -0.1909807 1.502
-0.031751506 -0.1909807 1.502
-0.029141046 -0.1909807 1.502
-0.026530584 -0.1909807 1.502
-0.023920123 -0.1909807 1.502
-0.021309661 -0.1909807 1.502
-0.018699199 -0.1909807 1.502
-0.016088737 -0.1909807 1.502
-0.013478275 -0.1909807 1.502
0.007405418 -0.1909807 1.502
0.049041852 -0.19047211 1.498
0.051645365 -0.19047211 1.498
0.054248873 -0.19047211 1.498
0.056852382 -0.19047211 1.498
0.059455894 -0.19047211 1.498
0.062059402 -0.19047211 1.498
0.064662911 -0.19047211 1.498
0.06726642 -0.19047211 1.498
0.08028397 -0.19047211 1.498
0.082887478 -0.19047211 1.498
0.085490994 -0.19047211 1.498
0.088094503 -0.19047211 1.498
0.090698011 -0.19047211 1.498
0.09330152 -0.19047211 1.498
0.095905028 -0.19047211 1.498
0.098508537 -0.19047211 1.498
0.10111205 -0.19047211 1.498
0.10371556 -0.19047211 1.498
0.10631907 -0.19047211 1.498
0.10892258 -0.19047211 1.498
0.15318225 -0.19047211 1.498
0.17661384 -0.19047211 1.498
0.17921734 -0.19047211 1.498
0.18182085 -0.19047211 1.498
0.18442437 -0.19047211 1.498
0.18702787 -0.19047211 1.498
0.18963139 -0.19047211 1.498
0.19223489 -0.19047211 1.498
0.1948384 -0.19047211 1.498
0.19744192 -0.19047211 1.498
-0.20968087 -0.18874648 1.505
-0.20706519 -0.18874648 1.505
-0.20444952 -0.18874648 1.505
-0.20183384 -0.18874648 1.505
-0.19921817 -0.18874648 1.505
-0.19660249 -0.18874648 1.505
-0.19398682 -0.18874648 1.505
-0.18315829 -0.18837024 1.502
-0.18054782 -0.18837024 1.502
-0.17793736 -0.18837024 1.502
-0.1753269 -0.18837024 1.502
-0.17271644 -0.18837024 1.502
-0.17010598 -0.18837024 1.502
-0.16749552 -0.18837024 1.502
-0.16488506 -0.18837024 1.502
-0.1622746 -0.18837024 1.502
-0.15966412 -0.18837024 1.502
-0.15705366 -0.18837024 1.502
-0.1544432 -0.18837024 1.502
-0.15183274 -0.18837024 1.502
-0.14922228 -0.18837024 1.502
-0.14661182 -0.18837024 1.502
-0.14400136 -0.18837024 1.502
-0.1413909 -0.18837024 1.502
-0.13878043 -0.18837024 1.502
-0.13616997 -0.18837024 1.502
-0.12311767 -0.18837024 1.502
-0.1205072 -0.18837024 1.502
-0.11789674 -0.18837024 1.502
-0.11528628 -0.18837024 1.502
-0.11267582 -0.18837024 1.502
-0.11006536 -0.18837024 1.502
-0.05002474 -0.18837024 1.502
-0.047414277 -0.18837024 1.502
-0.044803817 -0.18837024 1.502
-0.042193353 -0.18837024 1.502
-0.039582893 -0.18837024 1.502
-0.03697243 -0.18837024 1.502
-0.03436197 -0.18837024 1.502
-0.031751506 -0.18837024 1.502
-0.029141046 -0.18837024 1.502
-0.023920123 -0.18837024 1.502
-0.021309661 -0.18837024 1.502
-0.018699199 -0.18837024 1.502
-0.016088737 -0.18837024 1.502
-0.013478275 -0.18837024 1.502
-0.010867815 -0.18837024 1.502
-0.0082573527 -0.18837024 1.502
-0.0056468905 -0.18837024 1.502
-0.0030364289 -0.18837024 1.502
0.0021844944 -0.18837024 1.502
0.0047949562 -0.18837024 1.502
0.049041852 -0.1878686 1.498
0.051645365 -0.1878686 1.498
0.054248873 -0.1878686 1.498
0.056852382 -0.1878686 1.498
0.059455894 -0.1878686 1.498
0.062059402 -0.1878686 1.498
0.064662911 -0.1878686 1.498
0.06726642 -0.1878686 1.498
0.077680461 -0.1878686 1.498
0.08028397 -0.1878686 1.498
0.082887478 -0.1878686 1.498
0.085490994 -0.1878686 1.498
0.088094503 -0.1878686 1.498
0.090698011 -0.1878686 1.498
0.09330152 -0.1878686 1.498
0.095905028 -0.1878686 1.498
0.098508537 -0.1878686 1.498
0.10111205 -0.1878686 1.498
0.10371556 -0.1878686 1.498
0.10631907 -0.1878686 1.498
0.10892258 -0.1878686 1.498
0.15057874 -0.1878686 1.498
0.18182085 -0.1878686 1.498
0.18442437 -0.1878686 1.498
0.18702787 -0.1878686 1.498
0.18963139 -0.1878686 1.498
0.19223489 -0.1878686 1.498
0.1948384 -0.1878686 1.498
0.19744192 -0.1878686 1.498
-0.20706519 -0.18613081 1.505
-0.20444952 -0.18613081 1.505
-0.20183384 -0.18613081 1.505
-0.19921817 -0.18613081 1.505
-0.19660249 -0.18613081 1.505
-0.19398682 -0.18613081 1.505
-0.19137114 -0.18613081 1.505
-0.18315829 -0.18575978 1.502
-0.18054782 -0.18575978 1.502
-0.17793736 -0.18575978 1.502
-0.1753269 -0.18575978 1.502
-0.17271644 -0.18575978 1.502
-0.17010598 -0.18575978 1.502
-0.16749552 -0.18575978 1.502
-0.16488506 -0.18575978 1.502
-0.1622746 -0.18575978 1.502
-0.15966412 -0.18575978 1.502
-0.15705366 -0.18575978 1.502
-0.1544432 -0.18575978 1.502
-0.15183274 -0.18575978 1.502
-0.14952034 -0.18613081 1.505
-0.14661182 -0.18575978 1.502
-0.14400136 -0.18575978 1.502
-0.1413909 -0.18575978 1.502
-0.13878043 -0.18575978 1.502
-0.13616997 -0.18575978 1.502
-0.12311767 -0.18575978 1.502
-0.1205072 -0.18575978 1.502
-0.11789674 -0.18575978 1.502
-0.11528628 -0.18575978 1.502
-0.11267582 -0.18575978 1.502
-0.11006536 -0.18575978 1.502
-0.057856124 -0.18575978 1.502
-0.055245664 -0.18575978 1.502
-0.0526352 -0.18575978 1.502
-0.05002474 -0.18575978 1.502
-0.047414277 -0.18575978 1.502
-0.044803817 -0.18575978 1.502
-0.042193353 -0.18575978 1.502
-0.039582893 -0.18575978 1.502
-0.03697243 -0.18575978 1.502
-0.03436197 -0.18575978 1.502
-0.031751506 -0.18575978 1.502
-0.029141046 -0.18575978 1.502
-0.023920123 -0.18575978 1.502
-0.021309661 -0.18575978 1.502
-0.018699199 -0.18575978 1.502
-0.016088737 -0.18575978 1.502
-0.013478275 -0.18575978 1.502
-0.010867815 -0.18575978 1.502
-0.0082573527 -0.18575978 1.502
-0.0056468905 -0.18575978 1.502
-0.0030364289 -0.18575978 1.502
-0.0004259673 -0.18575978 1.502
0.0021844944 -0.18575978 1.502
0.0047949562 -0.18575978 1.502
0.049041852 -0.18526509 1.498
0.051645365 -0.18526509 1.498
0.054248873 -0.18526509 1.498
0.056852382 -0.18526509 1.498
0.059455894 -0.18526509 1.498
0.062059402 -0.18526509 1.498
0.064662911 -0.18526509 1.498
0.06726642 -0.18526509 1.498
0.069869936 -0.18526509 1.498
0.072473444 -0.18526509 1.498
0.075076953 -0.18526509 1.498
0.077680461 -0.18526509 1.498
0.08028397 -0.18526509 1.498
0.10631907 -0.18526509 1.498
0.10892258 -0.18526509 1.498
0.11152609 -0.18526509 1.498
0.15057874 -0.18526509 1.498
0.18182085 -0.18526509 1.498
0.18442437 -0.18526509 1.498
0.18702787 -0.18526509 1.498
0.18925162 -0.18489407 1.495
0.19223489 -0.18526509 1.498
0.1948384 -0.18526509 1.498
0.1970465 -0.18489407 1.495
0.19964479 -0.18489407 1.495
0.20224309 -0.18489407 1.495
-0.20706519 -0.18351513 1.505
-0.20444952 -0.18351513 1.505
-0.20183384 -0.18351513 1.505
-0.19921817 -0.18351513 1.505
-0.19660249 -0.18351513 1.505
-0.19398682 -0.18351513 1.505
-0.19137114 -0.18351513 1.505
-0.18576875 -0.18314932 1.502
-0.18315829 -0.18314932 1.502
-0.18054782 -0.18314932 1.502
-0.17793736 -0.18314932 1.502
-0.1753269 -0.18314932 1.502
-0.17271644 -0.18314932 1.502
-0.17010598 -0.18314932 1.502
-0.16749552 -0.18314932 1.502
-0.16488506 -0.18314932 1.502
-0.1622746 -0.18314932 1.502
-0.15966412 -0.18314932 1.502
-0.15705366 -0.18314932 1.502
-0.1544432 -0.18314932 1.502
-0.15213601 -0.18351513 1.505
-0.14952034 -0.18351513 1.505
-0.14690466 -0.18351513 1.505
-0.14428899 -0.18351513 1.505
-0.1413909 -0.18314932 1.502
-0.13878043 -0.18314932 1.502
-0.13616997 -0.18314932 1.502
-0.12311767 -0.18314932 1.502
-0.1205072 -0.18314932 1.502
-0.11789674 -0.18314932 1.502
-0.11528628 -0.18314932 1.502
-0.11267582 -0.18314932 1.502
-0.11006536 -0.18314932 1.502
-0.1074549 -0.18314932 1.502
-0.065687507 -0.18314932 1.502
-0.060466588 -0.18314932 1.502
-0.057856124 -0.18314932 1.502
-0.055245664 -0.18314932 1.502
-0.0526352 -0.18314932 1.502
-0.05002474 -0.18314932 1.502
-0.047414277 -0.18314932 1.502
-0.023920123 -0.18314932 1.502
-0.021309661 -0.18314932 1.502
-0.018699199 -0.18314932 1.502
-0.016088737 -0.18314932 1.502
-0.013478275 -0.18314932 1.502
-0.010867815 -0.18314932 1.502
-0.0082573527 -0.18314932 1.502
-0.0056468905 -0.18314932 1.502
-0.0030364289 -0.18314932 1.502
-0.0004259673 -0.18314932 1.502
0.0021844944 -0.18314932 1.502
0.049041852 -0.18266158 1.498
0.051645365 -0.18266158 1.498
0.054248873 -0.18266158 1.498
0.056852382 -0.18266158 1.498
0.059455894 -0.18266158 1.498
0.062059402 -0.18266158 1.498
0.064662911 -0.18266158 1.498
0.06726642 -0.18266158 1.498
0.069869936 -0.18266158 1.498
0.072473444 -0.18266158 1.498
0.075076953 -0.18266158 1.498
0.077680461 -0.18266158 1.498
0.10631907 -0.18266158 1.498
0.10892258 -0.18266158 1.498
0.11152609 -0.18266158 1.498
0.1141296 -0.18266158 1.498
0.11673311 -0.18266158 1.498
0.11933662 -0.18266158 1.498
0.14767888 -0.18229577 1.495
0.15057874 -0.18266158 1.498
0.18182085 -0.18266158 1.498
0.18442437 -0.18266158 1.498
0.18702787 -0.18266158 1.498
0.18925162 -0.18229577 1.495
0.1918499 -0.18229577 1.495
0.1944482 -0.18229577 1.495
0.1970465 -0.18229577 1.495
0.19964479 -0.18229577 1.495
0.20224309 -0.18229577 1.495
0.20484139 -0.18229577 1.495
-0.20706519 -0.18089946 1.505
-0.20444952 -0.18089946 1.505
-0.20183384 -0.18089946 1.505
-0.19921817 -0.18089946 1.505
-0.19660249 -0.18089946 1.505
-0.19398682 -0.18089946 1.505
-0.19137114 -0.18089946 1.505
-0.18576875 -0.18053886 1.502
-0.18315829 -0.18053886 1.502
-0.18054782 -0.18053886 1.502
-0.17793736 -0.18053886 1.502
-0.1753269 -0.18053886 1.502
-0.17271644 -0.18053886 1.502
-0.15966412 -0.18053886 1.502
-0.15705366 -0.18053886 1.502
-0.15475169 -0.18089946 1.505
-0.15213601 -0.18089946 1.505
-0.14952034 -0.18089946 1.505
-0.14690466 -0.18089946 1.505
-0.14428899 -0.18089946 1.505
-0.1413909 -0.18053886 1.502
-0.13878043 -0.18053886 1.502
-0.13616997 -0.18053886 1.502
-0.12311767 -0.18053886 1.502
-0.1205072 -0.18053886 1.502
-0.11789674 -0.18053886 1.502
-0.11528628 -0.18053886 1.502
-0.11267582 -0.18053886 1.502
-0.11006536 -0.18053886 1.502
-0.1074549 -0.18053886 1.502
-0.068297975 -0.18053886 1.502
-0.065687507 -0.18053886 1.502
-0.063077047 -0.18053886 1.502
-0.060466588 -0.18053886 1.502
-0.057856124 -0.18053886 1.502
-0.055245664 -0.18053886 1.502
-0.0526352 -0.18053886 1.502
-0.05002474 -0.18053886 1.502
-0.021309661 -0.18053886 1.502
-0.018699199 -0.18053886 1.502
-0.016088737 -0.18053886 1.502
-0.013478275 -0.18053886 1.502
-0.010867815 -0.18053886 1.502
-0.0082573527 -0.18053886 1.502
-0.0056468905 -0.18053886 1.502
-0.0030364289 -0.18053886 1.502
-0.0004259673 -0.18053886 1.502
0.0021844944 -0.18053886 1.502
0.049041852 -0.18005808 1.498
0.051645365 -0.18005808 1.498
0.054248873 -0.18005808 1.498
0.056852382 -0.18005808 1.498
0.059455894 -0.18005808 1.498
0.062059402 -0.18005808 1.498
0.064662911 -0.18005808 1.498
0.06726642 -0.18005808 1.498
0.069869936 -0.18005808 1.498
0.072473444 -0.18005808 1.498
0.075076953 -0.18005808 1.498
0.10892258 -0.18005808 1.498
0.11152609 -0.18005808 1.498
0.1141296 -0.18005808 1.498
0.11673311 -0.18005808 1.498
0.11933662 -0.18005808 1.498
0.12194013 -0.18005808 1.498
0.14797522 -0.18005808 1.498
0.15057874 -0.18005808 1.498
0.18182085 -0.18005808 1.498
0.18442437 -0.18005808 1.498
0.18702787 -0.18005808 1.498
0.18925162 -0.17969747 1.495
0.1918499 -0.17969747 1.495
0.1944482 -0.17969747 1.495
0.1970465 -0.17969747 1.495
0.19964479 -0.17969747 1.495
0.20224309 -0.17969747 1.495
0.20484139 -0.17969747 1.495
-0.20968087 -0.17828378 1.505
-0.20706519 -0.17828378 1.505
-0.20444952 -0.17828378 1.505
-0.20183384 -0.17828378 1.505
-0.19921817 -0.17828378 1.505
-0.19660249 -0.17828378 1.505
-0.19398682 -0.17828378 1.505
-0.19137114 -0.17828378 1.505
-0.18837921 -0.1779284 1.502
-0.18576875 -0.1779284 1.502
-0.18315829 -0.1779284 1.502
-0.18054782 -0.1779284 1.502
-0.17793736 -0.1779284 1.502
-0.1753269 -0.1779284 1.502
-0.15966412 -0.1779284 1.502
-0.15705366 -0.1779284 1.502
-0.1544432 -0.1779284 1.502
-0.15213601 -0.17828378 1.505
-0.14952034 -0.17828378 1.505
-0.14690466 -0.17828378 1.505
-0.14428899 -0.17828378 1.505
-0.1413909 -0.1779284 1.502
-0.13878043 -0.1779284 1.502
-0.13616997 -0.1779284 1.502
-0.13355951 -0.1779284 1.502
-0.12833859 -0.1779284 1.502
-0.12572813 -0.1779284 1.502
-0.12311767 -0.1779284 1.502
-0.1205072 -0.1779284 1.502
-0.11789674 -0.1779284 1.502
-0.11528628 -0.1779284 1.502
-0.11267582 -0.1779284 1.502
-0.11006536 -0.1779284 1.502
-0.1074549 -0.1779284 1.502
-0.076129355 -0.1779284 1.502
-0.073518895 -0.1779284 1.502
-0.070908435 -0.1779284 1.502
-0.068297975 -0.1779284 1.502
-0.065687507 -0.1779284 1.502
-0.063077047 -0.1779284 1.502
-0.060466588 -0.1779284 1.502
-0.057856124 -0.1779284 1.502
-0.055245664 -0.1779284 1.502
-0.0526352 -0.1779284 1.502
-0.023920123 -0.1779284 1.502
-0.021309661 -0.1779284 1.502
-0.018699199 -0.1779284 1.502
-0.016088737 -0.1779284 1.502
-0.013478275 -0.1779284 1.502
-0.010867815 -0.1779284 1.502
-0.0082573527 -0.1779284 1.502
-0.0056468905 -0.1779284 1.502
-0.0030364289 -0.1779284 1.502
-0.0004259673 -0.1779284 1.502
0.049041852 -0.17745456 1.498
0.051645365 -0.17745456 1.498
0.054248873 -0.17745456 1.498
0.056852382 -0.17745456 1.498
0.059455894 -0.17745456 1.498
0.062059402 -0.17745456 1.498
0.064662911 -0.17745456 1.498
0.06726642 -0.17745456 1.498
0.069869936 -0.17745456 1.498
0.072473444 -0.17745456 1.498
0.075076953 -0.17745456 1.498
0.10892258 -0.17745456 1.498
0.11152609 -0.17745456 1.498
0.1141296 -0.17745456 1.498
0.11673311 -0.17745456 1.498
0.11933662 -0.17745456 1.498
0.12194013 -0.17745456 1.498
0.14508058 -0.17709918 1.495
0.14767888 -0.17709918 1.495
0.15057874 -0.17745456 1.498
0.18442437 -0.17745456 1.498
0.18702787 -0.17745456 1.498
0.18963139 -0.17745456 1.498
0.19223489 -0.17745456 1.498
0.1970465 -0.17709918 1.495
0.19964479 -0.17709918 1.495
0.20224309 -0.17709918 1.495
-0.24891602 -0.17566811 1.505
-0.20968087 -0.17566811 1.505
-0.20706519 -0.17566811 1.505
-0.20444952 -0.17566811 1.505
-0.20183384 -0.17566811 1.505
-0.19921817 -0.17566811 1.505
-0.19660249 -0.17566811 1.505
-0.19398682 -0.17566811 1.505
-0.19137114 -0.17566811 1.505
-0.18837921 -0.17531794 1.502
-0.18576875 -0.17531794 1.502
-0.18315829 -0.17531794 1.502
-0.18054782 -0.17531794 1.502
-0.17793736 -0.17531794 1.502
-0.15966412 -0.17531794 1.502
-0.15705366 -0.17531794 1.502
-0.1544432 -0.17531794 1.502
-0.15213601 -0.17566811 1.505
-0.14952034 -0.17566811 1.505
-0.14690466 -0.17566811 1.505
-0.14400136 -0.17531794 1.502
-0.1413909 -0.17531794 1.502
-0.13878043 -0.17531794 1.502
-0.13616997 -0.17531794 1.502
-0.13355951 -0.17531794 1.502
-0.13094905 -0.17531794 1.502
-0.12833859 -0.17531794 1.502
-0.12572813 -0.17531794 1.502
-0.12311767 -0.17531794 1.502
-0.1205072 -0.17531794 1.502
-0.11789674 -0.17531794 1.502
-0.11528628 -0.17531794 1.502
-0.11267582 -0.17531794 1.502
-0.11006536 -0.17531794 1.502
-0.083960742 -0.17531794 1.502
-0.081350282 -0.17531794 1.502
-0.078739822 -0.17531794 1.502
-0.076129355 -0.17531794 1.502
-0.073518895 -0.17531794 1.502
-0.070908435 -0.17531794 1.502
-0.068297975 -0.17531794 1.502
-0.065687507 -0.17531794 1.502
-0.063077047 -0.17531794 1.502
-0.060466588 -0.17531794 1.502
-0.057856124 -0.17531794 1.502
-0.023920123 -0.17531794 1.502
-0.021309661 -0.17531794 1.502
-0.018699199 -0.17531794 1.502
-0.016088737 -0.17531794 1.502
-0.013478275 -0.17531794 1.502
-0.010867815 -0.17531794 1.502
-0.0082573527 -0.17531794 1.502
-0.0056468905 -0.17531794 1.502
-0.0030364289 -0.17531794 1.502
-0.0004259673 -0.17531794 1.502
0.049041852 -0.17485106 1.498
0.051645365 -0.17485106 1.498
0.054248873 -0.17485106 1.498
0.056852382 -0.17485106 1.498
0.059455894 -0.17485106 1.498
0.062059402 -0.17485106 1.498
0.064662911 -0.17485106 1.498
0.06726642 -0.17485106 1.498
0.069869936 -0.17485106 1.498
0.072473444 -0.17485106 1.498
0.075076953 -0.17485106 1.498
0.10892258 -0.17485106 1.498
0.11152609 -0.17485106 1.498
0.1141296 -0.17485106 1.498
0.11673311 -0.17485106 1.498
0.11933662 -0.17485106 1.498
0.12194013 -0.17485106 1.498
0.14508058 -0.17450088 1.495
0.14767888 -0.17450088 1.495
0.15027718 -0.17450088 1.495
0.15318225 -0.17485106 1.498
0.18702787 -0.17485106 1.498
0.18963139 -0.17485106 1.498
-0.24891602 -0.17305243 1.505
-0.24630034 -0.17305243 1.505
-0.20968087 -0.17305243 1.505
-0.20706519 -0.17305243 1.505
-0.20444952 -0.17305243 1.505
-0.20183384 -0.17305243 1.505
-0.19921817 -0.17305243 1.505
-0.19660249 -0.17305243 1.505
-0.19398682 -0.17305243 1.505
-0.19137114 -0.17305243 1.505
-0.18837921 -0.17270748 1.502
-0.18576875 -0.17270748 1.502
-0.18315829 -0.17270748 1.502
-0.18054782 -0.17270748 1.502
-0.17793736 -0.17270748 1.502
-0.15705366 -0.17270748 1.502
-0.1544432 -0.17270748 1.502
-0.15183274 -0.17270748 1.502
-0.14952034 -0.17305243 1.505
-0.14661182 -0.17270748 1.502
-0.14400136 -0.17270748 1.502
-0.1413909 -0.17270748 1.502
-0.13878043 -0.17270748 1.502
-0.13616997 -0.17270748 1.502
-0.13355951 -0.17270748 1.502
-0.13094905 -0.17270748 1.502
-0.12833859 -0.17270748 1.502
-0.12572813 -0.17270748 1.502
-0.12311767 -0.17270748 1.502
-0.1205072 -0.17270748 1.502
-0.11789674 -0.17270748 1.502
-0.11528628 -0.17270748 1.502
-0.11267582 -0.17270748 1.502
-0.086571202 -0.17270748 1.502
-0.083960742 -0.17270748 1.502
-0.081350282 -0.17270748 1.502
-0.078739822 -0.17270748 1.502
-0.076129355 -0.17270748 1.502
-0.073518895 -0.17270748 1.502
-0.070908435 -0.17270748 1.502
-0.068297975 -0.17270748 1.502
-0.065687507 -0.17270748 1.502
-0.063077047 -0.17270748 1.502
-0.060466588 -0.17270748 1.502
-0.023920123 -0.17270748 1.502
-0.021309661 -0.17270748 1.502
-0.018699199 -0.17270748 1.502
-0.016088737 -0.17270748 1.502
-0.013478275 -0.17270748 1.502
-0.010867815 -0.17270748 1.502
-0.0082573527 -0.17270748 1.502
-0.0056468905 -0.17270748 1.502
-0.0030364289 -0.17270748 1.502
0.049041852 -0.17224754 1.498
0.051645365 -0.17224754 1.498
0.054248873 -0.17224754 1.498
0.056852382 -0.17224754 1.498
0.059455894 -0.17224754 1.498
0.062059402 -0.17224754 1.498
0.064662911 -0.17224754 1.498
0.06726642 -0.17224754 1.498
0.069869936 -0.17224754 1.498
0.072473444 -0.17224754 1.498
0.075076953 -0.17224754 1.498
0.10892258 -0.17224754 1.498
0.11152609 -0.17224754 1.498
0.1141296 -0.17224754 1.498
0.11673311 -0.17224754 1.498
0.11933662 -0.17224754 1.498
0.14248228 -0.17190258 1.495
0.14508058 -0.17190258 1.495
0.14767888 -0.17190258 1.495
0.15027718 -0.17190258 1.495
0.15318225 -0.17224754 1.498
-0.24891602 -0.17043675 1.505
-0.24630034 -0.17043675 1.505
-0.24368466 -0.17043675 1.505
-0.21229655 -0.17043675 1.505
-0.20968087 -0.17043675 1.505
-0.20706519 -0.17043675 1.505
-0.20444952 -0.17043675 1.505
-0.20183384 -0.17043675 1.505
-0.19921817 -0.17043675 1.505
-0.19660249 -0.17043675 1.505
-0.19398682 -0.17043675 1.505
-0.19137114 -0.17043675 1.505
-0.18837921 -0.17009702 1.502
-0.18576875 -0.17009702 1.502
-0.18315829 -0.17009702 1.502
-0.18054782 -0.17009702 1.502
-0.17793736 -0.17009702 1.502
-0.15966412 -0.17009702 1.502
-0.15705366 -0.17009702 1.502
-0.1544432 -0.17009702 1.502
-0.15183274 -0.17009702 1.502
-0.14922228 -0.17009702 1.502
-0.14661182 -0.17009702 1.502
-0.14400136 -0.17009702 1.502
-0.1413909 -0.17009702 1.502
-0.13878043 -0.17009702 1.502
-0.13616997 -0.17009702 1.502
-0.13355951 -0.17009702 1.502
-0.13094905 -0.17009702 1.502
-0.12833859 -0.17009702 1.502
-0.12572813 -0.17009702 1.502
-0.12311767 -0.17009702 1.502
-0.1205072 -0.17009702 1.502
-0.11789674 -0.17009702 1.502
-0.11528628 -0.17009702 1.502
-0.089181662 -0.17009702 1.502
-0.086571202 -0.17009702 1.502
-0.083960742 -0.17009702 1.502
-0.081350282 -0.17009702 1.502
-0.078739822 -0.17009702 1.502
-0.076129355 -0.17009702 1.502
-0.073518895 -0.17009702 1.502
-0.070908435 -0.17009702 1.502
-0.068297975 -0.17009702 1.502
-0.065687507 -0.17009702 1.502
-0.063077047 -0.17009702 1.502
-0.060466588 -0.17009702 1.502
-0.023920123 -0.17009702 1.502
-0.021309661 -0.17009702 1.502
-0.018699199 -0.17009702 1.502
-0.016088737 -0.17009702 1.502
-0.013478275 -0.17009702 1.502
-0.010867815 -0.17009702 1.502
-0.0082573527 -0.17009702 1.502
-0.0056468905 -0.17009702 1.502
0.049041852 -0.16964403 1.498
0.051645365 -0.16964403 1.498
0.054248873 -0.16964403 1.498
0.056852382 -0.16964403 1.498
0.059455894 -0.16964403 1.498
0.062059402 -0.16964403 1.498
0.064662911 -0.16964403 1.498
0.06726642 -0.16964403 1.498
0.069869936 -0.16964403 1.498
0.072473444 -0.16964403 1.498
0.075076953 -0.16964403 1.498
0.077680461 -0.16964403 1.498
0.10892258 -0.16964403 1.498
0.11152609 -0.16964403 1.498
0.1141296 -0.16964403 1.498
0.11673311 -0.16964403 1.498
0.14248228 -0.1693043 1.495
0.14508058 -0.1693043 1.495
0.14767888 -0.1693043 1.495
0.15027718 -0.1693043 1.495
0.15318225 -0.16964403 1.498
-0.24891602 -0.16782108 1.505
-0.24630034 -0.16782108 1.505
-0.20968087 -0.16782108 1.505
-0.20183384 -0.16782108 1.505
-0.19921817 -0.16782108 1.505
-0.19660249 -0.16782108 1.505
-0.19398682 -0.16782108 1.505
-0.19137114 -0.16782108 1.505
-0.18875547 -0.16782108 1.505
-0.18576875 -0.16748655 1.502
-0.18315829 -0.16748655 1.502
-0.18054782 -0.16748655 1.502
-0.17793736 -0.16748655 1.502
-0.15966412 -0.16748655 1.502
-0.15705366 -0.16748655 1.502
-0.1544432 -0.16748655 1.502
-0.15183274 -0.16748655 1.502
-0.14922228 -0.16748655 1.502
-0.14661182 -0.16748655 1.502
-0.14400136 -0.16748655 1.502
-0.1413909 -0.16748655 1.502
-0.091792129 -0.16748655 1.502
-0.089181662 -0.16748655 1.502
-0.086571202 -0.16748655 1.502
-0.083960742 -0.16748655 1.502
-0.081350282 -0.16748655 1.502
-0.078739822 -0.16748655 1.502
-0.076129355 -0.16748655 1.502
-0.073518895 -0.16748655 1.502
-0.070908435 -0.16748655 1.502
-0.068297975 -0.16748655 1.502
-0.065687507 -0.16748655 1.502
-0.063077047 -0.16748655 1.502
-0.060466588 -0.16748655 1.502
-0.026530584 -0.16748655 1.502
-0.023920123 -0.16748655 1.502
-0.021309661 -0.16748655 1.502
-0.018699199 -0.16748655 1.502
-0.016088737 -0.16748655 1.502
-0.013478275 -0.16748655 1.502
-0.010867815 -0.16748655 1.502
-0.0082573527 -0.16748655 1.502
0.049041852 -0.16704053 1.498
0.051645365 -0.16704053 1.498
0.054248873 -0.16704053 1.498
0.056852382 -0.16704053 1.498
0.059455894 -0.16704053 1.498
0.062059402 -0.16704053 1.498
0.075076953 -0.16704053 1.498
0.077680461 -0.16704053 1.498
0.10631907 -0.16704053 1.498
0.10892258 -0.16704053 1.498
0.11152609 -0.16704053 1.498
0.1141296 -0.16704053 1.498
0.139884 -0.166706 1.495
0.14248228 -0.166706 1.495
0.14508058 -0.166706 1.495
0.14767888 -0.166706 1.495
0.15027718 -0.166706 1.495
0.15318225 -0.16704053 1.498
0.15578575 -0.16704053 1.498
0.15838927 -0.16704053 1.498
-0.24891602 -0.1652054 1.505
-0.24630034 -0.1652054 1.505
-0.20968087 -0.1652054 1.505
-0.20183384 -0.1652054 1.505
-0.19921817 -0.1652054 1.505
-0.19660249 -0.1652054 1.505
-0.19398682 -0.1652054 1.505
-0.19137114 -0.1652054 1.505
-0.18875547 -0.1652054 1.505
-0.18576875 -0.16487609 1.502
-0.18315829 -0.16487609 1.502
-0.18054782 -0.16487609 1.502
-0.17793736 -0.16487609 1.502
-0.1753269 -0.16487609 1.502
-0.15705366 -0.16487609 1.502
-0.1544432 -0.16487609 1.502
-0.15183274 -0.16487609 1.502
-0.14922228 -0.16487609 1.502
-0.091792129 -0.16487609 1.502
-0.089181662 -0.16487609 1.502
-0.086571202 -0.16487609 1.502
-0.083960742 -0.16487609 1.502
-0.081350282 -0.16487609 1.502
-0.065687507 -0.16487609 1.502
-0.063077047 -0.16487609 1.502
-0.060466588 -0.16487609 1.502
-0.057856124 -0.16487609 1.502
-0.029141046 -0.16487609 1.502
-0.026530584 -0.16487609 1.502
-0.023920123 -0.16487609 1.502
-0.021309661 -0.16487609 1.502
-0.018699199 -0.16487609 1.502
-0.016088737 -0.16487609 1.502
-0.013478275 -0.16487609 1.502
-0.010867815 -0.16487609 1.502
-0.0082573527 -0.16487609 1.502
0.049041852 -0.16443701 1.498
0.051645365 -0.16443701 1.498
0.054248873 -0.16443701 1.498
0.056852382 -0.16443701 1.498
0.059455894 -0.16443701 1.498
0.075076953 -0.16443701 1.498
0.077680461 -0.16443701 1.498
0.08028397 -0.16443701 1.498
0.10631907 -0.16443701 1.498
0.10892258 -0.16443701 1.498
0.11152609 -0.16443701 1.498
0.1141296 -0.16443701 1.498
0.139884 -0.1641077 1.495
0.14248228 -0.1641077 1.495
0.14508058 -0.1641077 1.495
0.14767888 -0.1641077 1.495
0.15027718 -0.1641077 1.495
0.15318225 -0.16443701 1.498
0.15578575 -0.16443701 1.498
0.15838927 -0.16443701 1.498
-0.24891602 -0.16258973 1.505
-0.24630034 -0.16258973 1.505
-0.24368466 -0.16258973 1.505
-0.23322196 -0.16258973 1.505
-0.20968087 -0.16258973 1.505
-0.19921817 -0.16258973 1.505
-0.19660249 -0.16258973 1.505
-0.19398682 -0.16258973 1.505
-0.19137114 -0.16258973 1.505
-0.18875547 -0.16258973 1.505
-0.18576875 -0.16226563 1.502
-0.18315829 -0.16226563 1.502
-0.18054782 -0.16226563 1.502
-0.17793736 -0.16226563 1.502
-0.1753269 -0.16226563 1.502
-0.1544432 -0.16226563 1.502
-0.15183274 -0.16226563 1.502
-0.14922228 -0.16226563 1.502
-0.091792129 -0.16226563 1.502
-0.089181662 -0.16226563 1.502
-0.086571202 -0.16226563 1.502
-0.083960742 -0.16226563 1.502
-0.081350282 -0.16226563 1.502
-0.060466588 -0.16226563 1.502
-0.057856124 -0.16226563 1.502
-0.031751506 -0.16226563 1.502
-0.029141046 -0.16226563 1.502
-0.026530584 -0.16226563 1.502
-0.023920123 -0.16226563 1.502
-0.021309661 -0.16226563 1.502
-0.018699199 -0.16226563 1.502
-0.016088737 -0.16226563 1.502
-0.013478275 -0.16226563 1.502
-0.010867815 -0.16226563 1.502
0.046438344 -0.16183351 1.498
0.049041852 -0.16183351 1.498
0.051645365 -0.16183351 1.498
0.054248873 -0.16183351 1.498
0.056852382 -0.16183351 1.498
0.077680461 -0.16183351 1.498
0.08028397 -0.16183351 1.498
0.10631907 -0.16183351 1.498
0.10892258 -0.16183351 1.498
0.11152609 -0.16183351 1.498
0.1141296 -0.16183351 1.498
0.13728569 -0.16150941 1.495
0.139884 -0.16150941 1.495
0.14248228 -0.16150941 1.495
0.14508058 -0.16150941 1.495
0.14767888 -0.16150941 1.495
0.15027718 -0.16150941 1.495
0.15318225 -0.16183351 1.498
0.15578575 -0.16183351 1.498
0.15838927 -0.16183351 1.498
0.16099277 -0.16183351 1.498
0.16359629 -0.16183351 1.498
-0.24891602 -0.15997405 1.505
-0.24630034 -0.15997405 1.505
-0.24368466 -0.15997405 1.505
-0.24106899 -0.15997405 1.505
-0.23845331 -0.15997405 1.505
-0.23583764 -0.15997405 1.505
-0.23322196 -0.15997405 1.505
-0.23060627 -0.15997405 1.505
-0.19660249 -0.15997405 1.505
-0.19398682 -0.15997405 1.505
-0.19137114 -0.15997405 1.505
-0.18875547 -0.15997405 1.505
-0.18613979 -0.15997405 1.505
-0.18315829 -0.15965517 1.502
-0.18054782 -0.15965517 1.502
-0.17793736 -0.15965517 1.502
-0.1753269 -0.15965517 1.502
-0.17271644 -0.15965517 1.502
-0.094402589 -0.15965517 1.502
-0.091792129 -0.15965517 1.502
-0.089181662 -0.15965517 1.502
-0.086571202 -0.15965517 1.502
-0.083960742 -0.15965517 1.502
-0.081350282 -0.15965517 1.502
-0.057856124 -0.15965517 1.502
-0.055245664 -0.15965517 1.502
-0.031751506 -0.15965517 1.502
-0.029141046 -0.15965517 1.502
-0.026530584 -0.15965517 1.502
-0.023920123 -0.15965517 1.502
-0.021309661 -0.15965517 1.502
-0.018699199 -0.15965517 1.502
-0.016088737 -0.15965517 1.502
-0.013478275 -0.15965517 1.502
0.046438344 -0.15922999 1.498
0.049041852 -0.15922999 1.498
0.051645365 -0.15922999 1.498
0.054248873 -0.15922999 1.498
0.08028397 -0.15922999 1.498
0.082887478 -0.15922999 1.498
0.085490994 -0.15922999 1.498
0.10371556 -0.15922999 1.498
0.10631907 -0.15922999 1.498
0.10892258 -0.15922999 1.498
0.11152609 -0.15922999 1.498
0.13728569 -0.15891111 1.495
0.139884 -0.15891111 1.495
0.14248228 -0.15891111 1.495
0.14508058 -0.15891111 1.495
0.14767888 -0.15891111 1.495
0.15027718 -0.15891111 1.495
0.15287547 -0.15891111 1.495
0.15578575 -0.15922999 1.498
0.15838927 -0.15922999 1.498
0.16099277 -0.15922999 1.498
0.16359629 -0.15922999 1.498
0.16619979 -0.15922999 1.498
0.21523458 -0.15891111 1.495
-0.24891602 -0.15735838 1.505
-0.24630034 -0.15735838 1.505
-0.24368466 -0.15735838 1.505
-0.24106899 -0.15735838 1.505
-0.23845331 -0.15735838 1.505
-0.23583764 -0.15735838 1.505
-0.23322196 -0.15735838 1.505
-0.23060627 -0.15735838 1.505
-0.2279906 -0.15735838 1.505
-0.19398682 -0.15735838 1.505
-0.19137114 -0.15735838 1.505
-0.18875547 -0.15735838 1.505
-0.18613979 -0.15735838 1.505
-0.18315829 -0.15704471 1.502
-0.18054782 -0.15704471 1.502
-0.17793736 -0.15704471 1.502
-0.1753269 -0.15704471 1.502
-0.17271644 -0.15704471 1.502
-0.17010598 -0.15704471 1.502
-0.094402589 -0.15704471 1.502
-0.091792129 -0.15704471 1.502
-0.089181662 -0.15704471 1.502
-0.081350282 -0.15704471 1.502
-0.078739822 -0.15704471 1.502
-0.057856124 -0.15704471 1.502
-0.055245664 -0.15704471 1.502
-0.031751506 -0.15704471 1.502
-0.029141046 -0.15704471 1.502
-0.026530584 -0.15704471 1.502
-0.023920123 -0.15704471 1.502
-0.021309661 -0.15704471 1.502
-0.018699199 -0.15704471 1.502
-0.016088737 -0.15704471 1.502
-0.013478275 -0.15704471 1.502
-0.010867815 -0.15704471 1.502
0.046438344 -0.15662648 1.498
0.049041852 -0.15662648 1.498
0.051645365 -0.15662648 1.498
0.054248873 -0.15662648 1.498
0.08028397 -0.15662648 1.498
0.082887478 -0.15662648 1.498
0.085490994 -0.15662648 1.498
0.088094503 -0.15662648 1.498
0.090698011 -0.15662648 1.498
0.10371556 -0.15662648 1.498
0.10631907 -0.15662648 1.498
0.10892258 -0.15662648 1.498
0.13468739 -0.15631281 1.495
0.13728569 -0.15631281 1.495
0.139884 -0.15631281 1.495
0.14248228 -0.15631281 1.495
0.14508058 -0.15631281 1.495
0.14767888 -0.15631281 1.495
0.15027718 -0.15631281 1.495
0.15287547 -0.15631281 1.495
0.15578575 -0.15662648 1.498
0.15838927 -0.15662648 1.498
0.16099277 -0.15662648 1.498
0.16359629 -0.15662648 1.498
0.16619979 -0.15662648 1.498
0.21263628 -0.15631281 1.495
0.21523458 -0.15631281 1.495
0.21783286 -0.15631281 1.495
0.22043116 -0.15631281 1.495
0.22302946 -0.15631281 1.495
0.22562775 -0.15631281 1.495
0.22822605 -0.15631281 1.495
-0.24891602 -0.1547427 1.505
-0.24630034 -0.1547427 1.505
-0.24368466 -0.1547427 1.505
-0.24106899 -0.1547427 1.505
-0.23845331 -0.1547427 1.505
-0.23583764 -0.1547427 1.505
-0.23322196 -0.1547427 1.505
-0.23060627 -0.1547427 1.505
-0.2279906 -0.1547427 1.505
-0.19137114 -0.1547427 1.505
-0.18875547 -0.1547427 1.505
-0.18613979 -0.1547427 1.505
-0.18315829 -0.15443425 1.502
-0.18054782 -0.15443425 1.502
-0.17793736 -0.15443425 1.502
-0.1753269 -0.15443425 1.502
-0.17271644 -0.15443425 1.502
-0.17010598 -0.15443425 1.502
-0.15966412 -0.15443425 1.502
-0.13616997 -0.15443425 1.502
-0.097013049 -0.15443425 1.502
-0.094402589 -0.15443425 1.502
-0.091792129 -0.15443425 1.502
-0.081350282 -0.15443425 1.502
-0.078739822 -0.15443425 1.502
-0.060466588 -0.15443425 1.502
-0.057856124 -0.15443425 1.502
-0.031751506 -0.15443425 1.502
-0.029141046 -0.15443425 1.502
-0.026530584 -0.15443425 1.502
-0.023920123 -0.15443425 1.502
-0.021309661 -0.15443425 1.502
-0.016088737 -0.15443425 1.502
-0.013478275 -0.15443425 1.502
-0.010867815 -0.15443425 1.502
0.043834835 -0.15402298 1.498
0.046438344 -0.15402298 1.498
0.049041852 -0.15402298 1.498
0.051645365 -0.15402298 1.498
0.082887478 -0.15402298 1.498
0.085490994 -0.15402298 1.498
0.088094503 -0.15402298 1.498
0.090698011 -0.15402298 1.498
0.09330152 -0.15402298 1.498
0.095905028 -0.15402298 1.498
0.098508537 -0.15402298 1.498
0.10111205 -0.15402298 1.498
0.10371556 -0.15402298 1.498
0.10631907 -0.15402298 1.498
0.10892258 -0.15402298 1.498
0.13468739 -0.15371452 1.495
0.13728569 -0.15371452 1.495
0.139884 -0.15371452 1.495
0.14248228 -0.15371452 1.495
0.14508058 -0.15371452 1.495
0.14767888 -0.15371452 1.495
0.15027718 -0.15371452 1.495
0.15287547 -0.15371452 1.495
0.15578575 -0.15402298 1.498
0.15838927 -0.15402298 1.498
0.16099277 -0.15402298 1.498
0.16359629 -0.15402298 1.498
0.21003798 -0.15371452 1.495
0.21263628 -0.15371452 1.495
0.21523458 -0.15371452 1.495
0.21783286 -0.15371452 1.495
0.22043116 -0.15371452 1.495
0.22302946 -0.15371452 1.495
0.22562775 -0.15371452 1.495
0.22822605 -0.15371452 1.495
0.23082435 -0.15371452 1.495
-0.24891602 -0.15212703 1.505
-0.24630034 -0.15212703 1.505
-0.24368466 -0.15212703 1.505
-0.24106899 -0.15212703 1.505
-0.23845331 -0.15212703 1.505
-0.23583764 -0.15212703 1.505
-0.23322196 -0.15212703 1.505
-0.23060627 -0.15212703 1.505
-0.18875547 -0.15212703 1.505
-0.18613979 -0.15212703 1.505
-0.18315829 -0.15182379 1.502
-0.18054782 -0.15182379 1.502
-0.17793736 -0.15182379 1.502
-0.1753269 -0.15182379 1.502
-0.17271644 -0.15182379 1.502
-0.17010598 -0.15182379 1.502
-0.16749552 -0.15182379 1.502
-0.15966412 -0.15182379 1.502
-0.15705366 -0.15182379 1.502
-0.13878043 -0.15182379 1.502
-0.13616997 -0.15182379 1.502
-0.13355951 -0.15182379 1.502
-0.12572813 -0.15182379 1.502
-0.1205072 -0.15182379 1.502
-0.11789674 -0.15182379 1.502
-0.10223398 -0.15182379 1.502
-0.099623509 -0.15182379 1.502
-0.097013049 -0.15182379 1.502
-0.094402589 -0.15182379 1.502
-0.078739822 -0.15182379 1.502
-0.076129355 -0.15182379 1.502
-0.060466588 -0.15182379 1.502
-0.057856124 -0.15182379 1.502
-0.031751506 -0.15182379 1.502
-0.029141046 -0.15182379 1.502
-0.026530584 -0.15182379 1.502
-0.013478275 -0.15182379 1.502
0.043834835 -0.15141946 1.498
0.046438344 -0.15141946 1.498
0.049041852 -0.15141946 1.498
0.051645365 -0.15141946 1.498
0.082887478 -0.15141946 1.498
0.085490994 -0.15141946 1.498
0.088094503 -0.15141946 1.498
0.090698011 -0.15141946 1.498
0.09330152 -0.15141946 1.498
0.095905028 -0.15141946 1.498
0.098508537 -0.15141946 1.498
0.10111205 -0.15141946 1.498
0.10371556 -0.15141946 1.498
0.13208911 -0.15111622 1.495
0.13468739 -0.15111622 1.495
0.13728569 -0.15111622 1.495
0.139884 -0.15111622 1.495
0.14248228 -0.15111622 1.495
0.14508058 -0.15111622 1.495
0.14767888 -0.15111622 1.495
0.15027718 -0.15111622 1.495
0.15287547 -0.15111622 1.495
0.15578575 -0.15141946 1.498
0.15838927 -0.15141946 1.498
0.16099277 -0.15141946 1.498
0.16359629 -0.15141946 1.498
0.21003798 -0.15111622 1.495
0.21263628 -0.15111622 1.495
0.21523458 -0.15111622 1.495
0.21783286 -0.15111622 1.495
0.22043116 -0.15111622 1.495
0.22302946 -0.15111622 1.495
0.22562775 -0.15111622 1.495
0.22822605 -0.15111622 1.495
0.23082435 -0.15111622 1.495
0.23342264 -0.15111622 1.495
-0.23583764 -0.14951135 1.505
-0.23322196 -0.14951135 1.505
-0.18875547 -0.14951135 1.505
-0.18613979 -0.14951135 1.505
-0.18315829 -0.14921333 1.502
-0.18054782 -0.14921333 1.502
-0.17793736 -0.14921333 1.502
-0.1753269 -0.14921333 1.502
-0.17271644 -0.14921333 1.502
-0.17010598 -0.14921333 1.502
-0.16749552 -0.14921333 1.502
-0.1622746 -0.14921333 1.502
-0.15966412 -0.14921333 1.502
-0.15705366 -0.14921333 1.502
-0.13878043 -0.14921333 1.502
-0.13616997 -0.14921333 1.502
-0.13355951 -0.14921333 1.502
-0.12833859 -0.14921333 1.502
-0.12572813 -0.14921333 1.502
-0.12311767 -0.14921333 1.502
-0.1205072 -0.14921333 1.502
-0.11789674 -0.14921333 1.502
-0.11528628 -0.14921333 1.502
-0.10484444 -0.14921333 1.502
-0.10223398 -0.14921333 1.502
-0.099623509 -0.14921333 1.502
-0.097013049 -0.14921333 1.502
-0.076129355 -0.14921333 1.502
-0.060466588 -0.14921333 1.502
-0.057856124 -0.14921333 1.502
-0.031751506 -0.14921333 1.502
-0.029141046 -0.14921333 1.502
0.043834835 -0.14881596 1.498
0.046438344 -0.14881596 1.498
0.049041852 -0.14881596 1.498
0.051645365 -0.14881596 1.498
0.082887478 -0.14881596 1.498
0.085490994 -0.14881596 1.498
0.088094503 -0.14881596 1.498
0.090698011 -0.14881596 1.498
0.09330152 -0.14881596 1.498
0.095905028 -0.14881596 1.498
0.098508537 -0.14881596 1.498
0.10111205 -0.14881596 1.498
0.13468739 -0.14851792 1.495
0.13728569 -0.14851792 1.495
0.139884 -0.14851792 1.495
0.14248228 -0.14851792 1.495
0.14508058 -0.14851792 1.495
0.14767888 -0.14851792 1.495
0.15027718 -0.14851792 1.495
0.15287547 -0.14851792 1.495
0.15578575 -0.14881596 1.498
0.15838927 -0.14881596 1.498
0.16099277 -0.14881596 1.498
0.20743968 -0.14851792 1.495
0.21003798 -0.14851792 1.495
0.21263628 -0.14851792 1.495
0.21523458 -0.14851792 1.495
0.21783286 -0.14851792 1.495
0.22043116 -0.14851792 1.495
0.22302946 -0.14851792 1.495
0.22562775 -0.14851792 1.495
0.22822605 -0.14851792 1.495
0.23082435 -0.14851792 1.495
0.23342264 -0.14851792 1.495
-0.23845331 -0.14689568 1.505
-0.23583764 -0.14689568 1.505
-0.23322196 -0.14689568 1.505
-0.18613979 -0.14689568 1.505
-0.18315829 -0.14660285 1.502
-0.18054782 -0.14660285 1.502
-0.17793736 -0.14660285 1.502
-0.1753269 -0.14660285 1.502
-0.17271644 -0.14660285 1.502
-0.17010598 -0.14660285 1.502
-0.16749552 -0.14660285 1.502
-0.1622746 -0.14660285 1.502
-0.15966412 -0.14660285 1.502
-0.15705366 -0.14660285 1.502
-0.13616997 -0.14660285 1.502
-0.13355951 -0.14660285 1.502
-0.13094905 -0.14660285 1.502
-0.12833859 -0.14660285 1.502
-0.12572813 -0.14660285 1.502
-0.12311767 -0.14660285 1.502
-0.1205072 -0.14660285 1.502
-0.11789674 -0.14660285 1.502
-0.11528628 -0.14660285 1.502
-0.11267582 -0.14660285 1.502
-0.11006536 -0.14660285 1.502
-0.1074549 -0.14660285 1.502
-0.10484444 -0.14660285 1.502
-0.10223398 -0.14660285 1.502
-0.099623509 -0.14660285 1.502
-0.097013049 -0.14660285 1.502
-0.076129355 -0.14660285 1.502
-0.073518895 -0.14660285 1.502
-0.060466588 -0.14660285 1.502
-0.057856124 -0.14660285 1.502
-0.031751506 -0.14660285 1.502
-0.013442382 -0.14621244 1.498
0.046438344 -0.14621244 1.498
0.049041852 -0.14621244 1.498
0.051645365 -0.14621244 1.498
0.085490994 -0.14621244 1.498
0.088094503 -0.14621244 1.498
0.090698011 -0.14621244 1.498
0.09330152 -0.14621244 1.498
0.095905028 -0.14621244 1.498
0.098508537 -0.14621244 1.498
0.10111205 -0.14621244 1.498
0.12949081 -0.14591962 1.495
0.13208911 -0.14591962 1.495
0.13468739 -0.14591962 1.495
0.13728569 -0.14591962 1.495
0.139884 -0.14591962 1.495
0.14248228 -0.14591962 1.495
0.14508058 -0.14591962 1.495
0.14767888 -0.14591962 1.495
0.15027718 -0.14591962 1.495
0.15318225 -0.14621244 1.498
0.15578575 -0.14621244 1.498
0.15838927 -0.14621244 1.498
0.20484139 -0.14591962 1.495
0.20743968 -0.14591962 1.495
0.21003798 -0.14591962 1.495
0.21263628 -0.14591962 1.495
0.22043116 -0.14591962 1.495
0.22302946 -0.14591962 1.495
0.22562775 -0.14591962 1.495
0.22822605 -0.14591962 1.495
0.23082435 -0.14591962 1.495
0.23342264 -0.14591962 1.495
-0.23845331 -0.14428 1.505
-0.23583764 -0.14428 1.505
-0.23322196 -0.14428 1.505
-0.18613979 -0.14428 1.505
-0.18315829 -0.14399239 1.502
-0.18054782 -0.14399239 1.502
-0.17793736 -0.14399239 1.502
-0.1753269 -0.14399239 1.502
-0.17271644 -0.14399239 1.502
-0.15966412 -0.14399239 1.502
-0.15705366 -0.14399239 1.502
-0.13616997 -0.14399239 1.502
-0.13355951 -0.14399239 1.502
-0.13094905 -0.14399239 1.502
-0.12833859 -0.14399239 1.502
-0.12572813 -0.14399239 1.502
-0.12311767 -0.14399239 1.502
-0.1205072 -0.14399239 1.502
-0.11789674 -0.14399239 1.502
-0.11528628 -0.14399239 1.502
-0.11267582 -0.14399239 1.502
-0.11006536 -0.14399239 1.502
-0.1074549 -0.14399239 1.502
-0.10484444 -0.14399239 1.502
-0.10223398 -0.14399239 1.502
-0.099623509 -0.14399239 1.502
-0.073518895 -0.14399239 1.502
-0.060466588 -0.14399239 1.502
-0.057856124 -0.14399239 1.502
-0.03436197 -0.14399239 1.502
-0.031751506 -0.14399239 1.502
-0.013442382 -0.14360894 1.498
0.046438344 -0.14360894 1.498
0.049041852 -0.14360894 1.498
0.051645365 -0.14360894 1.498
0.054248873 -0.14360894 1.498
0.088094503 -0.14360894 1.498
0.090698011 -0.14360894 1.498
0.09330152 -0.14360894 1.498
0.098508537 -0.14360894 1.498
0.12949081 -0.14332134 1.495
0.13208911 -0.14332134 1.495
0.13468739 -0.14332134 1.495
0.13728569 -0.14332134 1.495
0.139884 -0.14332134 1.495
0.14248228 -0.14332134 1.495
0.14508058 -0.14332134 1.495
0.14767888 -0.14332134 1.495
0.15057874 -0.14360894 1.498
0.15318225 -0.14360894 1.498
0.15578575 -0.14360894 1.498
0.20224309 -0.14332134 1.495
0.20484139 -0.14332134 1.495
0.20743968 -0.14332134 1.495
0.21003798 -0.14332134 1.495
0.22043116 -0.14332134 1.495
0.22302946 -0.14332134 1.495
0.22562775 -0.14332134 1.495
0.22822605 -0.14332134 1.495
0.23082435 -0.14332134 1.495
0.23342264 -0.14332134 1.495
-0.23845331 -0.14166433 1.505
-0.23583764 -0.14166433 1.505
-0.23322196 -0.14166433 1.505
-0.23060627 -0.14166433 1.505
-0.18613979 -0.14166433 1.505
-0.18352412 -0.14166433 1.505
-0.18054782 -0.14138193 1.502
-0.17793736 -0.14138193 1.502
-0.1753269 -0.14138193 1.502
-0.17271644 -0.14138193 1.502
-0.15966412 -0.14138193 1.502
-0.15705366 -0.14138193 1.502
-0.13616997 -0.14138193 1.502
-0.13355951 -0.14138193 1.502
-0.13094905 -0.14138193 1.502
-0.12833859 -0.14138193 1.502
-0.1205072 -0.14138193 1.502
-0.11789674 -0.14138193 1.502
-0.11528628 -0.14138193 1.502
-0.11267582 -0.14138193 1.502
-0.11006536 -0.14138193 1.502
-0.1074549 -0.14138193 1.502
-0.10484444 -0.14138193 1.502
-0.10223398 -0.14138193 1.502
-0.099623509 -0.14138193 1.502
-0.073518895 -0.14138193 1.502
-0.070908435 -0.14138193 1.502
-0.060466588 -0.14138193 1.502
-0.057856124 -0.14138193 1.502
-0.03436197 -0.14138193 1.502
-0.031751506 -0.14138193 1.502
-0.016045893 -0.14100543 1.498
0.049041852 -0.14100543 1.498
0.051645365 -0.14100543 1.498
0.054248873 -0.14100543 1.498
0.056852382 -0.14100543 1.498
0.090698011 -0.14100543 1.498
0.10892258 -0.14100543 1.498
0.12689251 -0.14072303 1.495
0.12949081 -0.14072303 1.495
0.13208911 -0.14072303 1.495
0.13468739 -0.14072303 1.495
0.13728569 -0.14072303 1.495
0.139884 -0.14072303 1.495
0.14248228 -0.14072303 1.495
0.14508058 -0.14072303 1.495
0.14767888 -0.14072303 1.495
0.15057874 -0.14100543 1.498
0.15318225 -0.14100543 1.498
0.15578575 -0.14100543 1.498
0.19964479 -0.14072303 1.495
0.20224309 -0.14072303 1.495
0.20484139 -0.14072303 1.495
0.20743968 -0.14072303 1.495
0.21003798 -0.14072303 1.495
0.22302946 -0.14072303 1.495
0.22562775 -0.14072303 1.495
0.22822605 -0.14072303 1.495
0.23082435 -0.14072303 1.495
0.23342264 -0.14072303 1.495
-0.24106899 -0.13904865 1.505
-0.23845331 -0.13904865 1.505
-0.23583764 -0.13904865 1.505
-0.23322196 -0.13904865 1.505
-0.23060627 -0.13904865 1.505
-0.2279906 -0.13904865 1.505
-0.18613979 -0.13904865 1.505
-0.18352412 -0.13904865 1.505
-0.18054782 -0.13877147 1.502
-0.17793736 -0.13877147 1.502
-0.1753269 -0.13877147 1.502
-0.17271644 -0.13877147 1.502
-0.17010598 -0.13877147 1.502
-0.16749552 -0.13877147 1.502
-0.15966412 -0.13877147 1.502
-0.15705366 -0.13877147 1.502
-0.13878043 -0.13877147 1.502
-0.13616997 -0.13877147 1.502
-0.13355951 -0.13877147 1.502
-0.11789674 -0.13877147 1.502
-0.11528628 -0.13877147 1.502
-0.11267582 -0.13877147 1.502
-0.11006536 -0.13877147 1.502
-0.1074549 -0.13877147 1.502
-0.10484444 -0.13877147 1.502
-0.10223398 -0.13877147 1.502
-0.099623509 -0.13877147 1.502
-0.070908435 -0.13877147 1.502
-0.060466588 -0.13877147 1.502
-0.057856124 -0.13877147 1.502
-0.03436197 -0.13877147 1.502
-0.031751506 -0.13877147 1.502
-0.016045893 -0.13840191 1.498
0.051645365 -0.13840191 1.498
0.054248873 -0.13840191 1.498
0.056852382 -0.13840191 1.498
0.059455894 -0.13840191 1.498
0.10631907 -0.13840191 1.498
0.10892258 -0.13840191 1.498
0.11152609 -0.13840191 1.498
0.1141296 -0.13840191 1.498
0.11673311 -0.13840191 1.498
0.11933662 -0.13840191 1.498
0.12689251 -0.13812473 1.495
0.12949081 -0.13812473 1.495
0.13208911 -0.13812473 1.495
0.13468739 -0.13812473 1.495
0.13728569 -0.13812473 1.495
0.139884 -0.13812473 1.495
0.14248228 -0.13812473 1.495
0.14508058 -0.13812473 1.495
0.14767888 -0.13812473 1.495
0.15057874 -0.13840191 1.498
0.15318225 -0.13840191 1.498
0.15578575 -0.13840191 1.498
0.1970465 -0.13812473 1.495
0.19964479 -0.13812473 1.495
0.20224309 -0.13812473 1.495
0.20484139 -0.13812473 1.495
0.20743968 -0.13812473 1.495
0.21003798 -0.13812473 1.495
0.22302946 -0.13812473 1.495
0.22562775 -0.13812473 1.495
0.22822605 -0.13812473 1.495
0.23082435 -0.13812473 1.495
0.23342264 -0.13812473 1.495
-0.24106899 -0.13643298 1.505
-0.23845331 -0.13643298 1.505
-0.23583764 -0.13643298 1.505
-0.23322196 -0.13643298 1.505
-0.23060627 -0.13643298 1.505
-0.2279906 -0.13643298 1.505
-0.18875547 -0.13643298 1.505
-0.18613979 -0.13643298 1.505
-0.18352412 -0.13643298 1.505
-0.18054782 -0.13616101 1.502
-0.17793736 -0.13616101 1.502
-0.1753269 -0.13616101 1.502
-0.17271644 -0.13616101 1.502
-0.17010598 -0.13616101 1.502
-0.16749552 -0.13616101 1.502
-0.16488506 -0.13616101 1.502
-0.1622746 -0.13616101 1.502
-0.15966412 -0.13616101 1.502
-0.15705366 -0.13616101 1.502
-0.1544432 -0.13616101 1.502
-0.15183274 -0.13616101 1.502
-0.14922228 -0.13616101 1.502
-0.14400136 -0.13616101 1.502
-0.1413909 -0.13616101 1.502
-0.13878043 -0.13616101 1.502
-0.13616997 -0.13616101 1.502
-0.11267582 -0.13616101 1.502
-0.11006536 -0.13616101 1.502
-0.1074549 -0.13616101 1.502
-0.10484444 -0.13616101 1.502
-0.10223398 -0.13616101 1.502
-0.099623509 -0.13616101 1.502
-0.073518895 -0.13616101 1.502
-0.070908435 -0.13616101 1.502
-0.060466588 -0.13616101 1.502
-0.057856124 -0.13616101 1.502
-0.03436197 -0.13616101 1.502
-0.031751506 -0.13616101 1.502
-0.029141046 -0.13616101 1.502
-0.018649401 -0.13579841 1.498
-0.016045893 -0.13579841 1.498
-0.013442382 -0.13579841 1.498
-0.0082353624 -0.13579841 1.498
-0.0056318524 -0.13579841 1.498
-0.0030283427 -0.13579841 1.498
-0.00042483292 -0.13579841 1.498
0.0021786769 -0.13579841 1.498
0.0047821868 -0.13579841 1.498
0.0073856968 -0.13579841 1.498
0.054248873 -0.13579841 1.498
0.056852382 -0.13579841 1.498
0.059455894 -0.13579841 1.498
0.062059402 -0.13579841 1.498
0.064662911 -0.13579841 1.498
0.06726642 -0.13579841 1.498
0.10371556 -0.13579841 1.498
0.10631907 -0.13579841 1.498
0.10892258 -0.13579841 1.498
0.11152609 -0.13579841 1.498
0.1141296 -0.13579841 1.498
0.11673311 -0.13579841 1.498
0.11933662 -0.13579841 1.498
0.12194013 -0.13579841 1.498
0.12454364 -0.13579841 1.498
0.12689251 -0.13552645 1.495
0.12949081 -0.13552645 1.495
0.13208911 -0.13552645 1.495
0.13468739 -0.13552645 1.495
0.13728569 -0.13552645 1.495
0.139884 -0.13552645 1.495
0.14248228 -0.13552645 1.495
0.14508058 -0.13552645 1.495
0.14797522 -0.13579841 1.498
0.15057874 -0.13579841 1.498
0.15318225 -0.13579841 1.498
0.15578575 -0.13579841 1.498
0.1970465 -0.13552645 1.495
0.19964479 -0.13552645 1.495
0.20224309 -0.13552645 1.495
0.20484139 -0.13552645 1.495
0.20743968 -0.13552645 1.495
0.21003798 -0.13552645 1.495
0.22302946 -0.13552645 1.495
0.22562775 -0.13552645 1.495
0.22822605 -0.13552645 1.495
0.23082435 -0.13552645 1.495
0.23342264 -0.13552645 1.495
-0.24106899 -0.1338173 1.505
-0.23845331 -0.1338173 1.505
-0.23583764 -0.1338173 1.505
-0.23322196 -0.1338173 1.505
-0.23060627 -0.1338173 1.505
-0.2279906 -0.1338173 1.505
-0.22537492 -0.1338173 1.505
-0.18875547 -0.1338173 1.505
-0.18613979 -0.1338173 1.505
-0.18352412 -0.1338173 1.505
-0.18090844 -0.1338173 1.505
-0.17793736 -0.13355055 1.502
-0.1753269 -0.13355055 1.502
-0.17271644 -0.13355055 1.502
-0.17010598 -0.13355055 1.502
-0.16749552 -0.13355055 1.502
-0.16488506 -0.13355055 1.502
-0.1622746 -0.13355055 1.502
-0.15966412 -0.13355055 1.502
-0.15705366 -0.13355055 1.502
-0.1544432 -0.13355055 1.502
-0.15183274 -0.13355055 1.502
-0.14922228 -0.13355055 1.502
-0.14661182 -0.13355055 1.502
-0.14400136 -0.13355055 1.502
-0.1413909 -0.13355055 1.502
-0.13878043 -0.13355055 1.502
-0.13616997 -0.13355055 1.502
-0.11528628 -0.13355055 1.502
-0.11267582 -0.13355055 1.502
-0.11006536 -0.13355055 1.502
-0.1074549 -0.13355055 1.502
-0.10484444 -0.13355055 1.502
-0.10223398 -0.13355055 1.502
-0.099623509 -0.13355055 1.502
-0.076129355 -0.13355055 1.502
-0.073518895 -0.13355055 1.502
-0.070908435 -0.13355055 1.502
-0.060466588 -0.13355055 1.502
-0.057856124 -0.13355055 1.502
-0.03436197 -0.13355055 1.502
-0.031751506 -0.13355055 1.502
-0.029141046 -0.13355055 1.502
-0.018649401 -0.13319489 1.498
-0.016045893 -0.13319489 1.498
-0.013442382 -0.13319489 1.498
-0.010838872 -0.13319489 1.498
-0.0082353624 -0.13319489 1.498
-0.0056318524 -0.13319489 1.498
-0.0030283427 -0.13319489 1.498
-0.00042483292 -0.13319489 1.498
0.0021786769 -0.13319489 1.498
0.0047821868 -0.13319489 1.498
0.0073856968 -0.13319489 1.498
0.0099892067 -0.13319489 1.498
0.012592716 -0.13319489 1.498
0.056852382 -0.13319489 1.498
0.059455894 -0.13319489 1.498
0.062059402 -0.13319489 1.498
0.064662911 -0.13319489 1.498
0.06726642 -0.13319489 1.498
0.069869936 -0.13319489 1.498
0.072473444 -0.13319489 1.498
0.075076953 -0.13319489 1.498
0.10371556 -0.13319489 1.498
0.10631907 -0.13319489 1.498
0.10892258 -0.13319489 1.498
0.11152609 -0.13319489 1.498
0.1141296 -0.13319489 1.498
0.11673311 -0.13319489 1.498
0.11933662 -0.13319489 1.498
0.12194013 -0.13319489 1.498
0.12454364 -0.13319489 1.498
0.12714715 -0.13319489 1.498
0.12949081 -0.13292815 1.495
0.13208911 -0.13292815 1.495
0.13468739 -0.13292815 1.495
0.13728569 -0.13292815 1.495
0.139884 -0.13292815 1.495
0.14248228 -0.13292815 1.495
0.14537172 -0.13319489 1.498
0.14797522 -0.13319489 1.498
0.15057874 -0.13319489 1.498
0.15318225 -0.13319489 1.498
0.15578575 -0.13319489 1.498
0.19964479 -0.13292815 1.495
0.20224309 -0.13292815 1.495
0.20484139 -0.13292815 1.495
0.20743968 -0.13292815 1.495
0.21003798 -0.13292815 1.495
0.22302946 -0.13292815 1.495
0.22562775 -0.13292815 1.495
0.22822605 -0.13292815 1.495
0.23082435 -0.13292815 1.495
-0.24106899 -0.13120162 1.505
-0.23845331 -0.13120162 1.505
-0.23583764 -0.13120162 1.505
-0.23322196 -0.13120162 1.505
-0.23060627 -0.13120162 1.505
-0.2279906 -0.13120162 1.505
-0.22537492 -0.13120162 1.505
-0.19137114 -0.13120162 1.505
-0.18875547 -0.13120162 1.505
-0.18613979 -0.13120162 1.505
-0.18352412 -0.13120162 1.505
-0.18090844 -0.13120162 1.505
-0.17829277 -0.13120162 1.505
-0.1753269 -0.13094009 1.502
-0.17271644 -0.13094009 1.502
-0.17010598 -0.13094009 1.502
-0.16749552 -0.13094009 1.502
-0.16488506 -0.13094009 1.502
-0.1622746 -0.13094009 1.502
-0.15705366 -0.13094009 1.502
-0.1544432 -0.13094009 1.502
-0.15183274 -0.13094009 1.502
-0.14922228 -0.13094009 1.502
-0.14661182 -0.13094009 1.502
-0.14400136 -0.13094009 1.502
-0.1413909 -0.13094009 1.502
-0.13878043 -0.13094009 1.502
-0.13616997 -0.13094009 1.502
-0.13355951 -0.13094009 1.502
-0.11789674 -0.13094009 1.502
-0.11528628 -0.13094009 1.502
-0.11267582 -0.13094009 1.502
-0.11006536 -0.13094009 1.502
-0.1074549 -0.13094009 1.502
-0.10484444 -0.13094009 1.502
-0.10223398 -0.13094009 1.502
-0.099623509 -0.13094009 1.502
-0.097013049 -0.13094009 1.502
-0.078739822 -0.13094009 1.502
-0.076129355 -0.13094009 1.502
-0.073518895 -0.13094009 1.502
-0.070908435 -0.13094009 1.502
-0.057856124 -0.13094009 1.502
-0.055245664 -0.13094009 1.502
-0.0526352 -0.13094009 1.502
-0.05002474 -0.13094009 1.502
-0.047414277 -0.13094009 1.502
-0.044803817 -0.13094009 1.502
-0.03436197 -0.13094009 1.502
-0.031751506 -0.13094009 1.502
-0.029141046 -0.13094009 1.502
-0.021252912 -0.13059139 1.498
-0.018649401 -0.13059139 1.498
-0.016045893 -0.13059139 1.498
-0.013442382 -0.13059139 1.498
-0.010838872 -0.13059139 1.498
-0.0082353624 -0.13059139 1.498
-0.0056318524 -0.13059139 1.498
-0.0030283427 -0.13059139 1.498
-0.00042483292 -0.13059139 1.498
0.0021786769 -0.13059139 1.498
0.0047821868 -0.13059139 1.498
0.0073856968 -0.13059139 1.498
0.0099892067 -0.13059139 1.498
0.012592716 -0.13059139 1.498
0.062059402 -0.13059139 1.498
0.064662911 -0.13059139 1.498
0.06726642 -0.13059139 1.498
0.069869936 -0.13059139 1.498
0.072473444 -0.13059139 1.498
0.075076953 -0.13059139 1.498
0.077680461 -0.13059139 1.498
0.10371556 -0.13059139 1.498
0.10631907 -0.13059139 1.498
0.10892258 -0.13059139 1.498
0.11152609 -0.13059139 1.498
0.1141296 -0.13059139 1.498
0.11673311 -0.13059139 1.498
0.11933662 -0.13059139 1.498
0.12194013 -0.13059139 1.498
0.12454364 -0.13059139 1.498
0.12714715 -0.13059139 1.498
0.12975065 -0.13059139 1.498
0.13208911 -0.13032985 1.495
0.13468739 -0.13032985 1.495
0.13728569 -0.13032985 1.495
0.139884 -0.13032985 1.495
0.14248228 -0.13032985 1.495
0.14508058 -0.13032985 1.495
0.14797522 -0.13059139 1.498
0.15057874 -0.13059139 1.498
0.15318225 -0.13059139 1.498
0.15578575 -0.13059139 1.498
0.19964479 -0.13032985 1.495
0.20224309 -0.13032985 1.495
0.20484139 -0.13032985 1.495
0.20743968 -0.13032985 1.495
0.21003798 -0.13032985 1.495
0.22043116 -0.13032985 1.495
0.22302946 -0.13032985 1.495
0.22562775 -0.13032985 1.495
0.22822605 -0.13032985 1.495
-0.24106899 -0.12858595 1.505
-0.23845331 -0.12858595 1.505
-0.23583764 -0.12858595 1.505
-0.23322196 -0.12858595 1.505
-0.23060627 -0.12858595 1.505
-0.2279906 -0.12858595 1.505
-0.22537492 -0.12858595 1.505
-0.19137114 -0.12858595 1.505
-0.18875547 -0.12858595 1.505
-0.18613979 -0.12858595 1.505
-0.18352412 -0.12858595 1.505
-0.18090844 -0.12858595 1.505
-0.17829277 -0.12858595 1.505
-0.17567709 -0.12858595 1.505
-0.17306142 -0.12858595 1.505
-0.17044574 -0.12858595 1.505
-0.16783006 -0.12858595 1.505
-0.1544432 -0.12832963 1.502
-0.15183274 -0.12832963 1.502
-0.14922228 -0.12832963 1.502
-0.14661182 -0.12832963 1.502
-0.14400136 -0.12832963 1.502
-0.13878043 -0.12832963 1.502
-0.13616997 -0.12832963 1.502
-0.13355951 -0.12832963 1.502
-0.11789674 -0.12832963 1.502
-0.11528628 -0.12832963 1.502
-0.11267582 -0.12832963 1.502
-0.11006536 -0.12832963 1.502
-0.1074549 -0.12832963 1.502
-0.10484444 -0.12832963 1.502
-0.10223398 -0.12832963 1.502
-0.099623509 -0.12832963 1.502
-0.097013049 -0.12832963 1.502
-0.094402589 -0.12832963 1.502
-0.081350282 -0.12832963 1.502
-0.078739822 -0.12832963 1.502
-0.076129355 -0.12832963 1.502
-0.057856124 -0.12832963 1.502
-0.055245664 -0.12832963 1.502
-0.0526352 -0.12832963 1.502
-0.05002474 -0.12832963 1.502
-0.047414277 -0.12832963 1.502
-0.044803817 -0.12832963 1.502
-0.042193353 -0.12832963 1.502
-0.031751506 -0.12832963 1.502
-0.029141046 -0.12832963 1.502
-0.026530584 -0.12832963 1.502
-0.018649401 -0.12798788 1.498
-0.016045893 -0.12798788 1.498
-0.013442382 -0.12798788 1.498
-0.010838872 -0.12798788 1.498
-0.0082353624 -0.12798788 1.498
-0.0056318524 -0.12798788 1.498
-0.0030283427 -0.12798788 1.498
-0.00042483292 -0.12798788 1.498
0.0021786769 -0.12798788 1.498
0.0047821868 -0.12798788 1.498
0.0073856968 -0.12798788 1.498
0.062059402 -0.12798788 1.498
0.064662911 -0.12798788 1.498
0.06726642 -0.12798788 1.498
0.069869936 -0.12798788 1.498
0.072473444 -0.12798788 1.498
0.075076953 -0.12798788 1.498
0.077680461 -0.12798788 1.498
0.10371556 -0.12798788 1.498
0.10631907 -0.12798788 1.498
0.10892258 -0.12798788 1.498
0.11152609 -0.12798788 1.498
0.1141296 -0.12798788 1.498
0.11673311 -0.12798788 1.498
0.11933662 -0.12798788 1.498
0.12194013 -0.12798788 1.498
0.12454364 -0.12798788 1.498
0.12714715 -0.12798788 1.498
0.12975065 -0.12798788 1.498
0.13208911 -0.12773156 1.495
0.13468739 -0.12773156 1.495
0.13728569 -0.12773156 1.495
0.139884 -0.12773156 1.495
0.14248228 -0.12773156 1.495
0.14508058 -0.12773156 1.495
0.14797522 -0.12798788 1.498
0.15057874 -0.12798788 1.498
0.15318225 -0.12798788 1.498
0.15578575 -0.12798788 1.498
0.20224309 -0.12773156 1.495
0.20484139 -0.12773156 1.495
0.20743968 -0.12773156 1.495
0.21003798 -0.12773156 1.495
0.21263628 -0.12773156 1.495
0.21523458 -0.12773156 1.495
0.21783286 -0.12773156 1.495
0.22043116 -0.12773156 1.495
0.22302946 -0.12773156 1.495
0.22562775 -0.12773156 1.495
-0.24106899 -0.12597027 1.505
-0.23845331 -0.12597027 1.505
-0.23583764 -0.12597027 1.505
-0.23322196 -0.12597027 1.505
-0.23060627 -0.12597027 1.505
-0.2279906 -0.12597027 1.505
-0.22537492 -0.12597027 1.505
-0.19398682 -0.12597027 1.505
-0.19137114 -0.12597027 1.505
-0.18875547 -0.12597027 1.505
-0.18613979 -0.12597027 1.505
-0.18352412 -0.12597027 1.505
-0.18090844 -0.12597027 1.505
-0.17829277 -0.12597027 1.505
-0.17567709 -0.12597027 1.505
-0.17306142 -0.12597027 1.505
-0.17044574 -0.12597027 1.505
-0.16783006 -0.12597027 1.505
-0.15183274 -0.12571916 1.502
-0.14922228 -0.12571916 1.502
-0.14661182 -0.12571916 1.502
-0.14400136 -0.12571916 1.502
-0.13616997 -0.12571916 1.502
-0.13355951 -0.12571916 1.502
-0.1205072 -0.12571916 1.502
-0.11789674 -0.12571916 1.502
-0.11528628 -0.12571916 1.502
-0.11267582 -0.12571916 1.502
-0.11006536 -0.12571916 1.502
-0.1074549 -0.12571916 1.502
-0.10484444 -0.12571916 1.502
-0.10223398 -0.12571916 1.502
-0.099623509 -0.12571916 1.502
-0.097013049 -0.12571916 1.502
-0.094402589 -0.12571916 1.502
-0.091792129 -0.12571916 1.502
-0.089181662 -0.12571916 1.502
-0.086571202 -0.12571916 1.502
-0.083960742 -0.12571916 1.502
-0.081350282 -0.12571916 1.502
-0.078739822 -0.12571916 1.502
-0.057856124 -0.12571916 1.502
-0.055245664 -0.12571916 1.502
-0.0526352 -0.12571916 1.502
-0.05002474 -0.12571916 1.502
-0.047414277 -0.12571916 1.502
-0.044803817 -0.12571916 1.502
-0.042193353 -0.12571916 1.502
-0.031751506 -0.12571916 1.502
-0.029141046 -0.12571916 1.502
-0.026530584 -0.12571916 1.502
0.064662911 -0.12538436 1.498
0.06726642 -0.12538436 1.498
0.069869936 -0.12538436 1.498
0.072473444 -0.12538436 1.498
0.075076953 -0.12538436 1.498
0.077680461 -0.12538436 1.498
0.10371556 -0.12538436 1.498
0.10631907 -0.12538436 1.498
0.10892258 -0.12538436 1.498
0.11152609 -0.12538436 1.498
0.1141296 -0.12538436 1.498
0.11673311 -0.12538436 1.498
0.11933662 -0.12538436 1.498
0.12194013 -0.12538436 1.498
0.12454364 -0.12538436 1.498
0.12714715 -0.12538436 1.498
0.12949081 -0.12513326 1.495
0.13208911 -0.12513326 1.495
0.13468739 -0.12513326 1.495
0.13728569 -0.12513326 1.495
0.139884 -0.12513326 1.495
0.14248228 -0.12513326 1.495
0.14537172 -0.12538436 1.498
0.14797522 -0.12538436 1.498
0.15057874 -0.12538436 1.498
0.15318225 -0.12538436 1.498
0.15578575 -0.12538436 1.498
0.20484139 -0.12513326 1.495
0.20743968 -0.12513326 1.495
0.21003798 -0.12513326 1.495
0.21263628 -0.12513326 1.495
0.21523458 -0.12513326 1.495
0.21783286 -0.12513326 1.495
0.22043116 -0.12513326 1.495
0.22302946 -0.12513326 1.495
0.22562775 -0.12513326 1.495
-0.23845331 -0.1233546 1.505
-0.23583764 -0.1233546 1.505
-0.23322196 -0.1233546 1.505
-0.23060627 -0.1233546 1.505
-0.2279906 -0.1233546 1.505
-0.22537492 -0.1233546 1.505
-0.19398682 -0.1233546 1.505
-0.19137114 -0.1233546 1.505
-0.18875547 -0.1233546 1.505
-0.18613979 -0.1233546 1.505
-0.18352412 -0.1233546 1.505
-0.18090844 -0.1233546 1.505
-0.17829277 -0.1233546 1.505
-0.17567709 -0.1233546 1.505
-0.17306142 -0.1233546 1.505
-0.17044574 -0.1233546 1.505
-0.15183274 -0.12310871 1.502
-0.14922228 -0.12310871 1.502
-0.14661182 -0.12310871 1.502
-0.14400136 -0.12310871 1.502
-0.13616997 -0.12310871 1.502
-0.13355951 -0.12310871 1.502
-0.13094905 -0.12310871 1.502
-0.1205072 -0.12310871 1.502
-0.11789674 -0.12310871 1.502
-0.11528628 -0.12310871 1.502
-0.11267582 -0.12310871 1.502
-0.11006536 -0.12310871 1.502
-0.1074549 -0.12310871 1.502
-0.10484444 -0.12310871 1.502
-0.10223398 -0.12310871 1.502
-0.099623509 -0.12310871 1.502
-0.097013049 -0.12310871 1.502
-0.094402589 -0.12310871 1.502
-0.091792129 -0.12310871 1.502
-0.089181662 -0.12310871 1.502
-0.086571202 -0.12310871 1.502
-0.083960742 -0.12310871 1.502
-0.081350282 -0.12310871 1.502
-0.0526352 -0.12310871 1.502
-0.05002474 -0.12310871 1.502
-0.047414277 -0.12310871 1.502
-0.044803817 -0.12310871 1.502
-0.042193353 -0.12310871 1.502
-0.031751506 -0.12310871 1.502
-0.029141046 -0.12310871 1.502
-0.026530584 -0.12310871 1.502
0.064662911 -0.12278086 1.498
0.06726642 -0.12278086 1.498
0.069869936 -0.12278086 1.498
0.072473444 -0.12278086 1.498
0.075076953 -0.12278086 1.498
0.077680461 -0.12278086 1.498
0.10371556 -0.12278086 1.498
0.10631907 -0.12278086 1.498
0.10892258 -0.12278086 1.498
0.11152609 -0.12278086 1.498
0.1141296 -0.12278086 1.498
0.11673311 -0.12278086 1.498
0.11933662 -0.12278086 1.498
0.12194013 -0.12278086 1.498
0.12454364 -0.12278086 1.498
0.12714715 -0.12278086 1.498
0.12949081 -0.12253497 1.495
0.13208911 -0.12253497 1.495
0.13468739 -0.12253497 1.495
0.13728569 -0.12253497 1.495
0.139884 -0.12253497 1.495
0.1427682 -0.12278086 1.498
0.14537172 -0.12278086 1.498
0.14797522 -0.12278086 1.498
0.15057874 -0.12278086 1.498
0.15318225 -0.12278086 1.498
0.15578575 -0.12278086 1.498
0.15838927 -0.12278086 1.498
0.20743968 -0.12253497 1.495
0.21003798 -0.12253497 1.495
0.21263628 -0.12253497 1.495
0.21523458 -0.12253497 1.495
0.21783286 -0.12253497 1.495
0.22043116 -0.12253497 1.495
0.22302946 -0.12253497 1.495
0.22562775 -0.12253497 1.495
-0.23583764 -0.12073892 1.505
-0.23322196 -0.12073892 1.505
-0.23060627 -0.12073892 1.505
-0.2279906 -0.12073892 1.505
-0.22537492 -0.12073892 1.505
-0.19398682 -0.12073892 1.505
-0.19137114 -0.12073892 1.505
-0.18875547 -0.12073892 1.505
-0.18613979 -0.12073892 1.505
-0.18352412 -0.12073892 1.505
-0.18090844 -0.12073892 1.505
-0.17829277 -0.12073892 1.505
-0.17567709 -0.12073892 1.505
-0.17306142 -0.12073892 1.505
-0.17044574 -0.12073892 1.505
-0.14922228 -0.12049824 1.502
-0.14661182 -0.12049824 1.502
-0.14400136 -0.12049824 1.502
-0.1413909 -0.12049824 1.502
-0.13878043 -0.12049824 1.502
-0.13616997 -0.12049824 1.502
-0.13355951 -0.12049824 1.502
-0.13094905 -0.12049824 1.502
-0.12833859 -0.12049824 1.502
-0.1205072 -0.12049824 1.502
-0.11789674 -0.12049824 1.502
-0.11528628 -0.12049824 1.502
-0.11267582 -0.12049824 1.502
-0.11006536 -0.12049824 1.502
-0.1074549 -0.12049824 1.502
-0.10484444 -0.12049824 1.502
-0.10223398 -0.12049824 1.502
-0.099623509 -0.12049824 1.502
-0.097013049 -0.12049824 1.502
-0.094402589 -0.12049824 1.502
-0.091792129 -0.12049824 1.502
-0.089181662 -0.12049824 1.502
-0.086571202 -0.12049824 1.502
-0.083960742 -0.12049824 1.502
-0.0526352 -0.12049824 1.502
-0.05002474 -0.12049824 1.502
-0.047414277 -0.12049824 1.502
-0.044803817 -0.12049824 1.502
-0.042193353 -0.12049824 1.502
-0.031751506 -0.12049824 1.502
-0.029141046 -0.12049824 1.502
0.064662911 -0.12017734 1.498
0.06726642 -0.12017734 1.498
0.069869936 -0.12017734 1.498
0.072473444 -0.12017734 1.498
0.075076953 -0.12017734 1.498
0.077680461 -0.12017734 1.498
0.10631907 -0.12017734 1.498
0.10892258 -0.12017734 1.498
0.11152609 -0.12017734 1.498
0.1141296 -0.12017734 1.498
0.11673311 -0.12017734 1.498
0.11933662 -0.12017734 1.498
0.12194013 -0.12017734 1.498
0.12454364 -0.12017734 1.498
0.12714715 -0.12017734 1.498
0.12949081 -0.11993667 1.495
0.13208911 -0.11993667 1.495
0.13468739 -0.11993667 1.495
0.13728569 -0.11993667 1.495
0.139884 -0.11993667 1.495
0.1427682 -0.12017734 1.498
0.14537172 -0.12017734 1.498
0.14797522 -0.12017734 1.498
0.15057874 -0.12017734 1.498
0.15318225 -0.12017734 1.498
0.15578575 -0.12017734 1.498
0.15838927 -0.12017734 1.498
0.16099277 -0.12017734 1.498
0.16359629 -0.12017734 1.498
0.20743968 -0.11993667 1.495
0.21003798 -0.11993667 1.495
0.21263628 -0.11993667 1.495
0.21523458 -0.11993667 1.495
0.21783286 -0.11993667 1.495
0.22043116 -0.11993667 1.495
0.22302946 -0.11993667 1.495
0.22562775 -0.11993667 1.495
-0.23060627 -0.11812325 1.505
-0.2279906 -0.11812325 1.505
-0.19398682 -0.11812325 1.505
-0.19137114 -0.11812325 1.505
-0.18875547 -0.11812325 1.505
-0.18613979 -0.11812325 1.505
-0.18352412 -0.11812325 1.505
-0.18090844 -0.11812325 1.505
-0.17829277 -0.11812325 1.505
-0.17567709 -0.11812325 1.505
-0.17306142 -0.11812325 1.505
-0.14400136 -0.11788778 1.502
-0.1413909 -0.11788778 1.502
-0.13878043 -0.11788778 1.502
-0.13616997 -0.11788778 1.502
-0.13355951 -0.11788778 1.502
-0.13094905 -0.11788778 1.502
-0.12833859 -0.11788778 1.502
-0.12572813 -0.11788778 1.502
-0.12311767 -0.11788778 1.502
-0.1205072 -0.11788778 1.502
-0.11789674 -0.11788778 1.502
-0.11528628 -0.11788778 1.502
-0.11267582 -0.11788778 1.502
-0.11006536 -0.11788778 1.502
-0.1074549 -0.11788778 1.502
-0.10484444 -0.11788778 1.502
-0.10223398 -0.11788778 1.502
-0.099623509 -0.11788778 1.502
-0.097013049 -0.11788778 1.502
-0.094402589 -0.11788778 1.502
-0.091792129 -0.11788778 1.502
-0.089181662 -0.11788778 1.502
-0.086571202 -0.11788778 1.502
-0.083960742 -0.11788778 1.502
-0.057856124 -0.11788778 1.502
-0.055245664 -0.11788778 1.502
-0.0526352 -0.11788778 1.502
-0.05002474 -0.11788778 1.502
-0.047414277 -0.11788778 1.502
-0.044803817 -0.11788778 1.502
-0.042193353 -0.11788778 1.502
-0.031751506 -0.11788778 1.502
-0.029141046 -0.11788778 1.502
0.064662911 -0.11757383 1.498
0.06726642 -0.11757383 1.498
0.069869936 -0.11757383 1.498
0.072473444 -0.11757383 1.498
0.075076953 -0.11757383 1.498
0.1141296 -0.11757383 1.498
0.11649933 -0.11733837 1.495
0.11909763 -0.11733837 1.495
0.12194013 -0.11757383 1.498
0.12454364 -0.11757383 1.498
0.12689251 -0.11733837 1.495
0.12949081 -0.11733837 1.495
0.13208911 -0.11733837 1.495
0.13468739 -0.11733837 1.495
0.13728569 -0.11733837 1.495
0.1401647 -0.11757383 1.498
0.1427682 -0.11757383 1.498
0.14537172 -0.11757383 1.498
0.14797522 -0.11757383 1.498
0.15057874 -0.11757383 1.498
0.15318225 -0.11757383 1.498
0.15578575 -0.11757383 1.498
0.15838927 -0.11757383 1.498
0.16099277 -0.11757383 1.498
0.21003798 -0.11733837 1.495
0.21263628 -0.11733837 1.495
0.21523458 -0.11733837 1.495
0.21783286 -0.11733837 1.495
0.22043116 -0.11733837 1.495
0.22302946 -0.11733837 1.495
0.22562775 -0.11733837 1.495
-0.19660249 -0.11550757 1.505
-0.19398682 -0.11550757 1.505
-0.19137114 -0.11550757 1.505
-0.18875547 -0.11550757 1.505
-0.18613979 -0.11550757 1.505
-0.18352412 -0.11550757 1.505
-0.18090844 -0.11550757 1.505
-0.17829277 -0.11550757 1.505
-0.17567709 -0.11550757 1.505
-0.17306142 -0.11550757 1.505
-0.1413909 -0.11527732 1.502
-0.13878043 -0.11527732 1.502
-0.13616997 -0.11527732 1.502
-0.13355951 -0.11527732 1.502
-0.13094905 -0.11527732 1.502
-0.12833859 -0.11527732 1.502
-0.12572813 -0.11527732 1.502
-0.12311767 -0.11527732 1.502
-0.1205072 -0.11527732 1.502
-0.11789674 -0.11527732 1.502
-0.11528628 -0.11527732 1.502
-0.11267582 -0.11527732 1.502
-0.11006536 -0.11527732 1.502
-0.1074549 -0.11527732 1.502
-0.10484444 -0.11527732 1.502
-0.10223398 -0.11527732 1.502
-0.099623509 -0.11527732 1.502
-0.097013049 -0.11527732 1.502
-0.094402589 -0.11527732 1.502
-0.091792129 -0.11527732 1.502
-0.089181662 -0.11527732 1.502
-0.086571202 -0.11527732 1.502
-0.083960742 -0.11527732 1.502
-0.057856124 -0.11527732 1.502
-0.055245664 -0.11527732 1.502
-0.0526352 -0.11527732 1.502
-0.05002474 -0.11527732 1.502
-0.047414277 -0.11527732 1.502
-0.044803817 -0.11527732 1.502
-0.042193353 -0.11527732 1.502
-0.031751506 -0.11527732 1.502
0.064662911 -0.11497033 1.498
0.06726642 -0.11497033 1.498
0.069869936 -0.11497033 1.498
0.072473444 -0.11497033 1.498
0.075076953 -0.11497033 1.498
0.11390103 -0.11474008 1.495
0.11649933 -0.11474008 1.495
0.11909763 -0.11474008 1.495
0.12169592 -0.11474008 1.495
0.12429421 -0.11474008 1.495
0.12689251 -0.11474008 1.495
0.12949081 -0.11474008 1.495
0.13208911 -0.11474008 1.495
0.13495767 -0.11497033 1.498
0.13756119 -0.11497033 1.498
0.1401647 -0.11497033 1.498
0.1427682 -0.11497033 1.498
0.15057874 -0.11497033 1.498
0.15318225 -0.11497033 1.498
0.15578575 -0.11497033 1.498
0.15838927 -0.11497033 1.498
0.16099277 -0.11497033 1.498
0.21003798 -0.11474008 1.495
0.21263628 -0.11474008 1.495
0.21523458 -0.11474008 1.495
0.21783286 -0.11474008 1.495
0.22043116 -0.11474008 1.495
0.22302946 -0.11474008 1.495
0.22562775 -0.11474008 1.495
0.22822605 -0.11474008 1.495
-0.20183384 -0.11289189 1.505
-0.19921817 -0.11289189 1.505
-0.19660249 -0.11289189 1.505
-0.19398682 -0.11289189 1.505
-0.19137114 -0.11289189 1.505
-0.18875547 -0.11289189 1.505
-0.18613979 -0.11289189 1.505
-0.18352412 -0.11289189 1.505
-0.18090844 -0.11289189 1.505
-0.17829277 -0.11289189 1.505
-0.17567709 -0.11289189 1.505
-0.1413909 -0.11266686 1.502
-0.13878043 -0.11266686 1.502
-0.13616997 -0.11266686 1.502
-0.13355951 -0.11266686 1.502
-0.13094905 -0.11266686 1.502
-0.12833859 -0.11266686 1.502
-0.12572813 -0.11266686 1.502
-0.12311767 -0.11266686 1.502
-0.1205072 -0.11266686 1.502
-0.11789674 -0.11266686 1.502
-0.11528628 -0.11266686 1.502
-0.11267582 -0.11266686 1.502
-0.11006536 -0.11266686 1.502
-0.1074549 -0.11266686 1.502
-0.10484444 -0.11266686 1.502
-0.10223398 -0.11266686 1.502
-0.099623509 -0.11266686 1.502
-0.097013049 -0.11266686 1.502
-0.094402589 -0.11266686 1.502
-0.091792129 -0.11266686 1.502
-0.089181662 -0.11266686 1.502
-0.086571202 -0.11266686 1.502
-0.083960742 -0.11266686 1.502
-0.060466588 -0.11266686 1.502
-0.057856124 -0.11266686 1.502
-0.055245664 -0.11266686 1.502
-0.0526352 -0.11266686 1.502
-0.05002474 -0.11266686 1.502
-0.047414277 -0.11266686 1.502
-0.044803817 -0.11266686 1.502
-0.03436197 -0.11266686 1.502
-0.031751506 -0.11266686 1.502
0.064662911 -0.11236682 1.498
0.06726642 -0.11236682 1.498
0.069869936 -0.11236682 1.498
0.072473444 -0.11236682 1.498
0.075076953 -0.11236682 1.498
0.11390103 -0.11214178 1.495
0.11649933 -0.11214178 1.495
0.11909763 -0.11214178 1.495
0.12169592 -0.11214178 1.495
0.12429421 -0.11214178 1.495
0.12689251 -0.11214178 1.495
0.12949081 -0.11214178 1.495
0.13235417 -0.11236682 1.498
0.13495767 -0.11236682 1.498
0.13756119 -0.11236682 1.498
0.1401647 -0.11236682 1.498
0.15318225 -0.11236682 1.498
0.15578575 -0.11236682 1.498
0.15838927 -0.11236682 1.498
0.16586696 -0.11214178 1.495
0.16846524 -0.11214178 1.495
0.17106354 -0.11214178 1.495
0.21003798 -0.11214178 1.495
0.21263628 -0.11214178 1.495
0.21523458 -0.11214178 1.495
0.21783286 -0.11214178 1.495
0.22043116 -0.11214178 1.495
0.22302946 -0.11214178 1.495
0.22562775 -0.11214178 1.495
0.22822605 -0.11214178 1.495
-0.20444952 -0.11027621 1.505
-0.20183384 -0.11027621 1.505
-0.19921817 -0.11027621 1.505
-0.19660249 -0.11027621 1.505
-0.19398682 -0.11027621 1.505
-0.19137114 -0.11027621 1.505
-0.18875547 -0.11027621 1.505
-0.18613979 -0.11027621 1.505
-0.18352412 -0.11027621 1.505
-0.18054782 -0.1100564 1.502
-0.17829277 -0.11027621 1.505
-0.17567709 -0.11027621 1.505
-0.17271644 -0.1100564 1.502
-0.17010598 -0.1100564 1.502
-0.16749552 -0.1100564 1.502
-0.1413909 -0.1100564 1.502
-0.13878043 -0.1100564 1.502
-0.13616997 -0.1100564 1.502
-0.13355951 -0.1100564 1.502
-0.13094905 -0.1100564 1.502
-0.12833859 -0.1100564 1.502
-0.12572813 -0.1100564 1.502
-0.12311767 -0.1100564 1.502
-0.1205072 -0.1100564 1.502
-0.11789674 -0.1100564 1.502
-0.11528628 -0.1100564 1.502
-0.11267582 -0.1100564 1.502
-0.11006536 -0.1100564 1.502
-0.1074549 -0.1100564 1.502
-0.10484444 -0.1100564 1.502
-0.097013049 -0.1100564 1.502
-0.094402589 -0.1100564 1.502
-0.091792129 -0.1100564 1.502
-0.089181662 -0.1100564 1.502
-0.086571202 -0.1100564 1.502
-0.083960742 -0.1100564 1.502
-0.081350282 -0.1100564 1.502
-0.063077047 -0.1100564 1.502
-0.060466588 -0.1100564 1.502
-0.057856124 -0.1100564 1.502
-0.055245664 -0.1100564 1.502
-0.0526352 -0.1100564 1.502
-0.05002474 -0.1100564 1.502
-0.047414277 -0.1100564 1.502
-0.044803817 -0.1100564 1.502
-0.03436197 -0.1100564 1.502
0.06726642 -0.10976331 1.498
0.069869936 -0.10976331 1.498
0.072473444 -0.10976331 1.498
0.075076953 -0.10976331 1.498
0.11909763 -0.10954349 1.495
0.12169592 -0.10954349 1.495
0.12429421 -0.10954349 1.495
0.12689251 -0.10954349 1.495
0.12949081 -0.10954349 1.495
0.13235417 -0.10976331 1.498
0.13495767 -0.10976331 1.498
0.13756119 -0.10976331 1.498
0.15318225 -0.10976331 1.498
0.15578575 -0.10976331 1.498
0.15838927 -0.10976331 1.498
0.16326866 -0.10954349 1.495
0.16586696 -0.10954349 1.495
0.16846524 -0.10954349 1.495
0.17106354 -0.10954349 1.495
0.17366184 -0.10954349 1.495
0.17626013 -0.10954349 1.495
0.21263628 -0.10954349 1.495
0.21523458 -0.10954349 1.495
0.21783286 -0.10954349 1.495
0.22043116 -0.10954349 1.495
0.22302946 -0.10954349 1.495
0.22562775 -0.10954349 1.495
-0.20444952 -0.10766054 1.505
-0.20183384 -0.10766054 1.505
-0.19921817 -0.10766054 1.505
-0.19660249 -0.10766054 1.505
-0.19398682 -0.10766054 1.505
-0.19137114 -0.10766054 1.505
-0.18875547 -0.10766054 1.505
-0.18613979 -0.10766054 1.505
-0.18352412 -0.10766054 1.505
-0.18054782 -0.10744593 1.502
-0.17793736 -0.10744593 1.502
-0.1753269 -0.10744593 1.502
-0.17271644 -0.10744593 1.502
-0.17010598 -0.10744593 1.502
-0.16749552 -0.10744593 1.502
-0.16488506 -0.10744593 1.502
-0.14400136 -0.10744593 1.502
-0.1413909 -0.10744593 1.502
-0.13878043 -0.10744593 1.502
-0.13616997 -0.10744593 1.502
-0.13355951 -0.10744593 1.502
-0.13094905 -0.10744593 1.502
-0.12833859 -0.10744593 1.502
-0.12572813 -0.10744593 1.502
-0.12311767 -0.10744593 1.502
-0.1205072 -0.10744593 1.502
-0.11528628 -0.10744593 1.502
-0.11267582 -0.10744593 1.502
-0.11006536 -0.10744593 1.502
-0.1074549 -0.10744593 1.502
-0.10484444 -0.10744593 1.502
-0.094402589 -0.10744593 1.502
-0.091792129 -0.10744593 1.502
-0.089181662 -0.10744593 1.502
-0.086571202 -0.10744593 1.502
-0.083960742 -0.10744593 1.502
-0.081350282 -0.10744593 1.502
-0.065687507 -0.10744593 1.502
-0.063077047 -0.10744593 1.502
-0.060466588 -0.10744593 1.502
-0.057856124 -0.10744593 1.502
-0.055245664 -0.10744593 1.502
-0.0526352 -0.10744593 1.502
-0.05002474 -0.10744593 1.502
-0.047414277 -0.10744593 1.502
-0.044803817 -0.10744593 1.502
-0.03436197 -0.10744593 1.502
0.025610264 -0.1071598 1.498
0.028213775 -0.1071598 1.498
0.030817285 -0.1071598 1.498
0.033420794 -0.1071598 1.498
0.069869936 -0.1071598 1.498
0.072473444 -0.1071598 1.498
0.075076953 -0.1071598 1.498
0.077680461 -0.1071598 1.498
0.12169592 -0.10694519 1.495
0.12429421 -0.10694519 1.495
0.12689251 -0.10694519 1.495
0.12975065 -0.1071598 1.498
0.13235417 -0.1071598 1.498
0.13495767 -0.1071598 1.498
0.15318225 -0.1071598 1.498
0.15578575 -0.1071598 1.498
0.16326866 -0.10694519 1.495
0.16586696 -0.10694519 1.495
0.16846524 -0.10694519 1.495
0.17106354 -0.10694519 1.495
0.17366184 -0.10694519 1.495
0.17626013 -0.10694519 1.495
0.17885843 -0.10694519 1.495
0.18145673 -0.10694519 1.495
0.18405502 -0.10694519 1.495
0.21523458 -0.10694519 1.495
0.21783286 -0.10694519 1.495
0.22043116 -0.10694519 1.495
0.22302946 -0.10694519 1.495
0.22562775 -0.10694519 1.495
-0.20183384 -0.10504486 1.505
-0.19921817 -0.10504486 1.505
-0.19660249 -0.10504486 1.505
-0.19398682 -0.10504486 1.505
-0.19137114 -0.10504486 1.505
-0.18875547 -0.10504486 1.505
-0.18613979 -0.10504486 1.505
-0.18352412 -0.10504486 1.505
-0.18054782 -0.10483547 1.502
-0.17793736 -0.10483547 1.502
-0.1753269 -0.10483547 1.502
-0.17271644 -0.10483547 1.502
-0.17010598 -0.10483547 1.502
-0.16749552 -0.10483547 1.502
-0.16488506 -0.10483547 1.502
-0.1622746 -0.10483547 1.502
-0.14661182 -0.10483547 1.502
-0.14400136 -0.10483547 1.502
-0.1413909 -0.10483547 1.502
-0.13878043 -0.10483547 1.502
-0.13616997 -0.10483547 1.502
-0.13355951 -0.10483547 1.502
-0.13094905 -0.10483547 1.502
-0.11528628 -0.10483547 1.502
-0.11267582 -0.10483547 1.502
-0.11006536 -0.10483547 1.502
-0.1074549 -0.10483547 1.502
-0.10484444 -0.10483547 1.502
-0.10223398 -0.10483547 1.502
-0.097013049 -0.10483547 1.502
-0.094402589 -0.10483547 1.502
-0.091792129 -0.10483547 1.502
-0.089181662 -0.10483547 1.502
-0.086571202 -0.10483547 1.502
-0.083960742 -0.10483547 1.502
-0.081350282 -0.10483547 1.502
-0.078739822 -0.10483547 1.502
-0.076129355 -0.10483547 1.502
-0.073518895 -0.10483547 1.502
-0.070908435 -0.10483547 1.502
-0.068297975 -0.10483547 1.502
-0.065687507 -0.10483547 1.502
-0.063077047 -0.10483547 1.502
-0.060466588 -0.10483547 1.502
-0.057856124 -0.10483547 1.502
-0.055245664 -0.10483547 1.502
-0.0526352 -0.10483547 1.502
-0.05002474 -0.10483547 1.502
-0.047414277 -0.10483547 1.502
-0.044803817 -0.10483547 1.502
-0.042193353 -0.10483547 1.502
-0.039582893 -0.10483547 1.502
-0.03697243 -0.10483547 1.502
0.020403245 -0.10455628 1.498
0.023006756 -0.10455628 1.498
0.025610264 -0.10455628 1.498
0.028213775 -0.10455628 1.498
0.030817285 -0.10455628 1.498
0.033420794 -0.10455628 1.498
0.036024306 -0.10455628 1.498
0.038627815 -0.10455628 1.498
0.041231323 -0.10455628 1.498
0.072473444 -0.10455628 1.498
0.075076953 -0.10455628 1.498
0.077680461 -0.10455628 1.498
0.08028397 -0.10455628 1.498
0.082887478 -0.10455628 1.498
0.12429421 -0.10434689 1.495
0.12689251 -0.10434689 1.495
0.12975065 -0.10455628 1.498
0.13235417 -0.10455628 1.498
0.15318225 -0.10455628 1.498
0.15578575 -0.10455628 1.498
0.16326866 -0.10434689 1.495
0.16586696 -0.10434689 1.495
0.16846524 -0.10434689 1.495
0.17106354 -0.10434689 1.495
0.17366184 -0.10434689 1.495
0.17626013 -0.10434689 1.495
0.17885843 -0.10434689 1.495
0.18145673 -0.10434689 1.495
0.18405502 -0.10434689 1.495
0.18665332 -0.10434689 1.495
0.21783286 -0.10434689 1.495
0.22302946 -0.10434689 1.495
0.23342264 -0.10434689 1.495
0.23602094 -0.10434689 1.495
0.23861924 -0.10434689 1.495
-0.18875547 -0.10242919 1.505
-0.18613979 -0.10242919 1.505
-0.18352412 -0.10242919 1.505
-0.18054782 -0.10222501 1.502
-0.17793736 -0.10222501 1.502
-0.1753269 -0.10222501 1.502
-0.17271644 -0.10222501 1.502
-0.17010598 -0.10222501 1.502
-0.16749552 -0.10222501 1.502
-0.16488506 -0.10222501 1.502
-0.1622746 -0.10222501 1.502
-0.14661182 -0.10222501 1.502
-0.14400136 -0.10222501 1.502
-0.1413909 -0.10222501 1.502
-0.13878043 -0.10222501 1.502
-0.13616997 -0.10222501 1.502
-0.13355951 -0.10222501 1.502
-0.13094905 -0.10222501 1.502
-0.12572813 -0.10222501 1.502
-0.11528628 -0.10222501 1.502
-0.11267582 -0.10222501 1.502
-0.11006536 -0.10222501 1.502
-0.1074549 -0.10222501 1.502
-0.10484444 -0.10222501 1.502
-0.086571202 -0.10222501 1.502
-0.083960742 -0.10222501 1.502
-0.081350282 -0.10222501 1.502
-0.078739822 -0.10222501 1.502
-0.076129355 -0.10222501 1.502
-0.073518895 -0.10222501 1.502
-0.070908435 -0.10222501 1.502
-0.068297975 -0.10222501 1.502
-0.065687507 -0.10222501 1.502
-0.063077047 -0.10222501 1.502
-0.060466588 -0.10222501 1.502
-0.055245664 -0.10222501 1.502
-0.0526352 -0.10222501 1.502
-0.05002474 -0.10222501 1.502
-0.047414277 -0.10222501 1.502
-0.044803817 -0.10222501 1.502
-0.042193353 -0.10222501 1.502
-0.039582893 -0.10222501 1.502
-0.03697243 -0.10222501 1.502
-0.010838872 -0.10195278 1.498
0.017799735 -0.10195278 1.498
0.020403245 -0.10195278 1.498
0.023006756 -0.10195278 1.498
0.025610264 -0.10195278 1.498
0.036024306 -0.10195278 1.498
0.038627815 -0.10195278 1.498
0.041231323 -0.10195278 1.498
0.043834835 -0.10195278 1.498
0.075076953 -0.10195278 1.498
0.077680461 -0.10195278 1.498
0.08028397 -0.10195278 1.498
0.082887478 -0.10195278 1.498
0.085490994 -0.10195278 1.498
0.12429421 -0.1017486 1.495
0.12714715 -0.10195278 1.498
0.12975065 -0.10195278 1.498
0.15318225 -0.10195278 1.498
0.16326866 -0.1017486 1.495
0.16586696 -0.1017486 1.495
0.16846524 -0.1017486 1.495
0.17106354 -0.1017486 1.495
0.17366184 -0.1017486 1.495
0.17626013 -0.1017486 1.495
0.17885843 -0.1017486 1.495
0.18145673 -0.1017486 1.495
0.18405502 -0.1017486 1.495
0.18665332 -0.1017486 1.495
0.18925162 -0.1017486 1.495
0.22302946 -0.1017486 1.495
0.23342264 -0.1017486 1.495
0.23602094 -0.1017486 1.495
0.23861924 -0.1017486 1.495
0.24121752 -0.1017486 1.495
0.24381582 -0.1017486 1.495
-0.18875547 -0.099813513 1.505
-0.18613979 -0.099813513 1.505
-0.18352412 -0.099813513 1.505
-0.17793736 -0.099614553 1.502
-0.1753269 -0.099614553 1.502
-0.17271644 -0.099614553 1.502
-0.17010598 -0.099614553 1.502
-0.16749552 -0.099614553 1.502
-0.16488506 -0.099614553 1.502
-0.1622746 -0.099614553 1.502
-0.14400136 -0.099614553 1.502
-0.1413909 -0.099614553 1.502
-0.13878043 -0.099614553 1.502
-0.13616997 -0.099614553 1.502
-0.13355951 -0.099614553 1.502
-0.13094905 -0.099614553 1.502
-0.12572813 -0.099614553 1.502
-0.12311767 -0.099614553 1.502
-0.11789674 -0.099614553 1.502
-0.11528628 -0.099614553 1.502
-0.11267582 -0.099614553 1.502
-0.11006536 -0.099614553 1.502
-0.1074549 -0.099614553 1.502
-0.10484444 -0.099614553 1.502
-0.076129355 -0.099614553 1.502
-0.073518895 -0.099614553 1.502
-0.070908435 -0.099614553 1.502
-0.068297975 -0.099614553 1.502
-0.065687507 -0.099614553 1.502
-0.063077047 -0.099614553 1.502
-0.060466588 -0.099614553 1.502
-0.055245664 -0.099614553 1.502
-0.0526352 -0.099614553 1.502
-0.05002474 -0.099614553 1.502
-0.047414277 -0.099614553 1.502
-0.044803817 -0.099614553 1.502
-0.042193353 -0.099614553 1.502
-0.039582893 -0.099614553 1.502
-0.013442382 -0.099349268 1.498
-0.010838872 -0.099349268 1.498
0.012592716 -0.099349268 1.498
0.015196226 -0.099349268 1.498
0.017799735 -0.099349268 1.498
0.020403245 -0.099349268 1.498
0.023006756 -0.099349268 1.498
0.041231323 -0.099349268 1.498
0.043834835 -0.099349268 1.498
0.046438344 -0.099349268 1.498
0.075076953 -0.099349268 1.498
0.077680461 -0.099349268 1.498
0.08028397 -0.099349268 1.498
0.082887478 -0.099349268 1.498
0.085490994 -0.099349268 1.498
0.088094503 -0.099349268 1.498
0.12169592 -0.0991503 1.495
0.12429421 -0.0991503 1.495
0.12714715 -0.099349268 1.498
0.15318225 -0.099349268 1.498
0.16067035 -0.0991503 1.495
0.16326866 -0.0991503 1.495
0.16586696 -0.0991503 1.495
0.16846524 -0.0991503 1.495
0.17106354 -0.0991503 1.495
0.17366184 -0.0991503 1.495
0.18405502 -0.0991503 1.495
0.18665332 -0.0991503 1.495
0.18925162 -0.0991503 1.495
-0.18875547 -0.097197838 1.505
-0.18613979 -0.097197838 1.505
-0.18352412 -0.097197838 1.505
-0.17793736 -0.097004086 1.502
-0.1753269 -0.097004086 1.502
-0.17271644 -0.097004086 1.502
-0.17010598 -0.097004086 1.502
-0.16749552 -0.097004086 1.502
-0.16488506 -0.097004086 1.502
-0.1622746 -0.097004086 1.502
-0.14400136 -0.097004086 1.502
-0.1413909 -0.097004086 1.502
-0.13878043 -0.097004086 1.502
-0.13616997 -0.097004086 1.502
-0.13355951 -0.097004086 1.502
-0.11528628 -0.097004086 1.502
-0.11267582 -0.097004086 1.502
-0.11006536 -0.097004086 1.502
-0.1074549 -0.097004086 1.502
-0.10484444 -0.097004086 1.502
-0.076129355 -0.097004086 1.502
-0.073518895 -0.097004086 1.502
-0.070908435 -0.097004086 1.502
-0.068297975 -0.097004086 1.502
-0.065687507 -0.097004086 1.502
-0.063077047 -0.097004086 1.502
-0.060466588 -0.097004086 1.502
-0.057856124 -0.097004086 1.502
-0.055245664 -0.097004086 1.502
-0.0526352 -0.097004086 1.502
-0.05002474 -0.097004086 1.502
-0.047414277 -0.097004086 1.502
-0.044803817 -0.097004086 1.502
-0.042193353 -0.097004086 1.502
-0.039582893 -0.097004086 1.502
-0.023856422 -0.096745759 1.498
-0.021252912 -0.096745759 1.498
-0.018649401 -0.096745759 1.498
-0.016045893 -0.096745759 1.498
-0.013442382 -0.096745759 1.498
-0.010838872 -0.096745759 1.498
-0.0082353624 -0.096745759 1.498
0.0099892067 -0.096745759 1.498
0.012592716 -0.096745759 1.498
0.015196226 -0.096745759 1.498
0.017799735 -0.096745759 1.498
0.020403245 -0.096745759 1.498
0.043834835 -0.096745759 1.498
0.046438344 -0.096745759 1.498
0.075076953 -0.096745759 1.498
0.077680461 -0.096745759 1.498
0.08028397 -0.096745759 1.498
0.082887478 -0.096745759 1.498
0.085490994 -0.096745759 1.498
0.088094503 -0.096745759 1.498
0.10610615 -0.096552007 1.495
0.11909763 -0.096552007 1.495
0.12169592 -0.096552007 1.495
0.12429421 -0.096552007 1.495
0.12714715 -0.096745759 1.498
0.16067035 -0.096552007 1.495
0.16326866 -0.096552007 1.495
0.16586696 -0.096552007 1.495
0.16846524 -0.096552007 1.495
0.17106354 -0.096552007 1.495
0.18405502 -0.096552007 1.495
0.18665332 -0.096552007 1.495
0.18925162 -0.096552007 1.495
-0.18875547 -0.094582163 1.505
-0.18613979 -0.094582163 1.505
-0.17793736 -0.094393626 1.502
-0.1753269 -0.094393626 1.502
-0.17271644 -0.094393626 1.502
-0.17010598 -0.094393626 1.502
-0.16749552 -0.094393626 1.502
-0.16488506 -0.094393626 1.502
-0.1622746 -0.094393626 1.502
-0.14400136 -0.094393626 1.502
-0.1413909 -0.094393626 1.502
-0.13878043 -0.094393626 1.502
-0.13616997 -0.094393626 1.502
-0.11528628 -0.094393626 1.502
-0.11267582 -0.094393626 1.502
-0.11006536 -0.094393626 1.502
-0.1074549 -0.094393626 1.502
-0.10484444 -0.094393626 1.502
-0.076129355 -0.094393626 1.502
-0.073518895 -0.094393626 1.502
-0.070908435 -0.094393626 1.502
-0.068297975 -0.094393626 1.502
-0.065687507 -0.094393626 1.502
-0.063077047 -0.094393626 1.502
-0.060466588 -0.094393626 1.502
-0.057856124 -0.094393626 1.502
-0.055245664 -0.094393626 1.502
-0.0526352 -0.094393626 1.502
-0.05002474 -0.094393626 1.502
-0.047414277 -0.094393626 1.502
-0.044803817 -0.094393626 1.502
-0.02645993 -0.094142251 1.498
-0.023856422 -0.094142251 1.498
-0.021252912 -0.094142251 1.498
-0.018649401 -0.094142251 1.498
-0.016045893 -0.094142251 1.498
-0.013442382 -0.094142251 1.498
-0.010838872 -0.094142251 1.498
-0.0082353624 -0.094142251 1.498
-0.0056318524 -0.094142251 1.498
0.0073856968 -0.094142251 1.498
0.0099892067 -0.094142251 1.498
0.012592716 -0.094142251 1.498
0.015196226 -0.094142251 1.498
0.017799735 -0.094142251 1.498
0.020403245 -0.094142251 1.498
0.046438344 -0.094142251 1.498
0.049041852 -0.094142251 1.498
0.077680461 -0.094142251 1.498
0.08028397 -0.094142251 1.498
0.082887478 -0.094142251 1.498
0.085490994 -0.094142251 1.498
0.088094503 -0.094142251 1.498
0.090698011 -0.094142251 1.498
0.10350785 -0.093953714 1.495
0.10610615 -0.093953714 1.495
0.10870444 -0.093953714 1.495
0.11130274 -0.093953714 1.495
0.11390103 -0.093953714 1.495
0.11649933 -0.093953714 1.495
0.11909763 -0.093953714 1.495
0.12169592 -0.093953714 1.495
0.12454364 -0.094142251 1.498
0.16067035 -0.093953714 1.495
0.16326866 -0.093953714 1.495
0.16586696 -0.093953714 1.495
0.16846524 -0.093953714 1.495
0.17106354 -0.093953714 1.495
0.17366184 -0.093953714 1.495
0.18405502 -0.093953714 1.495
0.18665332 -0.093953714 1.495
0.18925162 -0.093953714 1.495
-0.21491222 -0.091966487 1.505
-0.20706519 -0.091966487 1.505
-0.19921817 -0.091966487 1.505
-0.19660249 -0.091966487 1.505
-0.19137114 -0.091966487 1.505
-0.18875547 -0.091966487 1.505
-0.18613979 -0.091966487 1.505
-0.18054782 -0.091783166 1.502
-0.17793736 -0.091783166 1.502
-0.1753269 -0.091783166 1.502
-0.17271644 -0.091783166 1.502
-0.17010598 -0.091783166 1.502
-0.16749552 -0.091783166 1.502
-0.16488506 -0.091783166 1.502
-0.1622746 -0.091783166 1.502
-0.15966412 -0.091783166 1.502
-0.14661182 -0.091783166 1.502
-0.14400136 -0.091783166 1.502
-0.1413909 -0.091783166 1.502
-0.13878043 -0.091783166 1.502
-0.13616997 -0.091783166 1.502
-0.11267582 -0.091783166 1.502
-0.11006536 -0.091783166 1.502
-0.1074549 -0.091783166 1.502
-0.10484444 -0.091783166 1.502
-0.076129355 -0.091783166 1.502
-0.073518895 -0.091783166 1.502
-0.070908435 -0.091783166 1.502
-0.068297975 -0.091783166 1.502
-0.065687507 -0.091783166 1.502
-0.063077047 -0.091783166 1.502
-0.060466588 -0.091783166 1.502
-0.057856124 -0.091783166 1.502
-0.055245664 -0.091783166 1.502
-0.0526352 -0.091783166 1.502
-0.05002474 -0.091783166 1.502
-0.047414277 -0.091783166 1.502
-0.029063441 -0.091538742 1.498
-0.02645993 -0.091538742 1.498
-0.023856422 -0.091538742 1.498
-0.021252912 -0.091538742 1.498
-0.018649401 -0.091538742 1.498
-0.016045893 -0.091538742 1.498
-0.013442382 -0.091538742 1.498
-0.010838872 -0.091538742 1.498
-0.0082353624 -0.091538742 1.498
-0.0056318524 -0.091538742 1.498
-0.0030283427 -0.091538742 1.498
-0.00042483292 -0.091538742 1.498
0.0021786769 -0.091538742 1.498
0.0047821868 -0.091538742 1.498
0.0073856968 -0.091538742 1.498
0.0099892067 -0.091538742 1.498
0.012592716 -0.091538742 1.498
0.015196226 -0.091538742 1.498
0.017799735 -0.091538742 1.498
0.020403245 -0.091538742 1.498
0.023006756 -0.091538742 1.498
0.043834835 -0.091538742 1.498
0.046438344 -0.091538742 1.498
0.049041852 -0.091538742 1.498
0.077680461 -0.091538742 1.498
0.08028397 -0.091538742 1.498
0.082887478 -0.091538742 1.498
0.085490994 -0.091538742 1.498
0.088094503 -0.091538742 1.498
0.090698011 -0.091538742 1.498
0.09330152 -0.091538742 1.498
0.10350785 -0.091355413 1.495
0.10610615 -0.091355413 1.495
0.10870444 -0.091355413 1.495
0.11130274 -0.091355413 1.495
0.11390103 -0.091355413 1.495
0.11649933 -0.091355413 1.495
0.11909763 -0.091355413 1.495
0.12169592 -0.091355413 1.495
0.12454364 -0.091538742 1.498
0.15807207 -0.091355413 1.495
0.16067035 -0.091355413 1.495
0.16326866 -0.091355413 1.495
0.16586696 -0.091355413 1.495
0.16846524 -0.091355413 1.495
0.17106354 -0.091355413 1.495
0.17366184 -0.091355413 1.495
0.17626013 -0.091355413 1.495
0.17885843 -0.091355413 1.495
0.18145673 -0.091355413 1.495
0.18405502 -0.091355413 1.495
0.18665332 -0.091355413 1.495
0.18925162 -0.091355413 1.495
-0.21491222 -0.089350812 1.505
-0.21229655 -0.089350812 1.505
-0.20706519 -0.089350812 1.505
-0.20444952 -0.089350812 1.505
-0.19921817 -0.089350812 1.505
-0.19660249 -0.089350812 1.505
-0.19398682 -0.089350812 1.505
-0.19137114 -0.089350812 1.505
-0.18875547 -0.089350812 1.505
-0.18315829 -0.089172706 1.502
-0.18054782 -0.089172706 1.502
-0.17793736 -0.089172706 1.502
-0.1753269 -0.089172706 1.502
-0.17271644 -0.089172706 1.502
-0.17010598 -0.089172706 1.502
-0.16488506 -0.089172706 1.502
-0.1622746 -0.089172706 1.502
-0.15966412 -0.089172706 1.502
-0.15705366 -0.089172706 1.502
-0.14922228 -0.089172706 1.502
-0.14661182 -0.089172706 1.502
-0.14400136 -0.089172706 1.502
-0.1413909 -0.089172706 1.502
-0.13878043 -0.089172706 1.502
-0.11006536 -0.089172706 1.502
-0.1074549 -0.089172706 1.502
-0.10484444 -0.089172706 1.502
-0.10223398 -0.089172706 1.502
-0.078739822 -0.089172706 1.502
-0.076129355 -0.089172706 1.502
-0.073518895 -0.089172706 1.502
-0.070908435 -0.089172706 1.502
-0.068297975 -0.089172706 1.502
-0.065687507 -0.089172706 1.502
-0.063077047 -0.089172706 1.502
-0.055245664 -0.089172706 1.502
-0.05002474 -0.089172706 1.502
-0.047414277 -0.089172706 1.502
-0.044803817 -0.089172706 1.502
-0.029063441 -0.088935226 1.498
-0.02645993 -0.088935226 1.498
-0.023856422 -0.088935226 1.498
-0.021252912 -0.088935226 1.498
-0.018649401 -0.088935226 1.498
-0.016045893 -0.088935226 1.498
-0.013442382 -0.088935226 1.498
-0.010838872 -0.088935226 1.498
-0.0082353624 -0.088935226 1.498
-0.0056318524 -0.088935226 1.498
-0.0030283427 -0.088935226 1.498
-0.00042483292 -0.088935226 1.498
0.0021786769 -0.088935226 1.498
0.0047821868 -0.088935226 1.498
0.0073856968 -0.088935226 1.498
0.0099892067 -0.088935226 1.498
0.012592716 -0.088935226 1.498
0.015196226 -0.088935226 1.498
0.017799735 -0.088935226 1.498
0.020403245 -0.088935226 1.498
0.023006756 -0.088935226 1.498
0.025610264 -0.088935226 1.498
0.043834835 -0.088935226 1.498
0.046438344 -0.088935226 1.498
0.049041852 -0.088935226 1.498
0.082887478 -0.088935226 1.498
0.085490994 -0.088935226 1.498
0.088094503 -0.088935226 1.498
0.090698011 -0.088935226 1.498
0.09330152 -0.088935226 1.498
0.095905028 -0.088935226 1.498
0.098508537 -0.088935226 1.498
0.10090955 -0.08875712 1.495
0.10350785 -0.08875712 1.495
0.10610615 -0.08875712 1.495
0.10870444 -0.08875712 1.495
0.11130274 -0.08875712 1.495
0.11390103 -0.08875712 1.495
0.11649933 -0.08875712 1.495
0.11909763 -0.08875712 1.495
0.12194013 -0.088935226 1.498
0.12454364 -0.088935226 1.498
0.16067035 -0.08875712 1.495
0.16326866 -0.08875712 1.495
0.16586696 -0.08875712 1.495
0.16846524 -0.08875712 1.495
0.17626013 -0.08875712 1.495
0.17885843 -0.08875712 1.495
0.18145673 -0.08875712 1.495
0.18405502 -0.08875712 1.495
0.18665332 -0.08875712 1.495
0.18925162 -0.08875712 1.495
-0.21491222 -0.086735137 1.505
-0.21229655 -0.086735137 1.505
-0.20706519 -0.086735137 1.505
-0.20444952 -0.086735137 1.505
-0.20183384 -0.086735137 1.505
-0.19921817 -0.086735137 1.505
-0.19660249 -0.086735137 1.505
-0.19398682 -0.086735137 1.505
-0.19137114 -0.086735137 1.505
-0.18875547 -0.086735137 1.505
-0.18576875 -0.086562239 1.502
-0.18315829 -0.086562239 1.502
-0.18054782 -0.086562239 1.502
-0.17793736 -0.086562239 1.502
-0.17271644 -0.086562239 1.502
-0.17010598 -0.086562239 1.502
-0.16488506 -0.086562239 1.502
-0.1622746 -0.086562239 1.502
-0.15966412 -0.086562239 1.502
-0.15705366 -0.086562239 1.502
-0.14922228 -0.086562239 1.502
-0.14661182 -0.086562239 1.502
-0.14400136 -0.086562239 1.502
-0.1413909 -0.086562239 1.502
-0.13878043 -0.086562239 1.502
-0.11006536 -0.086562239 1.502
-0.1074549 -0.086562239 1.502
-0.10484444 -0.086562239 1.502
-0.10223398 -0.086562239 1.502
-0.099623509 -0.086562239 1.502
-0.097013049 -0.086562239 1.502
-0.094402589 -0.086562239 1.502
-0.083960742 -0.086562239 1.502
-0.081350282 -0.086562239 1.502
-0.078739822 -0.086562239 1.502
-0.076129355 -0.086562239 1.502
-0.073518895 -0.086562239 1.502
-0.070908435 -0.086562239 1.502
-0.068297975 -0.086562239 1.502
-0.065687507 -0.086562239 1.502
-0.047414277 -0.086562239 1.502
-0.044803817 -0.086562239 1.502
-0.029063441 -0.086331718 1.498
-0.02645993 -0.086331718 1.498
-0.023856422 -0.086331718 1.498
-0.021252912 -0.086331718 1.498
-0.018649401 -0.086331718 1.498
-0.016045893 -0.086331718 1.498
-0.013442382 -0.086331718 1.498
-0.010838872 -0.086331718 1.498
-0.0082353624 -0.086331718 1.498
-0.0056318524 -0.086331718 1.498
-0.0030283427 -0.086331718 1.498
-0.00042483292 -0.086331718 1.498
0.0021786769 -0.086331718 1.498
0.0047821868 -0.086331718 1.498
0.0073856968 -0.086331718 1.498
0.0099892067 -0.086331718 1.498
0.012592716 -0.086331718 1.498
0.015196226 -0.086331718 1.498
0.017799735 -0.086331718 1.498
0.020403245 -0.086331718 1.498
0.023006756 -0.086331718 1.498
0.025610264 -0.086331718 1.498
0.028213775 -0.086331718 1.498
0.030817285 -0.086331718 1.498
0.033420794 -0.086331718 1.498
0.036024306 -0.086331718 1.498
0.038627815 -0.086331718 1.498
0.041231323 -0.086331718 1.498
0.043834835 -0.086331718 1.498
0.046438344 -0.086331718 1.498
0.082887478 -0.086331718 1.498
0.085490994 -0.086331718 1.498
0.088094503 -0.086331718 1.498
0.090698011 -0.086331718 1.498
0.09330152 -0.086331718 1.498
0.095905028 -0.086331718 1.498
0.098508537 -0.086331718 1.498
0.10111205 -0.086331718 1.498
0.10350785 -0.086158827 1.495
0.10610615 -0.086158827 1.495
0.10870444 -0.086158827 1.495
0.11130274 -0.086158827 1.495
0.11390103 -0.086158827 1.495
0.11649933 -0.086158827 1.495
0.11933662 -0.086331718 1.498
0.12194013 -0.086331718 1.498
0.12454364 -0.086331718 1.498
0.16326866 -0.086158827 1.495
0.16586696 -0.086158827 1.495
0.16846524 -0.086158827 1.495
0.17106354 -0.086158827 1.495
0.17366184 -0.086158827 1.495
0.17626013 -0.086158827 1.495
0.17885843 -0.086158827 1.495
0.18145673 -0.086158827 1.495
0.18405502 -0.086158827 1.495
0.18665332 -0.086158827 1.495
0.20484139 -0.086158827 1.495
0.20743968 -0.086158827 1.495
0.21003798 -0.086158827 1.495
0.21263628 -0.086158827 1.495
-0.2175279 -0.084119461 1.505
-0.21491222 -0.084119461 1.505
-0.21229655 -0.084119461 1.505
-0.20968087 -0.084119461 1.505
-0.20706519 -0.084119461 1.505
-0.20444952 -0.084119461 1.505
-0.20183384 -0.084119461 1.505
-0.19921817 -0.084119461 1.505
-0.19660249 -0.084119461 1.505
-0.19398682 -0.084119461 1.505
-0.19137114 -0.084119461 1.505
-0.18837921 -0.083951779 1.502
-0.18576875 -0.083951779 1.502
-0.18315829 -0.083951779 1.502
-0.18054782 -0.083951779 1.502
-0.17010598 -0.083951779 1.502
-0.16749552 -0.083951779 1.502
-0.16488506 -0.083951779 1.502
-0.1622746 -0.083951779 1.502
-0.15966412 -0.083951779 1.502
-0.15705366 -0.083951779 1.502
-0.14922228 -0.083951779 1.502
-0.14661182 -0.083951779 1.502
-0.14400136 -0.083951779 1.502
-0.1413909 -0.083951779 1.502
-0.13878043 -0.083951779 1.502
-0.1074549 -0.083951779 1.502
-0.10484444 -0.083951779 1.502
-0.10223398 -0.083951779 1.502
-0.099623509 -0.083951779 1.502
-0.097013049 -0.083951779 1.502
-0.094402589 -0.083951779 1.502
-0.091792129 -0.083951779 1.502
-0.089181662 -0.083951779 1.502
-0.086571202 -0.083951779 1.502
-0.083960742 -0.083951779 1.502
-0.081350282 -0.083951779 1.502
-0.078739822 -0.083951779 1.502
-0.076129355 -0.083951779 1.502
-0.073518895 -0.083951779 1.502
-0.070908435 -0.083951779 1.502
-0.068297975 -0.083951779 1.502
-0.047414277 -0.083951779 1.502
-0.0446845 -0.083728209 1.498
-0.029063441 -0.083728209 1.498
-0.02645993 -0.083728209 1.498
-0.023856422 -0.083728209 1.498
-0.021252912 -0.083728209 1.498
-0.018649401 -0.083728209 1.498
-0.016045893 -0.083728209 1.498
-0.013442382 -0.083728209 1.498
-0.010838872 -0.083728209 1.498
-0.0082353624 -0.083728209 1.498
-0.0056318524 -0.083728209 1.498
-0.0030283427 -0.083728209 1.498
-0.00042483292 -0.083728209 1.498
0.0047821868 -0.083728209 1.498
0.0073856968 -0.083728209 1.498
0.0099892067 -0.083728209 1.498
0.012592716 -0.083728209 1.498
0.015196226 -0.083728209 1.498
0.017799735 -0.083728209 1.498
0.020403245 -0.083728209 1.498
0.023006756 -0.083728209 1.498
0.025610264 -0.083728209 1.498
0.028213775 -0.083728209 1.498
0.030817285 -0.083728209 1.498
0.033420794 -0.083728209 1.498
0.036024306 -0.083728209 1.498
0.038627815 -0.083728209 1.498
0.041231323 -0.083728209 1.498
0.043834835 -0.083728209 1.498
0.046438344 -0.083728209 1.498
0.085490994 -0.083728209 1.498
0.088094503 -0.083728209 1.498
0.09330152 -0.083728209 1.498
0.095905028 -0.083728209 1.498
0.098508537 -0.083728209 1.498
0.10111205 -0.083728209 1.498
0.10371556 -0.083728209 1.498
0.10610615 -0.083560526 1.495
0.10870444 -0.083560526 1.495
0.11130274 -0.083560526 1.495
0.11390103 -0.083560526 1.495
0.11649933 -0.083560526 1.495
0.11933662 -0.083728209 1.498
0.12194013 -0.083728209 1.498
0.12454364 -0.083728209 1.498
0.16326866 -0.083560526 1.495
0.16586696 -0.083560526 1.495
0.16846524 -0.083560526 1.495
0.17106354 -0.083560526 1.495
0.17366184 -0.083560526 1.495
0.17626013 -0.083560526 1.495
0.17885843 -0.083560526 1.495
0.18145673 -0.083560526 1.495
0.18405502 -0.083560526 1.495
0.18665332 -0.083560526 1.495
0.20484139 -0.083560526 1.495
0.20743968 -0.083560526 1.495
0.21003798 -0.083560526 1.495
0.21263628 -0.083560526 1.495
-0.22014357 -0.081503786 1.505
-0.2175279 -0.081503786 1.505
-0.21491222 -0.081503786 1.505
-0.21229655 -0.081503786 1.505
-0.20968087 -0.081503786 1.505
-0.20706519 -0.081503786 1.505
-0.20444952 -0.081503786 1.505
-0.20183384 -0.081503786 1.505
-0.19921817 -0.081503786 1.505
-0.19660249 -0.081503786 1.505
-0.19398682 -0.081503786 1.505
-0.19137114 -0.081503786 1.505
-0.18837921 -0.081341319 1.502
-0.18576875 -0.081341319 1.502
-0.18315829 -0.081341319 1.502
-0.17010598 -0.081341319 1.502
-0.16749552 -0.081341319 1.502
-0.16488506 -0.081341319 1.502
-0.1622746 -0.081341319 1.502
-0.15966412 -0.081341319 1.502
-0.14661182 -0.081341319 1.502
-0.14400136 -0.081341319 1.502
-0.1413909 -0.081341319 1.502
-0.13878043 -0.081341319 1.502
-0.10223398 -0.081341319 1.502
-0.099623509 -0.081341319 1.502
-0.097013049 -0.081341319 1.502
-0.094402589 -0.081341319 1.502
-0.091792129 -0.081341319 1.502
-0.089181662 -0.081341319 1.502
-0.086571202 -0.081341319 1.502
-0.083960742 -0.081341319 1.502
-0.081350282 -0.081341319 1.502
-0.078739822 -0.081341319 1.502
-0.076129355 -0.081341319 1.502
-0.073518895 -0.081341319 1.502
-0.070908435 -0.081341319 1.502
-0.0446845 -0.081124701 1.498
-0.042080991 -0.081124701 1.498
-0.031666949 -0.081124701 1.498
-0.029063441 -0.081124701 1.498
-0.02645993 -0.081124701 1.498
-0.023856422 -0.081124701 1.498
-0.021252912 -0.081124701 1.498
-0.018649401 -0.081124701 1.498
-0.016045893 -0.081124701 1.498
-0.013442382 -0.081124701 1.498
-0.010838872 -0.081124701 1.498
-0.0082353624 -0.081124701 1.498
-0.0056318524 -0.081124701 1.498
-0.0030283427 -0.081124701 1.498
0.0073856968 -0.081124701 1.498
0.0099892067 -0.081124701 1.498
0.012592716 -0.081124701 1.498
0.015196226 -0.081124701 1.498
0.017799735 -0.081124701 1.498
0.020403245 -0.081124701 1.498
0.023006756 -0.081124701 1.498
0.025610264 -0.081124701 1.498
0.028213775 -0.081124701 1.498
0.030817285 -0.081124701 1.498
0.033420794 -0.081124701 1.498
0.036024306 -0.081124701 1.498
0.038627815 -0.081124701 1.498
0.041231323 -0.081124701 1.498
0.043834835 -0.081124701 1.498
0.082887478 -0.081124701 1.498
0.085490994 -0.081124701 1.498
0.088094503 -0.081124701 1.498
0.098508537 -0.081124701 1.498
0.10111205 -0.081124701 1.498
0.10371556 -0.081124701 1.498
0.10610615 -0.080962233 1.495
0.10870444 -0.080962233 1.495
0.11130274 -0.080962233 1.495
0.11390103 -0.080962233 1.495
0.11673311 -0.081124701 1.498
0.11933662 -0.081124701 1.498
0.12194013 -0.081124701 1.498
0.12454364 -0.081124701 1.498
0.12714715 -0.081124701 1.498
0.16326866 -0.080962233 1.495
0.16586696 -0.080962233 1.495
0.16846524 -0.080962233 1.495
0.17626013 -0.080962233 1.495
0.17885843 -0.080962233 1.495
0.18145673 -0.080962233 1.495
0.18405502 -0.080962233 1.495
0.18665332 -0.080962233 1.495
0.20484139 -0.080962233 1.495
0.20743968 -0.080962233 1.495
0.21003798 -0.080962233 1.495
0.21263628 -0.080962233 1.495
0.21523458 -0.080962233 1.495
0.23861924 -0.080962233 1.495
0.24121752 -0.080962233 1.495
-0.24630034 -0.078888111 1.505
-0.22275925 -0.078888111 1.505
-0.22014357 -0.078888111 1.505
-0.2175279 -0.078888111 1.505
-0.21491222 -0.078888111 1.505
-0.21229655 -0.078888111 1.505
-0.20926291 -0.078730859 1.502
-0.20665245 -0.078730859 1.502
-0.20404197 -0.078730859 1.502
-0.20183384 -0.078888111 1.505
-0.19882105 -0.078730859 1.502
-0.19621059 -0.078730859 1.502
-0.19360013 -0.078730859 1.502
-0.19098967 -0.078730859 1.502
-0.18837921 -0.078730859 1.502
-0.18576875 -0.078730859 1.502
-0.17010598 -0.078730859 1.502
-0.16749552 -0.078730859 1.502
-0.16488506 -0.078730859 1.502
-0.1622746 -0.078730859 1.502
-0.15966412 -0.078730859 1.502
-0.15705366 -0.078730859 1.502
-0.14400136 -0.078730859 1.502
-0.1413909 -0.078730859 1.502
-0.13878043 -0.078730859 1.502
-0.094402589 -0.078730859 1.502
-0.091792129 -0.078730859 1.502
-0.089181662 -0.078730859 1.502
-0.086571202 -0.078730859 1.502
-0.083960742 -0.078730859 1.502
-0.081350282 -0.078730859 1.502
-0.078739822 -0.078730859 1.502
-0.076129355 -0.078730859 1.502
-0.047288008 -0.078521192 1.498
-0.0446845 -0.078521192 1.498
-0.042080991 -0.078521192 1.498
-0.039477479 -0.078521192 1.498
-0.034270462 -0.078521192 1.498
-0.031666949 -0.078521192 1.498
-0.029063441 -0.078521192 1.498
-0.02645993 -0.078521192 1.498
-0.023856422 -0.078521192 1.498
-0.021252912 -0.078521192 1.498
-0.018649401 -0.078521192 1.498
-0.016045893 -0.078521192 1.498
-0.013442382 -0.078521192 1.498
-0.010838872 -0.078521192 1.498
-0.0082353624 -0.078521192 1.498
-0.0056318524 -0.078521192 1.498
-0.0030283427 -0.078521192 1.498
0.082887478 -0.078521192 1.498
0.085490994 -0.078521192 1.498
0.088094503 -0.078521192 1.498
0.10111205 -0.078521192 1.498
0.10371556 -0.078521192 1.498
0.10631907 -0.078521192 1.498
0.10870444 -0.07836394 1.495
0.11130274 -0.07836394 1.495
0.1141296 -0.078521192 1.498
0.11673311 -0.078521192 1.498
0.11933662 -0.078521192 1.498
0.12194013 -0.078521192 1.498
0.12454364 -0.078521192 1.498
0.12714715 -0.078521192 1.498
0.12975065 -0.078521192 1.498
0.16586696 -0.07836394 1.495
0.16846524 -0.07836394 1.495
0.17885843 -0.07836394 1.495
0.18145673 -0.07836394 1.495
0.18405502 -0.07836394 1.495
0.18665332 -0.07836394 1.495
0.18925162 -0.07836394 1.495
0.21263628 -0.07836394 1.495
0.22302946 -0.07836394 1.495
0.23082435 -0.07836394 1.495
0.23342264 -0.07836394 1.495
0.23602094 -0.07836394 1.495
0.23861924 -0.07836394 1.495
0.24121752 -0.07836394 1.495
0.24381582 -0.07836394 1.495
-0.22537492 -0.076272435 1.505
-0.22275925 -0.076272435 1.505
-0.22014357 -0.076272435 1.505
-0.2175279 -0.076272435 1.505
-0.21448383 -0.076120391 1.502
-0.21187337 -0.076120391 1.502
-0.20926291 -0.076120391 1.502
-0.20665245 -0.076120391 1.502
-0.20404197 -0.076120391 1.502
-0.20143151 -0.076120391 1.502
-0.19882105 -0.076120391 1.502
-0.19621059 -0.076120391 1.502
-0.19360013 -0.076120391 1.502
-0.19098967 -0.076120391 1.502
-0.1622746 -0.076120391 1.502
-0.15966412 -0.076120391 1.502
-0.15705366 -0.076120391 1.502
-0.14400136 -0.076120391 1.502
-0.1413909 -0.076120391 1.502
-0.13878043 -0.076120391 1.502
-0.13616997 -0.076120391 1.502
-0.13355951 -0.076120391 1.502
-0.089181662 -0.076120391 1.502
-0.086571202 -0.076120391 1.502
-0.083960742 -0.076120391 1.502
-0.047288008 -0.075917684 1.498
-0.0446845 -0.075917684 1.498
-0.042080991 -0.075917684 1.498
-0.039477479 -0.075917684 1.498
-0.03687397 -0.075917684 1.498
-0.034270462 -0.075917684 1.498
-0.031666949 -0.075917684 1.498
-0.029063441 -0.075917684 1.498
-0.02645993 -0.075917684 1.498
-0.023856422 -0.075917684 1.498
-0.021252912 -0.075917684 1.498
-0.018649401 -0.075917684 1.498
-0.016045893 -0.075917684 1.498
-0.013442382 -0.075917684 1.498
-0.010838872 -0.075917684 1.498
-0.0082353624 -0.075917684 1.498
-0.0056318524 -0.075917684 1.498
-0.0030283427 -0.075917684 1.498
0.08028397 -0.075917684 1.498
0.082887478 -0.075917684 1.498
0.085490994 -0.075917684 1.498
0.088094503 -0.075917684 1.498
0.090698011 -0.075917684 1.498
0.10371556 -0.075917684 1.498
0.10631907 -0.075917684 1.498
0.10892258 -0.075917684 1.498
0.11152609 -0.075917684 1.498
0.1141296 -0.075917684 1.498
0.11673311 -0.075917684 1.498
0.11933662 -0.075917684 1.498
0.12194013 -0.075917684 1.498
0.12454364 -0.075917684 1.498
0.12714715 -0.075917684 1.498
0.12975065 -0.075917684 1.498
0.13235417 -0.075917684 1.498
0.16586696 -0.07576564 1.495
0.16846524 -0.07576564 1.495
0.18145673 -0.07576564 1.495
0.18405502 -0.07576564 1.495
0.18665332 -0.07576564 1.495
0.18925162 -0.07576564 1.495
0.23082435 -0.07576564 1.495
0.23342264 -0.07576564 1.495
0.23602094 -0.07576564 1.495
0.23861924 -0.07576564 1.495
0.24121752 -0.07576564 1.495
0.24381582 -0.07576564 1.495
-0.24891602 -0.07365676 1.505
-0.2279906 -0.07365676 1.505
-0.22537492 -0.07365676 1.505
-0.22275925 -0.07365676 1.505
-0.22014357 -0.07365676 1.505
-0.2175279 -0.07365676 1.505
-0.21448383 -0.073509932 1.502
-0.21187337 -0.073509932 1.502
-0.20926291 -0.073509932 1.502
-0.20665245 -0.073509932 1.502
-0.20404197 -0.073509932 1.502
-0.15705366 -0.073509932 1.502
-0.1544432 -0.073509932 1.502
-0.15183274 -0.073509932 1.502
-0.14922228 -0.073509932 1.502
-0.14661182 -0.073509932 1.502
-0.14400136 -0.073509932 1.502
-0.1413909 -0.073509932 1.502
-0.13878043 -0.073509932 1.502
-0.13616997 -0.073509932 1.502
-0.13355951 -0.073509932 1.502
-0.04989152 -0.073314168 1.498
-0.047288008 -0.073314168 1.498
-0.0446845 -0.073314168 1.498
-0.042080991 -0.073314168 1.498
-0.039477479 -0.073314168 1.498
-0.03687397 -0.073314168 1.498
-0.034270462 -0.073314168 1.498
-0.031666949 -0.073314168 1.498
-0.029063441 -0.073314168 1.498
-0.02645993 -0.073314168 1.498
-0.023856422 -0.073314168 1.498
-0.021252912 -0.073314168 1.498
-0.018649401 -0.073314168 1.498
-0.016045893 -0.073314168 1.498
-0.013442382 -0.073314168 1.498
-0.010838872 -0.073314168 1.498
-0.0082353624 -0.073314168 1.498
-0.0056318524 -0.073314168 1.498
-0.0030283427 -0.073314168 1.498
0.08028397 -0.073314168 1.498
0.082887478 -0.073314168 1.498
0.085490994 -0.073314168 1.498
0.088094503 -0.073314168 1.498
0.090698011 -0.073314168 1.498
0.10371556 -0.073314168 1.498
0.10631907 -0.073314168 1.498
0.10892258 -0.073314168 1.498
0.11152609 -0.073314168 1.498
0.1141296 -0.073314168 1.498
0.11673311 -0.073314168 1.498
0.11933662 -0.073314168 1.498
0.12194013 -0.073314168 1.498
0.12454364 -0.073314168 1.498
0.12714715 -0.073314168 1.498
0.12975065 -0.073314168 1.498
0.13235417 -0.073314168 1.498
0.13495767 -0.073314168 1.498
0.16586696 -0.073167346 1.495
0.16846524 -0.073167346 1.495
0.18145673 -0.073167346 1.495
0.18405502 -0.073167346 1.495
0.18665332 -0.073167346 1.495
0.18925162 -0.073167346 1.495
0.22302946 -0.073167346 1.495
0.22562775 -0.073167346 1.495
0.22822605 -0.073167346 1.495
0.23082435 -0.073167346 1.495
0.23342264 -0.073167346 1.495
0.23602094 -0.073167346 1.495
0.23861924 -0.073167346 1.495
0.24121752 -0.073167346 1.495
0.24381582 -0.073167346 1.495
-0.24891602 -0.071041085 1.505
-0.24630034 -0.071041085 1.505
-0.23060627 -0.071041085 1.505
-0.2279906 -0.071041085 1.505
-0.22537492 -0.071041085 1.505
-0.22275925 -0.071041085 1.505
-0.22014357 -0.071041085 1.505
-0.2175279 -0.071041085 1.505
-0.21448383 -0.070899472 1.502
-0.21187337 -0.070899472 1.502
-0.20926291 -0.070899472 1.502
-0.20665245 -0.070899472 1.502
-0.20404197 -0.070899472 1.502
-0.1544432 -0.070899472 1.502
-0.15183274 -0.070899472 1.502
-0.14922228 -0.070899472 1.502
-0.14661182 -0.070899472 1.502
-0.14400136 -0.070899472 1.502
-0.1413909 -0.070899472 1.502
-0.13878043 -0.070899472 1.502
-0.13616997 -0.070899472 1.502
-0.13355951 -0.070899472 1.502
-0.13094905 -0.070899472 1.502
-0.04989152 -0.070710659 1.498
-0.047288008 -0.070710659 1.498
-0.0446845 -0.070710659 1.498
-0.042080991 -0.070710659 1.498
-0.039477479 -0.070710659 1.498
-0.03687397 -0.070710659 1.498
-0.034270462 -0.070710659 1.498
-0.031666949 -0.070710659 1.498
-0.029063441 -0.070710659 1.498
-0.02645993 -0.070710659 1.498
-0.023856422 -0.070710659 1.498
-0.021252912 -0.070710659 1.498
-0.018649401 -0.070710659 1.498
-0.016045893 -0.070710659 1.498
-0.013442382 -0.070710659 1.498
-0.010838872 -0.070710659 1.498
-0.0082353624 -0.070710659 1.498
-0.0056318524 -0.070710659 1.498
-0.0030283427 -0.070710659 1.498
0.082887478 -0.070710659 1.498
0.085490994 -0.070710659 1.498
0.088094503 -0.070710659 1.498
0.10371556 -0.070710659 1.498
0.10631907 -0.070710659 1.498
0.10892258 -0.070710659 1.498
0.11152609 -0.070710659 1.498
0.1141296 -0.070710659 1.498
0.11673311 -0.070710659 1.498
0.11933662 -0.070710659 1.498
0.12194013 -0.070710659 1.498
0.12454364 -0.070710659 1.498
0.12714715 -0.070710659 1.498
0.12975065 -0.070710659 1.498
0.13235417 -0.070710659 1.498
0.13495767 -0.070710659 1.498
0.13756119 -0.070710659 1.498
0.16586696 -0.070569046 1.495
0.16846524 -0.070569046 1.495
0.18405502 -0.070569046 1.495
0.18665332 -0.070569046 1.495
0.18925162 -0.070569046 1.495
0.22302946 -0.070569046 1.495
0.22562775 -0.070569046 1.495
0.22822605 -0.070569046 1.495
0.23082435 -0.070569046 1.495
0.23342264 -0.070569046 1.495
0.24121752 -0.070569046 1.495
-0.24891602 -0.068425409 1.505
-0.24630034 -0.068425409 1.505
-0.24368466 -0.068425409 1.505
-0.23322196 -0.068425409 1.505
-0.23060627 -0.068425409 1.505
-0.2279906 -0.068425409 1.505
-0.22537492 -0.068425409 1.505
-0.22275925 -0.068425409 1.505
-0.22014357 -0.068425409 1.505
-0.2175279 -0.068425409 1.505
-0.21448383 -0.068289012 1.502
-0.21187337 -0.068289012 1.502
-0.20926291 -0.068289012 1.502
-0.20665245 -0.068289012 1.502
-0.20404197 -0.068289012 1.502
-0.15183274 -0.068289012 1.502
-0.14922228 -0.068289012 1.502
-0.14661182 -0.068289012 1.502
-0.14400136 -0.068289012 1.502
-0.1413909 -0.068289012 1.502
-0.13878043 -0.068289012 1.502
-0.13616997 -0.068289012 1.502
-0.13355951 -0.068289012 1.502
-0.13094905 -0.068289012 1.502
-0.12833859 -0.068289012 1.502
-0.12572813 -0.068289012 1.502
-0.12311767 -0.068289012 1.502
-0.1205072 -0.068289012 1.502
-0.04989152 -0.06810715 1.498
-0.047288008 -0.06810715 1.498
-0.0446845 -0.06810715 1.498
-0.042080991 -0.06810715 1.498
-0.039477479 -0.06810715 1.498
-0.03687397 -0.06810715 1.498
-0.034270462 -0.06810715 1.498
-0.029063441 -0.06810715 1.498
-0.02645993 -0.06810715 1.498
-0.023856422 -0.06810715 1.498
-0.021252912 -0.06810715 1.498
-0.018649401 -0.06810715 1.498
-0.016045893 -0.06810715 1.498
-0.013442382 -0.06810715 1.498
-0.010838872 -0.06810715 1.498
-0.0082353624 -0.06810715 1.498
-0.0056318524 -0.06810715 1.498
-0.0030283427 -0.06810715 1.498
0.085490994 -0.06810715 1.498
0.10371556 -0.06810715 1.498
0.10631907 -0.06810715 1.498
0.10892258 -0.06810715 1.498
0.11152609 -0.06810715 1.498
0.1141296 -0.06810715 1.498
0.11673311 -0.06810715 1.498
0.11933662 -0.06810715 1.498
0.12194013 -0.06810715 1.498
0.12454364 -0.06810715 1.498
0.12689251 -0.067970753 1.495
0.12949081 -0.067970753 1.495
0.13235417 -0.06810715 1.498
0.13495767 -0.06810715 1.498
0.13756119 -0.06810715 1.498
0.16326866 -0.067970753 1.495
0.16586696 -0.067970753 1.495
0.16846524 -0.067970753 1.495
0.17106354 -0.067970753 1.495
0.18405502 -0.067970753 1.495
0.18665332 -0.067970753 1.495
0.18925162 -0.067970753 1.495
0.22302946 -0.067970753 1.495
0.22562775 -0.067970753 1.495
0.22822605 -0.067970753 1.495
0.23082435 -0.067970753 1.495
-0.24891602 -0.065809734 1.505
-0.24630034 -0.065809734 1.505
-0.24368466 -0.065809734 1.505
-0.24106899 -0.065809734 1.505
-0.23845331 -0.065809734 1.505
-0.23583764 -0.065809734 1.505
-0.23322196 -0.065809734 1.505
-0.23060627 -0.065809734 1.505
-0.2279906 -0.065809734 1.505
-0.22537492 -0.065809734 1.505
-0.22275925 -0.065809734 1.505
-0.22014357 -0.065809734 1.505
-0.2175279 -0.065809734 1.505
-0.21491222 -0.065809734 1.505
-0.21187337 -0.065678544 1.502
-0.20926291 -0.065678544 1.502
-0.20665245 -0.065678544 1.502
-0.20404197 -0.065678544 1.502
-0.20143151 -0.065678544 1.502
-0.19882105 -0.065678544 1.502
-0.14922228 -0.065678544 1.502
-0.14661182 -0.065678544 1.502
-0.14400136 -0.065678544 1.502
-0.1413909 -0.065678544 1.502
-0.13878043 -0.065678544 1.502
-0.13616997 -0.065678544 1.502
-0.13355951 -0.065678544 1.502
-0.13094905 -0.065678544 1.502
-0.12833859 -0.065678544 1.502
-0.12572813 -0.065678544 1.502
-0.12311767 -0.065678544 1.502
-0.1205072 -0.065678544 1.502
-0.11789674 -0.065678544 1.502
-0.11528628 -0.065678544 1.502
-0.11267582 -0.065678544 1.502
-0.11006536 -0.065678544 1.502
-0.04989152 -0.065503642 1.498
-0.047288008 -0.065503642 1.498
-0.0446845 -0.065503642 1.498
-0.042080991 -0.065503642 1.498
-0.039477479 -0.065503642 1.498
-0.03687397 -0.065503642 1.498
-0.034270462 -0.065503642 1.498
-0.029063441 -0.065503642 1.498
-0.02645993 -0.065503642 1.498
-0.023856422 -0.065503642 1.498
-0.021252912 -0.065503642 1.498
-0.018649401 -0.065503642 1.498
-0.016045893 -0.065503642 1.498
-0.013442382 -0.065503642 1.498
-0.010838872 -0.065503642 1.498
-0.0082353624 -0.065503642 1.498
0.085490994 -0.065503642 1.498
0.088094503 -0.065503642 1.498
0.10371556 -0.065503642 1.498
0.10631907 -0.065503642 1.498
0.10892258 -0.065503642 1.498
0.11152609 -0.065503642 1.498
0.1141296 -0.065503642 1.498
0.11673311 -0.065503642 1.498
0.11933662 -0.065503642 1.498
0.12194013 -0.065503642 1.498
0.12454364 -0.065503642 1.498
0.12689251 -0.06537246 1.495
0.12949081 -0.06537246 1.495
0.13235417 -0.065503642 1.498
0.13495767 -0.065503642 1.498
0.16326866 -0.06537246 1.495
0.16586696 -0.06537246 1.495
0.16846524 -0.06537246 1.495
0.17106354 -0.06537246 1.495
0.17366184 -0.06537246 1.495
0.18405502 -0.06537246 1.495
0.18665332 -0.06537246 1.495
0.18925162 -0.06537246 1.495
0.22302946 -0.06537246 1.495
0.22562775 -0.06537246 1.495
0.22822605 -0.06537246 1.495
0.23082435 -0.06537246 1.495
-0.24891602 -0.063194059 1.505
-0.24630034 -0.063194059 1.505
-0.24368466 -0.063194059 1.505
-0.24106899 -0.063194059 1.505
-0.23845331 -0.063194059 1.505
-0.23583764 -0.063194059 1.505
-0.23322196 -0.063194059 1.505
-0.23060627 -0.063194059 1.505
-0.2279906 -0.063194059 1.505
-0.22537492 -0.063194059 1.505
-0.22275925 -0.063194059 1.505
-0.22014357 -0.063194059 1.505
-0.2175279 -0.063194059 1.505
-0.21491222 -0.063194059 1.505
-0.21229655 -0.063194059 1.505
-0.20926291 -0.063068084 1.502
-0.20665245 -0.063068084 1.502
-0.20404197 -0.063068084 1.502
-0.20143151 -0.063068084 1.502
-0.19882105 -0.063068084 1.502
-0.19621059 -0.063068084 1.502
-0.19360013 -0.063068084 1.502
-0.19098967 -0.063068084 1.502
-0.18837921 -0.063068084 1.502
-0.14661182 -0.063068084 1.502
-0.14400136 -0.063068084 1.502
-0.1413909 -0.063068084 1.502
-0.13878043 -0.063068084 1.502
-0.13616997 -0.063068084 1.502
-0.13355951 -0.063068084 1.502
-0.13094905 -0.063068084 1.502
-0.12833859 -0.063068084 1.502
-0.12572813 -0.063068084 1.502
-0.12311767 -0.063068084 1.502
-0.1205072 -0.063068084 1.502
-0.11789674 -0.063068084 1.502
-0.11528628 -0.063068084 1.502
-0.11267582 -0.063068084 1.502
-0.11006536 -0.063068084 1.502
-0.047288008 -0.062900133 1.498
-0.0446845 -0.062900133 1.498
-0.042080991 -0.062900133 1.498
-0.039477479 -0.062900133 1.498
-0.03687397 -0.062900133 1.498
-0.034270462 -0.062900133 1.498
-0.031666949 -0.062900133 1.498
-0.029063441 -0.062900133 1.498
-0.02645993 -0.062900133 1.498
-0.023856422 -0.062900133 1.498
-0.021252912 -0.062900133 1.498
-0.018649401 -0.062900133 1.498
-0.016045893 -0.062900133 1.498
-0.013442382 -0.062900133 1.498
-0.010838872 -0.062900133 1.498
0.085490994 -0.062900133 1.498
0.088094503 -0.062900133 1.498
0.090698011 -0.062900133 1.498
0.10371556 -0.062900133 1.498
0.10631907 -0.062900133 1.498
0.10892258 -0.062900133 1.498
0.11152609 -0.062900133 1.498
0.1141296 -0.062900133 1.498
0.11673311 -0.062900133 1.498
0.11933662 -0.062900133 1.498
0.12194013 -0.062900133 1.498
0.12454364 -0.062900133 1.498
0.12689251 -0.062774159 1.495
0.12949081 -0.062774159 1.495
0.13208911 -0.062774159 1.495
0.13468739 -0.062774159 1.495
0.16326866 -0.062774159 1.495
0.16586696 -0.062774159 1.495
0.16846524 -0.062774159 1.495
0.17106354 -0.062774159 1.495
0.17366184 -0.062774159 1.495
0.17626013 -0.062774159 1.495
0.17885843 -0.062774159 1.495
0.18405502 -0.062774159 1.495
0.18665332 -0.062774159 1.495
0.18925162 -0.062774159 1.495
0.22302946 -0.062774159 1.495
0.22562775 -0.062774159 1.495
0.22822605 -0.062774159 1.495
-0.24891602 -0.06057838 1.505
-0.24630034 -0.06057838 1.505
-0.24368466 -0.06057838 1.505
-0.24106899 -0.06057838 1.505
-0.23845331 -0.06057838 1.505
-0.23583764 -0.06057838 1.505
-0.23322196 -0.06057838 1.505
-0.23060627 -0.06057838 1.505
-0.2279906 -0.06057838 1.505
-0.22537492 -0.06057838 1.505
-0.22275925 -0.06057838 1.505
-0.22014357 -0.06057838 1.505
-0.2175279 -0.06057838 1.505
-0.21491222 -0.06057838 1.505
-0.21229655 -0.06057838 1.505
-0.20968087 -0.06057838 1.505
-0.20706519 -0.06057838 1.505
-0.20404197 -0.060457624 1.502
-0.20143151 -0.060457624 1.502
-0.19882105 -0.060457624 1.502
-0.19621059 -0.060457624 1.502
-0.19360013 -0.060457624 1.502
-0.19098967 -0.060457624 1.502
-0.18837921 -0.060457624 1.502
-0.18576875 -0.060457624 1.502
-0.13094905 -0.060457624 1.502
-0.12833859 -0.060457624 1.502
-0.12572813 -0.060457624 1.502
-0.12311767 -0.060457624 1.502
-0.11267582 -0.060457624 1.502
-0.11006536 -0.060457624 1.502
-0.1074549 -0.060457624 1.502
-0.10484444 -0.060457624 1.502
-0.047288008 -0.060296621 1.498
-0.0446845 -0.060296621 1.498
-0.042080991 -0.060296621 1.498
-0.039477479 -0.060296621 1.498
-0.03687397 -0.060296621 1.498
-0.034270462 -0.060296621 1.498
-0.031666949 -0.060296621 1.498
-0.029063441 -0.060296621 1.498
-0.02645993 -0.060296621 1.498
-0.023856422 -0.060296621 1.498
-0.021252912 -0.060296621 1.498
-0.018649401 -0.060296621 1.498
-0.016045893 -0.060296621 1.498
-0.013442382 -0.060296621 1.498
-0.010838872 -0.060296621 1.498
0.082887478 -0.060296621 1.498
0.085490994 -0.060296621 1.498
0.088094503 -0.060296621 1.498
0.090698011 -0.060296621 1.498
0.10892258 -0.060296621 1.498
0.11933662 -0.060296621 1.498
0.12194013 -0.060296621 1.498
0.12454364 -0.060296621 1.498
0.12689251 -0.060175866 1.495
0.12949081 -0.060175866 1.495
0.13208911 -0.060175866 1.495
0.13468739 -0.060175866 1.495
0.13728569 -0.060175866 1.495
0.139884 -0.060175866 1.495
0.14248228 -0.060175866 1.495
0.14508058 -0.060175866 1.495
0.14767888 -0.060175866 1.495
0.16326866 -0.060175866 1.495
0.16586696 -0.060175866 1.495
0.16846524 -0.060175866 1.495
0.17106354 -0.060175866 1.495
0.17366184 -0.060175866 1.495
0.17626013 -0.060175866 1.495
0.17885843 -0.060175866 1.495
0.18145673 -0.060175866 1.495
0.18405502 -0.060175866 1.495
0.18665332 -0.060175866 1.495
0.18925162 -0.060175866 1.495
0.1918499 -0.060175866 1.495
-0.24891602 -0.057962704 1.505
-0.24630034 -0.057962704 1.505
-0.24368466 -0.057962704 1.505
-0.24106899 -0.057962704 1.505
-0.23845331 -0.057962704 1.505
-0.23583764 -0.057962704 1.505
-0.23322196 -0.057962704 1.505
-0.23060627 -0.057962704 1.505
-0.2279906 -0.057962704 1.505
-0.22537492 -0.057962704 1.505
-0.22275925 -0.057962704 1.505
-0.22014357 -0.057962704 1.505
-0.2175279 -0.057962704 1.505
-0.21491222 -0.057962704 1.505
-0.21229655 -0.057962704 1.505
-0.20968087 -0.057962704 1.505
-0.20706519 -0.057962704 1.505
-0.20444952 -0.057962704 1.505
-0.19621059 -0.057847165 1.502
-0.19360013 -0.057847165 1.502
-0.19098967 -0.057847165 1.502
-0.18837921 -0.057847165 1.502
-0.18576875 -0.057847165 1.502
-0.18315829 -0.057847165 1.502
-0.1622746 -0.057847165 1.502
-0.15966412 -0.057847165 1.502
-0.13094905 -0.057847165 1.502
-0.12833859 -0.057847165 1.502
-0.12572813 -0.057847165 1.502
-0.11006536 -0.057847165 1.502
-0.1074549 -0.057847165 1.502
-0.10484444 -0.057847165 1.502
-0.10223398 -0.057847165 1.502
-0.04989152 -0.057693113 1.498
-0.047288008 -0.057693113 1.498
-0.0446845 -0.057693113 1.498
-0.042080991 -0.057693113 1.498
-0.039477479 -0.057693113 1.498
-0.03687397 -0.057693113 1.498
-0.034270462 -0.057693113 1.498
-0.031666949 -0.057693113 1.498
-0.029063441 -0.057693113 1.498
-0.02645993 -0.057693113 1.498
-0.023856422 -0.057693113 1.498
-0.021252912 -0.057693113 1.498
-0.018649401 -0.057693113 1.498
-0.016045893 -0.057693113 1.498
-0.013442382 -0.057693113 1.498
-0.010838872 -0.057693113 1.498
-0.0082353624 -0.057693113 1.498
0.0073856968 -0.057693113 1.498
0.0099892067 -0.057693113 1.498
0.012592716 -0.057693113 1.498
0.015196226 -0.057693113 1.498
0.017799735 -0.057693113 1.498
0.020403245 -0.057693113 1.498
0.023006756 -0.057693113 1.498
0.025610264 -0.057693113 1.498
0.028213775 -0.057693113 1.498
0.08028397 -0.057693113 1.498
0.082887478 -0.057693113 1.498
0.085490994 -0.057693113 1.498
0.088094503 -0.057693113 1.498
0.090698011 -0.057693113 1.498
0.09330152 -0.057693113 1.498
0.12194013 -0.057693113 1.498
0.12454364 -0.057693113 1.498
0.12714715 -0.057693113 1.498
0.12975065 -0.057693113 1.498
0.13208911 -0.057577569 1.495
0.13468739 -0.057577569 1.495
0.13728569 -0.057577569 1.495
0.139884 -0.057577569 1.495
0.14248228 -0.057577569 1.495
0.14508058 -0.057577569 1.495
0.14767888 -0.057577569 1.495
0.16067035 -0.057577569 1.495
0.16326866 -0.057577569 1.495
0.16586696 -0.057577569 1.495
0.16846524 -0.057577569 1.495
0.17106354 -0.057577569 1.495
0.17366184 -0.057577569 1.495
0.17626013 -0.057577569 1.495
0.17885843 -0.057577569 1.495
0.18145673 -0.057577569 1.495
0.18405502 -0.057577569 1.495
0.18665332 -0.057577569 1.495
0.18925162 -0.057577569 1.495
0.1918499 -0.057577569 1.495
-0.24891602 -0.055347029 1.505
-0.24630034 -0.055347029 1.505
-0.24368466 -0.055347029 1.505
-0.24106899 -0.055347029 1.505
-0.23845331 -0.055347029 1.505
-0.23583764 -0.055347029 1.505
-0.23322196 -0.055347029 1.505
-0.23060627 -0.055347029 1.505
-0.2279906 -0.055347029 1.505
-0.22537492 -0.055347029 1.505
-0.22275925 -0.055347029 1.505
-0.22014357 -0.055347029 1.505
-0.2175279 -0.055347029 1.505
-0.21491222 -0.055347029 1.505
-0.21229655 -0.055347029 1.505
-0.20968087 -0.055347029 1.505
-0.20706519 -0.055347029 1.505
-0.20444952 -0.055347029 1.505
-0.19360013 -0.055236701 1.502
-0.19098967 -0.055236701 1.502
-0.18837921 -0.055236701 1.502
-0.18576875 -0.055236701 1.502
-0.18315829 -0.055236701 1.502
-0.16488506 -0.055236701 1.502
-0.1622746 -0.055236701 1.502
-0.15966412 -0.055236701 1.502
-0.15705366 -0.055236701 1.502
-0.12833859 -0.055236701 1.502
-0.12572813 -0.055236701 1.502
-0.1074549 -0.055236701 1.502
-0.10484444 -0.055236701 1.502
-0.10223398 -0.055236701 1.502
-0.099623509 -0.055236701 1.502
-0.052495029 -0.0550896 1.498
-0.04989152 -0.0550896 1.498
-0.047288008 -0.0550896 1.498
-0.0446845 -0.0550896 1.498
-0.042080991 -0.0550896 1.498
-0.039477479 -0.0550896 1.498
-0.03687397 -0.0550896 1.498
-0.034270462 -0.0550896 1.498
-0.031666949 -0.0550896 1.498
-0.029063441 -0.0550896 1.498
-0.02645993 -0.0550896 1.498
-0.023856422 -0.0550896 1.498
-0.021252912 -0.0550896 1.498
-0.018649401 -0.0550896 1.498
-0.016045893 -0.0550896 1.498
-0.013442382 -0.0550896 1.498
-0.010838872 -0.0550896 1.498
-0.00042483292 -0.0550896 1.498
0.0047821868 -0.0550896 1.498
0.0073856968 -0.0550896 1.498
0.0099892067 -0.0550896 1.498
0.012592716 -0.0550896 1.498
0.015196226 -0.0550896 1.498
0.017799735 -0.0550896 1.498
0.020403245 -0.0550896 1.498
0.023006756 -0.0550896 1.498
0.025610264 -0.0550896 1.498
0.028213775 -0.0550896 1.498
0.030817285 -0.0550896 1.498
0.08028397 -0.0550896 1.498
0.082887478 -0.0550896 1.498
0.085490994 -0.0550896 1.498
0.088094503 -0.0550896 1.498
0.090698011 -0.0550896 1.498
0.09330152 -0.0550896 1.498
0.12194013 -0.0550896 1.498
0.12454364 -0.0550896 1.498
0.12714715 -0.0550896 1.498
0.12975065 -0.0550896 1.498
0.13728569 -0.054979276 1.495
0.139884 -0.054979276 1.495
0.14248228 -0.054979276 1.495
0.14508058 -0.054979276 1.495
0.14767888 -0.054979276 1.495
0.16326866 -0.054979276 1.495
0.16586696 -0.054979276 1.495
0.16846524 -0.054979276 1.495
0.17106354 -0.054979276 1.495
0.17366184 -0.054979276 1.495
0.17626013 -0.054979276 1.495
0.17885843 -0.054979276 1.495
0.18145673 -0.054979276 1.495
0.18405502 -0.054979276 1.495
0.18665332 -0.054979276 1.495
0.18925162 -0.054979276 1.495
-0.24891602 -0.052731354 1.505
-0.24630034 -0.052731354 1.505
-0.2431989 -0.052626241 1.502
-0.24106899 -0.052731354 1.505
-0.23845331 -0.052731354 1.505
-0.23583764 -0.052731354 1.505
-0.23322196 -0.052731354 1.505
-0.23060627 -0.052731354 1.505
-0.2279906 -0.052731354 1.505
-0.22537492 -0.052731354 1.505
-0.22275925 -0.052731354 1.505
-0.22014357 -0.052731354 1.505
-0.2175279 -0.052731354 1.505
-0.21491222 -0.052731354 1.505
-0.21229655 -0.052731354 1.505
-0.20968087 -0.052731354 1.505
-0.20706519 -0.052731354 1.505
-0.19098967 -0.052626241 1.502
-0.18837921 -0.052626241 1.502
-0.18576875 -0.052626241 1.502
-0.18315829 -0.052626241 1.502
-0.16488506 -0.052626241 1.502
-0.1622746 -0.052626241 1.502
-0.15966412 -0.052626241 1.502
-0.15705366 -0.052626241 1.502
-0.1544432 -0.052626241 1.502
-0.12833859 -0.052626241 1.502
-0.12572813 -0.052626241 1.502
-0.10484444 -0.052626241 1.502
-0.10223398 -0.052626241 1.502
-0.099623509 -0.052626241 1.502
-0.097013049 -0.052626241 1.502
-0.094402589 -0.052626241 1.502
-0.060305558 -0.052486092 1.498
-0.05770205 -0.052486092 1.498
-0.055098537 -0.052486092 1.498
-0.052495029 -0.052486092 1.498
-0.04989152 -0.052486092 1.498
-0.047288008 -0.052486092 1.498
-0.0446845 -0.052486092 1.498
-0.042080991 -0.052486092 1.498
-0.039477479 -0.052486092 1.498
-0.03687397 -0.052486092 1.498
-0.034270462 -0.052486092 1.498
-0.031666949 -0.052486092 1.498
-0.029063441 -0.052486092 1.498
-0.02645993 -0.052486092 1.498
-0.023856422 -0.052486092 1.498
-0.021252912 -0.052486092 1.498
-0.018649401 -0.052486092 1.498
-0.016045893 -0.052486092 1.498
-0.013442382 -0.052486092 1.498
-0.010838872 -0.052486092 1.498
-0.00042483292 -0.052486092 1.498
0.0021786769 -0.052486092 1.498
0.0047821868 -0.052486092 1.498
0.0073856968 -0.052486092 1.498
0.0099892067 -0.052486092 1.498
0.012592716 -0.052486092 1.498
0.025610264 -0.052486092 1.498
0.028213775 -0.052486092 1.498
0.030817285 -0.052486092 1.498
0.033420794 -0.052486092 1.498
0.077680461 -0.052486092 1.498
0.08028397 -0.052486092 1.498
0.082887478 -0.052486092 1.498
0.085490994 -0.052486092 1.498
0.088094503 -0.052486092 1.498
0.090698011 -0.052486092 1.498
0.09330152 -0.052486092 1.498
0.095905028 -0.052486092 1.498
0.12194013 -0.052486092 1.498
0.12454364 -0.052486092 1.498
0.12714715 -0.052486092 1.498
0.12975065 -0.052486092 1.498
0.139884 -0.052380979 1.495
0.14248228 -0.052380979 1.495
0.14508058 -0.052380979 1.495
0.14767888 -0.052380979 1.495
0.16326866 -0.052380979 1.495
0.16586696 -0.052380979 1.495
0.16846524 -0.052380979 1.495
0.17106354 -0.052380979 1.495
0.17366184 -0.052380979 1.495
0.17626013 -0.052380979 1.495
0.17885843 -0.052380979 1.495
0.18145673 -0.052380979 1.495
0.18405502 -0.052380979 1.495
0.18665332 -0.052380979 1.495
0.18925162 -0.052380979 1.495
-0.24891602 -0.050115678 1.505
-0.24580936 -0.050015777 1.502
-0.2431989 -0.050015777 1.502
-0.24058844 -0.050015777 1.502
-0.23845331 -0.050115678 1.505
-0.23583764 -0.050115678 1.505
-0.23322196 -0.050115678 1.505
-0.23060627 -0.050115678 1.505
-0.2279906 -0.050115678 1.505
-0.22537492 -0.050115678 1.505
-0.22275925 -0.050115678 1.505
-0.22014357 -0.050115678 1.505
-0.2175279 -0.050115678 1.505
-0.21491222 -0.050115678 1.505
-0.21229655 -0.050115678 1.505
-0.20968087 -0.050115678 1.505
-0.20706519 -0.050115678 1.505
-0.18837921 -0.050015777 1.502
-0.18576875 -0.050015777 1.502
-0.16488506 -0.050015777 1.502
-0.1622746 -0.050015777 1.502
-0.15966412 -0.050015777 1.502
-0.15705366 -0.050015777 1.502
-0.1544432 -0.050015777 1.502
-0.15183274 -0.050015777 1.502
-0.12833859 -0.050015777 1.502
-0.10223398 -0.050015777 1.502
-0.099623509 -0.050015777 1.502
-0.097013049 -0.050015777 1.502
-0.094402589 -0.050015777 1.502
-0.060305558 -0.049882583 1.498
-0.05770205 -0.049882583 1.498
-0.055098537 -0.049882583 1.498
-0.052495029 -0.049882583 1.498
-0.04989152 -0.049882583 1.498
-0.047288008 -0.049882583 1.498
-0.0446845 -0.049882583 1.498
-0.042080991 -0.049882583 1.498
-0.039477479 -0.049882583 1.498
-0.03687397 -0.049882583 1.498
-0.034270462 -0.049882583 1.498
-0.029063441 -0.049882583 1.498
-0.02645993 -0.049882583 1.498
-0.018649401 -0.049882583 1.498
-0.016045893 -0.049882583 1.498
-0.013442382 -0.049882583 1.498
-0.010838872 -0.049882583 1.498
-0.00042483292 -0.049882583 1.498
0.0021786769 -0.049882583 1.498
0.0047821868 -0.049882583 1.498
0.0073856968 -0.049882583 1.498
0.0099892067 -0.049882583 1.498
0.030817285 -0.049882583 1.498
0.033420794 -0.049882583 1.498
0.036024306 -0.049882583 1.498
0.075076953 -0.049882583 1.498
0.077680461 -0.049882583 1.498
0.08028397 -0.049882583 1.498
0.082887478 -0.049882583 1.498
0.085490994 -0.049882583 1.498
0.088094503 -0.049882583 1.498
0.090698011 -0.049882583 1.498
0.09330152 -0.049882583 1.498
0.095905028 -0.049882583 1.498
0.098508537 -0.049882583 1.498
0.10111205 -0.049882583 1.498
0.10371556 -0.049882583 1.498
0.10892258 -0.049882583 1.498
0.12454364 -0.049882583 1.498
0.12714715 -0.049882583 1.498
0.14248228 -0.049782682 1.495
0.14508058 -0.049782682 1.495
0.14767888 -0.049782682 1.495
0.16586696 -0.049782682 1.495
0.16846524 -0.049782682 1.495
-0.24891602 -0.047499999 1.505
-0.24580936 -0.047405317 1.502
-0.2431989 -0.047405317 1.502
-0.24058844 -0.047405317 1.502
-0.23845331 -0.047499999 1.505
-0.23583764 -0.047499999 1.505
-0.23322196 -0.047499999 1.505
-0.23060627 -0.047499999 1.505
-0.2279906 -0.047499999 1.505
-0.22537492 -0.047499999 1.505
-0.22275925 -0.047499999 1.505
-0.22014357 -0.047499999 1.505
-0.18837921 -0.047405317 1.502
-0.18576875 -0.047405317 1.502
-0.16749552 -0.047405317 1.502
-0.16488506 -0.047405317 1.502
-0.1622746 -0.047405317 1.502
-0.15966412 -0.047405317 1.502
-0.15705366 -0.047405317 1.502
-0.1544432 -0.047405317 1.502
-0.15183274 -0.047405317 1.502
-0.14922228 -0.047405317 1.502
-0.14661182 -0.047405317 1.502
-0.12833859 -0.047405317 1.502
-0.099623509 -0.047405317 1.502
-0.097013049 -0.047405317 1.502
-0.094402589 -0.047405317 1.502
-0.078739822 -0.047405317 1.502
-0.062909067 -0.047279071 1.498
-0.060305558 -0.047279071 1.498
-0.05770205 -0.047279071 1.498
-0.055098537 -0.047279071 1.498
-0.052495029 -0.047279071 1.498
-0.04989152 -0.047279071 1.498
-0.047288008 -0.047279071 1.498
-0.0446845 -0.047279071 1.498
-0.042080991 -0.047279071 1.498
-0.039477479 -0.047279071 1.498
-0.016045893 -0.047279071 1.498
-0.013442382 -0.047279071 1.498
-0.010838872 -0.047279071 1.498
-0.0030283427 -0.047279071 1.498
-0.00042483292 -0.047279071 1.498
0.0021786769 -0.047279071 1.498
0.0047821868 -0.047279071 1.498
0.0073856968 -0.047279071 1.498
0.030817285 -0.047279071 1.498
0.033420794 -0.047279071 1.498
0.036024306 -0.047279071 1.498
0.072473444 -0.047279071 1.498
0.075076953 -0.047279071 1.498
0.077680461 -0.047279071 1.498
0.08028397 -0.047279071 1.498
0.082887478 -0.047279071 1.498
0.085490994 -0.047279071 1.498
0.088094503 -0.047279071 1.498
0.090698011 -0.047279071 1.498
0.09330152 -0.047279071 1.498
0.095905028 -0.047279071 1.498
0.098508537 -0.047279071 1.498
0.10111205 -0.047279071 1.498
0.10371556 -0.047279071 1.498
0.10631907 -0.047279071 1.498
0.10892258 -0.047279071 1.498
0.11152609 -0.047279071 1.498
0.1141296 -0.047279071 1.498
0.11933662 -0.047279071 1.498
0.12194013 -0.047279071 1.498
0.12454364 -0.047279071 1.498
0.12714715 -0.047279071 1.498
0.14508058 -0.047184385 1.495
0.14767888 -0.047184385 1.495
-0.24891602 -0.044884324 1.505
-0.24580936 -0.044794854 1.502
-0.2431989 -0.044794854 1.502
-0.24106899 -0.044884324 1.505
-0.23845331 -0.044884324 1.505
-0.23583764 -0.044884324 1.505
-0.23322196 -0.044884324 1.505
-0.23060627 -0.044884324 1.505
-0.2279906 -0.044884324 1.505
-0.22537492 -0.044884324 1.505
-0.22275925 -0.044884324 1.505
-0.22014357 -0.044884324 1.505
-0.18837921 -0.044794854 1.502
-0.16749552 -0.044794854 1.502
-0.16488506 -0.044794854 1.502
-0.15705366 -0.044794854 1.502
-0.1544432 -0.044794854 1.502
-0.15183274 -0.044794854 1.502
-0.14922228 -0.044794854 1.502
-0.14661182 -0.044794854 1.502
-0.14400136 -0.044794854 1.502
-0.12833859 -0.044794854 1.502
-0.12572813 -0.044794854 1.502
-0.099623509 -0.044794854 1.502
-0.097013049 -0.044794854 1.502
-0.094402589 -0.044794854 1.502
-0.078739822 -0.044794854 1.502
-0.076129355 -0.044794854 1.502
-0.073518895 -0.044794854 1.502
-0.062909067 -0.044675563 1.498
-0.060305558 -0.044675563 1.498
-0.05770205 -0.044675563 1.498
-0.055098537 -0.044675563 1.498
-0.052495029 -0.044675563 1.498
-0.04989152 -0.044675563 1.498
-0.047288008 -0.044675563 1.498
-0.0446845 -0.044675563 1.498
-0.042080991 -0.044675563 1.498
-0.039477479 -0.044675563 1.498
-0.016045893 -0.044675563 1.498
-0.013442382 -0.044675563 1.498
-0.010838872 -0.044675563 1.498
-0.0030283427 -0.044675563 1.498
-0.00042483292 -0.044675563 1.498
0.0021786769 -0.044675563 1.498
0.0047821868 -0.044675563 1.498
0.0073856968 -0.044675563 1.498
0.033420794 -0.044675563 1.498
0.036024306 -0.044675563 1.498
0.038627815 -0.044675563 1.498
0.069869936 -0.044675563 1.498
0.072473444 -0.044675563 1.498
0.075076953 -0.044675563 1.498
0.077680461 -0.044675563 1.498
0.08028397 -0.044675563 1.498
0.082887478 -0.044675563 1.498
0.085490994 -0.044675563 1.498
0.087918073 -0.044586092 1.495
0.090516374 -0.044586092 1.495
0.09330152 -0.044675563 1.498
0.095905028 -0.044675563 1.498
0.098508537 -0.044675563 1.498
0.10111205 -0.044675563 1.498
0.10371556 -0.044675563 1.498
0.10631907 -0.044675563 1.498
0.10892258 -0.044675563 1.498
0.11152609 -0.044675563 1.498
0.1141296 -0.044675563 1.498
0.11673311 -0.044675563 1.498
0.11933662 -0.044675563 1.498
0.12194013 -0.044675563 1.498
0.12454364 -0.044675563 1.498
0.1970465 -0.044586092 1.495
0.19964479 -0.044586092 1.495
0.20224309 -0.044586092 1.495
0.20484139 -0.044586092 1.495
0.20743968 -0.044586092 1.495
0.21003798 -0.044586092 1.495
0.21263628 -0.044586092 1.495
-0.24891602 -0.042268649 1.505
-0.24630034 -0.042268649 1.505
-0.24368466 -0.042268649 1.505
-0.24106899 -0.042268649 1.505
-0.23845331 -0.042268649 1.505
-0.23583764 -0.042268649 1.505
-0.23322196 -0.042268649 1.505
-0.23060627 -0.042268649 1.505
-0.2279906 -0.042268649 1.505
-0.22537492 -0.042268649 1.505
-0.22275925 -0.042268649 1.505
-0.22014357 -0.042268649 1.505
-0.2175279 -0.042268649 1.505
-0.21491222 -0.042268649 1.505
-0.18837921 -0.042184394 1.502
-0.18576875 -0.042184394 1.502
-0.17010598 -0.042184394 1.502
-0.16749552 -0.042184394 1.502
-0.15183274 -0.042184394 1.502
-0.14922228 -0.042184394 1.502
-0.14661182 -0.042184394 1.502
-0.14400136 -0.042184394 1.502
-0.1413909 -0.042184394 1.502
-0.12833859 -0.042184394 1.502
-0.12572813 -0.042184394 1.502
-0.099623509 -0.042184394 1.502
-0.097013049 -0.042184394 1.502
-0.094402589 -0.042184394 1.502
-0.078739822 -0.042184394 1.502
-0.076129355 -0.042184394 1.502
-0.073518895 -0.042184394 1.502
-0.070908435 -0.042184394 1.502
-0.065512575 -0.042072054 1.498
-0.062909067 -0.042072054 1.498
-0.060305558 -0.042072054 1.498
-0.05770205 -0.042072054 1.498
-0.055098537 -0.042072054 1.498
-0.052495029 -0.042072054 1.498
-0.04989152 -0.042072054 1.498
-0.047288008 -0.042072054 1.498
-0.0446845 -0.042072054 1.498
-0.042080991 -0.042072054 1.498
-0.016045893 -0.042072054 1.498
-0.013442382 -0.042072054 1.498
-0.010838872 -0.042072054 1.498
-0.0082353624 -0.042072054 1.498
-0.0056318524 -0.042072054 1.498
-0.0030283427 -0.042072054 1.498
-0.00042483292 -0.042072054 1.498
0.0021786769 -0.042072054 1.498
0.0047821868 -0.042072054 1.498
0.0073856968 -0.042072054 1.498
0.033420794 -0.042072054 1.498
0.036024306 -0.042072054 1.498
0.038627815 -0.042072054 1.498
0.041231323 -0.042072054 1.498
0.043834835 -0.042072054 1.498
0.06726642 -0.042072054 1.498
0.069869936 -0.042072054 1.498
0.072473444 -0.042072054 1.498
0.075076953 -0.042072054 1.498
0.077680461 -0.042072054 1.498
0.08028397 -0.042072054 1.498
0.082721487 -0.041987795 1.495
0.08531978 -0.041987795 1.495
0.087918073 -0.041987795 1.495
0.090516374 -0.041987795 1.495
0.093114667 -0.041987795 1.495
0.095905028 -0.042072054 1.498
0.098508537 -0.042072054 1.498
0.10111205 -0.042072054 1.498
0.10371556 -0.042072054 1.498
0.10631907 -0.042072054 1.498
0.10892258 -0.042072054 1.498
0.11152609 -0.042072054 1.498
0.1141296 -0.042072054 1.498
0.11673311 -0.042072054 1.498
0.11933662 -0.042072054 1.498
0.12194013 -0.042072054 1.498
0.12454364 -0.042072054 1.498
0.1944482 -0.041987795 1.495
0.1970465 -0.041987795 1.495
0.19964479 -0.041987795 1.495
0.20224309 -0.041987795 1.495
0.20484139 -0.041987795 1.495
0.20743968 -0.041987795 1.495
0.21003798 -0.041987795 1.495
0.21263628 -0.041987795 1.495
0.21523458 -0.041987795 1.495
0.21783286 -0.041987795 1.495
-0.24891602 -0.039652973 1.505
-0.24630034 -0.039652973 1.505
-0.24368466 -0.039652973 1.505
-0.24106899 -0.039652973 1.505
-0.23845331 -0.039652973 1.505
-0.23583764 -0.039652973 1.505
-0.23322196 -0.039652973 1.505
-0.23060627 -0.039652973 1.505
-0.2279906 -0.039652973 1.505
-0.22537492 -0.039652973 1.505
-0.22275925 -0.039652973 1.505
-0.22014357 -0.039652973 1.505
-0.2175279 -0.039652973 1.505
-0.21491222 -0.039652973 1.505
-0.21229655 -0.039652973 1.505
-0.18837921 -0.03957393 1.502
-0.18576875 -0.03957393 1.502
-0.1753269 -0.03957393 1.502
-0.17271644 -0.03957393 1.502
-0.14922228 -0.03957393 1.502
-0.14661182 -0.03957393 1.502
-0.14400136 -0.03957393 1.502
-0.1413909 -0.03957393 1.502
-0.13878043 -0.03957393 1.502
-0.12833859 -0.03957393 1.502
-0.12572813 -0.03957393 1.502
-0.10223398 -0.03957393 1.502
-0.099623509 -0.03957393 1.502
-0.097013049 -0.03957393 1.502
-0.068297975 -0.03957393 1.502
-0.055098537 -0.039468542 1.498
-0.052495029 -0.039468542 1.498
-0.04989152 -0.039468542 1.498
-0.047288008 -0.039468542 1.498
-0.0446845 -0.039468542 1.498
-0.042080991 -0.039468542 1.498
-0.039477479 -0.039468542 1.498
-0.016045893 -0.039468542 1.498
-0.013442382 -0.039468542 1.498
-0.010838872 -0.039468542 1.498
-0.0082353624 -0.039468542 1.498
-0.0056318524 -0.039468542 1.498
-0.0030283427 -0.039468542 1.498
-0.00042483292 -0.039468542 1.498
0.0021786769 -0.039468542 1.498
0.0047821868 -0.039468542 1.498
0.033420794 -0.039468542 1.498
0.036024306 -0.039468542 1.498
0.038627815 -0.039468542 1.498
0.041231323 -0.039468542 1.498
0.043834835 -0.039468542 1.498
0.046438344 -0.039468542 1.498
0.049041852 -0.039468542 1.498
0.051645365 -0.039468542 1.498
0.06726642 -0.039468542 1.498
0.069869936 -0.039468542 1.498
0.072473444 -0.039468542 1.498
0.075076953 -0.039468542 1.498
0.077680461 -0.039468542 1.498
0.08028397 -0.039468542 1.498
0.082721487 -0.039389499 1.495
0.08531978 -0.039389499 1.495
0.087918073 -0.039389499 1.495
0.090516374 -0.039389499 1.495
0.093114667 -0.039389499 1.495
0.09571296 -0.039389499 1.495
0.09831126 -0.039389499 1.495
0.10090955 -0.039389499 1.495
0.10371556 -0.039468542 1.498
0.10631907 -0.039468542 1.498
0.10892258 -0.039468542 1.498
0.11152609 -0.039468542 1.498
0.1141296 -0.039468542 1.498
0.11673311 -0.039468542 1.498
0.11933662 -0.039468542 1.498
0.12194013 -0.039468542 1.498
0.1918499 -0.039389499 1.495
0.1944482 -0.039389499 1.495
0.1970465 -0.039389499 1.495
0.19964479 -0.039389499 1.495
0.20224309 -0.039389499 1.495
0.20484139 -0.039389499 1.495
0.20743968 -0.039389499 1.495
0.21003798 -0.039389499 1.495
0.21263628 -0.039389499 1.495
0.21523458 -0.039389499 1.495
0.21783286 -0.039389499 1.495
-0.24891602 -0.037037298 1.505
-0.24630034 -0.037037298 1.505
-0.24368466 -0.037037298 1.505
-0.24106899 -0.037037298 1.505
-0.23845331 -0.037037298 1.505
-0.23583764 -0.037037298 1.505
-0.23322196 -0.037037298 1.505
-0.23060627 -0.037037298 1.505
-0.2279906 -0.037037298 1.505
-0.22537492 -0.037037298 1.505
-0.22275925 -0.037037298 1.505
-0.22014357 -0.037037298 1.505
-0.2175279 -0.037037298 1.505
-0.21491222 -0.037037298 1.505
-0.18837921 -0.03696347 1.502
-0.18576875 -0.03696347 1.502
-0.18315829 -0.03696347 1.502
-0.18054782 -0.03696347 1.502
-0.17793736 -0.03696347 1.502
-0.1753269 -0.03696347 1.502
-0.17271644 -0.03696347 1.502
-0.14400136 -0.03696347 1.502
-0.1413909 -0.03696347 1.502
-0.13878043 -0.03696347 1.502
-0.13616997 -0.03696347 1.502
-0.13355951 -0.03696347 1.502
-0.13094905 -0.03696347 1.502
-0.12833859 -0.03696347 1.502
-0.12572813 -0.03696347 1.502
-0.10223398 -0.03696347 1.502
-0.099623509 -0.03696347 1.502
-0.097013049 -0.03696347 1.502
-0.0446845 -0.036865033 1.498
-0.042080991 -0.036865033 1.498
-0.039477479 -0.036865033 1.498
-0.016045893 -0.036865033 1.498
-0.013442382 -0.036865033 1.498
-0.010838872 -0.036865033 1.498
-0.0082353624 -0.036865033 1.498
-0.0056318524 -0.036865033 1.498
-0.0030283427 -0.036865033 1.498
-0.00042483292 -0.036865033 1.498
0.0021786769 -0.036865033 1.498
0.0047821868 -0.036865033 1.498
0.033420794 -0.036865033 1.498
0.036024306 -0.036865033 1.498
0.038627815 -0.036865033 1.498
0.041231323 -0.036865033 1.498
0.043834835 -0.036865033 1.498
0.046438344 -0.036865033 1.498
0.049041852 -0.036865033 1.498
0.051645365 -0.036865033 1.498
0.054248873 -0.036865033 1.498
0.064662911 -0.036865033 1.498
0.06726642 -0.036865033 1.498
0.069869936 -0.036865033 1.498
0.0749266 -0.036791205 1.495
0.077524893 -0.036791205 1.495
0.08028397 -0.036865033 1.498
0.082721487 -0.036791205 1.495
0.08531978 -0.036791205 1.495
0.087918073 -0.036791205 1.495
0.090516374 -0.036791205 1.495
0.093114667 -0.036791205 1.495
0.09571296 -0.036791205 1.495
0.09831126 -0.036791205 1.495
0.10111205 -0.036865033 1.498
0.10371556 -0.036865033 1.498
0.10631907 -0.036865033 1.498
0.10892258 -0.036865033 1.498
0.11152609 -0.036865033 1.498
0.1141296 -0.036865033 1.498
0.11673311 -0.036865033 1.498
0.11933662 -0.036865033 1.498
0.17885843 -0.036791205 1.495
0.18145673 -0.036791205 1.495
0.18405502 -0.036791205 1.495
0.18665332 -0.036791205 1.495
0.18925162 -0.036791205 1.495
0.1918499 -0.036791205 1.495
0.1944482 -0.036791205 1.495
0.1970465 -0.036791205 1.495
0.19964479 -0.036791205 1.495
0.20224309 -0.036791205 1.495
0.20484139 -0.036791205 1.495
0.20743968 -0.036791205 1.495
0.21003798 -0.036791205 1.495
0.21263628 -0.036791205 1.495
0.21523458 -0.036791205 1.495
0.21783286 -0.036791205 1.495
0.22043116 -0.036791205 1.495
0.22302946 -0.036791205 1.495
0.22562775 -0.036791205 1.495
0.22822605 -0.036791205 1.495
0.24901241 -0.036791205 1.495
-0.24891602 -0.034421623 1.505
-0.24630034 -0.034421623 1.505
-0.24368466 -0.034421623 1.505
-0.24106899 -0.034421623 1.505
-0.23845331 -0.034421623 1.505
-0.23583764 -0.034421623 1.505
-0.23322196 -0.034421623 1.505
-0.23060627 -0.034421623 1.505
-0.2279906 -0.034421623 1.505
-0.22537492 -0.034421623 1.505
-0.22275925 -0.034421623 1.505
-0.21970475 -0.034353007 1.502
-0.2175279 -0.034421623 1.505
-0.21491222 -0.034421623 1.505
-0.18837921 -0.034353007 1.502
-0.18576875 -0.034353007 1.502
-0.18315829 -0.034353007 1.502
-0.18054782 -0.034353007 1.502
-0.17793736 -0.034353007 1.502
-0.1753269 -0.034353007 1.502
-0.17271644 -0.034353007 1.502
-0.13878043 -0.034353007 1.502
-0.13616997 -0.034353007 1.502
-0.13355951 -0.034353007 1.502
-0.13094905 -0.034353007 1.502
-0.12833859 -0.034353007 1.502
-0.12572813 -0.034353007 1.502
-0.10223398 -0.034353007 1.502
-0.099623509 -0.034353007 1.502
-0.097013049 -0.034353007 1.502
-0.0446845 -0.034261521 1.498
-0.042080991 -0.034261521 1.498
-0.039477479 -0.034261521 1.498
-0.03687397 -0.034261521 1.498
-0.018649401 -0.034261521 1.498
-0.016045893 -0.034261521 1.498
-0.013442382 -0.034261521 1.498
-0.010838872 -0.034261521 1.498
-0.0082353624 -0.034261521 1.498
-0.0056318524 -0.034261521 1.498
-0.0030283427 -0.034261521 1.498
-0.00042483292 -0.034261521 1.498
0.0021786769 -0.034261521 1.498
0.033420794 -0.034261521 1.498
0.036024306 -0.034261521 1.498
0.038627815 -0.034261521 1.498
0.041231323 -0.034261521 1.498
0.043834835 -0.034261521 1.498
0.046438344 -0.034261521 1.498
0.049041852 -0.034261521 1.498
0.051645365 -0.034261521 1.498
0.054248873 -0.034261521 1.498
0.056852382 -0.034261521 1.498
0.059455894 -0.034261521 1.498
0.062059402 -0.034261521 1.498
0.064662911 -0.034261521 1.498
0.06726642 -0.034261521 1.498
0.0749266 -0.034192909 1.495
0.077680461 -0.034261521 1.498
0.08028397 -0.034261521 1.498
0.082887478 -0.034261521 1.498
0.08531978 -0.034192909 1.495
0.087918073 -0.034192909 1.495
0.090516374 -0.034192909 1.495
0.093114667 -0.034192909 1.495
0.095905028 -0.034261521 1.498
0.098508537 -0.034261521 1.498
0.10111205 -0.034261521 1.498
0.10371556 -0.034261521 1.498
0.10631907 -0.034261521 1.498
0.10892258 -0.034261521 1.498
0.11152609 -0.034261521 1.498
0.1141296 -0.034261521 1.498
0.11673311 -0.034261521 1.498
0.11933662 -0.034261521 1.498
0.17626013 -0.034192909 1.495
0.17885843 -0.034192909 1.495
0.18145673 -0.034192909 1.495
0.18405502 -0.034192909 1.495
0.18665332 -0.034192909 1.495
0.18925162 -0.034192909 1.495
0.1918499 -0.034192909 1.495
0.1944482 -0.034192909 1.495
0.1970465 -0.034192909 1.495
0.19964479 -0.034192909 1.495
0.20224309 -0.034192909 1.495
0.20484139 -0.034192909 1.495
0.20743968 -0.034192909 1.495
0.21003798 -0.034192909 1.495
0.21263628 -0.034192909 1.495
0.21523458 -0.034192909 1.495
0.21783286 -0.034192909 1.495
0.22043116 -0.034192909 1.495
0.22302946 -0.034192909 1.495
0.22562775 -0.034192909 1.495
0.22822605 -0.034192909 1.495
0.23082435 -0.034192909 1.495
0.23342264 -0.034192909 1.495
0.23602094 -0.034192909 1.495
0.23861924 -0.034192909 1.495
0.24121752 -0.034192909 1.495
0.24381582 -0.034192909 1.495
0.24641412 -0.034192909 1.495
0.24901241 -0.034192909 1.495
-0.24891602 -0.031805947 1.505
-0.24630034 -0.031805947 1.505
-0.24368466 -0.031805947 1.505
-0.24106899 -0.031805947 1.505
-0.23845331 -0.031805947 1.505
-0.23583764 -0.031805947 1.505
-0.23322196 -0.031805947 1.505
-0.23060627 -0.031805947 1.505
-0.2279906 -0.031805947 1.505
-0.22537492 -0.031805947 1.505
-0.22231521 -0.031742547 1.502
-0.21970475 -0.031742547 1.502
-0.2175279 -0.031805947 1.505
-0.18576875 -0.031742547 1.502
-0.18315829 -0.031742547 1.502
-0.18054782 -0.031742547 1.502
-0.17793736 -0.031742547 1.502
-0.1753269 -0.031742547 1.502
-0.17271644 -0.031742547 1.502
-0.13355951 -0.031742547 1.502
-0.13094905 -0.031742547 1.502
-0.12833859 -0.031742547 1.502
-0.10223398 -0.031742547 1.502
-0.099623509 -0.031742547 1.502
-0.097013049 -0.031742547 1.502
-0.0707196 -0.031658012 1.498
-0.068116091 -0.031658012 1.498
-0.047288008 -0.031658012 1.498
-0.0446845 -0.031658012 1.498
-0.042080991 -0.031658012 1.498
-0.039477479 -0.031658012 1.498
-0.03687397 -0.031658012 1.498
-0.034270462 -0.031658012 1.498
-0.02645993 -0.031658012 1.498
-0.021252912 -0.031658012 1.498
-0.018649401 -0.031658012 1.498
-0.016045893 -0.031658012 1.498
-0.013442382 -0.031658012 1.498
-0.010838872 -0.031658012 1.498
-0.0056318524 -0.031658012 1.498
-0.0030283427 -0.031658012 1.498
-0.00042483292 -0.031658012 1.498
0.0021786769 -0.031658012 1.498
0.033420794 -0.031658012 1.498
0.036024306 -0.031658012 1.498
0.038627815 -0.031658012 1.498
0.041231323 -0.031658012 1.498
0.043834835 -0.031658012 1.498
0.046438344 -0.031658012 1.498
0.049041852 -0.031658012 1.498
0.051645365 -0.031658012 1.498
0.054248873 -0.031658012 1.498
0.056852382 -0.031658012 1.498
0.059455894 -0.031658012 1.498
0.062059402 -0.031658012 1.498
0.064662911 -0.031658012 1.498
0.06726642 -0.031658012 1.498
0.072328299 -0.031594612 1.495
0.0749266 -0.031594612 1.495
0.077524893 -0.031594612 1.495
0.08028397 -0.031658012 1.498
0.082887478 -0.031658012 1.498
0.08531978 -0.031594612 1.495
0.087918073 -0.031594612 1.495
0.090516374 -0.031594612 1.495
0.09330152 -0.031658012 1.498
0.095905028 -0.031658012 1.498
0.098508537 -0.031658012 1.498
0.10111205 -0.031658012 1.498
0.10371556 -0.031658012 1.498
0.10631907 -0.031658012 1.498
0.10892258 -0.031658012 1.498
0.11152609 -0.031658012 1.498
0.1141296 -0.031658012 1.498
0.11673311 -0.031658012 1.498
0.17366184 -0.031594612 1.495
0.17626013 -0.031594612 1.495
0.17885843 -0.031594612 1.495
0.18145673 -0.031594612 1.495
0.18405502 -0.031594612 1.495
0.18665332 -0.031594612 1.495
0.18925162 -0.031594612 1.495
0.1918499 -0.031594612 1.495
0.1944482 -0.031594612 1.495
0.1970465 -0.031594612 1.495
0.19964479 -0.031594612 1.495
0.20224309 -0.031594612 1.495
0.20484139 -0.031594612 1.495
0.20743968 -0.031594612 1.495
0.21003798 -0.031594612 1.495
0.21263628 -0.031594612 1.495
0.21523458 -0.031594612 1.495
0.21783286 -0.031594612 1.495
0.22043116 -0.031594612 1.495
0.22302946 -0.031594612 1.495
0.22562775 -0.031594612 1.495
0.22822605 -0.031594612 1.495
0.23082435 -0.031594612 1.495
0.23342264 -0.031594612 1.495
0.23602094 -0.031594612 1.495
0.23861924 -0.031594612 1.495
0.24121752 -0.031594612 1.495
0.24381582 -0.031594612 1.495
0.24641412 -0.031594612 1.495
0.24901241 -0.031594612 1.495
-0.24891602 -0.029190272 1.505
-0.24630034 -0.029190272 1.505
-0.24368466 -0.029190272 1.505
-0.24106899 -0.029190272 1.505
-0.23845331 -0.029190272 1.505
-0.23583764 -0.029190272 1.505
-0.23322196 -0.029190272 1.505
-0.23060627 -0.029190272 1.505
-0.2279906 -0.029190272 1.505
-0.22492567 -0.029132085 1.502
-0.22231521 -0.029132085 1.502
-0.21970475 -0.029132085 1.502
-0.21709429 -0.029132085 1.502
-0.21448383 -0.029132085 1.502
-0.21187337 -0.029132085 1.502
-0.20926291 -0.029132085 1.502
-0.18315829 -0.029132085 1.502
-0.18054782 -0.029132085 1.502
-0.17793736 -0.029132085 1.502
-0.1753269 -0.029132085 1.502
-0.10223398 -0.029132085 1.502
-0.099623509 -0.029132085 1.502
-0.097013049 -0.029132085 1.502
-0.0707196 -0.029054504 1.498
-0.068116091 -0.029054504 1.498
-0.065512575 -0.029054504 1.498
-0.062909067 -0.029054504 1.498
-0.060305558 -0.029054504 1.498
-0.05770205 -0.029054504 1.498
-0.055098537 -0.029054504 1.498
-0.052495029 -0.029054504 1.498
-0.04989152 -0.029054504 1.498
-0.047288008 -0.029054504 1.498
-0.0446845 -0.029054504 1.498
-0.042080991 -0.029054504 1.498
-0.039477479 -0.029054504 1.498
-0.03687397 -0.029054504 1.498
-0.034270462 -0.029054504 1.498
-0.031666949 -0.029054504 1.498
-0.029063441 -0.029054504 1.498
-0.02645993 -0.029054504 1.498
-0.023856422 -0.029054504 1.498
-0.021252912 -0.029054504 1.498
-0.018649401 -0.029054504 1.498
-0.016045893 -0.029054504 1.498
-0.013442382 -0.029054504 1.498
-0.010838872 -0.029054504 1.498
-0.0082353624 -0.029054504 1.498
-0.0056318524 -0.029054504 1.498
-0.0030283427 -0.029054504 1.498
-0.00042483292 -0.029054504 1.498
0.0021786769 -0.029054504 1.498
0.033420794 -0.029054504 1.498
0.036024306 -0.029054504 1.498
0.038627815 -0.029054504 1.498
0.041231323 -0.029054504 1.498
0.043834835 -0.029054504 1.498
0.046438344 -0.029054504 1.498
0.049041852 -0.029054504 1.498
0.051645365 -0.029054504 1.498
0.054248873 -0.029054504 1.498
0.056852382 -0.029054504 1.498
0.059455894 -0.029054504 1.498
0.062059402 -0.029054504 1.498
0.064662911 -0.029054504 1.498
0.06726642 -0.029054504 1.498
0.072328299 -0.028996317 1.495
0.0749266 -0.028996317 1.495
0.077524893 -0.028996317 1.495
0.08028397 -0.029054504 1.498
0.082887478 -0.029054504 1.498
0.08531978 -0.028996317 1.495
0.087918073 -0.028996317 1.495
0.090516374 -0.028996317 1.495
0.09330152 -0.029054504 1.498
0.095905028 -0.029054504 1.498
0.098508537 -0.029054504 1.498
0.10111205 -0.029054504 1.498
0.10371556 -0.029054504 1.498
0.10631907 -0.029054504 1.498
0.10892258 -0.029054504 1.498
0.11152609 -0.029054504 1.498
0.1141296 -0.029054504 1.498
0.11673311 -0.029054504 1.498
0.17106354 -0.028996317 1.495
0.17366184 -0.028996317 1.495
0.17626013 -0.028996317 1.495
0.17885843 -0.028996317 1.495
0.18145673 -0.028996317 1.495
0.18405502 -0.028996317 1.495
0.18665332 -0.028996317 1.495
0.18925162 -0.028996317 1.495
0.1918499 -0.028996317 1.495
0.1944482 -0.028996317 1.495
0.1970465 -0.028996317 1.495
0.19964479 -0.028996317 1.495
0.20224309 -0.028996317 1.495
0.20484139 -0.028996317 1.495
0.20743968 -0.028996317 1.495
0.21003798 -0.028996317 1.495
0.21263628 -0.028996317 1.495
0.21523458 -0.028996317 1.495
0.21783286 -0.028996317 1.495
0.22043116 -0.028996317 1.495
0.22302946 -0.028996317 1.495
0.22562775 -0.028996317 1.495
0.22822605 -0.028996317 1.495
0.23082435 -0.028996317 1.495
0.23342264 -0.028996317 1.495
0.23602094 -0.028996317 1.495
0.23861924 -0.028996317 1.495
0.24121752 -0.028996317 1.495
0.24381582 -0.028996317 1.495
0.24641412 -0.028996317 1.495
0.24901241 -0.028996317 1.495
-0.24891602 -0.026574595 1.505
-0.24630034 -0.026574595 1.505
-0.24368466 -0.026574595 1.505
-0.24106899 -0.026574595 1.505
-0.23845331 -0.026574595 1.505
-0.23060627 -0.026574595 1.505
-0.2279906 -0.026574595 1.505
-0.22537492 -0.026574595 1.505
-0.22231521 -0.026521623 1.502
-0.21970475 -0.026521623 1.502
-0.21709429 -0.026521623 1.502
-0.21448383 -0.026521623 1.502
-0.21187337 -0.026521623 1.502
-0.20926291 -0.026521623 1.502
-0.20665245 -0.026521623 1.502
-0.20404197 -0.026521623 1.502
-0.18315829 -0.026521623 1.502
-0.18054782 -0.026521623 1.502
-0.17793736 -0.026521623 1.502
-0.1753269 -0.026521623 1.502
-0.10484444 -0.026521623 1.502
-0.10223398 -0.026521623 1.502
-0.099623509 -0.026521623 1.502
-0.097013049 -0.026521623 1.502
-0.073323108 -0.026450993 1.498
-0.0707196 -0.026450993 1.498
-0.068116091 -0.026450993 1.498
-0.065512575 -0.026450993 1.498
-0.062909067 -0.026450993 1.498
-0.060305558 -0.026450993 1.498
-0.05770205 -0.026450993 1.498
-0.055098537 -0.026450993 1.498
-0.052495029 -0.026450993 1.498
-0.04989152 -0.026450993 1.498
-0.047288008 -0.026450993 1.498
-0.0446845 -0.026450993 1.498
-0.042080991 -0.026450993 1.498
-0.039477479 -0.026450993 1.498
-0.03687397 -0.026450993 1.498
-0.034270462 -0.026450993 1.498
-0.031666949 -0.026450993 1.498
-0.029063441 -0.026450993 1.498
-0.02645993 -0.026450993 1.498
-0.023856422 -0.026450993 1.498
-0.021252912 -0.026450993 1.498
-0.018649401 -0.026450993 1.498
-0.016045893 -0.026450993 1.498
-0.013442382 -0.026450993 1.498
-0.010838872 -0.026450993 1.498
-0.0082353624 -0.026450993 1.498
-0.0056318524 -0.026450993 1.498
-0.0030283427 -0.026450993 1.498
-0.00042483292 -0.026450993 1.498
0.0021786769 -0.026450993 1.498
0.033420794 -0.026450993 1.498
0.036024306 -0.026450993 1.498
0.038627815 -0.026450993 1.498
0.041231323 -0.026450993 1.498
0.043834835 -0.026450993 1.498
0.046438344 -0.026450993 1.498
0.049041852 -0.026450993 1.498
0.051645365 -0.026450993 1.498
0.054248873 -0.026450993 1.498
0.056852382 -0.026450993 1.498
0.059455894 -0.026450993 1.498
0.062059402 -0.026450993 1.498
0.064662911 -0.026450993 1.498
0.06726642 -0.026450993 1.498
0.069730006 -0.02639802 1.495
0.072328299 -0.02639802 1.495
0.0749266 -0.02639802 1.495
0.077524893 -0.02639802 1.495
0.080123186 -0.02639802 1.495
0.082721487 -0.02639802 1.495
0.08531978 -0.02639802 1.495
0.087918073 -0.02639802 1.495
0.090516374 -0.02639802 1.495
0.09330152 -0.026450993 1.498
0.095905028 -0.026450993 1.498
0.098508537 -0.026450993 1.498
0.10111205 -0.026450993 1.498
0.10371556 -0.026450993 1.498
0.10631907 -0.026450993 1.498
0.10892258 -0.026450993 1.498
0.11152609 -0.026450993 1.498
0.1141296 -0.026450993 1.498
0.17106354 -0.02639802 1.495
0.17366184 -0.02639802 1.495
0.17626013 -0.02639802 1.495
0.17885843 -0.02639802 1.495
0.18145673 -0.02639802 1.495
0.18405502 -0.02639802 1.495
0.18665332 -0.02639802 1.495
0.18925162 -0.02639802 1.495
0.1918499 -0.02639802 1.495
0.1944482 -0.02639802 1.495
0.1970465 -0.02639802 1.495
0.19964479 -0.02639802 1.495
0.20224309 -0.02639802 1.495
0.20484139 -0.02639802 1.495
0.20743968 -0.02639802 1.495
0.21003798 -0.02639802 1.495
0.21263628 -0.02639802 1.495
0.21523458 -0.02639802 1.495
0.21739574 -0.026345048 1.492
0.21998882 -0.026345048 1.492
0.22258191 -0.026345048 1.492
0.22517499 -0.026345048 1.492
0.22776806 -0.026345048 1.492
0.23082435 -0.02639802 1.495
0.23342264 -0.02639802 1.495
0.23602094 -0.02639802 1.495
0.23861924 -0.02639802 1.495
0.24121752 -0.02639802 1.495
0.24381582 -0.02639802 1.495
0.24641412 -0.02639802 1.495
0.24901241 -0.02639802 1.495
-0.24891602 -0.02395892 1.505
-0.24630034 -0.02395892 1.505
-0.24368466 -0.02395892 1.505
-0.23060627 -0.02395892 1.505
-0.2279906 -0.02395892 1.505
-0.22537492 -0.02395892 1.505
-0.22275925 -0.02395892 1.505
-0.21970475 -0.023911161 1.502
-0.21709429 -0.023911161 1.502
-0.21448383 -0.023911161 1.502
-0.21187337 -0.023911161 1.502
-0.20926291 -0.023911161 1.502
-0.20665245 -0.023911161 1.502
-0.20404197 -0.023911161 1.502
-0.20143151 -0.023911161 1.502
-0.1074549 -0.023911161 1.502
-0.10484444 -0.023911161 1.502
-0.10223398 -0.023911161 1.502
-0.099623509 -0.023911161 1.502
-0.097013049 -0.023911161 1.502
-0.073323108 -0.023847483 1.498
-0.0707196 -0.023847483 1.498
-0.068116091 -0.023847483 1.498
-0.065512575 -0.023847483 1.498
-0.062909067 -0.023847483 1.498
-0.060305558 -0.023847483 1.498
-0.05770205 -0.023847483 1.498
-0.055098537 -0.023847483 1.498
-0.052495029 -0.023847483 1.498
-0.04989152 -0.023847483 1.498
-0.047288008 -0.023847483 1.498
-0.0446845 -0.023847483 1.498
-0.042080991 -0.023847483 1.498
-0.039477479 -0.023847483 1.498
-0.03687397 -0.023847483 1.498
-0.034270462 -0.023847483 1.498
-0.031666949 -0.023847483 1.498
-0.029063441 -0.023847483 1.498
-0.02645993 -0.023847483 1.498
-0.023856422 -0.023847483 1.498
-0.021252912 -0.023847483 1.498
-0.018649401 -0.023847483 1.498
-0.016045893 -0.023847483 1.498
-0.013442382 -0.023847483 1.498
-0.010838872 -0.023847483 1.498
-0.0082353624 -0.023847483 1.498
-0.0056318524 -0.023847483 1.498
-0.0030283427 -0.023847483 1.498
-0.00042483292 -0.023847483 1.498
0.030817285 -0.023847483 1.498
0.033420794 -0.023847483 1.498
0.036024306 -0.023847483 1.498
0.038627815 -0.023847483 1.498
0.041231323 -0.023847483 1.498
0.043834835 -0.023847483 1.498
0.046438344 -0.023847483 1.498
0.049041852 -0.023847483 1.498
0.051645365 -0.023847483 1.498
0.054248873 -0.023847483 1.498
0.056852382 -0.023847483 1.498
0.059455894 -0.023847483 1.498
0.062059402 -0.023847483 1.498
0.064662911 -0.023847483 1.498
0.06726642 -0.023847483 1.498
0.069869936 -0.023847483 1.498
0.072328299 -0.023799725 1.495
0.0749266 -0.023799725 1.495
0.077524893 -0.023799725 1.495
0.080123186 -0.023799725 1.495
0.082721487 -0.023799725 1.495
0.08531978 -0.023799725 1.495
0.087918073 -0.023799725 1.495
0.090516374 -0.023799725 1.495
0.093114667 -0.023799725 1.495
0.095905028 -0.023847483 1.498
0.098508537 -0.023847483 1.498
0.10111205 -0.023847483 1.498
0.10371556 -0.023847483 1.498
0.10631907 -0.023847483 1.498
0.10892258 -0.023847483 1.498
0.11152609 -0.023847483 1.498
0.1141296 -0.023847483 1.498
0.17366184 -0.023799725 1.495
0.17626013 -0.023799725 1.495
0.17885843 -0.023799725 1.495
0.18145673 -0.023799725 1.495
0.18405502 -0.023799725 1.495
0.18665332 -0.023799725 1.495
0.18925162 -0.023799725 1.495
0.1918499 -0.023799725 1.495
0.1944482 -0.023799725 1.495
0.1970465 -0.023799725 1.495
0.19964479 -0.023799725 1.495
0.20224309 -0.023799725 1.495
0.20484139 -0.023799725 1.495
0.20743968 -0.023799725 1.495
0.21003798 -0.023799725 1.495
0.21263628 -0.023799725 1.495
0.21523458 -0.023799725 1.495
0.21739574 -0.023751965 1.492
0.21998882 -0.023751965 1.492
0.22258191 -0.023751965 1.492
0.22517499 -0.023751965 1.492
0.22776806 -0.023751965 1.492
0.23036115 -0.023751965 1.492
0.23342264 -0.023799725 1.495
0.23554732 -0.023751965 1.492
0.23814039 -0.023751965 1.492
0.24121752 -0.023799725 1.495
0.24381582 -0.023799725 1.495
0.24641412 -0.023799725 1.495
0.24901241 -0.023799725 1.495
-0.24891602 -0.021343244 1.505
-0.24630034 -0.021343244 1.505
-0.24368466 -0.021343244 1.505
-0.23060627 -0.021343244 1.505
-0.2279906 -0.021343244 1.505
-0.22537492 -0.021343244 1.505
-0.22275925 -0.021343244 1.505
-0.21970475 -0.0213007 1.502
-0.21709429 -0.0213007 1.502
-0.21448383 -0.0213007 1.502
-0.21187337 -0.0213007 1.502
-0.20926291 -0.0213007 1.502
-0.20665245 -0.0213007 1.502
-0.20404197 -0.0213007 1.502
-0.20143151 -0.0213007 1.502
-0.19882105 -0.0213007 1.502
-0.11528628 -0.0213007 1.502
-0.11267582 -0.0213007 1.502
-0.11006536 -0.0213007 1.502
-0.1074549 -0.0213007 1.502
-0.10484444 -0.0213007 1.502
-0.10223398 -0.0213007 1.502
-0.099623509 -0.0213007 1.502
-0.097013049 -0.0213007 1.502
-0.094402589 -0.0213007 1.502
-0.091792129 -0.0213007 1.502
-0.073323108 -0.021243975 1.498
-0.0707196 -0.021243975 1.498
-0.068116091 -0.021243975 1.498
-0.065512575 -0.021243975 1.498
-0.062909067 -0.021243975 1.498
-0.060305558 -0.021243975 1.498
-0.05770205 -0.021243975 1.498
-0.055098537 -0.021243975 1.498
-0.052495029 -0.021243975 1.498
-0.04989152 -0.021243975 1.498
-0.047288008 -0.021243975 1.498
-0.0446845 -0.021243975 1.498
-0.042080991 -0.021243975 1.498
-0.039477479 -0.021243975 1.498
-0.03687397 -0.021243975 1.498
-0.034270462 -0.021243975 1.498
-0.031666949 -0.021243975 1.498
-0.029063441 -0.021243975 1.498
-0.02645993 -0.021243975 1.498
-0.023856422 -0.021243975 1.498
-0.021252912 -0.021243975 1.498
-0.018649401 -0.021243975 1.498
-0.016045893 -0.021243975 1.498
-0.013442382 -0.021243975 1.498
-0.010838872 -0.021243975 1.498
-0.0082353624 -0.021243975 1.498
-0.0056318524 -0.021243975 1.498
-0.0030283427 -0.021243975 1.498
-0.00042483292 -0.021243975 1.498
0.020403245 -0.021243975 1.498
0.030817285 -0.021243975 1.498
0.033420794 -0.021243975 1.498
0.036024306 -0.021243975 1.498
0.038627815 -0.021243975 1.498
0.041231323 -0.021243975 1.498
0.043834835 -0.021243975 1.498
0.046438344 -0.021243975 1.498
0.049041852 -0.021243975 1.498
0.051645365 -0.021243975 1.498
0.054248873 -0.021243975 1.498
0.056852382 -0.021243975 1.498
0.059455894 -0.021243975 1.498
0.062059402 -0.021243975 1.498
0.064662911 -0.021243975 1.498
0.06726642 -0.021243975 1.498
0.069869936 -0.021243975 1.498
0.072328299 -0.021201428 1.495
0.0749266 -0.021201428 1.495
0.077524893 -0.021201428 1.495
0.080123186 -0.021201428 1.495
0.082721487 -0.021201428 1.495
0.08531978 -0.021201428 1.495
0.087918073 -0.021201428 1.495
0.090516374 -0.021201428 1.495
0.093114667 -0.021201428 1.495
0.095905028 -0.021243975 1.498
0.098508537 -0.021243975 1.498
0.10111205 -0.021243975 1.498
0.10371556 -0.021243975 1.498
0.10631907 -0.021243975 1.498
0.10892258 -0.021243975 1.498
0.11152609 -0.021243975 1.498
0.12169592 -0.021201428 1.495
0.12429421 -0.021201428 1.495
0.12689251 -0.021201428 1.495
0.17626013 -0.021201428 1.495
0.17885843 -0.021201428 1.495
0.18145673 -0.021201428 1.495
0.18405502 -0.021201428 1.495
0.18665332 -0.021201428 1.495
0.18925162 -0.021201428 1.495
0.1918499 -0.021201428 1.495
0.1944482 -0.021201428 1.495
0.1970465 -0.021201428 1.495
0.19964479 -0.021201428 1.495
0.20224309 -0.021201428 1.495
0.20484139 -0.021201428 1.495
0.20743968 -0.021201428 1.495
0.21003798 -0.021201428 1.495
0.21263628 -0.021201428 1.495
0.21523458 -0.021201428 1.495
0.21783286 -0.021201428 1.495
0.21998882 -0.021158883 1.492
0.22258191 -0.021158883 1.492
0.22562775 -0.021201428 1.495
0.22776806 -0.021158883 1.492
0.23082435 -0.021201428 1.495
0.23342264 -0.021201428 1.495
0.23602094 -0.021201428 1.495
0.23814039 -0.021158883 1.492
0.24121752 -0.021201428 1.495
0.24381582 -0.021201428 1.495
0.24641412 -0.021201428 1.495
0.24901241 -0.021201428 1.495
-0.24891602 -0.018727569 1.505
-0.24630034 -0.018727569 1.505
-0.24368466 -0.018727569 1.505
-0.2279906 -0.018727569 1.505
-0.22537492 -0.018727569 1.505
-0.22275925 -0.018727569 1.505
-0.21970475 -0.018690238 1.502
-0.21709429 -0.018690238 1.502
-0.21448383 -0.018690238 1.502
-0.21187337 -0.018690238 1.502
-0.20926291 -0.018690238 1.502
-0.20665245 -0.018690238 1.502
-0.20404197 -0.018690238 1.502
-0.20143151 -0.018690238 1.502
-0.19882105 -0.018690238 1.502
-0.19621059 -0.018690238 1.502
-0.11528628 -0.018690238 1.502
-0.11267582 -0.018690238 1.502
-0.11006536 -0.018690238 1.502
-0.1074549 -0.018690238 1.502
-0.10484444 -0.018690238 1.502
-0.10223398 -0.018690238 1.502
-0.099623509 -0.018690238 1.502
-0.097013049 -0.018690238 1.502
-0.094402589 -0.018690238 1.502
-0.091792129 -0.018690238 1.502
-0.078530125 -0.018640464 1.498
-0.05770205 -0.018640464 1.498
-0.055098537 -0.018640464 1.498
-0.052495029 -0.018640464 1.498
-0.04989152 -0.018640464 1.498
-0.047288008 -0.018640464 1.498
-0.0446845 -0.018640464 1.498
-0.042080991 -0.018640464 1.498
-0.039477479 -0.018640464 1.498
-0.03687397 -0.018640464 1.498
-0.034270462 -0.018640464 1.498
-0.031666949 -0.018640464 1.498
-0.029063441 -0.018640464 1.498
-0.02645993 -0.018640464 1.498
-0.023856422 -0.018640464 1.498
-0.021252912 -0.018640464 1.498
-0.018649401 -0.018640464 1.498
-0.016045893 -0.018640464 1.498
-0.013442382 -0.018640464 1.498
-0.010838872 -0.018640464 1.498
-0.0082353624 -0.018640464 1.498
-0.0056318524 -0.018640464 1.498
-0.0030283427 -0.018640464 1.498
0.020403245 -0.018640464 1.498
0.023006756 -0.018640464 1.498
0.030817285 -0.018640464 1.498
0.033420794 -0.018640464 1.498
0.036024306 -0.018640464 1.498
0.038627815 -0.018640464 1.498
0.041231323 -0.018640464 1.498
0.043834835 -0.018640464 1.498
0.046438344 -0.018640464 1.498
0.049041852 -0.018640464 1.498
0.051645365 -0.018640464 1.498
0.054248873 -0.018640464 1.498
0.056852382 -0.018640464 1.498
0.064662911 -0.018640464 1.498
0.06726642 -0.018640464 1.498
0.069869936 -0.018640464 1.498
0.072328299 -0.018603133 1.495
0.0749266 -0.018603133 1.495
0.077524893 -0.018603133 1.495
0.080123186 -0.018603133 1.495
0.082721487 -0.018603133 1.495
0.08531978 -0.018603133 1.495
0.087918073 -0.018603133 1.495
0.090516374 -0.018603133 1.495
0.093114667 -0.018603133 1.495
0.09571296 -0.018603133 1.495
0.098508537 -0.018640464 1.498
0.10111205 -0.018640464 1.498
0.10371556 -0.018640464 1.498
0.10631907 -0.018640464 1.498
0.10892258 -0.018640464 1.498
0.11152609 -0.018640464 1.498
0.11909763 -0.018603133 1.495
0.12169592 -0.018603133 1.495
0.12429421 -0.018603133 1.495
0.12689251 -0.018603133 1.495
0.17626013 -0.018603133 1.495
0.17885843 -0.018603133 1.495
0.18145673 -0.018603133 1.495
0.18405502 -0.018603133 1.495
0.18665332 -0.018603133 1.495
0.18925162 -0.018603133 1.495
0.1918499 -0.018603133 1.495
0.1944482 -0.018603133 1.495
0.1970465 -0.018603133 1.495
0.19964479 -0.018603133 1.495
0.20224309 -0.018603133 1.495
0.20484139 -0.018603133 1.495
0.20743968 -0.018603133 1.495
0.21003798 -0.018603133 1.495
0.21263628 -0.018603133 1.495
0.21523458 -0.018603133 1.495
0.21783286 -0.018603133 1.495
0.22043116 -0.018603133 1.495
0.22302946 -0.018603133 1.495
0.22562775 -0.018603133 1.495
0.22822605 -0.018603133 1.495
0.23082435 -0.018603133 1.495
0.23342264 -0.018603133 1.495
0.23602094 -0.018603133 1.495
0.23861924 -0.018603133 1.495
0.24121752 -0.018603133 1.495
0.24381582 -0.018603133 1.495
0.24641412 -0.018603133 1.495
0.24901241 -0.018603133 1.495
-0.24891602 -0.016111894 1.505
-0.24630034 -0.016111894 1.505
-0.24368466 -0.016111894 1.505
-0.24106899 -0.016111894 1.505
-0.2279906 -0.016111894 1.505
-0.22537492 -0.016111894 1.505
-0.21970475 -0.016079776 1.502
-0.21709429 -0.016079776 1.502
-0.21448383 -0.016079776 1.502
-0.21187337 -0.016079776 1.502
-0.20926291 -0.016079776 1.502
-0.20665245 -0.016079776 1.502
-0.20404197 -0.016079776 1.502
-0.20143151 -0.016079776 1.502
-0.19882105 -0.016079776 1.502
-0.19621059 -0.016079776 1.502
-0.11789674 -0.016079776 1.502
-0.11528628 -0.016079776 1.502
-0.11267582 -0.016079776 1.502
-0.11006536 -0.016079776 1.502
-0.1074549 -0.016079776 1.502
-0.10484444 -0.016079776 1.502
-0.10223398 -0.016079776 1.502
-0.099623509 -0.016079776 1.502
-0.097013049 -0.016079776 1.502
-0.094402589 -0.016079776 1.502
-0.091792129 -0.016079776 1.502
-0.089181662 -0.016079776 1.502
-0.078530125 -0.016036954 1.498
-0.052495029 -0.016036954 1.498
-0.04989152 -0.016036954 1.498
-0.047288008 -0.016036954 1.498
-0.0446845 -0.016036954 1.498
-0.042080991 -0.016036954 1.498
-0.039477479 -0.016036954 1.498
-0.03687397 -0.016036954 1.498
-0.034270462 -0.016036954 1.498
-0.031666949 -0.016036954 1.498
-0.029063441 -0.016036954 1.498
-0.02645993 -0.016036954 1.498
-0.023856422 -0.016036954 1.498
-0.021252912 -0.016036954 1.498
-0.018649401 -0.016036954 1.498
-0.016045893 -0.016036954 1.498
-0.013442382 -0.016036954 1.498
-0.010838872 -0.016036954 1.498
0.020403245 -0.016036954 1.498
0.023006756 -0.016036954 1.498
0.030817285 -0.016036954 1.498
0.033420794 -0.016036954 1.498
0.036024306 -0.016036954 1.498
0.038627815 -0.016036954 1.498
0.041231323 -0.016036954 1.498
0.043834835 -0.016036954 1.498
0.046438344 -0.016036954 1.498
0.049041852 -0.016036954 1.498
0.051645365 -0.016036954 1.498
0.054248873 -0.016036954 1.498
0.056852382 -0.016036954 1.498
0.059455894 -0.016036954 1.498
0.062059402 -0.016036954 1.498
0.064662911 -0.016036954 1.498
0.06726642 -0.016036954 1.498
0.069869936 -0.016036954 1.498
0.072473444 -0.016036954 1.498
0.0749266 -0.016004836 1.495
0.077524893 -0.016004836 1.495
0.080123186 -0.016004836 1.495
0.082721487 -0.016004836 1.495
0.08531978 -0.016004836 1.495
0.087918073 -0.016004836 1.495
0.090516374 -0.016004836 1.495
0.093114667 -0.016004836 1.495
0.09571296 -0.016004836 1.495
0.098508537 -0.016036954 1.498
0.10111205 -0.016036954 1.498
0.10371556 -0.016036954 1.498
0.10631907 -0.016036954 1.498
0.10892258 -0.016036954 1.498
0.11909763 -0.016004836 1.495
0.12169592 -0.016004836 1.495
0.12429421 -0.016004836 1.495
0.12689251 -0.016004836 1.495
0.12949081 -0.016004836 1.495
0.17626013 -0.016004836 1.495
0.17885843 -0.016004836 1.495
0.18145673 -0.016004836 1.495
0.18405502 -0.016004836 1.495
0.18665332 -0.016004836 1.495
0.18925162 -0.016004836 1.495
0.1918499 -0.016004836 1.495
0.1944482 -0.016004836 1.495
0.1970465 -0.016004836 1.495
0.19964479 -0.016004836 1.495
0.20224309 -0.016004836 1.495
0.20484139 -0.016004836 1.495
0.20743968 -0.016004836 1.495
0.21003798 -0.016004836 1.495
0.21263628 -0.016004836 1.495
0.21523458 -0.016004836 1.495
0.21783286 -0.016004836 1.495
0.22043116 -0.016004836 1.495
0.22302946 -0.016004836 1.495
0.22562775 -0.016004836 1.495
0.22822605 -0.016004836 1.495
0.23082435 -0.016004836 1.495
0.23342264 -0.016004836 1.495
0.23602094 -0.016004836 1.495
0.23861924 -0.016004836 1.495
0.24121752 -0.016004836 1.495
0.24381582 -0.016004836 1.495
0.24641412 -0.016004836 1.495
0.24901241 -0.016004836 1.495
-0.24891602 -0.013496217 1.505
-0.24630034 -0.013496217 1.505
-0.24368466 -0.013496217 1.505
-0.24106899 -0.013496217 1.505
-0.23583764 -0.013496217 1.505
-0.23060627 -0.013496217 1.505
-0.2279906 -0.013496217 1.505
-0.22537492 -0.013496217 1.505
-0.21970475 -0.013469314 1.502
-0.21709429 -0.013469314 1.502
-0.21448383 -0.013469314 1.502
-0.21187337 -0.013469314 1.502
-0.20926291 -0.013469314 1.502
-0.20665245 -0.013469314 1.502
-0.20404197 -0.013469314 1.502
-0.20143151 -0.013469314 1.502
-0.19882105 -0.013469314 1.502
-0.19621059 -0.013469314 1.502
-0.11789674 -0.013469314 1.502
-0.11528628 -0.013469314 1.502
-0.11267582 -0.013469314 1.502
-0.11006536 -0.013469314 1.502
-0.1074549 -0.013469314 1.502
-0.10484444 -0.013469314 1.502
-0.10223398 -0.013469314 1.502
-0.099623509 -0.013469314 1.502
-0.097013049 -0.013469314 1.502
-0.094402589 -0.013469314 1.502
-0.091792129 -0.013469314 1.502
-0.089181662 -0.013469314 1.502
-0.081133634 -0.013433444 1.498
-0.078530125 -0.013433444 1.498
-0.075926617 -0.013433444 1.498
-0.04989152 -0.013433444 1.498
-0.047288008 -0.013433444 1.498
-0.0446845 -0.013433444 1.498
-0.042080991 -0.013433444 1.498
-0.039477479 -0.013433444 1.498
-0.03687397 -0.013433444 1.498
-0.034270462 -0.013433444 1.498
-0.031666949 -0.013433444 1.498
-0.029063441 -0.013433444 1.498
-0.02645993 -0.013433444 1.498
-0.023856422 -0.013433444 1.498
-0.021252912 -0.013433444 1.498
-0.018649401 -0.013433444 1.498
-0.016045893 -0.013433444 1.498
0.030817285 -0.013433444 1.498
0.033420794 -0.013433444 1.498
0.036024306 -0.013433444 1.498
0.038627815 -0.013433444 1.498
0.041231323 -0.013433444 1.498
0.043834835 -0.013433444 1.498
0.046438344 -0.013433444 1.498
0.049041852 -0.013433444 1.498
0.051645365 -0.013433444 1.498
0.054248873 -0.013433444 1.498
0.056852382 -0.013433444 1.498
0.059455894 -0.013433444 1.498
0.062059402 -0.013433444 1.498
0.064662911 -0.013433444 1.498
0.06726642 -0.013433444 1.498
0.069869936 -0.013433444 1.498
0.072473444 -0.013433444 1.498
0.075076953 -0.013433444 1.498
0.077524893 -0.013406541 1.495
0.080123186 -0.013406541 1.495
0.082721487 -0.013406541 1.495
0.08531978 -0.013406541 1.495
0.087918073 -0.013406541 1.495
0.090516374 -0.013406541 1.495
0.093114667 -0.013406541 1.495
0.095905028 -0.013433444 1.498
0.098508537 -0.013433444 1.498
0.10111205 -0.013433444 1.498
0.10371556 -0.013433444 1.498
0.10631907 -0.013433444 1.498
0.10892258 -0.013433444 1.498
0.11649933 -0.013406541 1.495
0.11909763 -0.013406541 1.495
0.12169592 -0.013406541 1.495
0.12429421 -0.013406541 1.495
0.12689251 -0.013406541 1.495
0.12949081 -0.013406541 1.495
0.17885843 -0.013406541 1.495
0.18145673 -0.013406541 1.495
0.18405502 -0.013406541 1.495
0.18665332 -0.013406541 1.495
0.18925162 -0.013406541 1.495
0.1918499 -0.013406541 1.495
0.1944482 -0.013406541 1.495
0.1970465 -0.013406541 1.495
0.19964479 -0.013406541 1.495
0.20224309 -0.013406541 1.495
0.20484139 -0.013406541 1.495
0.20743968 -0.013406541 1.495
0.21003798 -0.013406541 1.495
0.21263628 -0.013406541 1.495
0.21523458 -0.013406541 1.495
0.21783286 -0.013406541 1.495
0.22043116 -0.013406541 1.495
0.22302946 -0.013406541 1.495
0.22562775 -0.013406541 1.495
0.22822605 -0.013406541 1.495
0.23082435 -0.013406541 1.495
0.23342264 -0.013406541 1.495
0.23602094 -0.013406541 1.495
0.23861924 -0.013406541 1.495
0.24121752 -0.013406541 1.495
0.24381582 -0.013406541 1.495
0.24641412 -0.013406541 1.495
0.24901241 -0.013406541 1.495
-0.24891602 -0.010880541 1.505
-0.24630034 -0.010880541 1.505
-0.24368466 -0.010880541 1.505
-0.24106899 -0.010880541 1.505
-0.23845331 -0.010880541 1.505
-0.23583764 -0.010880541 1.505
-0.23322196 -0.010880541 1.505
-0.23060627 -0.010880541 1.505
-0.2279906 -0.010880541 1.505
-0.21970475 -0.010858852 1.502
-0.21709429 -0.010858852 1.502
-0.21448383 -0.010858852 1.502
-0.21187337 -0.010858852 1.502
-0.20926291 -0.010858852 1.502
-0.20665245 -0.010858852 1.502
-0.20404197 -0.010858852 1.502
-0.20143151 -0.010858852 1.502
-0.19882105 -0.010858852 1.502
-0.11789674 -0.010858852 1.502
-0.11528628 -0.010858852 1.502
-0.11267582 -0.010858852 1.502
-0.11006536 -0.010858852 1.502
-0.1074549 -0.010858852 1.502
-0.097013049 -0.010858852 1.502
-0.094402589 -0.010858852 1.502
-0.091792129 -0.010858852 1.502
-0.089181662 -0.010858852 1.502
-0.081133634 -0.010829934 1.498
-0.078530125 -0.010829934 1.498
-0.075926617 -0.010829934 1.498
-0.073323108 -0.010829934 1.498
-0.042080991 -0.010829934 1.498
-0.039477479 -0.010829934 1.498
-0.03687397 -0.010829934 1.498
-0.034270462 -0.010829934 1.498
-0.031666949 -0.010829934 1.498
-0.029063441 -0.010829934 1.498
-0.02645993 -0.010829934 1.498
-0.023856422 -0.010829934 1.498
-0.021252912 -0.010829934 1.498
-0.018649401 -0.010829934 1.498
-0.016045893 -0.010829934 1.498
0.030817285 -0.010829934 1.498
0.033420794 -0.010829934 1.498
0.036024306 -0.010829934 1.498
0.038627815 -0.010829934 1.498
0.041231323 -0.010829934 1.498
0.043834835 -0.010829934 1.498
0.046438344 -0.010829934 1.498
0.049041852 -0.010829934 1.498
0.051645365 -0.010829934 1.498
0.054248873 -0.010829934 1.498
0.056852382 -0.010829934 1.498
0.059455894 -0.010829934 1.498
0.062059402 -0.010829934 1.498
0.064662911 -0.010829934 1.498
0.06726642 -0.010829934 1.498
0.069869936 -0.010829934 1.498
0.072473444 -0.010829934 1.498
0.075076953 -0.010829934 1.498
0.077680461 -0.010829934 1.498
0.080123186 -0.010808245 1.495
0.082721487 -0.010808245 1.495
0.08531978 -0.010808245 1.495
0.087918073 -0.010808245 1.495
0.090516374 -0.010808245 1.495
0.093114667 -0.010808245 1.495
0.09571296 -0.010808245 1.495
0.098508537 -0.010829934 1.498
0.10111205 -0.010829934 1.498
0.10371556 -0.010829934 1.498
0.10631907 -0.010829934 1.498
0.11649933 -0.010808245 1.495
0.11909763 -0.010808245 1.495
0.12169592 -0.010808245 1.495
0.12429421 -0.010808245 1.495
0.12689251 -0.010808245 1.495
0.17626013 -0.010808245 1.495
0.17885843 -0.010808245 1.495
0.18145673 -0.010808245 1.495
0.18405502 -0.010808245 1.495
0.18665332 -0.010808245 1.495
0.18925162 -0.010808245 1.495
0.1918499 -0.010808245 1.495
0.1944482 -0.010808245 1.495
0.1970465 -0.010808245 1.495
0.19964479 -0.010808245 1.495
0.20224309 -0.010808245 1.495
0.20484139 -0.010808245 1.495
0.20743968 -0.010808245 1.495
0.21003798 -0.010808245 1.495
0.21263628 -0.010808245 1.495
0.21523458 -0.010808245 1.495
0.21783286 -0.010808245 1.495
0.22043116 -0.010808245 1.495
0.22302946 -0.010808245 1.495
0.22562775 -0.010808245 1.495
0.22822605 -0.010808245 1.495
0.23082435 -0.010808245 1.495
0.23342264 -0.010808245 1.495
0.23602094 -0.010808245 1.495
0.23861924 -0.010808245 1.495
0.24121752 -0.010808245 1.495
0.24381582 -0.010808245 1.495
0.24641412 -0.010808245 1.495
0.24901241 -0.010808245 1.495
-0.24891602 -0.0082648657 1.505
-0.24630034 -0.0082648657 1.505
-0.24368466 -0.0082648657 1.505
-0.24106899 -0.0082648657 1.505
-0.23845331 -0.0082648657 1.505
-0.23583764 -0.0082648657 1.505
-0.23322196 -0.0082648657 1.505
-0.23060627 -0.0082648657 1.505
-0.2279906 -0.0082648657 1.505
-0.21970475 -0.0082483906 1.502
-0.21709429 -0.0082483906 1.502
-0.21448383 -0.0082483906 1.502
-0.21187337 -0.0082483906 1.502
-0.20926291 -0.0082483906 1.502
-0.20665245 -0.0082483906 1.502
-0.20404197 -0.0082483906 1.502
-0.20143151 -0.0082483906 1.502
-0.14661182 -0.0082483906 1.502
-0.14400136 -0.0082483906 1.502
-0.1413909 -0.0082483906 1.502
-0.11528628 -0.0082483906 1.502
-0.11267582 -0.0082483906 1.502
-0.11006536 -0.0082483906 1.502
-0.1074549 -0.0082483906 1.502
-0.08373715 -0.0082264245 1.498
-0.081133634 -0.0082264245 1.498
-0.078530125 -0.0082264245 1.498
-0.075926617 -0.0082264245 1.498
-0.073323108 -0.0082264245 1.498
-0.039477479 -0.0082264245 1.498
-0.03687397 -0.0082264245 1.498
-0.034270462 -0.0082264245 1.498
-0.031666949 -0.0082264245 1.498
-0.029063441 -0.0082264245 1.498
-0.02645993 -0.0082264245 1.498
-0.023856422 -0.0082264245 1.498
-0.021252912 -0.0082264245 1.498
-0.018649401 -0.0082264245 1.498
0.030817285 -0.0082264245 1.498
0.033420794 -0.0082264245 1.498
0.036024306 -0.0082264245 1.498
0.038627815 -0.0082264245 1.498
0.041231323 -0.0082264245 1.498
0.043834835 -0.0082264245 1.498
0.046438344 -0.0082264245 1.498
0.049041852 -0.0082264245 1.498
0.054248873 -0.0082264245 1.498
0.056852382 -0.0082264245 1.498
0.059455894 -0.0082264245 1.498
0.062059402 -0.0082264245 1.498
0.064662911 -0.0082264245 1.498
0.06726642 -0.0082264245 1.498
0.069869936 -0.0082264245 1.498
0.072473444 -0.0082264245 1.498
0.075076953 -0.0082264245 1.498
0.077680461 -0.0082264245 1.498
0.080123186 -0.0082099494 1.495
0.082721487 -0.0082099494 1.495
0.08531978 -0.0082099494 1.495
0.087918073 -0.0082099494 1.495
0.090516374 -0.0082099494 1.495
0.093114667 -0.0082099494 1.495
0.09571296 -0.0082099494 1.495
0.09831126 -0.0082099494 1.495
0.10090955 -0.0082099494 1.495
0.10350785 -0.0082099494 1.495
0.10610615 -0.0082099494 1.495
0.11130274 -0.0082099494 1.495
0.11390103 -0.0082099494 1.495
0.11649933 -0.0082099494 1.495
0.11909763 -0.0082099494 1.495
0.12169592 -0.0082099494 1.495
0.12429421 -0.0082099494 1.495
0.12689251 -0.0082099494 1.495
0.17366184 -0.0082099494 1.495
0.17626013 -0.0082099494 1.495
0.17885843 -0.0082099494 1.495
0.18145673 -0.0082099494 1.495
0.18405502 -0.0082099494 1.495
0.18665332 -0.0082099494 1.495
0.18925162 -0.0082099494 1.495
0.1918499 -0.0082099494 1.495
0.1944482 -0.0082099494 1.495
0.1970465 -0.0082099494 1.495
0.19964479 -0.0082099494 1.495
0.20224309 -0.0082099494 1.495
0.20484139 -0.0082099494 1.495
0.20743968 -0.0082099494 1.495
0.21003798 -0.0082099494 1.495
0.21263628 -0.0082099494 1.495
0.21523458 -0.0082099494 1.495
0.21783286 -0.0082099494 1.495
0.22043116 -0.0082099494 1.495
0.22302946 -0.0082099494 1.495
0.22562775 -0.0082099494 1.495
0.22822605 -0.0082099494 1.495
0.23082435 -0.0082099494 1.495
0.23342264 -0.0082099494 1.495
0.23602094 -0.0082099494 1.495
0.23861924 -0.0082099494 1.495
0.24121752 -0.0082099494 1.495
0.24381582 -0.0082099494 1.495
0.24641412 -0.0082099494 1.495
0.24901241 -0.0082099494 1.495
-0.24891602 -0.0056491899 1.505
-0.24630034 -0.0056491899 1.505
-0.24368466 -0.0056491899 1.505
-0.24106899 -0.0056491899 1.505
-0.23845331 -0.0056491899 1.505
-0.23583764 -0.0056491899 1.505
-0.23322196 -0.0056491899 1.505
-0.23060627 -0.0056491899 1.505
-0.21970475 -0.0056379288 1.502
-0.21709429 -0.0056379288 1.502
-0.21448383 -0.0056379288 1.502
-0.21187337 -0.0056379288 1.502
-0.20926291 -0.0056379288 1.502
-0.20665245 -0.0056379288 1.502
-0.20404197 -0.0056379288 1.502
-0.15705366 -0.0056379288 1.502
-0.1544432 -0.0056379288 1.502
-0.15183274 -0.0056379288 1.502
-0.14922228 -0.0056379288 1.502
-0.14661182 -0.0056379288 1.502
-0.14400136 -0.0056379288 1.502
-0.1413909 -0.0056379288 1.502
-0.13878043 -0.0056379288 1.502
-0.11789674 -0.0056379288 1.502
-0.11528628 -0.0056379288 1.502
-0.11267582 -0.0056379288 1.502
-0.11006536 -0.0056379288 1.502
-0.08373715 -0.0056229145 1.498
-0.081133634 -0.0056229145 1.498
-0.078530125 -0.0056229145 1.498
-0.075926617 -0.0056229145 1.498
-0.073323108 -0.0056229145 1.498
-0.0707196 -0.0056229145 1.498
-0.03687397 -0.0056229145 1.498
-0.034270462 -0.0056229145 1.498
-0.031666949 -0.0056229145 1.498
-0.029063441 -0.0056229145 1.498
-0.02645993 -0.0056229145 1.498
-0.023856422 -0.0056229145 1.498
-0.021252912 -0.0056229145 1.498
-0.018649401 -0.0056229145 1.498
0.036024306 -0.0056229145 1.498
0.038627815 -0.0056229145 1.498
0.041231323 -0.0056229145 1.498
0.059336822 -0.0056116539 1.495
0.062059402 -0.0056229145 1.498
0.064662911 -0.0056229145 1.498
0.06726642 -0.0056229145 1.498
0.069869936 -0.0056229145 1.498
0.072473444 -0.0056229145 1.498
0.075076953 -0.0056229145 1.498
0.077680461 -0.0056229145 1.498
0.080123186 -0.0056116539 1.495
0.082721487 -0.0056116539 1.495
0.08531978 -0.0056116539 1.495
0.087918073 -0.0056116539 1.495
0.090516374 -0.0056116539 1.495
0.093114667 -0.0056116539 1.495
0.09571296 -0.0056116539 1.495
0.09831126 -0.0056116539 1.495
0.10090955 -0.0056116539 1.495
0.10350785 -0.0056116539 1.495
0.10610615 -0.0056116539 1.495
0.10870444 -0.0056116539 1.495
0.11130274 -0.0056116539 1.495
0.11390103 -0.0056116539 1.495
0.11649933 -0.0056116539 1.495
0.11909763 -0.0056116539 1.495
0.12169592 -0.0056116539 1.495
0.12429421 -0.0056116539 1.495
0.12689251 -0.0056116539 1.495
0.17885843 -0.0056116539 1.495
0.18145673 -0.0056116539 1.495
0.18405502 -0.0056116539 1.495
0.18665332 -0.0056116539 1.495
0.18925162 -0.0056116539 1.495
0.1918499 -0.0056116539 1.495
0.1944482 -0.0056116539 1.495
0.1970465 -0.0056116539 1.495
0.19964479 -0.0056116539 1.495
0.20224309 -0.0056116539 1.495
0.20484139 -0.0056116539 1.495
0.20702341 -0.0056003928 1.492
0.2096165 -0.0056003928 1.492
0.21263628 -0.0056116539 1.495
0.21523458 -0.0056116539 1.495
0.21783286 -0.0056116539 1.495
0.22043116 -0.0056116539 1.495
0.22302946 -0.0056116539 1.495
0.22562775 -0.0056116539 1.495
0.22822605 -0.0056116539 1.495
0.23082435 -0.0056116539 1.495
0.23342264 -0.0056116539 1.495
0.23602094 -0.0056116539 1.495
0.23861924 -0.0056116539 1.495
0.24121752 -0.0056116539 1.495
0.24381582 -0.0056116539 1.495
0.24641412 -0.0056116539 1.495
0.24901241 -0.0056116539 1.495
-0.24891602 -0.0030335141 1.505
-0.24630034 -0.0030335141 1.505
-0.24368466 -0.0030335141 1.505
-0.24106899 -0.0030335141 1.505
-0.23845331 -0.0030335141 1.505
-0.23583764 -0.0030335141 1.505
-0.23322196 -0.0030335141 1.505
-0.23060627 -0.0030335141 1.505
-0.21709429 -0.0030274673 1.502
-0.21448383 -0.0030274673 1.502
-0.21187337 -0.0030274673 1.502
-0.20926291 -0.0030274673 1.502
-0.15966412 -0.0030274673 1.502
-0.15705366 -0.0030274673 1.502
-0.1544432 -0.0030274673 1.502
-0.15183274 -0.0030274673 1.502
-0.14922228 -0.0030274673 1.502
-0.14661182 -0.0030274673 1.502
-0.14400136 -0.0030274673 1.502
-0.1413909 -0.0030274673 1.502
-0.13878043 -0.0030274673 1.502
-0.13616997 -0.0030274673 1.502
-0.11789674 -0.0030274673 1.502
-0.11528628 -0.0030274673 1.502
-0.11267582 -0.0030274673 1.502
-0.11006536 -0.0030274673 1.502
-0.086340658 -0.0030194048 1.498
-0.08373715 -0.0030194048 1.498
-0.081133634 -0.0030194048 1.498
-0.078530125 -0.0030194048 1.498
-0.075926617 -0.0030194048 1.498
-0.073323108 -0.0030194048 1.498
-0.0707196 -0.0030194048 1.498
-0.03687397 -0.0030194048 1.498
-0.034270462 -0.0030194048 1.498
-0.031666949 -0.0030194048 1.498
-0.029063441 -0.0030194048 1.498
-0.02645993 -0.0030194048 1.498
-0.023856422 -0.0030194048 1.498
-0.021252912 -0.0030194048 1.498
-0.018649401 -0.0030194048 1.498
0.038627815 -0.0030194048 1.498
0.059336822 -0.003013358 1.495
0.061935116 -0.003013358 1.495
0.064533412 -0.003013358 1.495
0.067131706 -0.003013358 1.495
0.069730006 -0.003013358 1.495
0.072328299 -0.003013358 1.495
0.0749266 -0.003013358 1.495
0.077524893 -0.003013358 1.495
0.080123186 -0.003013358 1.495
0.082721487 -0.003013358 1.495
0.08531978 -0.003013358 1.495
0.087918073 -0.003013358 1.495
0.090516374 -0.003013358 1.495
0.093114667 -0.003013358 1.495
0.09571296 -0.003013358 1.495
0.09831126 -0.003013358 1.495
0.10090955 -0.003013358 1.495
0.10350785 -0.003013358 1.495
0.10610615 -0.003013358 1.495
0.10870444 -0.003013358 1.495
0.11130274 -0.003013358 1.495
0.11390103 -0.003013358 1.495
0.11649933 -0.003013358 1.495
0.11909763 -0.003013358 1.495
0.12169592 -0.003013358 1.495
0.12429421 -0.003013358 1.495
0.17885843 -0.003013358 1.495
0.18145673 -0.003013358 1.495
0.18405502 -0.003013358 1.495
0.18665332 -0.003013358 1.495
0.18925162 -0.003013358 1.495
0.1918499 -0.003013358 1.495
0.1944482 -0.003013358 1.495
0.1970465 -0.003013358 1.495
0.19964479 -0.003013358 1.495
0.20224309 -0.003013358 1.495
0.20443033 -0.0030073111 1.492
0.20702341 -0.0030073111 1.492
0.2096165 -0.0030073111 1.492
0.21220958 -0.0030073111 1.492
0.21523458 -0.003013358 1.495
0.21783286 -0.003013358 1.495
0.22043116 -0.003013358 1.495
0.22302946 -0.003013358 1.495
0.22562775 -0.003013358 1.495
0.22822605 -0.003013358 1.495
0.23082435 -0.003013358 1.495
0.23342264 -0.003013358 1.495
0.23602094 -0.003013358 1.495
0.23861924 -0.003013358 1.495
0.24121752 -0.003013358 1.495
0.24381582 -0.003013358 1.495
0.24641412 -0.003013358 1.495
-0.24891602 -0.00041783851 1.505
-0.24630034 -0.00041783851 1.505
-0.24368466 -0.00041783851 1.505
-0.24106899 -0.00041783851 1.505
-0.23845331 -0.00041783851 1.505
-0.23583764 -0.00041783851 1.505
-0.23322196 -0.00041783851 1.505
-0.21448383 -0.00041700559 1.502
-0.21187337 -0.00041700559 1.502
-0.1622746 -0.00041700559 1.502
-0.15966412 -0.00041700559 1.502
-0.15705366 -0.00041700559 1.502
-0.1544432 -0.00041700559 1.502
-0.15183274 -0.00041700559 1.502
-0.14922228 -0.00041700559 1.502
-0.14661182 -0.00041700559 1.502
-0.14400136 -0.00041700559 1.502
-0.1413909 -0.00041700559 1.502
-0.13878043 -0.00041700559 1.502
-0.13616997 -0.00041700559 1.502
-0.11789674 -0.00041700559 1.502
-0.11528628 -0.00041700559 1.502
-0.11267582 -0.00041700559 1.502
-0.11006536 -0.00041700559 1.502
-0.086340658 -0.00041589508 1.498
-0.08373715 -0.00041589508 1.498
-0.081133634 -0.00041589508 1.498
-0.078530125 -0.00041589508 1.498
-0.075926617 -0.00041589508 1.498
-0.073323108 -0.00041589508 1.498
-0.0707196 -0.00041589508 1.498
-0.068116091 -0.00041589508 1.498
-0.03687397 -0.00041589508 1.498
-0.034270462 -0.00041589508 1.498
-0.031666949 -0.00041589508 1.498
-0.029063441 -0.00041589508 1.498
-0.02645993 -0.00041589508 1.498
-0.023856422 -0.00041589508 1.498
-0.021252912 -0.00041589508 1.498
-0.018649401 -0.00041589508 1.498
0.056738526 -0.00041506215 1.495
0.059336822 -0.00041506215 1.495
0.061935116 -0.00041506215 1.495
0.064533412 -0.00041506215 1.495
0.067131706 -0.00041506215 1.495
0.069730006 -0.00041506215 1.495
0.072328299 -0.00041506215 1.495
0.0749266 -0.00041506215 1.495
0.077524893 -0.00041506215 1.495
0.080123186 -0.00041506215 1.495
0.082721487 -0.00041506215 1.495
0.08531978 -0.00041506215 1.495
0.087918073 -0.00041506215 1.495
0.090516374 -0.00041506215 1.495
0.093114667 -0.00041506215 1.495
0.09571296 -0.00041506215 1.495
0.09831126 -0.00041506215 1.495
0.10090955 -0.00041506215 1.495
0.10350785 -0.00041506215 1.495
0.10610615 -0.00041506215 1.495
0.10870444 -0.00041506215 1.495
0.11130274 -0.00041506215 1.495
0.11390103 -0.00041506215 1.495
0.11649933 -0.00041506215 1.495
0.11909763 -0.00041506215 1.495
0.12169592 -0.00041506215 1.495
0.12429421 -0.00041506215 1.495
0.17366184 -0.00041506215 1.495
0.17626013 -0.00041506215 1.495
0.17885843 -0.00041506215 1.495
0.18145673 -0.00041506215 1.495
0.18405502 -0.00041506215 1.495
0.18665332 -0.00041506215 1.495
0.18925162 -0.00041506215 1.495
0.1918499 -0.00041506215 1.495
0.1944482 -0.00041506215 1.495
0.1970465 -0.00041506215 1.495
0.19964479 -0.00041506215 1.495
0.20224309 -0.00041506215 1.495
0.20443033 -0.00041422926 1.492
0.20702341 -0.00041422926 1.492
0.2096165 -0.00041422926 1.492
0.21263628 -0.00041506215 1.495
0.21523458 -0.00041506215 1.495
0.21783286 -0.00041506215 1.495
0.22043116 -0.00041506215 1.495
0.22302946 -0.00041506215 1.495
0.22562775 -0.00041506215 1.495
0.22822605 -0.00041506215 1.495
0.23082435 -0.00041506215 1.495
0.23342264 -0.00041506215 1.495
0.23602094 -0.00041506215 1.495
0.23861924 -0.00041506215 1.495
0.24121752 -0.00041506215 1.495
0.24381582 -0.00041506215 1.495
0.24641412 -0.00041506215 1.495
-0.24891602 0.0021978372 1.505
-0.24630034 0.0021978372 1.505
-0.24368466 0.0021978372 1.505
-0.24106899 0.0021978372 1.505
-0.23845331 0.0021978372 1.505
-0.23583764 0.0021978372 1.505
-0.23322196 0.0021978372 1.505
-0.1622746 0.0021934561 1.502
-0.15966412 0.0021934561 1.502
-0.15705366 0.0021934561 1.502
-0.1544432 0.0021934561 1.502
-0.15183274 0.0021934561 1.502
-0.14922228 0.0021934561 1.502
-0.14661182 0.0021934561 1.502
-0.14400136 0.0021934561 1.502
-0.1413909 0.0021934561 1.502
-0.13878043 0.0021934561 1.502
-0.13616997 0.0021934561 1.502
-0.11528628 0.0021934561 1.502
-0.11267582 0.0021934561 1.502
-0.11006536 0.0021934561 1.502
-0.088944167 0.0021876148 1.498
-0.086340658 0.0021876148 1.498
-0.08373715 0.0021876148 1.498
-0.081133634 0.0021876148 1.498
-0.078530125 0.0021876148 1.498
-0.075926617 0.0021876148 1.498
-0.073323108 0.0021876148 1.498
-0.0707196 0.0021876148 1.498
-0.068116091 0.0021876148 1.498
-0.03687397 0.0021876148 1.498
-0.034270462 0.0021876148 1.498
-0.031666949 0.0021876148 1.498
-0.029063441 0.0021876148 1.498
-0.02645993 0.0021876148 1.498
-0.023856422 0.0021876148 1.498
-0.021252912 0.0021876148 1.498
-0.018649401 0.0021876148 1.498
-0.016045893 0.0021876148 1.498
0.059336822 0.0021832336 1.495
0.061935116 0.0021832336 1.495
0.064533412 0.0021832336 1.495
0.067131706 0.0021832336 1.495
0.069730006 0.0021832336 1.495
0.072328299 0.0021832336 1.495
0.0749266 0.0021832336 1.495
0.077524893 0.0021832336 1.495
0.080123186 0.0021832336 1.495
0.082721487 0.0021832336 1.495
0.08531978 0.0021832336 1.495
0.087918073 0.0021832336 1.495
0.090516374 0.0021832336 1.495
0.093114667 0.0021832336 1.495
0.09571296 0.0021832336 1.495
0.09831126 0.0021832336 1.495
0.10090955 0.0021832336 1.495
0.10350785 0.0021832336 1.495
0.10610615 0.0021832336 1.495
0.10870444 0.0021832336 1.495
0.11130274 0.0021832336 1.495
0.11390103 0.0021832336 1.495
0.11649933 0.0021832336 1.495
0.11909763 0.0021832336 1.495
0.12169592 0.0021832336 1.495
0.12429421 0.0021832336 1.495
0.17106354 0.0021832336 1.495
0.17366184 0.0021832336 1.495
0.17626013 0.0021832336 1.495
0.17885843 0.0021832336 1.495
0.18145673 0.0021832336 1.495
0.18405502 0.0021832336 1.495
0.18665332 0.0021832336 1.495
0.18925162 0.0021832336 1.495
0.1918499 0.0021832336 1.495
0.1944482 0.0021832336 1.495
0.1970465 0.0021832336 1.495
0.19964479 0.0021832336 1.495
0.20224309 0.0021832336 1.495
0.20484139 0.0021832336 1.495
0.20743968 0.0021832336 1.495
0.21003798 0.0021832336 1.495
0.21263628 0.0021832336 1.495
0.21523458 0.0021832336 1.495
0.21783286 0.0021832336 1.495
0.22043116 0.0021832336 1.495
0.22302946 0.0021832336 1.495
0.22562775 0.0021832336 1.495
0.22822605 0.0021832336 1.495
0.23082435 0.0021832336 1.495
0.23342264 0.0021832336 1.495
0.23602094 0.0021832336 1.495
0.23861924 0.0021832336 1.495
0.24121752 0.0021832336 1.495
0.24381582 0.0021832336 1.495
-0.24891602 0.0048135128 1.505
-0.24630034 0.0048135128 1.505
-0.24368466 0.0048135128 1.505
-0.24106899 0.0048135128 1.505
-0.23845331 0.0048135128 1.505
-0.23583764 0.0048135128 1.505
-0.1622746 0.0048039178 1.502
-0.15966412 0.0048039178 1.502
-0.15705366 0.0048039178 1.502
-0.1544432 0.0048039178 1.502
-0.15183274 0.0048039178 1.502
-0.14922228 0.0048039178 1.502
-0.13878043 0.0048039178 1.502
-0.13616997 0.0048039178 1.502
-0.13355951 0.0048039178 1.502
-0.11789674 0.0048039178 1.502
-0.11528628 0.0048039178 1.502
-0.11267582 0.0048039178 1.502
-0.11006536 0.0048039178 1.502
-0.088944167 0.0047911247 1.498
-0.086340658 0.0047911247 1.498
-0.08373715 0.0047911247 1.498
-0.081133634 0.0047911247 1.498
-0.0707196 0.0047911247 1.498
-0.068116091 0.0047911247 1.498
-0.065512575 0.0047911247 1.498
-0.03687397 0.0047911247 1.498
-0.034270462 0.0047911247 1.498
-0.031666949 0.0047911247 1.498
-0.018649401 0.0047911247 1.498
-0.016045893 0.0047911247 1.498
-0.013442382 0.0047911247 1.498
-0.010838872 0.0047911247 1.498
0.069730006 0.0047815293 1.495
0.072328299 0.0047815293 1.495
0.0749266 0.0047815293 1.495
0.077524893 0.0047815293 1.495
0.080123186 0.0047815293 1.495
0.082721487 0.0047815293 1.495
0.08531978 0.0047815293 1.495
0.087918073 0.0047815293 1.495
0.090516374 0.0047815293 1.495
0.093114667 0.0047815293 1.495
0.09571296 0.0047815293 1.495
0.09831126 0.0047815293 1.495
0.10090955 0.0047815293 1.495
0.10350785 0.0047815293 1.495
0.10610615 0.0047815293 1.495
0.10870444 0.0047815293 1.495
0.11130274 0.0047815293 1.495
0.11390103 0.0047815293 1.495
0.11649933 0.0047815293 1.495
0.11909763 0.0047815293 1.495
0.12169592 0.0047815293 1.495
0.12429421 0.0047815293 1.495
0.12689251 0.0047815293 1.495
0.16846524 0.0047815293 1.495
0.17106354 0.0047815293 1.495
0.17366184 0.0047815293 1.495
0.17626013 0.0047815293 1.495
0.17885843 0.0047815293 1.495
0.18145673 0.0047815293 1.495
0.18405502 0.0047815293 1.495
0.18665332 0.0047815293 1.495
0.18925162 0.0047815293 1.495
0.1918499 0.0047815293 1.495
0.1944482 0.0047815293 1.495
0.1970465 0.0047815293 1.495
0.19964479 0.0047815293 1.495
0.20224309 0.0047815293 1.495
0.20484139 0.0047815293 1.495
0.20743968 0.0047815293 1.495
0.21003798 0.0047815293 1.495
0.21263628 0.0047815293 1.495
0.21523458 0.0047815293 1.495
0.21783286 0.0047815293 1.495
0.22043116 0.0047815293 1.495
0.22302946 0.0047815293 1.495
0.22562775 0.0047815293 1.495
0.22822605 0.0047815293 1.495
0.23082435 0.0047815293 1.495
0.23342264 0.0047815293 1.495
0.23602094 0.0047815293 1.495
0.23861924 0.0047815293 1.495
0.24121752 0.0047815293 1.495
0.24381582 0.0047815293 1.495
0.24591964 0.0047719344 1.492
0.24851272 0.0047719344 1.492
-0.24891602 0.0074291886 1.505
-0.24630034 0.0074291886 1.505
-0.24368466 0.0074291886 1.505
-0.24106899 0.0074291886 1.505
-0.23845331 0.0074291886 1.505
-0.23583764 0.0074291886 1.505
-0.1622746 0.0074143796 1.502
-0.15966412 0.0074143796 1.502
-0.15705366 0.0074143796 1.502
-0.1544432 0.0074143796 1.502
-0.15183274 0.0074143796 1.502
-0.14922228 0.0074143796 1.502
-0.13616997 0.0074143796 1.502
-0.13355951 0.0074143796 1.502
-0.11528628 0.0074143796 1.502
-0.11267582 0.0074143796 1.502
-0.11006536 0.0074143796 1.502
-0.091547675 0.0073946342 1.498
-0.088944167 0.0073946342 1.498
-0.086340658 0.0073946342 1.498
-0.08373715 0.0073946342 1.498
-0.081133634 0.0073946342 1.498
-0.078530125 0.0073946342 1.498
-0.075926617 0.0073946342 1.498
-0.073323108 0.0073946342 1.498
-0.0707196 0.0073946342 1.498
-0.068116091 0.0073946342 1.498
-0.065512575 0.0073946342 1.498
-0.03687397 0.0073946342 1.498
-0.034270462 0.0073946342 1.498
-0.016045893 0.0073946342 1.498
-0.013442382 0.0073946342 1.498
-0.010838872 0.0073946342 1.498
-0.0082353624 0.0073946342 1.498
0.020403245 0.0073946342 1.498
0.023006756 0.0073946342 1.498
0.025610264 0.0073946342 1.498
0.028213775 0.0073946342 1.498
0.0749266 0.0073798252 1.495
0.077524893 0.0073798252 1.495
0.080123186 0.0073798252 1.495
0.082721487 0.0073798252 1.495
0.08531978 0.0073798252 1.495
0.087918073 0.0073798252 1.495
0.090516374 0.0073798252 1.495
0.093114667 0.0073798252 1.495
0.09571296 0.0073798252 1.495
0.09831126 0.0073798252 1.495
0.10090955 0.0073798252 1.495
0.10350785 0.0073798252 1.495
0.10610615 0.0073798252 1.495
0.10870444 0.0073798252 1.495
0.11130274 0.0073798252 1.495
0.11390103 0.0073798252 1.495
0.11649933 0.0073798252 1.495
0.11909763 0.0073798252 1.495
0.12169592 0.0073798252 1.495
0.12429421 0.0073798252 1.495
0.12689251 0.0073798252 1.495
0.12949081 0.0073798252 1.495
0.13208911 0.0073798252 1.495
0.13468739 0.0073798252 1.495
0.13728569 0.0073798252 1.495
0.139884 0.0073798252 1.495
0.16067035 0.0073798252 1.495
0.16326866 0.0073798252 1.495
0.16586696 0.0073798252 1.495
0.16846524 0.0073798252 1.495
0.17106354 0.0073798252 1.495
0.17366184 0.0073798252 1.495
0.17626013 0.0073798252 1.495
0.17885843 0.0073798252 1.495
0.18145673 0.0073798252 1.495
0.18405502 0.0073798252 1.495
0.18665332 0.0073798252 1.495
0.18925162 0.0073798252 1.495
0.1918499 0.0073798252 1.495
0.1944482 0.0073798252 1.495
0.1970465 0.0073798252 1.495
0.19964479 0.0073798252 1.495
0.20224309 0.0073798252 1.495
0.20484139 0.0073798252 1.495
0.20743968 0.0073798252 1.495
0.21003798 0.0073798252 1.495
0.21263628 0.0073798252 1.495
0.21523458 0.0073798252 1.495
0.21783286 0.0073798252 1.495
0.22043116 0.0073798252 1.495
0.22302946 0.0073798252 1.495
0.22562775 0.0073798252 1.495
0.22822605 0.0073798252 1.495
0.23082435 0.0073798252 1.495
0.23342264 0.0073798252 1.495
0.23602094 0.0073798252 1.495
0.23861924 0.0073798252 1.495
0.24121752 0.0073798252 1.495
0.24332656 0.0073650163 1.492
0.24591964 0.0073650163 1.492
0.24851272 0.0073650163 1.492
-0.24891602 0.010044864 1.505
-0.24630034 0.010044864 1.505
-0.24368466 0.010044864 1.505
-0.24106899 0.010044864 1.505
-0.23845331 0.010044864 1.505
-0.15966412 0.010024841 1.502
-0.15705366 0.010024841 1.502
-0.1544432 0.010024841 1.502
-0.15183274 0.010024841 1.502
-0.14922228 0.010024841 1.502
-0.13616997 0.010024841 1.502
-0.13355951 0.010024841 1.502
-0.13094905 0.010024841 1.502
-0.12833859 0.010024841 1.502
-0.1205072 0.010024841 1.502
-0.11789674 0.010024841 1.502
-0.11528628 0.010024841 1.502
-0.11267582 0.010024841 1.502
-0.11006536 0.010024841 1.502
-0.1074549 0.010024841 1.502
-0.091547675 0.0099981446 1.498
-0.088944167 0.0099981446 1.498
-0.086340658 0.0099981446 1.498
-0.08373715 0.0099981446 1.498
-0.081133634 0.0099981446 1.498
-0.078530125 0.0099981446 1.498
-0.075926617 0.0099981446 1.498
-0.073323108 0.0099981446 1.498
-0.0707196 0.0099981446 1.498
-0.068116091 0.0099981446 1.498
-0.065512575 0.0099981446 1.498
-0.039477479 0.0099981446 1.498
-0.03687397 0.0099981446 1.498
-0.034270462 0.0099981446 1.498
-0.016045893 0.0099981446 1.498
-0.013442382 0.0099981446 1.498
-0.010838872 0.0099981446 1.498
-0.0082353624 0.0099981446 1.498
-0.0056318524 0.0099981446 1.498
0.020403245 0.0099981446 1.498
0.023006756 0.0099981446 1.498
0.025610264 0.0099981446 1.498
0.028213775 0.0099981446 1.498
0.030817285 0.0099981446 1.498
0.0749266 0.0099781211 1.495
0.077524893 0.0099781211 1.495
0.080123186 0.0099781211 1.495
0.082721487 0.0099781211 1.495
0.08531978 0.0099781211 1.495
0.087918073 0.0099781211 1.495
0.090516374 0.0099781211 1.495
0.093114667 0.0099781211 1.495
0.09571296 0.0099781211 1.495
0.09831126 0.0099781211 1.495
0.10090955 0.0099781211 1.495
0.10350785 0.0099781211 1.495
0.10610615 0.0099781211 1.495
0.10870444 0.0099781211 1.495
0.11130274 0.0099781211 1.495
0.11390103 0.0099781211 1.495
0.11649933 0.0099781211 1.495
0.11909763 0.0099781211 1.495
0.12169592 0.0099781211 1.495
0.12429421 0.0099781211 1.495
0.12689251 0.0099781211 1.495
0.12949081 0.0099781211 1.495
0.13208911 0.0099781211 1.495
0.13468739 0.0099781211 1.495
0.13728569 0.0099781211 1.495
0.139884 0.0099781211 1.495
0.14248228 0.0099781211 1.495
0.15287547 0.0099781211 1.495
0.16067035 0.0099781211 1.495
0.16326866 0.0099781211 1.495
0.16586696 0.0099781211 1.495
0.16846524 0.0099781211 1.495
0.17106354 0.0099781211 1.495
0.17366184 0.0099781211 1.495
0.17626013 0.0099781211 1.495
0.17885843 0.0099781211 1.495
0.18145673 0.0099781211 1.495
0.18405502 0.0099781211 1.495
0.18665332 0.0099781211 1.495
0.18925162 0.0099781211 1.495
0.1918499 0.0099781211 1.495
0.1944482 0.0099781211 1.495
0.1970465 0.0099781211 1.495
0.19964479 0.0099781211 1.495
0.20224309 0.0099781211 1.495
0.20484139 0.0099781211 1.495
0.20743968 0.0099781211 1.495
0.21003798 0.0099781211 1.495
0.21263628 0.0099781211 1.495
0.21523458 0.0099781211 1.495
0.21783286 0.0099781211 1.495
0.22043116 0.0099781211 1.495
0.22302946 0.0099781211 1.495
0.22562775 0.0099781211 1.495
0.22822605 0.0099781211 1.495
0.23082435 0.0099781211 1.495
0.23342264 0.0099781211 1.495
0.23602094 0.0099781211 1.495
0.23861924 0.0099781211 1.495
0.24073347 0.0099580977 1.492
0.24332656 0.0099580977 1.492
0.24591964 0.0099580977 1.492
0.24851272 0.0099580977 1.492
-0.24841982 0.012635303 1.502
-0.24580936 0.012635303 1.502
-0.24368466 0.01266054 1.505
-0.24106899 0.01266054 1.505
-0.23797798 0.012635303 1.502
-0.15705366 0.012635303 1.502
-0.1544432 0.012635303 1.502
-0.15183274 0.012635303 1.502
-0.14922228 0.012635303 1.502
-0.13616997 0.012635303 1.502
-0.13355951 0.012635303 1.502
-0.13094905 0.012635303 1.502
-0.12833859 0.012635303 1.502
-0.12572813 0.012635303 1.502
-0.1205072 0.012635303 1.502
-0.11789674 0.012635303 1.502
-0.11267582 0.012635303 1.502
-0.11006536 0.012635303 1.502
-0.1074549 0.012635303 1.502
-0.094151184 0.012601654 1.498
-0.091547675 0.012601654 1.498
-0.088944167 0.012601654 1.498
-0.086340658 0.012601654 1.498
-0.08373715 0.012601654 1.498
-0.081133634 0.012601654 1.498
-0.078530125 0.012601654 1.498
-0.075926617 0.012601654 1.498
-0.073323108 0.012601654 1.498
-0.0707196 0.012601654 1.498
-0.068116091 0.012601654 1.498
-0.065512575 0.012601654 1.498
-0.062909067 0.012601654 1.498
-0.039477479 0.012601654 1.498
-0.03687397 0.012601654 1.498
-0.013442382 0.012601654 1.498
-0.010838872 0.012601654 1.498
-0.0082353624 0.012601654 1.498
-0.0056318524 0.012601654 1.498
0.012592716 0.012601654 1.498
0.015196226 0.012601654 1.498
0.017799735 0.012601654 1.498
0.020403245 0.012601654 1.498
0.023006756 0.012601654 1.498
0.025610264 0.012601654 1.498
0.028213775 0.012601654 1.498
0.030817285 0.012601654 1.498
0.033420794 0.012601654 1.498
0.051541936 0.012576417 1.495
0.0749266 0.012576417 1.495
0.077524893 0.012576417 1.495
0.080123186 0.012576417 1.495
0.082721487 0.012576417 1.495
0.08531978 0.012576417 1.495
0.087918073 0.012576417 1.495
0.090516374 0.012576417 1.495
0.093114667 0.012576417 1.495
0.09571296 0.012576417 1.495
0.09831126 0.012576417 1.495
0.10090955 0.012576417 1.495
0.10350785 0.012576417 1.495
0.10610615 0.012576417 1.495
0.10870444 0.012576417 1.495
0.11130274 0.012576417 1.495
0.11390103 0.012576417 1.495
0.11649933 0.012576417 1.495
0.11909763 0.012576417 1.495
0.12169592 0.012576417 1.495
0.12429421 0.012576417 1.495
0.12689251 0.012576417 1.495
0.12949081 0.012576417 1.495
0.13208911 0.012576417 1.495
0.13468739 0.012576417 1.495
0.13728569 0.012576417 1.495
0.139884 0.012576417 1.495
0.14248228 0.012576417 1.495
0.14508058 0.012576417 1.495
0.14767888 0.012576417 1.495
0.15027718 0.012576417 1.495
0.15287547 0.012576417 1.495
0.15807207 0.012576417 1.495
0.16067035 0.012576417 1.495
0.16326866 0.012576417 1.495
0.16586696 0.012576417 1.495
0.16846524 0.012576417 1.495
0.17626013 0.012576417 1.495
0.17885843 0.012576417 1.495
0.18145673 0.012576417 1.495
0.18405502 0.012576417 1.495
0.18665332 0.012576417 1.495
0.18925162 0.012576417 1.495
0.1918499 0.012576417 1.495
0.1944482 0.012576417 1.495
0.19964479 0.012576417 1.495
0.20224309 0.012576417 1.495
0.20484139 0.012576417 1.495
0.20743968 0.012576417 1.495
0.21003798 0.012576417 1.495
0.21263628 0.012576417 1.495
0.21523458 0.012576417 1.495
0.21783286 0.012576417 1.495
0.22043116 0.012576417 1.495
0.22302946 0.012576417 1.495
0.22562775 0.012576417 1.495
0.22822605 0.012576417 1.495
0.23082435 0.012576417 1.495
0.23342264 0.012576417 1.495
0.23602094 0.012576417 1.495
0.23814039 0.01255118 1.492
0.24073347 0.01255118 1.492
0.24332656 0.01255118 1.492
0.24591964 0.01255118 1.492
0.24851272 0.01255118 1.492
-0.24841982 0.015245765 1.502
-0.24580936 0.015245765 1.502
-0.2431989 0.015245765 1.502
-0.24058844 0.015245765 1.502
-0.23797798 0.015245765 1.502
-0.23536752 0.015245765 1.502
-0.23275706 0.015245765 1.502
-0.1544432 0.015245765 1.502
-0.15183274 0.015245765 1.502
-0.14922228 0.015245765 1.502
-0.14661182 0.015245765 1.502
-0.13616997 0.015245765 1.502
-0.13355951 0.015245765 1.502
-0.13094905 0.015245765 1.502
-0.12833859 0.015245765 1.502
-0.12572813 0.015245765 1.502
-0.12311767 0.015245765 1.502
-0.1205072 0.015245765 1.502
-0.11789674 0.015245765 1.502
-0.11528628 0.015245765 1.502
-0.11267582 0.015245765 1.502
-0.11006536 0.015245765 1.502
-0.1074549 0.015245765 1.502
-0.10484444 0.015245765 1.502
-0.094151184 0.015205164 1.498
-0.091547675 0.015205164 1.498
-0.088944167 0.015205164 1.498
-0.086340658 0.015205164 1.498
-0.08373715 0.015205164 1.498
-0.081133634 0.015205164 1.498
-0.078530125 0.015205164 1.498
-0.075926617 0.015205164 1.498
-0.073323108 0.015205164 1.498
-0.0707196 0.015205164 1.498
-0.068116091 0.015205164 1.498
-0.065512575 0.015205164 1.498
-0.062909067 0.015205164 1.498
-0.060305558 0.015205164 1.498
-0.039477479 0.015205164 1.498
-0.03687397 0.015205164 1.498
-0.013442382 0.015205164 1.498
-0.010838872 0.015205164 1.498
-0.0082353624 0.015205164 1.498
-0.0056318524 0.015205164 1.498
0.0099892067 0.015205164 1.498
0.012592716 0.015205164 1.498
0.015196226 0.015205164 1.498
0.017799735 0.015205164 1.498
0.020403245 0.015205164 1.498
0.023006756 0.015205164 1.498
0.025610264 0.015205164 1.498
0.028213775 0.015205164 1.498
0.030817285 0.015205164 1.498
0.033420794 0.015205164 1.498
0.048943639 0.015174713 1.495
0.051541936 0.015174713 1.495
0.054140229 0.015174713 1.495
0.056738526 0.015174713 1.495
0.059336822 0.015174713 1.495
0.069730006 0.015174713 1.495
0.0749266 0.015174713 1.495
0.077524893 0.015174713 1.495
0.080123186 0.015174713 1.495
0.082721487 0.015174713 1.495
0.08531978 0.015174713 1.495
0.087918073 0.015174713 1.495
0.090516374 0.015174713 1.495
0.093114667 0.015174713 1.495
0.09571296 0.015174713 1.495
0.09831126 0.015174713 1.495
0.10090955 0.015174713 1.495
0.10350785 0.015174713 1.495
0.10610615 0.015174713 1.495
0.10870444 0.015174713 1.495
0.11130274 0.015174713 1.495
0.11390103 0.015174713 1.495
0.11649933 0.015174713 1.495
0.11909763 0.015174713 1.495
0.12169592 0.015174713 1.495
0.12429421 0.015174713 1.495
0.12689251 0.015174713 1.495
0.12949081 0.015174713 1.495
0.13208911 0.015174713 1.495
0.13468739 0.015174713 1.495
0.13728569 0.015174713 1.495
0.139884 0.015174713 1.495
0.14248228 0.015174713 1.495
0.14508058 0.015174713 1.495
0.14767888 0.015174713 1.495
0.15027718 0.015174713 1.495
0.15287547 0.015174713 1.495
0.15547377 0.015174713 1.495
0.15807207 0.015174713 1.495
0.16067035 0.015174713 1.495
0.16326866 0.015174713 1.495
0.17885843 0.015174713 1.495
0.18145673 0.015174713 1.495
0.18405502 0.015174713 1.495
0.18665332 0.015174713 1.495
0.18925162 0.015174713 1.495
0.1918499 0.015174713 1.495
0.20484139 0.015174713 1.495
0.20743968 0.015174713 1.495
0.21003798 0.015174713 1.495
0.21263628 0.015174713 1.495
0.21523458 0.015174713 1.495
0.21783286 0.015174713 1.495
0.22043116 0.015174713 1.495
0.22302946 0.015174713 1.495
0.22562775 0.015174713 1.495
0.22822605 0.015174713 1.495
0.23082435 0.015174713 1.495
0.23342264 0.015174713 1.495
0.23602094 0.015174713 1.495
0.23814039 0.015144262 1.492
0.24073347 0.015144262 1.492
0.24332656 0.015144262 1.492
0.24591964 0.015144262 1.492
0.24851272 0.015144262 1.492
-0.24841982 0.017856225 1.502
-0.24580936 0.017856225 1.502
-0.2431989 0.017856225 1.502
-0.24058844 0.017856225 1.502
-0.23797798 0.017856225 1.502
-0.23536752 0.017856225 1.502
-0.23275706 0.017856225 1.502
-0.15183274 0.017856225 1.502
-0.14922228 0.017856225 1.502
-0.14661182 0.017856225 1.502
-0.14400136 0.017856225 1.502
-0.13616997 0.017856225 1.502
-0.13355951 0.017856225 1.502
-0.13094905 0.017856225 1.502
-0.12833859 0.017856225 1.502
-0.12572813 0.017856225 1.502
-0.12311767 0.017856225 1.502
-0.1205072 0.017856225 1.502
-0.11789674 0.017856225 1.502
-0.11528628 0.017856225 1.502
-0.11267582 0.017856225 1.502
-0.11006536 0.017856225 1.502
-0.1074549 0.017856225 1.502
-0.10484444 0.017856225 1.502
-0.10223398 0.017856225 1.502
-0.0967547 0.017808674 1.498
-0.094151184 0.017808674 1.498
-0.091547675 0.017808674 1.498
-0.088944167 0.017808674 1.498
-0.086340658 0.017808674 1.498
-0.08373715 0.017808674 1.498
-0.081133634 0.017808674 1.498
-0.078530125 0.017808674 1.498
-0.075926617 0.017808674 1.498
-0.073323108 0.017808674 1.498
-0.0707196 0.017808674 1.498
-0.068116091 0.017808674 1.498
-0.065512575 0.017808674 1.498
-0.062909067 0.017808674 1.498
-0.060305558 0.017808674 1.498
-0.042080991 0.017808674 1.498
-0.039477479 0.017808674 1.498
-0.013442382 0.017808674 1.498
-0.010838872 0.017808674 1.498
-0.0082353624 0.017808674 1.498
-0.0056318524 0.017808674 1.498
0.0099892067 0.017808674 1.498
0.012592716 0.017808674 1.498
0.015196226 0.017808674 1.498
0.017799735 0.017808674 1.498
0.020403245 0.017808674 1.498
0.023006756 0.017808674 1.498
0.025610264 0.017808674 1.498
0.028213775 0.017808674 1.498
0.030817285 0.017808674 1.498
0.033420794 0.017808674 1.498
0.036024306 0.017808674 1.498
0.048943639 0.017773008 1.495
0.051541936 0.017773008 1.495
0.054140229 0.017773008 1.495
0.056738526 0.017773008 1.495
0.059336822 0.017773008 1.495
0.061935116 0.017773008 1.495
0.064533412 0.017773008 1.495
0.067131706 0.017773008 1.495
0.069730006 0.017773008 1.495
0.072328299 0.017773008 1.495
0.0749266 0.017773008 1.495
0.077524893 0.017773008 1.495
0.080123186 0.017773008 1.495
0.082721487 0.017773008 1.495
0.08531978 0.017773008 1.495
0.087918073 0.017773008 1.495
0.090516374 0.017773008 1.495
0.093114667 0.017773008 1.495
0.09571296 0.017773008 1.495
0.09831126 0.017773008 1.495
0.10090955 0.017773008 1.495
0.10350785 0.017773008 1.495
0.10610615 0.017773008 1.495
0.11649933 0.017773008 1.495
0.11909763 0.017773008 1.495
0.12169592 0.017773008 1.495
0.12429421 0.017773008 1.495
0.12689251 0.017773008 1.495
0.12949081 0.017773008 1.495
0.13208911 0.017773008 1.495
0.13468739 0.017773008 1.495
0.13728569 0.017773008 1.495
0.139884 0.017773008 1.495
0.14248228 0.017773008 1.495
0.14508058 0.017773008 1.495
0.14767888 0.017773008 1.495
0.15027718 0.017773008 1.495
0.15287547 0.017773008 1.495
0.15547377 0.017773008 1.495
0.15807207 0.017773008 1.495
0.17885843 0.017773008 1.495
0.18145673 0.017773008 1.495
0.18405502 0.017773008 1.495
0.18665332 0.017773008 1.495
0.20743968 0.017773008 1.495
0.21003798 0.017773008 1.495
0.21263628 0.017773008 1.495
0.21523458 0.017773008 1.495
0.21783286 0.017773008 1.495
0.22043116 0.017773008 1.495
0.22302946 0.017773008 1.495
0.22562775 0.017773008 1.495
0.22822605 0.017773008 1.495
0.23082435 0.017773008 1.495
0.23342264 0.017773008 1.495
0.23602094 0.017773008 1.495
0.23814039 0.017737344 1.492
0.24073347 0.017737344 1.492
0.24332656 0.017737344 1.492
0.24591964 0.017737344 1.492
0.24851272 0.017737344 1.492
-0.24841982 0.020466687 1.502
-0.24580936 0.020466687 1.502
-0.2431989 0.020466687 1.502
-0.24058844 0.020466687 1.502
-0.23797798 0.020466687 1.502
-0.23536752 0.020466687 1.502
-0.14922228 0.020466687 1.502
-0.14661182 0.020466687 1.502
-0.14400136 0.020466687 1.502
-0.1413909 0.020466687 1.502
-0.13878043 0.020466687 1.502
-0.13616997 0.020466687 1.502
-0.13355951 0.020466687 1.502
-0.13094905 0.020466687 1.502
-0.12833859 0.020466687 1.502
-0.12572813 0.020466687 1.502
-0.12311767 0.020466687 1.502
-0.1205072 0.020466687 1.502
-0.11789674 0.020466687 1.502
-0.11528628 0.020466687 1.502
-0.11267582 0.020466687 1.502
-0.11006536 0.020466687 1.502
-0.1074549 0.020466687 1.502
-0.10484444 0.020466687 1.502
-0.10223398 0.020466687 1.502
-0.099623509 0.020466687 1.502
-0.0967547 0.020412184 1.498
-0.094151184 0.020412184 1.498
-0.091547675 0.020412184 1.498
-0.088944167 0.020412184 1.498
-0.086340658 0.020412184 1.498
-0.08373715 0.020412184 1.498
-0.081133634 0.020412184 1.498
-0.078530125 0.020412184 1.498
-0.075926617 0.020412184 1.498
-0.073323108 0.020412184 1.498
-0.0707196 0.020412184 1.498
-0.068116091 0.020412184 1.498
-0.065512575 0.020412184 1.498
-0.062909067 0.020412184 1.498
-0.060305558 0.020412184 1.498
-0.05770205 0.020412184 1.498
-0.0446845 0.020412184 1.498
-0.042080991 0.020412184 1.498
-0.039477479 0.020412184 1.498
-0.010838872 0.020412184 1.498
-0.0082353624 0.020412184 1.498
-0.0056318524 0.020412184 1.498
0.0099892067 0.020412184 1.498
0.012592716 0.020412184 1.498
0.015196226 0.020412184 1.498
0.017799735 0.020412184 1.498
0.020403245 0.020412184 1.498
0.023006756 0.020412184 1.498
0.025610264 0.020412184 1.498
0.028213775 0.020412184 1.498
0.030817285 0.020412184 1.498
0.033420794 0.020412184 1.498
0.036024306 0.020412184 1.498
0.038627815 0.020412184 1.498
0.046345342 0.020371305 1.495
0.048943639 0.020371305 1.495
0.051541936 0.020371305 1.495
0.054140229 0.020371305 1.495
0.056738526 0.020371305 1.495
0.059336822 0.020371305 1.495
0.061935116 0.020371305 1.495
0.064533412 0.020371305 1.495
0.067131706 0.020371305 1.495
0.069730006 0.020371305 1.495
0.072328299 0.020371305 1.495
0.0749266 0.020371305 1.495
0.077524893 0.020371305 1.495
0.080123186 0.020371305 1.495
0.082721487 0.020371305 1.495
0.08531978 0.020371305 1.495
0.087918073 0.020371305 1.495
0.090516374 0.020371305 1.495
0.093114667 0.020371305 1.495
0.09571296 0.020371305 1.495
0.09831126 0.020371305 1.495
0.10090955 0.020371305 1.495
0.10350785 0.020371305 1.495
0.12949081 0.020371305 1.495
0.13208911 0.020371305 1.495
0.13468739 0.020371305 1.495
0.13728569 0.020371305 1.495
0.139884 0.020371305 1.495
0.14248228 0.020371305 1.495
0.14508058 0.020371305 1.495
0.14767888 0.020371305 1.495
0.15027718 0.020371305 1.495
0.15287547 0.020371305 1.495
0.15547377 0.020371305 1.495
0.18145673 0.020371305 1.495
0.18405502 0.020371305 1.495
0.18665332 0.020371305 1.495
0.20743968 0.020371305 1.495
0.21003798 0.020371305 1.495
0.21263628 0.020371305 1.495
0.21523458 0.020371305 1.495
0.21783286 0.020371305 1.495
0.22043116 0.020371305 1.495
0.22302946 0.020371305 1.495
0.22562775 0.020371305 1.495
0.22822605 0.020371305 1.495
0.23082435 0.020371305 1.495
0.23342264 0.020371305 1.495
0.23602094 0.020371305 1.495
0.24073347 0.020330425 1.492
0.24332656 0.020330425 1.492
0.24591964 0.020330425 1.492
0.24851272 0.020330425 1.492
-0.24841982 0.023077149 1.502
-0.24580936 0.023077149 1.502
-0.2431989 0.023077149 1.502
-0.24058844 0.023077149 1.502
-0.23797798 0.023077149 1.502
-0.14661182 0.023077149 1.502
-0.14400136 0.023077149 1.502
-0.1413909 0.023077149 1.502
-0.13878043 0.023077149 1.502
-0.13616997 0.023077149 1.502
-0.13355951 0.023077149 1.502
-0.13094905 0.023077149 1.502
-0.12833859 0.023077149 1.502
-0.12572813 0.023077149 1.502
-0.12311767 0.023077149 1.502
-0.11789674 0.023077149 1.502
-0.11528628 0.023077149 1.502
-0.11267582 0.023077149 1.502
-0.11006536 0.023077149 1.502
-0.1074549 0.023077149 1.502
-0.10484444 0.023077149 1.502
-0.10223398 0.023077149 1.502
-0.099623509 0.023077149 1.502
-0.094151184 0.023015693 1.498
-0.091547675 0.023015693 1.498
-0.088944167 0.023015693 1.498
-0.086340658 0.023015693 1.498
-0.08373715 0.023015693 1.498
-0.081133634 0.023015693 1.498
-0.078530125 0.023015693 1.498
-0.075926617 0.023015693 1.498
-0.073323108 0.023015693 1.498
-0.0707196 0.023015693 1.498
-0.068116091 0.023015693 1.498
-0.065512575 0.023015693 1.498
-0.062909067 0.023015693 1.498
-0.060305558 0.023015693 1.498
-0.05770205 0.023015693 1.498
-0.055098537 0.023015693 1.498
-0.052495029 0.023015693 1.498
-0.04989152 0.023015693 1.498
-0.047288008 0.023015693 1.498
-0.0446845 0.023015693 1.498
-0.042080991 0.023015693 1.498
-0.039477479 0.023015693 1.498
-0.03687397 0.023015693 1.498
-0.010838872 0.023015693 1.498
-0.0082353624 0.023015693 1.498
-0.0056318524 0.023015693 1.498
-0.0030283427 0.023015693 1.498
0.0073856968 0.023015693 1.498
0.0099892067 0.023015693 1.498
0.012592716 0.023015693 1.498
0.015196226 0.023015693 1.498
0.017799735 0.023015693 1.498
0.030817285 0.023015693 1.498
0.033420794 0.023015693 1.498
0.036024306 0.023015693 1.498
0.038627815 0.023015693 1.498
0.041231323 0.023015693 1.498
0.046345342 0.0229696 1.495
0.048943639 0.0229696 1.495
0.051541936 0.0229696 1.495
0.054140229 0.0229696 1.495
0.056852382 0.023015693 1.498
0.059455894 0.023015693 1.498
0.061935116 0.0229696 1.495
0.064533412 0.0229696 1.495
0.067131706 0.0229696 1.495
0.069730006 0.0229696 1.495
0.072328299 0.0229696 1.495
0.0749266 0.0229696 1.495
0.077524893 0.0229696 1.495
0.080123186 0.0229696 1.495
0.082721487 0.0229696 1.495
0.08531978 0.0229696 1.495
0.087918073 0.0229696 1.495
0.090516374 0.0229696 1.495
0.093114667 0.0229696 1.495
0.09571296 0.0229696 1.495
0.09831126 0.0229696 1.495
0.10090955 0.0229696 1.495
0.13208911 0.0229696 1.495
0.13468739 0.0229696 1.495
0.13728569 0.0229696 1.495
0.139884 0.0229696 1.495
0.14248228 0.0229696 1.495
0.14508058 0.0229696 1.495
0.14767888 0.0229696 1.495
0.15027718 0.0229696 1.495
0.18145673 0.0229696 1.495
0.18405502 0.0229696 1.495
0.20743968 0.0229696 1.495
0.21003798 0.0229696 1.495
0.21263628 0.0229696 1.495
0.21523458 0.0229696 1.495
0.21783286 0.0229696 1.495
0.22043116 0.0229696 1.495
0.22302946 0.0229696 1.495
0.23342264 0.0229696 1.495
0.24332656 0.022923507 1.492
0.24591964 0.022923507 1.492
0.24851272 0.022923507 1.492
-0.24841982 0.025687611 1.502
-0.24580936 0.025687611 1.502
-0.2431989 0.025687611 1.502
-0.24058844 0.025687611 1.502
-0.1413909 0.025687611 1.502
-0.13878043 0.025687611 1.502
-0.13616997 0.025687611 1.502
-0.13355951 0.025687611 1.502
-0.13094905 0.025687611 1.502
-0.11267582 0.025687611 1.502
-0.11006536 0.025687611 1.502
-0.1074549 0.025687611 1.502
-0.10484444 0.025687611 1.502
-0.10223398 0.025687611 1.502
-0.091547675 0.025619203 1.498
-0.088944167 0.025619203 1.498
-0.086340658 0.025619203 1.498
-0.08373715 0.025619203 1.498
-0.081133634 0.025619203 1.498
-0.078530125 0.025619203 1.498
-0.075926617 0.025619203 1.498
-0.073323108 0.025619203 1.498
-0.0707196 0.025619203 1.498
-0.068116091 0.025619203 1.498
-0.065512575 0.025619203 1.498
-0.062909067 0.025619203 1.498
-0.060305558 0.025619203 1.498
-0.05770205 0.025619203 1.498
-0.055098537 0.025619203 1.498
-0.052495029 0.025619203 1.498
-0.04989152 0.025619203 1.498
-0.047288008 0.025619203 1.498
-0.0446845 0.025619203 1.498
-0.042080991 0.025619203 1.498
-0.039477479 0.025619203 1.498
-0.03687397 0.025619203 1.498
-0.034270462 0.025619203 1.498
-0.013442382 0.025619203 1.498
-0.010838872 0.025619203 1.498
-0.0082353624 0.025619203 1.498
-0.0056318524 0.025619203 1.498
-0.0030283427 0.025619203 1.498
-0.00042483292 0.025619203 1.498
0.0021786769 0.025619203 1.498
0.0047821868 0.025619203 1.498
0.0073856968 0.025619203 1.498
0.0099892067 0.025619203 1.498
0.012592716 0.025619203 1.498
0.015196226 0.025619203 1.498
0.036024306 0.025619203 1.498
0.038627815 0.025619203 1.498
0.041231323 0.025619203 1.498
0.043834835 0.025619203 1.498
0.046438344 0.025619203 1.498
0.048943639 0.025567897 1.495
0.051541936 0.025567897 1.495
0.054248873 0.025619203 1.498
0.056852382 0.025619203 1.498
0.059455894 0.025619203 1.498
0.062059402 0.025619203 1.498
0.064533412 0.025567897 1.495
0.067131706 0.025567897 1.495
0.069730006 0.025567897 1.495
0.072328299 0.025567897 1.495
0.075076953 0.025619203 1.498
0.077680461 0.025619203 1.498
0.080123186 0.025567897 1.495
0.082721487 0.025567897 1.495
0.08531978 0.025567897 1.495
0.087918073 0.025567897 1.495
0.090516374 0.025567897 1.495
0.093114667 0.025567897 1.495
0.09571296 0.025567897 1.495
0.09831126 0.025567897 1.495
0.10090955 0.025567897 1.495
0.13208911 0.025567897 1.495
0.13468739 0.025567897 1.495
0.13728569 0.025567897 1.495
0.139884 0.025567897 1.495
0.14248228 0.025567897 1.495
0.17885843 0.025567897 1.495
0.18145673 0.025567897 1.495
0.18405502 0.025567897 1.495
0.20484139 0.025567897 1.495
0.20743968 0.025567897 1.495
0.21003798 0.025567897 1.495
0.21263628 0.025567897 1.495
0.21523458 0.025567897 1.495
0.21783286 0.025567897 1.495
0.22043116 0.025567897 1.495
0.24851272 0.025516588 1.492
-0.24841982 0.028298073 1.502
-0.24580936 0.028298073 1.502
-0.1413909 0.028298073 1.502
-0.13878043 0.028298073 1.502
-0.13616997 0.028298073 1.502
-0.13355951 0.028298073 1.502
-0.11267582 0.028298073 1.502
-0.11006536 0.028298073 1.502
-0.1074549 0.028298073 1.502
-0.10484444 0.028298073 1.502
-0.10223398 0.028298073 1.502
-0.091547675 0.028222714 1.498
-0.088944167 0.028222714 1.498
-0.086340658 0.028222714 1.498
-0.08373715 0.028222714 1.498
-0.081133634 0.028222714 1.498
-0.078530125 0.028222714 1.498
-0.075926617 0.028222714 1.498
-0.073323108 0.028222714 1.498
-0.0707196 0.028222714 1.498
-0.068116091 0.028222714 1.498
-0.065512575 0.028222714 1.498
-0.062909067 0.028222714 1.498
-0.060305558 0.028222714 1.498
-0.05770205 0.028222714 1.498
-0.055098537 0.028222714 1.498
-0.052495029 0.028222714 1.498
-0.04989152 0.028222714 1.498
-0.047288008 0.028222714 1.498
-0.0446845 0.028222714 1.498
-0.042080991 0.028222714 1.498
-0.039477479 0.028222714 1.498
-0.03687397 0.028222714 1.498
-0.034270462 0.028222714 1.498
-0.031666949 0.028222714 1.498
-0.016045893 0.028222714 1.498
-0.013442382 0.028222714 1.498
-0.010838872 0.028222714 1.498
-0.0082353624 0.028222714 1.498
-0.0056318524 0.028222714 1.498
-0.0030283427 0.028222714 1.498
-0.00042483292 0.028222714 1.498
0.0021786769 0.028222714 1.498
0.0047821868 0.028222714 1.498
0.0073856968 0.028222714 1.498
0.0099892067 0.028222714 1.498
0.012592716 0.028222714 1.498
0.038627815 0.028222714 1.498
0.041231323 0.028222714 1.498
0.043834835 0.028222714 1.498
0.046438344 0.028222714 1.498
0.049041852 0.028222714 1.498
0.051645365 0.028222714 1.498
0.054248873 0.028222714 1.498
0.056852382 0.028222714 1.498
0.059455894 0.028222714 1.498
0.062059402 0.028222714 1.498
0.064662911 0.028222714 1.498
0.06726642 0.028222714 1.498
0.069869936 0.028222714 1.498
0.072473444 0.028222714 1.498
0.075076953 0.028222714 1.498
0.077680461 0.028222714 1.498
0.080123186 0.028166192 1.495
0.082721487 0.028166192 1.495
0.08531978 0.028166192 1.495
0.087918073 0.028166192 1.495
0.090516374 0.028166192 1.495
0.093114667 0.028166192 1.495
0.09571296 0.028166192 1.495
0.09831126 0.028166192 1.495
0.10090955 0.028166192 1.495
0.10350785 0.028166192 1.495
0.12949081 0.028166192 1.495
0.13208911 0.028166192 1.495
0.13468739 0.028166192 1.495
0.13728569 0.028166192 1.495
0.139884 0.028166192 1.495
0.17885843 0.028166192 1.495
0.18145673 0.028166192 1.495
0.18405502 0.028166192 1.495
0.20224309 0.028166192 1.495
0.20484139 0.028166192 1.495
0.20743968 0.028166192 1.495
0.21003798 0.028166192 1.495
0.21263628 0.028166192 1.495
0.21523458 0.028166192 1.495
0.21783286 0.028166192 1.495
0.22043116 0.028166192 1.495
-0.24891602 0.03097027 1.505
-0.13878043 0.030908534 1.502
-0.13616997 0.030908534 1.502
-0.13355951 0.030908534 1.502
-0.11267582 0.030908534 1.502
-0.11006536 0.030908534 1.502
-0.1074549 0.030908534 1.502
-0.10484444 0.030908534 1.502
-0.091547675 0.030826222 1.498
-0.088944167 0.030826222 1.498
-0.086340658 0.030826222 1.498
-0.08373715 0.030826222 1.498
-0.081133634 0.030826222 1.498
-0.078530125 0.030826222 1.498
-0.075926617 0.030826222 1.498
-0.073323108 0.030826222 1.498
-0.0707196 0.030826222 1.498
-0.068116091 0.030826222 1.498
-0.065512575 0.030826222 1.498
-0.062909067 0.030826222 1.498
-0.060305558 0.030826222 1.498
-0.05770205 0.030826222 1.498
-0.055098537 0.030826222 1.498
-0.052495029 0.030826222 1.498
-0.04989152 0.030826222 1.498
-0.047288008 0.030826222 1.498
-0.0446845 0.030826222 1.498
-0.042080991 0.030826222 1.498
-0.039477479 0.030826222 1.498
-0.03687397 0.030826222 1.498
-0.034270462 0.030826222 1.498
-0.031666949 0.030826222 1.498
-0.029063441 0.030826222 1.498
-0.016045893 0.030826222 1.498
-0.013442382 0.030826222 1.498
-0.010838872 0.030826222 1.498
-0.0082353624 0.030826222 1.498
-0.0056318524 0.030826222 1.498
-0.0030283427 0.030826222 1.498
-0.00042483292 0.030826222 1.498
0.0073856968 0.030826222 1.498
0.0099892067 0.030826222 1.498
0.012592716 0.030826222 1.498
0.041231323 0.030826222 1.498
0.043834835 0.030826222 1.498
0.046438344 0.030826222 1.498
0.049041852 0.030826222 1.498
0.051645365 0.030826222 1.498
0.054248873 0.030826222 1.498
0.056852382 0.030826222 1.498
0.059455894 0.030826222 1.498
0.062059402 0.030826222 1.498
0.064662911 0.030826222 1.498
0.06726642 0.030826222 1.498
0.069869936 0.030826222 1.498
0.072473444 0.030826222 1.498
0.075076953 0.030826222 1.498
0.077680461 0.030826222 1.498
0.08028397 0.030826222 1.498
0.082721487 0.030764489 1.495
0.08531978 0.030764489 1.495
0.087918073 0.030764489 1.495
0.090516374 0.030764489 1.495
0.093114667 0.030764489 1.495
0.09571296 0.030764489 1.495
0.09831126 0.030764489 1.495
0.10090955 0.030764489 1.495
0.10350785 0.030764489 1.495
0.10610615 0.030764489 1.495
0.11909763 0.030764489 1.495
0.12169592 0.030764489 1.495
0.12429421 0.030764489 1.495
0.12689251 0.030764489 1.495
0.12949081 0.030764489 1.495
0.13208911 0.030764489 1.495
0.13468739 0.030764489 1.495
0.13728569 0.030764489 1.495
0.139884 0.030764489 1.495
0.17885843 0.030764489 1.495
0.18145673 0.030764489 1.495
0.18405502 0.030764489 1.495
0.20224309 0.030764489 1.495
0.20484139 0.030764489 1.495
0.20743968 0.030764489 1.495
0.21003798 0.030764489 1.495
0.21263628 0.030764489 1.495
0.21523458 0.030764489 1.495
0.21783286 0.030764489 1.495
0.22043116 0.030764489 1.495
-0.24891602 0.033585947 1.505
-0.13616997 0.033518996 1.502
-0.13355951 0.033518996 1.502
-0.11006536 0.033518996 1.502
-0.1074549 0.033518996 1.502
-0.10484444 0.033518996 1.502
-0.091547675 0.033429734 1.498
-0.088944167 0.033429734 1.498
-0.086340658 0.033429734 1.498
-0.08373715 0.033429734 1.498
-0.081133634 0.033429734 1.498
-0.078530125 0.033429734 1.498
-0.075926617 0.033429734 1.498
-0.073323108 0.033429734 1.498
-0.0707196 0.033429734 1.498
-0.068116091 0.033429734 1.498
-0.065512575 0.033429734 1.498
-0.062909067 0.033429734 1.498
-0.060305558 0.033429734 1.498
-0.05770205 0.033429734 1.498
-0.055098537 0.033429734 1.498
-0.052495029 0.033429734 1.498
-0.04989152 0.033429734 1.498
-0.047288008 0.033429734 1.498
-0.0446845 0.033429734 1.498
-0.042080991 0.033429734 1.498
-0.039477479 0.033429734 1.498
-0.031666949 0.033429734 1.498
-0.029063441 0.033429734 1.498
-0.02645993 0.033429734 1.498
-0.021252912 0.033429734 1.498
-0.016045893 0.033429734 1.498
-0.013442382 0.033429734 1.498
-0.010838872 0.033429734 1.498
-0.0082353624 0.033429734 1.498
-0.0056318524 0.033429734 1.498
-0.0030283427 0.033429734 1.498
-0.00042483292 0.033429734 1.498
0.0099892067 0.033429734 1.498
0.012592716 0.033429734 1.498
0.015196226 0.033429734 1.498
0.041231323 0.033429734 1.498
0.043834835 0.033429734 1.498
0.046438344 0.033429734 1.498
0.049041852 0.033429734 1.498
0.051645365 0.033429734 1.498
0.054248873 0.033429734 1.498
0.056852382 0.033429734 1.498
0.059455894 0.033429734 1.498
0.075076953 0.033429734 1.498
0.077680461 0.033429734 1.498
0.08028397 0.033429734 1.498
0.082887478 0.033429734 1.498
0.08531978 0.033362783 1.495
0.087918073 0.033362783 1.495
0.090516374 0.033362783 1.495
0.093114667 0.033362783 1.495
0.09571296 0.033362783 1.495
0.09831126 0.033362783 1.495
0.10090955 0.033362783 1.495
0.10350785 0.033362783 1.495
0.10610615 0.033362783 1.495
0.11649933 0.033362783 1.495
0.11909763 0.033362783 1.495
0.12169592 0.033362783 1.495
0.12429421 0.033362783 1.495
0.12689251 0.033362783 1.495
0.12949081 0.033362783 1.495
0.13208911 0.033362783 1.495
0.13468739 0.033362783 1.495
0.13728569 0.033362783 1.495
0.139884 0.033362783 1.495
0.17885843 0.033362783 1.495
0.18145673 0.033362783 1.495
0.18405502 0.033362783 1.495
0.18665332 0.033362783 1.495
0.19964479 0.033362783 1.495
0.20224309 0.033362783 1.495
0.20484139 0.033362783 1.495
0.20743968 0.033362783 1.495
0.21003798 0.033362783 1.495
0.21263628 0.033362783 1.495
0.21523458 0.033362783 1.495
0.21783286 0.033362783 1.495
0.22043116 0.033362783 1.495
-0.13616997 0.03612946 1.502
-0.13355951 0.03612946 1.502
-0.1074549 0.03612946 1.502
-0.091547675 0.036033243 1.498
-0.088944167 0.036033243 1.498
-0.086340658 0.036033243 1.498
-0.08373715 0.036033243 1.498
-0.081133634 0.036033243 1.498
-0.078530125 0.036033243 1.498
-0.075926617 0.036033243 1.498
-0.073323108 0.036033243 1.498
-0.0707196 0.036033243 1.498
-0.068116091 0.036033243 1.498
-0.065512575 0.036033243 1.498
-0.062909067 0.036033243 1.498
-0.060305558 0.036033243 1.498
-0.05770205 0.036033243 1.498
-0.055098537 0.036033243 1.498
-0.052495029 0.036033243 1.498
-0.04989152 0.036033243 1.498
-0.047288008 0.036033243 1.498
-0.0446845 0.036033243 1.498
-0.042080991 0.036033243 1.498
-0.029063441 0.036033243 1.498
-0.02645993 0.036033243 1.498
-0.023856422 0.036033243 1.498
-0.021252912 0.036033243 1.498
-0.016045893 0.036033243 1.498
-0.013442382 0.036033243 1.498
-0.010838872 0.036033243 1.498
-0.0082353624 0.036033243 1.498
-0.0056318524 0.036033243 1.498
-0.0030283427 0.036033243 1.498
-0.00042483292 0.036033243 1.498
0.012592716 0.036033243 1.498
0.015196226 0.036033243 1.498
0.017799735 0.036033243 1.498
0.041231323 0.036033243 1.498
0.043834835 0.036033243 1.498
0.046438344 0.036033243 1.498
0.049041852 0.036033243 1.498
0.051645365 0.036033243 1.498
0.054248873 0.036033243 1.498
0.077680461 0.036033243 1.498
0.08028397 0.036033243 1.498
0.082887478 0.036033243 1.498
0.08531978 0.03596108 1.495
0.087918073 0.03596108 1.495
0.090516374 0.03596108 1.495
0.093114667 0.03596108 1.495
0.09571296 0.03596108 1.495
0.09831126 0.03596108 1.495
0.10090955 0.03596108 1.495
0.10350785 0.03596108 1.495
0.10610615 0.03596108 1.495
0.10870444 0.03596108 1.495
0.11130274 0.03596108 1.495
0.11390103 0.03596108 1.495
0.11649933 0.03596108 1.495
0.11909763 0.03596108 1.495
0.12169592 0.03596108 1.495
0.12429421 0.03596108 1.495
0.12689251 0.03596108 1.495
0.12949081 0.03596108 1.495
0.13208911 0.03596108 1.495
0.13468739 0.03596108 1.495
0.13728569 0.03596108 1.495
0.139884 0.03596108 1.495
0.14248228 0.03596108 1.495
0.14508058 0.03596108 1.495
0.14767888 0.03596108 1.495
0.17885843 0.03596108 1.495
0.18145673 0.03596108 1.495
0.18405502 0.03596108 1.495
0.18665332 0.03596108 1.495
0.19964479 0.03596108 1.495
0.20224309 0.03596108 1.495
0.20484139 0.03596108 1.495
0.20743968 0.03596108 1.495
0.21003798 0.03596108 1.495
0.21263628 0.03596108 1.495
0.21523458 0.03596108 1.495
0.21783286 0.03596108 1.495
0.22043116 0.03596108 1.495
-0.13616997 0.03873992 1.502
-0.13355951 0.03873992 1.502
-0.1074549 0.03873992 1.502
-0.094151184 0.038636751 1.498
-0.091547675 0.038636751 1.498
-0.088944167 0.038636751 1.498
-0.086340658 0.038636751 1.498
-0.08373715 0.038636751 1.498
-0.081133634 0.038636751 1.498
-0.078530125 0.038636751 1.498
-0.075926617 0.038636751 1.498
-0.073323108 0.038636751 1.498
-0.0707196 0.038636751 1.498
-0.068116091 0.038636751 1.498
-0.065512575 0.038636751 1.498
-0.062909067 0.038636751 1.498
-0.060305558 0.038636751 1.498
-0.05770205 0.038636751 1.498
-0.055098537 0.038636751 1.498
-0.052495029 0.038636751 1.498
-0.04989152 0.038636751 1.498
-0.047288008 0.038636751 1.498
-0.0446845 0.038636751 1.498
-0.042080991 0.038636751 1.498
-0.02645993 0.038636751 1.498
-0.013442382 0.038636751 1.498
-0.010838872 0.038636751 1.498
-0.0082353624 0.038636751 1.498
-0.0056318524 0.038636751 1.498
-0.0030283427 0.038636751 1.498
-0.00042483292 0.038636751 1.498
0.012592716 0.038636751 1.498
0.015196226 0.038636751 1.498
0.017799735 0.038636751 1.498
0.020403245 0.038636751 1.498
0.023006756 0.038636751 1.498
0.041231323 0.038636751 1.498
0.043834835 0.038636751 1.498
0.046438344 0.038636751 1.498
0.049041852 0.038636751 1.498
0.051645365 0.038636751 1.498
0.054248873 0.038636751 1.498
0.08028397 0.038636751 1.498
0.082887478 0.038636751 1.498
0.087918073 0.038559373 1.495
0.090516374 0.038559373 1.495
0.093114667 0.038559373 1.495
0.09571296 0.038559373 1.495
0.09831126 0.038559373 1.495
0.10090955 0.038559373 1.495
0.10350785 0.038559373 1.495
0.10610615 0.038559373 1.495
0.10870444 0.038559373 1.495
0.11130274 0.038559373 1.495
0.11390103 0.038559373 1.495
0.11649933 0.038559373 1.495
0.11909763 0.038559373 1.495
0.12169592 0.038559373 1.495
0.12429421 0.038559373 1.495
0.12689251 0.038559373 1.495
0.12949081 0.038559373 1.495
0.13208911 0.038559373 1.495
0.13468739 0.038559373 1.495
0.13728569 0.038559373 1.495
0.139884 0.038559373 1.495
0.14248228 0.038559373 1.495
0.14508058 0.038559373 1.495
0.14767888 0.038559373 1.495
0.15027718 0.038559373 1.495
0.15287547 0.038559373 1.495
0.18145673 0.038559373 1.495
0.18405502 0.038559373 1.495
0.18665332 0.038559373 1.495
0.18925162 0.038559373 1.495
0.1918499 0.038559373 1.495
0.1944482 0.038559373 1.495
0.1970465 0.038559373 1.495
0.19964479 0.038559373 1.495
0.20224309 0.038559373 1.495
0.20484139 0.038559373 1.495
0.20743968 0.038559373 1.495
0.21003798 0.038559373 1.495
0.21263628 0.038559373 1.495
0.21523458 0.038559373 1.495
0.21783286 0.038559373 1.495
0.22043116 0.038559373 1.495
-0.13616997 0.041350383 1.502
-0.13355951 0.041350383 1.502
-0.13094905 0.041350383 1.502
-0.094151184 0.041240264 1.498
-0.091547675 0.041240264 1.498
-0.088944167 0.041240264 1.498
-0.086340658 0.041240264 1.498
-0.08373715 0.041240264 1.498
-0.081133634 0.041240264 1.498
-0.078530125 0.041240264 1.498
-0.075926617 0.041240264 1.498
-0.073323108 0.041240264 1.498
-0.0707196 0.041240264 1.498
-0.068116091 0.041240264 1.498
-0.065512575 0.041240264 1.498
-0.062909067 0.041240264 1.498
-0.060305558 0.041240264 1.498
-0.05770205 0.041240264 1.498
-0.055098537 0.041240264 1.498
-0.052495029 0.041240264 1.498
-0.04989152 0.041240264 1.498
-0.047288008 0.041240264 1.498
-0.0446845 0.041240264 1.498
-0.042080991 0.041240264 1.498
-0.02645993 0.041240264 1.498
-0.010838872 0.041240264 1.498
-0.0082353624 0.041240264 1.498
-0.0056318524 0.041240264 1.498
-0.0030283427 0.041240264 1.498
-0.00042483292 0.041240264 1.498
0.015196226 0.041240264 1.498
0.017799735 0.041240264 1.498
0.020403245 0.041240264 1.498
0.023006756 0.041240264 1.498
0.025610264 0.041240264 1.498
0.041231323 0.041240264 1.498
0.043834835 0.041240264 1.498
0.046438344 0.041240264 1.498
0.049041852 0.041240264 1.498
0.051645365 0.041240264 1.498
0.090516374 0.04115767 1.495
0.093114667 0.04115767 1.495
0.09571296 0.04115767 1.495
0.09831126 0.04115767 1.495
0.10090955 0.04115767 1.495
0.10350785 0.04115767 1.495
0.10610615 0.04115767 1.495
0.10870444 0.04115767 1.495
0.11130274 0.04115767 1.495
0.11390103 0.04115767 1.495
0.11649933 0.04115767 1.495
0.11909763 0.04115767 1.495
0.12169592 0.04115767 1.495
0.12429421 0.04115767 1.495
0.12689251 0.04115767 1.495
0.12949081 0.04115767 1.495
0.13208911 0.04115767 1.495
0.13468739 0.04115767 1.495
0.13728569 0.04115767 1.495
0.139884 0.04115767 1.495
0.14248228 0.04115767 1.495
0.14508058 0.04115767 1.495
0.14767888 0.04115767 1.495
0.15027718 0.04115767 1.495
0.15287547 0.04115767 1.495
0.17849952 0.041075081 1.492
0.18145673 0.04115767 1.495
0.18405502 0.04115767 1.495
0.18665332 0.04115767 1.495
0.18925162 0.04115767 1.495
0.1918499 0.04115767 1.495
0.1944482 0.04115767 1.495
0.1970465 0.04115767 1.495
0.19964479 0.04115767 1.495
0.20224309 0.04115767 1.495
0.20484139 0.04115767 1.495
0.20743968 0.04115767 1.495
0.21003798 0.04115767 1.495
0.21263628 0.04115767 1.495
0.21523458 0.04115767 1.495
0.21783286 0.04115767 1.495
0.22043116 0.04115767 1.495
-0.17010598 0.043960843 1.502
-0.16749552 0.043960843 1.502
-0.16488506 0.043960843 1.502
-0.1622746 0.043960843 1.502
-0.13878043 0.043960843 1.502
-0.13616997 0.043960843 1.502
-0.13355951 0.043960843 1.502
-0.10977224 0.043843772 1.498
-0.0967547 0.043843772 1.498
-0.094151184 0.043843772 1.498
-0.091547675 0.043843772 1.498
-0.088944167 0.043843772 1.498
-0.086340658 0.043843772 1.498
-0.08373715 0.043843772 1.498
-0.081133634 0.043843772 1.498
-0.078530125 0.043843772 1.498
-0.075926617 0.043843772 1.498
-0.073323108 0.043843772 1.498
-0.0707196 0.043843772 1.498
-0.068116091 0.043843772 1.498
-0.065512575 0.043843772 1.498
-0.062909067 0.043843772 1.498
-0.060305558 0.043843772 1.498
-0.05770205 0.043843772 1.498
-0.055098537 0.043843772 1.498
-0.052495029 0.043843772 1.498
-0.04989152 0.043843772 1.498
-0.047288008 0.043843772 1.498
-0.0446845 0.043843772 1.498
-0.042080991 0.043843772 1.498
-0.02645993 0.043843772 1.498
-0.010838872 0.043843772 1.498
-0.0082353624 0.043843772 1.498
-0.0056318524 0.043843772 1.498
-0.0030283427 0.043843772 1.498
-0.00042483292 0.043843772 1.498
0.015196226 0.043843772 1.498
0.017799735 0.043843772 1.498
0.020403245 0.043843772 1.498
0.023006756 0.043843772 1.498
0.025610264 0.043843772 1.498
0.028213775 0.043843772 1.498
0.041231323 0.043843772 1.498
0.043834835 0.043843772 1.498
0.046438344 0.043843772 1.498
0.049041852 0.043843772 1.498
0.051645365 0.043843772 1.498
0.090516374 0.043755967 1.495
0.093114667 0.043755967 1.495
0.09571296 0.043755967 1.495
0.09831126 0.043755967 1.495
0.10090955 0.043755967 1.495
0.10350785 0.043755967 1.495
0.10610615 0.043755967 1.495
0.10870444 0.043755967 1.495
0.11130274 0.043755967 1.495
0.11390103 0.043755967 1.495
0.11649933 0.043755967 1.495
0.11909763 0.043755967 1.495
0.12169592 0.043755967 1.495
0.12429421 0.043755967 1.495
0.12689251 0.043755967 1.495
0.12949081 0.043755967 1.495
0.13208911 0.043755967 1.495
0.13468739 0.043755967 1.495
0.13728569 0.043755967 1.495
0.139884 0.043755967 1.495
0.14248228 0.043755967 1.495
0.14508058 0.043755967 1.495
0.14767888 0.043755967 1.495
0.15027718 0.043755967 1.495
0.15287547 0.043755967 1.495
0.15547377 0.043755967 1.495
0.17849952 0.043668162 1.492
0.18145673 0.043755967 1.495
0.18405502 0.043755967 1.495
0.18665332 0.043755967 1.495
0.18925162 0.043755967 1.495
0.1918499 0.043755967 1.495
0.1944482 0.043755967 1.495
0.1970465 0.043755967 1.495
0.19964479 0.043755967 1.495
0.20224309 0.043755967 1.495
0.20484139 0.043755967 1.495
0.20743968 0.043755967 1.495
0.21003798 0.043755967 1.495
0.21263628 0.043755967 1.495
0.21523458 0.043755967 1.495
0.21783286 0.043755967 1.495
0.22043116 0.043755967 1.495
-0.1753269 0.046571303 1.502
-0.17271644 0.046571303 1.502
-0.17010598 0.046571303 1.502
-0.16749552 0.046571303 1.502
-0.16488506 0.046571303 1.502
-0.1622746 0.046571303 1.502
-0.15966412 0.046571303 1.502
-0.1413909 0.046571303 1.502
-0.13878043 0.046571303 1.502
-0.13616997 0.046571303 1.502
-0.13355951 0.046571303 1.502
-0.13094905 0.046571303 1.502
-0.0967547 0.046447281 1.498
-0.094151184 0.046447281 1.498
-0.091547675 0.046447281 1.498
-0.088944167 0.046447281 1.498
-0.086340658 0.046447281 1.498
-0.08373715 0.046447281 1.498
-0.081133634 0.046447281 1.498
-0.068116091 0.046447281 1.498
-0.065512575 0.046447281 1.498
-0.062909067 0.046447281 1.498
-0.060305558 0.046447281 1.498
-0.05770205 0.046447281 1.498
-0.055098537 0.046447281 1.498
-0.052495029 0.046447281 1.498
-0.04989152 0.046447281 1.498
-0.047288008 0.046447281 1.498
-0.0446845 0.046447281 1.498
-0.042080991 0.046447281 1.498
-0.039477479 0.046447281 1.498
-0.02645993 0.046447281 1.498
-0.023856422 0.046447281 1.498
-0.010838872 0.046447281 1.498
-0.0082353624 0.046447281 1.498
-0.0056318524 0.046447281 1.498
-0.0030283427 0.046447281 1.498
-0.00042483292 0.046447281 1.498
0.015196226 0.046447281 1.498
0.017799735 0.046447281 1.498
0.020403245 0.046447281 1.498
0.023006756 0.046447281 1.498
0.025610264 0.046447281 1.498
0.028213775 0.046447281 1.498
0.09571296 0.046354264 1.495
0.09831126 0.046354264 1.495
0.10090955 0.046354264 1.495
0.10350785 0.046354264 1.495
0.10610615 0.046354264 1.495
0.10870444 0.046354264 1.495
0.11130274 0.046354264 1.495
0.11390103 0.046354264 1.495
0.11649933 0.046354264 1.495
0.11909763 0.046354264 1.495
0.12169592 0.046354264 1.495
0.12429421 0.046354264 1.495
0.12689251 0.046354264 1.495
0.12949081 0.046354264 1.495
0.13208911 0.046354264 1.495
0.13468739 0.046354264 1.495
0.13728569 0.046354264 1.495
0.139884 0.046354264 1.495
0.14248228 0.046354264 1.495
0.14508058 0.046354264 1.495
0.14767888 0.046354264 1.495
0.15027718 0.046354264 1.495
0.15287547 0.046354264 1.495
0.15547377 0.046354264 1.495
0.17590643 0.046261244 1.492
0.17849952 0.046261244 1.492
0.18145673 0.046354264 1.495
0.18405502 0.046354264 1.495
0.18665332 0.046354264 1.495
0.18925162 0.046354264 1.495
0.1918499 0.046354264 1.495
0.1944482 0.046354264 1.495
0.1970465 0.046354264 1.495
0.19964479 0.046354264 1.495
0.20224309 0.046354264 1.495
0.20484139 0.046354264 1.495
0.20743968 0.046354264 1.495
0.21003798 0.046354264 1.495
0.21263628 0.046354264 1.495
0.21523458 0.046354264 1.495
0.21783286 0.046354264 1.495
0.22043116 0.046354264 1.495
0.22302946 0.046354264 1.495
-0.1753269 0.049181767 1.502
-0.17271644 0.049181767 1.502
-0.17010598 0.049181767 1.502
-0.16749552 0.049181767 1.502
-0.16488506 0.049181767 1.502
-0.1622746 0.049181767 1.502
-0.15966412 0.049181767 1.502
-0.15705366 0.049181767 1.502
-0.1413909 0.049181767 1.502
-0.13878043 0.049181767 1.502
-0.13616997 0.049181767 1.502
-0.13355951 0.049181767 1.502
-0.11237576 0.049050793 1.498
-0.0967547 0.049050793 1.498
-0.094151184 0.049050793 1.498
-0.091547675 0.049050793 1.498
-0.088944167 0.049050793 1.498
-0.086340658 0.049050793 1.498
-0.08373715 0.049050793 1.498
-0.065512575 0.049050793 1.498
-0.062909067 0.049050793 1.498
-0.060305558 0.049050793 1.498
-0.05770205 0.049050793 1.498
-0.055098537 0.049050793 1.498
-0.052495029 0.049050793 1.498
-0.04989152 0.049050793 1.498
-0.047288008 0.049050793 1.498
-0.0446845 0.049050793 1.498
-0.042080991 0.049050793 1.498
-0.039477479 0.049050793 1.498
-0.03687397 0.049050793 1.498
-0.029063441 0.049050793 1.498
-0.02645993 0.049050793 1.498
-0.023856422 0.049050793 1.498
-0.010838872 0.049050793 1.498
-0.0082353624 0.049050793 1.498
-0.0056318524 0.049050793 1.498
-0.0030283427 0.049050793 1.498
-0.00042483292 0.049050793 1.498
0.015196226 0.049050793 1.498
0.017799735 0.049050793 1.498
0.020403245 0.049050793 1.498
0.023006756 0.049050793 1.498
0.025610264 0.049050793 1.498
0.028213775 0.049050793 1.498
0.056852382 0.049050793 1.498
0.059455894 0.049050793 1.498
0.09831126 0.048952557 1.495
0.10090955 0.048952557 1.495
0.10350785 0.048952557 1.495
0.10610615 0.048952557 1.495
0.10870444 0.048952557 1.495
0.11130274 0.048952557 1.495
0.11390103 0.048952557 1.495
0.11649933 0.048952557 1.495
0.11909763 0.048952557 1.495
0.12169592 0.048952557 1.495
0.12429421 0.048952557 1.495
0.12689251 0.048952557 1.495
0.12949081 0.048952557 1.495
0.13208911 0.048952557 1.495
0.13468739 0.048952557 1.495
0.13728569 0.048952557 1.495
0.139884 0.048952557 1.495
0.14248228 0.048952557 1.495
0.14508058 0.048952557 1.495
0.14767888 0.048952557 1.495
0.15027718 0.048952557 1.495
0.15287547 0.048952557 1.495
0.15547377 0.048952557 1.495
0.17590643 0.048854325 1.492
0.17849952 0.048854325 1.492
0.18145673 0.048952557 1.495
0.18405502 0.048952557 1.495
0.18665332 0.048952557 1.495
0.18925162 0.048952557 1.495
0.1918499 0.048952557 1.495
0.1944482 0.048952557 1.495
0.1970465 0.048952557 1.495
0.19964479 0.048952557 1.495
0.20224309 0.048952557 1.495
0.20484139 0.048952557 1.495
0.20743968 0.048952557 1.495
0.21003798 0.048952557 1.495
0.21263628 0.048952557 1.495
0.21523458 0.048952557 1.495
0.21783286 0.048952557 1.495
0.22043116 0.048952557 1.495
-0.17793736 0.051792227 1.502
-0.1753269 0.051792227 1.502
-0.17271644 0.051792227 1.502
-0.17010598 0.051792227 1.502
-0.16749552 0.051792227 1.502
-0.16488506 0.051792227 1.502
-0.1622746 0.051792227 1.502
-0.15966412 0.051792227 1.502
-0.15705366 0.051792227 1.502
-0.14400136 0.051792227 1.502
-0.1413909 0.051792227 1.502
-0.13878043 0.051792227 1.502
-0.13355951 0.051792227 1.502
-0.11237576 0.051654302 1.498
-0.0967547 0.051654302 1.498
-0.094151184 0.051654302 1.498
-0.091547675 0.051654302 1.498
-0.088944167 0.051654302 1.498
-0.062909067 0.051654302 1.498
-0.060305558 0.051654302 1.498
-0.05770205 0.051654302 1.498
-0.047288008 0.051654302 1.498
-0.0446845 0.051654302 1.498
-0.042080991 0.051654302 1.498
-0.039477479 0.051654302 1.498
-0.03687397 0.051654302 1.498
-0.034270462 0.051654302 1.498
-0.031666949 0.051654302 1.498
-0.029063441 0.051654302 1.498
-0.02645993 0.051654302 1.498
-0.023856422 0.051654302 1.498
-0.010838872 0.051654302 1.498
-0.0082353624 0.051654302 1.498
-0.0056318524 0.051654302 1.498
-0.0030283427 0.051654302 1.498
-0.00042483292 0.051654302 1.498
0.015196226 0.051654302 1.498
0.017799735 0.051654302 1.498
0.020403245 0.051654302 1.498
0.023006756 0.051654302 1.498
0.025610264 0.051654302 1.498
0.028213775 0.051654302 1.498
0.030817285 0.051654302 1.498
0.038627815 0.051654302 1.498
0.041231323 0.051654302 1.498
0.056852382 0.051654302 1.498
0.059455894 0.051654302 1.498
0.062059402 0.051654302 1.498
0.09831126 0.051550854 1.495
0.10090955 0.051550854 1.495
0.10350785 0.051550854 1.495
0.10610615 0.051550854 1.495
0.10870444 0.051550854 1.495
0.11130274 0.051550854 1.495
0.11390103 0.051550854 1.495
0.11649933 0.051550854 1.495
0.11909763 0.051550854 1.495
0.12169592 0.051550854 1.495
0.12429421 0.051550854 1.495
0.12689251 0.051550854 1.495
0.12949081 0.051550854 1.495
0.13208911 0.051550854 1.495
0.13468739 0.051550854 1.495
0.13728569 0.051550854 1.495
0.139884 0.051550854 1.495
0.14248228 0.051550854 1.495
0.14508058 0.051550854 1.495
0.14767888 0.051550854 1.495
0.15027718 0.051550854 1.495
0.15287547 0.051550854 1.495
0.15547377 0.051550854 1.495
0.15807207 0.051550854 1.495
0.17331335 0.051447406 1.492
0.17590643 0.051447406 1.492
0.17849952 0.051447406 1.492
0.18109259 0.051447406 1.492
0.18405502 0.051550854 1.495
0.18665332 0.051550854 1.495
0.18925162 0.051550854 1.495
0.1918499 0.051550854 1.495
0.1944482 0.051550854 1.495
0.1970465 0.051550854 1.495
0.19964479 0.051550854 1.495
0.20224309 0.051550854 1.495
0.20484139 0.051550854 1.495
0.20743968 0.051550854 1.495
0.21003798 0.051550854 1.495
0.21263628 0.051550854 1.495
0.21523458 0.051550854 1.495
0.21783286 0.051550854 1.495
0.22043116 0.051550854 1.495
-0.18054782 0.05440269 1.502
-0.17793736 0.05440269 1.502
-0.1753269 0.05440269 1.502
-0.17271644 0.05440269 1.502
-0.17010598 0.05440269 1.502
-0.16749552 0.05440269 1.502
-0.16488506 0.05440269 1.502
-0.1622746 0.05440269 1.502
-0.15966412 0.05440269 1.502
-0.15705366 0.05440269 1.502
-0.1544432 0.05440269 1.502
-0.15183274 0.05440269 1.502
-0.14922228 0.05440269 1.502
-0.14661182 0.05440269 1.502
-0.14400136 0.05440269 1.502
-0.1413909 0.05440269 1.502
-0.11497927 0.05425781 1.498
-0.11237576 0.05425781 1.498
-0.0967547 0.05425781 1.498
-0.094151184 0.05425781 1.498
-0.091547675 0.05425781 1.498
-0.060305558 0.05425781 1.498
-0.05770205 0.05425781 1.498
-0.0446845 0.05425781 1.498
-0.042080991 0.05425781 1.498
-0.039477479 0.05425781 1.498
-0.03687397 0.05425781 1.498
-0.034270462 0.05425781 1.498
-0.031666949 0.05425781 1.498
-0.029063441 0.05425781 1.498
-0.02645993 0.05425781 1.498
-0.023856422 0.05425781 1.498
-0.013442382 0.05425781 1.498
-0.010838872 0.05425781 1.498
-0.0082353624 0.05425781 1.498
-0.0056318524 0.05425781 1.498
-0.0030283427 0.05425781 1.498
-0.00042483292 0.05425781 1.498
0.023006756 0.05425781 1.498
0.025610264 0.05425781 1.498
0.028213775 0.05425781 1.498
0.030817285 0.05425781 1.498
0.033420794 0.05425781 1.498
0.036024306 0.05425781 1.498
0.038627815 0.05425781 1.498
0.041231323 0.05425781 1.498
0.043834835 0.05425781 1.498
0.056852382 0.05425781 1.498
0.059455894 0.05425781 1.498
0.062059402 0.05425781 1.498
0.064662911 0.05425781 1.498
0.10350785 0.054149151 1.495
0.10610615 0.054149151 1.495
0.10870444 0.054149151 1.495
0.11130274 0.054149151 1.495
0.11390103 0.054149151 1.495
0.11649933 0.054149151 1.495
0.11909763 0.054149151 1.495
0.12169592 0.054149151 1.495
0.12429421 0.054149151 1.495
0.12689251 0.054149151 1.495
0.15287547 0.054149151 1.495
0.15547377 0.054149151 1.495
0.15807207 0.054149151 1.495
0.17331335 0.054040488 1.492
0.17590643 0.054040488 1.492
0.17849952 0.054040488 1.492
0.18109259 0.054040488 1.492
0.18405502 0.054149151 1.495
0.18665332 0.054149151 1.495
0.18925162 0.054149151 1.495
0.1918499 0.054149151 1.495
0.1944482 0.054149151 1.495
0.1970465 0.054149151 1.495
0.19964479 0.054149151 1.495
0.20224309 0.054149151 1.495
0.20484139 0.054149151 1.495
0.20743968 0.054149151 1.495
0.21003798 0.054149151 1.495
0.21263628 0.054149151 1.495
0.21523458 0.054149151 1.495
0.21783286 0.054149151 1.495
0.23814039 0.054040488 1.492
0.24073347 0.054040488 1.492
-0.18315829 0.05701315 1.502
-0.18054782 0.05701315 1.502
-0.17793736 0.05701315 1.502
-0.1753269 0.05701315 1.502
-0.1622746 0.05701315 1.502
-0.15966412 0.05701315 1.502
-0.15705366 0.05701315 1.502
-0.1544432 0.05701315 1.502
-0.15183274 0.05701315 1.502
-0.14922228 0.05701315 1.502
-0.14661182 0.05701315 1.502
-0.14400136 0.05701315 1.502
-0.11497927 0.056861322 1.498
-0.11237576 0.056861322 1.498
-0.099358208 0.056861322 1.498
-0.0967547 0.056861322 1.498
-0.094151184 0.056861322 1.498
-0.091547675 0.056861322 1.498
-0.060305558 0.056861322 1.498
-0.042080991 0.056861322 1.498
-0.039477479 0.056861322 1.498
-0.03687397 0.056861322 1.498
-0.034270462 0.056861322 1.498
-0.031666949 0.056861322 1.498
-0.029063441 0.056861322 1.498
-0.02645993 0.056861322 1.498
-0.023856422 0.056861322 1.498
-0.021252912 0.056861322 1.498
-0.013442382 0.056861322 1.498
-0.010838872 0.056861322 1.498
-0.0082353624 0.056861322 1.498
-0.0056318524 0.056861322 1.498
-0.0030283427 0.056861322 1.498
0.025610264 0.056861322 1.498
0.028213775 0.056861322 1.498
0.030817285 0.056861322 1.498
0.033420794 0.056861322 1.498
0.036024306 0.056861322 1.498
0.038627815 0.056861322 1.498
0.041231323 0.056861322 1.498
0.043834835 0.056861322 1.498
0.056852382 0.056861322 1.498
0.059455894 0.056861322 1.498
0.062059402 0.056861322 1.498
0.064662911 0.056861322 1.498
0.11649933 0.056747444 1.495
0.11909763 0.056747444 1.495
0.12169592 0.056747444 1.495
0.15547377 0.056747444 1.495
0.15807207 0.056747444 1.495
0.17072026 0.056633569 1.492
0.17331335 0.056633569 1.492
0.17590643 0.056633569 1.492
0.17849952 0.056633569 1.492
0.18109259 0.056633569 1.492
0.18368568 0.056633569 1.492
0.18665332 0.056747444 1.495
0.18925162 0.056747444 1.495
0.1918499 0.056747444 1.495
0.1944482 0.056747444 1.495
0.1970465 0.056747444 1.495
0.19964479 0.056747444 1.495
0.20224309 0.056747444 1.495
0.20484139 0.056747444 1.495
0.20743968 0.056747444 1.495
0.21003798 0.056747444 1.495
0.21263628 0.056747444 1.495
0.21523458 0.056747444 1.495
0.21783286 0.056747444 1.495
0.23295423 0.056633569 1.492
0.23554732 0.056633569 1.492
0.23814039 0.056633569 1.492
0.24073347 0.056633569 1.492
0.24332656 0.056633569 1.492
0.24591964 0.056633569 1.492
0.24851272 0.056633569 1.492
-0.18315829 0.059623614 1.502
-0.18054782 0.059623614 1.502
-0.17793736 0.059623614 1.502
-0.15966412 0.059623614 1.502
-0.15705366 0.059623614 1.502
-0.1544432 0.059623614 1.502
-0.15183274 0.059623614 1.502
-0.14922228 0.059623614 1.502
-0.14661182 0.059623614 1.502
-0.11758278 0.059464831 1.498
-0.11497927 0.059464831 1.498
-0.0967547 0.059464831 1.498
-0.094151184 0.059464831 1.498
-0.091547675 0.059464831 1.498
-0.060305558 0.059464831 1.498
-0.039477479 0.059464831 1.498
-0.03687397 0.059464831 1.498
-0.034270462 0.059464831 1.498
-0.031666949 0.059464831 1.498
-0.029063441 0.059464831 1.498
-0.02645993 0.059464831 1.498
-0.023856422 0.059464831 1.498
-0.021252912 0.059464831 1.498
-0.018649401 0.059464831 1.498
-0.013442382 0.059464831 1.498
-0.010838872 0.059464831 1.498
-0.0082353624 0.059464831 1.498
-0.0056318524 0.059464831 1.498
0.025610264 0.059464831 1.498
0.028213775 0.059464831 1.498
0.030817285 0.059464831 1.498
0.033420794 0.059464831 1.498
0.036024306 0.059464831 1.498
0.038627815 0.059464831 1.498
0.041231323 0.059464831 1.498
0.043834835 0.059464831 1.498
0.046438344 0.059464831 1.498
0.056852382 0.059464831 1.498
0.059455894 0.059464831 1.498
0.062059402 0.059464831 1.498
0.064662911 0.059464831 1.498
0.06726642 0.059464831 1.498
0.15807207 0.059345741 1.495
0.17072026 0.059226651 1.492
0.17331335 0.059226651 1.492
0.17590643 0.059226651 1.492
0.17849952 0.059226651 1.492
0.18109259 0.059226651 1.492
0.18368568 0.059226651 1.492
0.18627876 0.059226651 1.492
0.18925162 0.059345741 1.495
0.1918499 0.059345741 1.495
0.1944482 0.059345741 1.495
0.1970465 0.059345741 1.495
0.19964479 0.059345741 1.495
0.20224309 0.059345741 1.495
0.20484139 0.059345741 1.495
0.20743968 0.059345741 1.495
0.21003798 0.059345741 1.495
0.21263628 0.059345741 1.495
0.21523458 0.059345741 1.495
0.23295423 0.059226651 1.492
0.23554732 0.059226651 1.492
0.23814039 0.059226651 1.492
0.24073347 0.059226651 1.492
0.24332656 0.059226651 1.492
0.24591964 0.059226651 1.492
0.24851272 0.059226651 1.492
-0.18837921 0.062234074 1.502
-0.18576875 0.062234074 1.502
-0.18315829 0.062234074 1.502
-0.18054782 0.062234074 1.502
-0.1622746 0.062234074 1.502
-0.15966412 0.062234074 1.502
-0.15705366 0.062234074 1.502
-0.1544432 0.062234074 1.502
-0.15183274 0.062234074 1.502
-0.14922228 0.062234074 1.502
-0.14661182 0.062234074 1.502
-0.14400136 0.062234074 1.502
-0.11758278 0.062068339 1.498
-0.11497927 0.062068339 1.498
-0.0967547 0.062068339 1.498
-0.094151184 0.062068339 1.498
-0.091547675 0.062068339 1.498
-0.062909067 0.062068339 1.498
-0.060305558 0.062068339 1.498
-0.039477479 0.062068339 1.498
-0.03687397 0.062068339 1.498
-0.034270462 0.062068339 1.498
-0.031666949 0.062068339 1.498
-0.029063441 0.062068339 1.498
-0.02645993 0.062068339 1.498
-0.023856422 0.062068339 1.498
-0.021252912 0.062068339 1.498
-0.018649401 0.062068339 1.498
-0.016045893 0.062068339 1.498
-0.013442382 0.062068339 1.498
0.023006756 0.062068339 1.498
0.025610264 0.062068339 1.498
0.028213775 0.062068339 1.498
0.030817285 0.062068339 1.498
0.033420794 0.062068339 1.498
0.036024306 0.062068339 1.498
0.038627815 0.062068339 1.498
0.041231323 0.062068339 1.498
0.043834835 0.062068339 1.498
0.046438344 0.062068339 1.498
0.059455894 0.062068339 1.498
0.062059402 0.062068339 1.498
0.064662911 0.062068339 1.498
0.06726642 0.062068339 1.498
0.15807207 0.061944038 1.495
0.16812718 0.061819736 1.492
0.17072026 0.061819736 1.492
0.17331335 0.061819736 1.492
0.17590643 0.061819736 1.492
0.17849952 0.061819736 1.492
0.18109259 0.061819736 1.492
0.18368568 0.061819736 1.492
0.18627876 0.061819736 1.492
0.18925162 0.061944038 1.495
0.1918499 0.061944038 1.495
0.1944482 0.061944038 1.495
0.1970465 0.061944038 1.495
0.19964479 0.061944038 1.495
0.20224309 0.061944038 1.495
0.20484139 0.061944038 1.495
0.20743968 0.061944038 1.495
0.21003798 0.061944038 1.495
0.21263628 0.061944038 1.495
0.21523458 0.061944038 1.495
0.23036115 0.061819736 1.492
0.23295423 0.061819736 1.492
0.23554732 0.061819736 1.492
0.23814039 0.061819736 1.492
0.24073347 0.061819736 1.492
0.24332656 0.061819736 1.492
0.24591964 0.061819736 1.492
0.24851272 0.061819736 1.492
-0.19621059 0.064844534 1.502
-0.19360013 0.064844534 1.502
-0.19098967 0.064844534 1.502
-0.18837921 0.064844534 1.502
-0.18576875 0.064844534 1.502
-0.18315829 0.064844534 1.502
-0.1622746 0.064844534 1.502
-0.15966412 0.064844534 1.502
-0.15705366 0.064844534 1.502
-0.1544432 0.064844534 1.502
-0.15183274 0.064844534 1.502
-0.14922228 0.064844534 1.502
-0.14661182 0.064844534 1.502
-0.14400136 0.064844534 1.502
-0.12018628 0.064671852 1.498
-0.11758278 0.064671852 1.498
-0.0967547 0.064671852 1.498
-0.094151184 0.064671852 1.498
-0.091547675 0.064671852 1.498
-0.088944167 0.064671852 1.498
-0.065512575 0.064671852 1.498
-0.062909067 0.064671852 1.498
-0.060305558 0.064671852 1.498
-0.034270462 0.064671852 1.498
-0.031666949 0.064671852 1.498
-0.029063441 0.064671852 1.498
-0.02645993 0.064671852 1.498
-0.023856422 0.064671852 1.498
-0.021252912 0.064671852 1.498
-0.018649401 0.064671852 1.498
-0.016045893 0.064671852 1.498
0.012592716 0.064671852 1.498
0.015196226 0.064671852 1.498
0.017799735 0.064671852 1.498
0.020403245 0.064671852 1.498
0.023006756 0.064671852 1.498
0.025610264 0.064671852 1.498
0.028213775 0.064671852 1.498
0.030817285 0.064671852 1.498
0.033420794 0.064671852 1.498
0.036024306 0.064671852 1.498
0.038627815 0.064671852 1.498
0.041231323 0.064671852 1.498
0.043834835 0.064671852 1.498
0.046438344 0.064671852 1.498
0.059455894 0.064671852 1.498
0.062059402 0.064671852 1.498
0.064662911 0.064671852 1.498
0.06726642 0.064671852 1.498
0.069869936 0.064671852 1.498
0.15807207 0.064542331 1.495
0.16812718 0.064412817 1.492
0.17072026 0.064412817 1.492
0.17331335 0.064412817 1.492
0.17590643 0.064412817 1.492
0.17849952 0.064412817 1.492
0.18109259 0.064412817 1.492
0.18368568 0.064412817 1.492
0.18627876 0.064412817 1.492
0.18925162 0.064542331 1.495
0.1918499 0.064542331 1.495
0.1944482 0.064542331 1.495
0.1970465 0.064542331 1.495
0.19964479 0.064542331 1.495
0.20224309 0.064542331 1.495
0.20484139 0.064542331 1.495
0.20743968 0.064542331 1.495
0.21003798 0.064542331 1.495
0.21263628 0.064542331 1.495
0.23295423 0.064412817 1.492
0.23554732 0.064412817 1.492
0.23814039 0.064412817 1.492
0.24073347 0.064412817 1.492
0.24332656 0.064412817 1.492
0.24591964 0.064412817 1.492
0.24851272 0.064412817 1.492
-0.20665245 0.067455001 1.502
-0.20404197 0.067455001 1.502
-0.20143151 0.067455001 1.502
-0.19882105 0.067455001 1.502
-0.19621059 0.067455001 1.502
-0.19360013 0.067455001 1.502
-0.19098967 0.067455001 1.502
-0.18837921 0.067455001 1.502
-0.18576875 0.067455001 1.502
-0.16488506 0.067455001 1.502
-0.1622746 0.067455001 1.502
-0.15966412 0.067455001 1.502
-0.15705366 0.067455001 1.502
-0.1544432 0.067455001 1.502
-0.15183274 0.067455001 1.502
-0.14922228 0.067455001 1.502
-0.14661182 0.067455001 1.502
-0.14400136 0.067455001 1.502
-0.12018628 0.06727536 1.498
-0.11758278 0.06727536 1.498
-0.0967547 0.06727536 1.498
-0.094151184 0.06727536 1.498
-0.091547675 0.06727536 1.498
-0.088944167 0.06727536 1.498
-0.068116091 0.06727536 1.498
-0.065512575 0.06727536 1.498
-0.062909067 0.06727536 1.498
-0.060305558 0.06727536 1.498
-0.03687397 0.06727536 1.498
-0.034270462 0.06727536 1.498
-0.031666949 0.06727536 1.498
-0.029063441 0.06727536 1.498
-0.02645993 0.06727536 1.498
-0.023856422 0.06727536 1.498
-0.021252912 0.06727536 1.498
-0.018649401 0.06727536 1.498
-0.016045893 0.06727536 1.498
0.0073856968 0.06727536 1.498
0.0099892067 0.06727536 1.498
0.012592716 0.06727536 1.498
0.015196226 0.06727536 1.498
0.017799735 0.06727536 1.498
0.020403245 0.06727536 1.498
0.023006756 0.06727536 1.498
0.025610264 0.06727536 1.498
0.028213775 0.06727536 1.498
0.030817285 0.06727536 1.498
0.033420794 0.06727536 1.498
0.036024306 0.06727536 1.498
0.038627815 0.06727536 1.498
0.041231323 0.06727536 1.498
0.043834835 0.06727536 1.498
0.046438344 0.06727536 1.498
0.049041852 0.06727536 1.498
0.062059402 0.06727536 1.498
0.064662911 0.06727536 1.498
0.06726642 0.06727536 1.498
0.15547377 0.067140631 1.495
0.15807207 0.067140631 1.495
0.16553411 0.067005895 1.492
0.16812718 0.067005895 1.492
0.17072026 0.067005895 1.492
0.17331335 0.067005895 1.492
0.17590643 0.067005895 1.492
0.17849952 0.067005895 1.492
0.18109259 0.067005895 1.492
0.18368568 0.067005895 1.492
0.18627876 0.067005895 1.492
0.18887185 0.067005895 1.492
0.1918499 0.067140631 1.495
0.1944482 0.067140631 1.495
0.1970465 0.067140631 1.495
0.19964479 0.067140631 1.495
0.20224309 0.067140631 1.495
0.20484139 0.067140631 1.495
0.20743968 0.067140631 1.495
0.23295423 0.067005895 1.492
0.23554732 0.067005895 1.492
0.23814039 0.067005895 1.492
0.24073347 0.067005895 1.492
0.24332656 0.067005895 1.492
0.24591964 0.067005895 1.492
0.24851272 0.067005895 1.492
-0.21187337 0.070065461 1.502
-0.20926291 0.070065461 1.502
-0.20665245 0.070065461 1.502
-0.20404197 0.070065461 1.502
-0.20143151 0.070065461 1.502
-0.19882105 0.070065461 1.502
-0.19621059 0.070065461 1.502
-0.19360013 0.070065461 1.502
-0.19098967 0.070065461 1.502
-0.18837921 0.070065461 1.502
-0.18576875 0.070065461 1.502
-0.16749552 0.070065461 1.502
-0.16488506 0.070065461 1.502
-0.1622746 0.070065461 1.502
-0.15966412 0.070065461 1.502
-0.15705366 0.070065461 1.502
-0.14661182 0.070065461 1.502
-0.14400136 0.070065461 1.502
-0.12278979 0.069878869 1.498
-0.12018628 0.069878869 1.498
-0.11758278 0.069878869 1.498
-0.11497927 0.069878869 1.498
-0.099358208 0.069878869 1.498
-0.0967547 0.069878869 1.498
-0.094151184 0.069878869 1.498
-0.091547675 0.069878869 1.498
-0.088944167 0.069878869 1.498
-0.068116091 0.069878869 1.498
-0.065512575 0.069878869 1.498
-0.062909067 0.069878869 1.498
-0.039477479 0.069878869 1.498
-0.03687397 0.069878869 1.498
-0.034270462 0.069878869 1.498
-0.031666949 0.069878869 1.498
-0.029063441 0.069878869 1.498
-0.02645993 0.069878869 1.498
-0.023856422 0.069878869 1.498
-0.021252912 0.069878869 1.498
-0.018649401 0.069878869 1.498
-0.016045893 0.069878869 1.498
0.0047821868 0.069878869 1.498
0.0073856968 0.069878869 1.498
0.0099892067 0.069878869 1.498
0.012592716 0.069878869 1.498
0.015196226 0.069878869 1.498
0.017799735 0.069878869 1.498
0.020403245 0.069878869 1.498
0.023006756 0.069878869 1.498
0.025610264 0.069878869 1.498
0.028213775 0.069878869 1.498
0.030817285 0.069878869 1.498
0.033420794 0.069878869 1.498
0.036024306 0.069878869 1.498
0.038627815 0.069878869 1.498
0.041231323 0.069878869 1.498
0.043834835 0.069878869 1.498
0.046438344 0.069878869 1.498
0.049041852 0.069878869 1.498
0.062059402 0.069878869 1.498
0.064662911 0.069878869 1.498
0.06726642 0.069878869 1.498
0.087918073 0.069738925 1.495
0.090516374 0.069738925 1.495
0.15027718 0.069738925 1.495
0.15287547 0.069738925 1.495
0.15547377 0.069738925 1.495
0.15807207 0.069738925 1.495
0.16553411 0.06959898 1.492
0.16812718 0.06959898 1.492
0.17072026 0.06959898 1.492
0.17331335 0.06959898 1.492
0.17590643 0.06959898 1.492
0.17849952 0.06959898 1.492
0.18109259 0.06959898 1.492
0.18368568 0.06959898 1.492
0.18627876 0.06959898 1.492
0.18887185 0.06959898 1.492
0.1918499 0.069738925 1.495
0.1944482 0.069738925 1.495
0.1970465 0.069738925 1.495
0.19964479 0.069738925 1.495
0.20224309 0.069738925 1.495
0.20484139 0.069738925 1.495
0.20743968 0.069738925 1.495
0.23554732 0.06959898 1.492
0.23814039 0.06959898 1.492
0.24073347 0.06959898 1.492
0.24332656 0.06959898 1.492
0.24591964 0.06959898 1.492
0.24851272 0.06959898 1.492
-0.21448383 0.072675921 1.502
-0.21187337 0.072675921 1.502
-0.20926291 0.072675921 1.502
-0.20665245 0.072675921 1.502
-0.20404197 0.072675921 1.502
-0.20143151 0.072675921 1.502
-0.19882105 0.072675921 1.502
-0.19621059 0.072675921 1.502
-0.19360013 0.072675921 1.502
-0.19098967 0.072675921 1.502
-0.18837921 0.072675921 1.502
-0.18576875 0.072675921 1.502
-0.17010598 0.072675921 1.502
-0.16749552 0.072675921 1.502
-0.16488506 0.072675921 1.502
-0.1622746 0.072675921 1.502
-0.15966412 0.072675921 1.502
-0.14400136 0.072675921 1.502
-0.12278979 0.072482377 1.498
-0.12018628 0.072482377 1.498
-0.11758278 0.072482377 1.498
-0.11497927 0.072482377 1.498
-0.11237576 0.072482377 1.498
-0.10716873 0.072482377 1.498
-0.10456523 0.072482377 1.498
-0.10196172 0.072482377 1.498
-0.099358208 0.072482377 1.498
-0.0967547 0.072482377 1.498
-0.094151184 0.072482377 1.498
-0.091547675 0.072482377 1.498
-0.088944167 0.072482377 1.498
-0.0707196 0.072482377 1.498
-0.068116091 0.072482377 1.498
-0.065512575 0.072482377 1.498
-0.062909067 0.072482377 1.498
-0.039477479 0.072482377 1.498
-0.03687397 0.072482377 1.498
-0.034270462 0.072482377 1.498
-0.031666949 0.072482377 1.498
-0.029063441 0.072482377 1.498
-0.02645993 0.072482377 1.498
-0.023856422 0.072482377 1.498
-0.021252912 0.072482377 1.498
-0.018649401 0.072482377 1.498
-0.016045893 0.072482377 1.498
-0.00042483292 0.072482377 1.498
0.0021786769 0.072482377 1.498
0.0047821868 0.072482377 1.498
0.0073856968 0.072482377 1.498
0.0099892067 0.072482377 1.498
0.012592716 0.072482377 1.498
0.017799735 0.072482377 1.498
0.020403245 0.072482377 1.498
0.023006756 0.072482377 1.498
0.025610264 0.072482377 1.498
0.028213775 0.072482377 1.498
0.030817285 0.072482377 1.498
0.033420794 0.072482377 1.498
0.036024306 0.072482377 1.498
0.038550455 0.072337218 1.495
0.041148752 0.072337218 1.495
0.043747045 0.072337218 1.495
0.046345342 0.072337218 1.495
0.049041852 0.072482377 1.498
0.051645365 0.072482377 1.498
0.062059402 0.072482377 1.498
0.064662911 0.072482377 1.498
0.077524893 0.072337218 1.495
0.080123186 0.072337218 1.495
0.082721487 0.072337218 1.495
0.08531978 0.072337218 1.495
0.087918073 0.072337218 1.495
0.090516374 0.072337218 1.495
0.093114667 0.072337218 1.495
0.09571296 0.072337218 1.495
0.12949081 0.072337218 1.495
0.13208911 0.072337218 1.495
0.13468739 0.072337218 1.495
0.13728569 0.072337218 1.495
0.139884 0.072337218 1.495
0.14248228 0.072337218 1.495
0.14508058 0.072337218 1.495
0.14767888 0.072337218 1.495
0.15027718 0.072337218 1.495
0.15287547 0.072337218 1.495
0.15547377 0.072337218 1.495
0.15807207 0.072337218 1.495
0.16067035 0.072337218 1.495
0.16294102 0.072192058 1.492
0.16553411 0.072192058 1.492
0.16812718 0.072192058 1.492
0.17072026 0.072192058 1.492
0.17331335 0.072192058 1.492
0.17590643 0.072192058 1.492
0.17849952 0.072192058 1.492
0.18109259 0.072192058 1.492
0.18368568 0.072192058 1.492
0.18627876 0.072192058 1.492
0.18887185 0.072192058 1.492
0.1918499 0.072337218 1.495
0.1944482 0.072337218 1.495
0.1970465 0.072337218 1.495
0.19964479 0.072337218 1.495
0.20224309 0.072337218 1.495
0.20484139 0.072337218 1.495
0.20743968 0.072337218 1.495
0.23554732 0.072192058 1.492
0.23814039 0.072192058 1.492
0.24073347 0.072192058 1.492
0.24332656 0.072192058 1.492
0.24591964 0.072192058 1.492
0.24851272 0.072192058 1.492
-0.21709429 0.075286381 1.502
-0.21448383 0.075286381 1.502
-0.21187337 0.075286381 1.502
-0.20926291 0.075286381 1.502
-0.20665245 0.075286381 1.502
-0.20404197 0.075286381 1.502
-0.20143151 0.075286381 1.502
-0.19882105 0.075286381 1.502
-0.19621059 0.075286381 1.502
-0.19360013 0.075286381 1.502
-0.19098967 0.075286381 1.502
-0.18837921 0.075286381 1.502
-0.18576875 0.075286381 1.502
-0.18315829 0.075286381 1.502
-0.17271644 0.075286381 1.502
-0.17010598 0.075286381 1.502
-0.16749552 0.075286381 1.502
-0.14400136 0.075286381 1.502
-0.1413909 0.075286381 1.502
-0.1253933 0.075085893 1.498
-0.12278979 0.075085893 1.498
-0.12018628 0.075085893 1.498
-0.11758278 0.075085893 1.498
-0.11497927 0.075085893 1.498
-0.11237576 0.075085893 1.498
-0.10977224 0.075085893 1.498
-0.10716873 0.075085893 1.498
-0.10456523 0.075085893 1.498
-0.10196172 0.075085893 1.498
-0.099358208 0.075085893 1.498
-0.0967547 0.075085893 1.498
-0.094151184 0.075085893 1.498
-0.091547675 0.075085893 1.498
-0.088944167 0.075085893 1.498
-0.086340658 0.075085893 1.498
-0.08373715 0.075085893 1.498
-0.075926617 0.075085893 1.498
-0.073323108 0.075085893 1.498
-0.0707196 0.075085893 1.498
-0.068116091 0.075085893 1.498
-0.065512575 0.075085893 1.498
-0.062909067 0.075085893 1.498
-0.0446845 0.075085893 1.498
-0.042080991 0.075085893 1.498
-0.039477479 0.075085893 1.498
-0.03687397 0.075085893 1.498
-0.034270462 0.075085893 1.498
-0.031666949 0.075085893 1.498
-0.029063441 0.075085893 1.498
-0.02645993 0.075085893 1.498
-0.023856422 0.075085893 1.498
-0.021252912 0.075085893 1.498
-0.018649401 0.075085893 1.498
-0.016045893 0.075085893 1.498
-0.013442382 0.075085893 1.498
-0.0030283427 0.075085893 1.498
-0.00042483292 0.075085893 1.498
0.0021786769 0.075085893 1.498
0.0047821868 0.075085893 1.498
0.0073856968 0.075085893 1.498
0.0099892067 0.075085893 1.498
0.012592716 0.075085893 1.498
0.015196226 0.075085893 1.498
0.017799735 0.075085893 1.498
0.020403245 0.075085893 1.498
0.023006756 0.075085893 1.498
0.025610264 0.075085893 1.498
0.028213775 0.075085893 1.498
0.030817285 0.075085893 1.498
0.033420794 0.075085893 1.498
0.035952158 0.074935518 1.495
0.038550455 0.074935518 1.495
0.041148752 0.074935518 1.495
0.043747045 0.074935518 1.495
0.046345342 0.074935518 1.495
0.049041852 0.075085893 1.498
0.051645365 0.075085893 1.498
0.054248873 0.075085893 1.498
0.064662911 0.075085893 1.498
0.077524893 0.074935518 1.495
0.080123186 0.074935518 1.495
0.082721487 0.074935518 1.495
0.093114667 0.074935518 1.495
0.09571296 0.074935518 1.495
0.09831126 0.074935518 1.495
0.10090955 0.074935518 1.495
0.12429421 0.074935518 1.495
0.12689251 0.074935518 1.495
0.12949081 0.074935518 1.495
0.13208911 0.074935518 1.495
0.13468739 0.074935518 1.495
0.13728569 0.074935518 1.495
0.139884 0.074935518 1.495
0.14248228 0.074935518 1.495
0.14508058 0.074935518 1.495
0.14767888 0.074935518 1.495
0.15027718 0.074935518 1.495
0.15287547 0.074935518 1.495
0.15547377 0.074935518 1.495
0.15807207 0.074935518 1.495
0.16067035 0.074935518 1.495
0.16326866 0.074935518 1.495
0.16553411 0.074785143 1.492
0.16846524 0.074935518 1.495
0.17106354 0.074935518 1.495
0.17366184 0.074935518 1.495
0.17626013 0.074935518 1.495
0.17849952 0.074785143 1.492
0.18109259 0.074785143 1.492
0.18368568 0.074785143 1.492
0.18627876 0.074785143 1.492
0.18925162 0.074935518 1.495
0.1918499 0.074935518 1.495
0.1944482 0.074935518 1.495
0.1970465 0.074935518 1.495
0.19924417 0.074785143 1.492
0.20224309 0.074935518 1.495
0.20484139 0.074935518 1.495
0.20743968 0.074935518 1.495
0.23554732 0.074785143 1.492
0.23814039 0.074785143 1.492
0.24073347 0.074785143 1.492
0.24332656 0.074785143 1.492
0.24591964 0.074785143 1.492
0.24851272 0.074785143 1.492
-0.21970475 0.077896848 1.502
-0.21709429 0.077896848 1.502
-0.21448383 0.077896848 1.502
-0.21187337 0.077896848 1.502
-0.20926291 0.077896848 1.502
-0.20665245 0.077896848 1.502
-0.20404197 0.077896848 1.502
-0.20143151 0.077896848 1.502
-0.19882105 0.077896848 1.502
-0.19621059 0.077896848 1.502
-0.19360013 0.077896848 1.502
-0.19098967 0.077896848 1.502
-0.18837921 0.077896848 1.502
-0.18576875 0.077896848 1.502
-0.18315829 0.077896848 1.502
-0.18054782 0.077896848 1.502
-0.1753269 0.077896848 1.502
-0.17271644 0.077896848 1.502
-0.1413909 0.077896848 1.502
-0.13878043 0.077896848 1.502
-0.13616997 0.077896848 1.502
-0.1253933 0.077689402 1.498
-0.12278979 0.077689402 1.498
-0.12018628 0.077689402 1.498
-0.11758278 0.077689402 1.498
-0.11497927 0.077689402 1.498
-0.11237576 0.077689402 1.498
-0.10977224 0.077689402 1.498
-0.10716873 0.077689402 1.498
-0.10456523 0.077689402 1.498
-0.10196172 0.077689402 1.498
-0.099358208 0.077689402 1.498
-0.0967547 0.077689402 1.498
-0.094151184 0.077689402 1.498
-0.091547675 0.077689402 1.498
-0.088944167 0.077689402 1.498
-0.086340658 0.077689402 1.498
-0.08373715 0.077689402 1.498
-0.081133634 0.077689402 1.498
-0.078530125 0.077689402 1.498
-0.075926617 0.077689402 1.498
-0.073323108 0.077689402 1.498
-0.0707196 0.077689402 1.498
-0.068116091 0.077689402 1.498
-0.065512575 0.077689402 1.498
-0.047288008 0.077689402 1.498
-0.0446845 0.077689402 1.498
-0.042080991 0.077689402 1.498
-0.039477479 0.077689402 1.498
-0.03687397 0.077689402 1.498
-0.02645993 0.077689402 1.498
-0.023856422 0.077689402 1.498
-0.021252912 0.077689402 1.498
-0.018649401 0.077689402 1.498
-0.016045893 0.077689402 1.498
-0.013442382 0.077689402 1.498
-0.0082353624 0.077689402 1.498
-0.0056318524 0.077689402 1.498
-0.0030283427 0.077689402 1.498
-0.00042483292 0.077689402 1.498
0.0021786769 0.077689402 1.498
0.0047821868 0.077689402 1.498
0.0073856968 0.077689402 1.498
0.0099892067 0.077689402 1.498
0.012592716 0.077689402 1.498
0.015196226 0.077689402 1.498
0.017799735 0.077689402 1.498
0.020403245 0.077689402 1.498
0.023006756 0.077689402 1.498
0.025610264 0.077689402 1.498
0.028213775 0.077689402 1.498
0.030817285 0.077689402 1.498
0.033420794 0.077689402 1.498
0.035952158 0.077533811 1.495
0.038550455 0.077533811 1.495
0.041148752 0.077533811 1.495
0.043747045 0.077533811 1.495
0.046345342 0.077533811 1.495
0.048943639 0.077533811 1.495
0.051645365 0.077689402 1.498
0.054248873 0.077689402 1.498
0.0749266 0.077533811 1.495
0.077524893 0.077533811 1.495
0.080123186 0.077533811 1.495
0.09831126 0.077533811 1.495
0.10090955 0.077533811 1.495
0.10350785 0.077533811 1.495
0.10610615 0.077533811 1.495
0.12429421 0.077533811 1.495
0.12689251 0.077533811 1.495
0.12949081 0.077533811 1.495
0.139884 0.077533811 1.495
0.14248228 0.077533811 1.495
0.14508058 0.077533811 1.495
0.14767888 0.077533811 1.495
0.15027718 0.077533811 1.495
0.15287547 0.077533811 1.495
0.15547377 0.077533811 1.495
0.15807207 0.077533811 1.495
0.16067035 0.077533811 1.495
0.16326866 0.077533811 1.495
0.16586696 0.077533811 1.495
0.16846524 0.077533811 1.495
0.17106354 0.077533811 1.495
0.17366184 0.077533811 1.495
0.17626013 0.077533811 1.495
0.17885843 0.077533811 1.495
0.18145673 0.077533811 1.495
0.18405502 0.077533811 1.495
0.18665332 0.077533811 1.495
0.18925162 0.077533811 1.495
0.1918499 0.077533811 1.495
0.1944482 0.077533811 1.495
0.19665109 0.077378228 1.492
0.19924417 0.077378228 1.492
0.20183726 0.077378228 1.492
0.20484139 0.077533811 1.495
0.20743968 0.077533811 1.495
0.23554732 0.077378228 1.492
0.23814039 0.077378228 1.492
0.24073347 0.077378228 1.492
0.24332656 0.077378228 1.492
0.24591964 0.077378228 1.492
0.24851272 0.077378228 1.492
-0.22231521 0.080507308 1.502
-0.21970475 0.080507308 1.502
-0.21709429 0.080507308 1.502
-0.21448383 0.080507308 1.502
-0.21187337 0.080507308 1.502
-0.20926291 0.080507308 1.502
-0.20665245 0.080507308 1.502
-0.20404197 0.080507308 1.502
-0.20143151 0.080507308 1.502
-0.19882105 0.080507308 1.502
-0.19621059 0.080507308 1.502
-0.19360013 0.080507308 1.502
-0.18315829 0.080507308 1.502
-0.18054782 0.080507308 1.502
-0.17793736 0.080507308 1.502
-0.1753269 0.080507308 1.502
-0.1413909 0.080507308 1.502
-0.13878043 0.080507308 1.502
-0.13616997 0.080507308 1.502
-0.12799682 0.08029291 1.498
-0.1253933 0.08029291 1.498
-0.12278979 0.08029291 1.498
-0.12018628 0.08029291 1.498
-0.11758278 0.08029291 1.498
-0.11497927 0.08029291 1.498
-0.11237576 0.08029291 1.498
-0.10977224 0.08029291 1.498
-0.10716873 0.08029291 1.498
-0.10456523 0.08029291 1.498
-0.10196172 0.08029291 1.498
-0.099358208 0.08029291 1.498
-0.0967547 0.08029291 1.498
-0.094151184 0.08029291 1.498
-0.091547675 0.08029291 1.498
-0.088944167 0.08029291 1.498
-0.086340658 0.08029291 1.498
-0.08373715 0.08029291 1.498
-0.081133634 0.08029291 1.498
-0.078530125 0.08029291 1.498
-0.075926617 0.08029291 1.498
-0.073323108 0.08029291 1.498
-0.0707196 0.08029291 1.498
-0.068116091 0.08029291 1.498
-0.065512575 0.08029291 1.498
-0.062909067 0.08029291 1.498
-0.04989152 0.08029291 1.498
-0.047288008 0.08029291 1.498
-0.0446845 0.08029291 1.498
-0.042080991 0.08029291 1.498
-0.039477479 0.08029291 1.498
-0.03687397 0.08029291 1.498
-0.029063441 0.08029291 1.498
-0.02645993 0.08029291 1.498
-0.023856422 0.08029291 1.498
-0.021252912 0.08029291 1.498
-0.018649401 0.08029291 1.498
-0.016045893 0.08029291 1.498
-0.013442382 0.08029291 1.498
-0.010838872 0.08029291 1.498
-0.0082353624 0.08029291 1.498
-0.0056318524 0.08029291 1.498
-0.0030283427 0.08029291 1.498
-0.00042483292 0.08029291 1.498
0.0021786769 0.08029291 1.498
0.0047821868 0.08029291 1.498
0.0073856968 0.08029291 1.498
0.0099892067 0.08029291 1.498
0.012592716 0.08029291 1.498
0.015196226 0.08029291 1.498
0.017799735 0.08029291 1.498
0.025610264 0.08029291 1.498
0.028213775 0.08029291 1.498
0.030817285 0.08029291 1.498
0.033420794 0.08029291 1.498
0.035952158 0.080132104 1.495
0.038550455 0.080132104 1.495
0.041148752 0.080132104 1.495
0.043747045 0.080132104 1.495
0.046345342 0.080132104 1.495
0.049041852 0.08029291 1.498
0.051645365 0.08029291 1.498
0.054248873 0.08029291 1.498
0.0749266 0.080132104 1.495
0.077524893 0.080132104 1.495
0.080123186 0.080132104 1.495
0.10090955 0.080132104 1.495
0.10350785 0.080132104 1.495
0.10610615 0.080132104 1.495
0.10870444 0.080132104 1.495
0.12169592 0.080132104 1.495
0.12429421 0.080132104 1.495
0.12689251 0.080132104 1.495
0.14248228 0.080132104 1.495
0.14508058 0.080132104 1.495
0.14767888 0.080132104 1.495
0.15027718 0.080132104 1.495
0.15287547 0.080132104 1.495
0.15547377 0.080132104 1.495
0.15807207 0.080132104 1.495
0.16067035 0.080132104 1.495
0.16326866 0.080132104 1.495
0.16586696 0.080132104 1.495
0.16846524 0.080132104 1.495
0.17106354 0.080132104 1.495
0.17366184 0.080132104 1.495
0.17626013 0.080132104 1.495
0.17885843 0.080132104 1.495
0.18145673 0.080132104 1.495
0.18405502 0.080132104 1.495
0.18665332 0.080132104 1.495
0.18925162 0.080132104 1.495
0.1918499 0.080132104 1.495
0.1944482 0.080132104 1.495
0.19665109 0.079971306 1.492
0.19924417 0.079971306 1.492
0.20183726 0.079971306 1.492
0.20484139 0.080132104 1.495
0.23554732 0.079971306 1.492
0.23814039 0.079971306 1.492
0.24073347 0.079971306 1.492
0.24332656 0.079971306 1.492
0.24591964 0.079971306 1.492
0.24851272 0.079971306 1.492
-0.23797798 0.083117768 1.502
-0.22231521 0.083117768 1.502
-0.21970475 0.083117768 1.502
-0.21709429 0.083117768 1.502
-0.21448383 0.083117768 1.502
-0.20926291 0.083117768 1.502
-0.20665245 0.083117768 1.502
-0.20404197 0.083117768 1.502
-0.20143151 0.083117768 1.502
-0.19882105 0.083117768 1.502
-0.19621059 0.083117768 1.502
-0.1413909 0.083117768 1.502
-0.13878043 0.083117768 1.502
-0.13616997 0.083117768 1.502
-0.13355951 0.083117768 1.502
-0.12799682 0.082896419 1.498
-0.1253933 0.082896419 1.498
-0.12278979 0.082896419 1.498
-0.12018628 0.082896419 1.498
-0.11758278 0.082896419 1.498
-0.11497927 0.082896419 1.498
-0.11237576 0.082896419 1.498
-0.10977224 0.082896419 1.498
-0.10716873 0.082896419 1.498
-0.10456523 0.082896419 1.498
-0.10196172 0.082896419 1.498
-0.099358208 0.082896419 1.498
-0.0967547 0.082896419 1.498
-0.094151184 0.082896419 1.498
-0.091547675 0.082896419 1.498
-0.088944167 0.082896419 1.498
-0.086340658 0.082896419 1.498
-0.08373715 0.082896419 1.498
-0.081133634 0.082896419 1.498
-0.078530125 0.082896419 1.498
-0.075926617 0.082896419 1.498
-0.073323108 0.082896419 1.498
-0.0707196 0.082896419 1.498
-0.068116091 0.082896419 1.498
-0.065512575 0.082896419 1.498
-0.062909067 0.082896419 1.498
-0.060305558 0.082896419 1.498
-0.055098537 0.082896419 1.498
-0.052495029 0.082896419 1.498
-0.04989152 0.082896419 1.498
-0.047288008 0.082896419 1.498
-0.0446845 0.082896419 1.498
-0.042080991 0.082896419 1.498
-0.039477479 0.082896419 1.498
-0.029063441 0.082896419 1.498
-0.02645993 0.082896419 1.498
-0.023856422 0.082896419 1.498
-0.021252912 0.082896419 1.498
-0.018649401 0.082896419 1.498
-0.016045893 0.082896419 1.498
-0.013442382 0.082896419 1.498
-0.010838872 0.082896419 1.498
-0.0082353624 0.082896419 1.498
-0.0056318524 0.082896419 1.498
-0.0030283427 0.082896419 1.498
-0.00042483292 0.082896419 1.498
0.0021786769 0.082896419 1.498
0.0047821868 0.082896419 1.498
0.0073856968 0.082896419 1.498
0.0099892067 0.082896419 1.498
0.012592716 0.082896419 1.498
0.015196226 0.082896419 1.498
0.028213775 0.082896419 1.498
0.030817285 0.082896419 1.498
0.033420794 0.082896419 1.498
0.036024306 0.082896419 1.498
0.038627815 0.082896419 1.498
0.041231323 0.082896419 1.498
0.043834835 0.082896419 1.498
0.046438344 0.082896419 1.498
0.049041852 0.082896419 1.498
0.051645365 0.082896419 1.498
0.077524893 0.082730405 1.495
0.080123186 0.082730405 1.495
0.082721487 0.082730405 1.495
0.10350785 0.082730405 1.495
0.10610615 0.082730405 1.495
0.10870444 0.082730405 1.495
0.11130274 0.082730405 1.495
0.11390103 0.082730405 1.495
0.11649933 0.082730405 1.495
0.11909763 0.082730405 1.495
0.12169592 0.082730405 1.495
0.12429421 0.082730405 1.495
0.14508058 0.082730405 1.495
0.14767888 0.082730405 1.495
0.15027718 0.082730405 1.495
0.15287547 0.082730405 1.495
0.15547377 0.082730405 1.495
0.15807207 0.082730405 1.495
0.16067035 0.082730405 1.495
0.16326866 0.082730405 1.495
0.16586696 0.082730405 1.495
0.16846524 0.082730405 1.495
0.17106354 0.082730405 1.495
0.17366184 0.082730405 1.495
0.17626013 0.082730405 1.495
0.17885843 0.082730405 1.495
0.18145673 0.082730405 1.495
0.18405502 0.082730405 1.495
0.18665332 0.082730405 1.495
0.18925162 0.082730405 1.495
0.1918499 0.082730405 1.495
0.194058 0.082564391 1.492
0.19665109 0.082564391 1.492
0.19924417 0.082564391 1.492
0.20183726 0.082564391 1.492
0.20443033 0.082564391 1.492
0.23814039 0.082564391 1.492
0.24073347 0.082564391 1.492
0.24332656 0.082564391 1.492
0.24591964 0.082564391 1.492
0.24851272 0.082564391 1.492
-0.24058844 0.085728228 1.502
-0.23797798 0.085728228 1.502
-0.23536752 0.085728228 1.502
-0.23275706 0.085728228 1.502
-0.2301466 0.085728228 1.502
-0.22753614 0.085728228 1.502
-0.22492567 0.085728228 1.502
-0.22231521 0.085728228 1.502
-0.21970475 0.085728228 1.502
-0.21709429 0.085728228 1.502
-0.21448383 0.085728228 1.502
-0.20665245 0.085728228 1.502
-0.20404197 0.085728228 1.502
-0.20143151 0.085728228 1.502
-0.19882105 0.085728228 1.502
-0.1413909 0.085728228 1.502
-0.13878043 0.085728228 1.502
-0.13616997 0.085728228 1.502
-0.13060032 0.085499927 1.498
-0.12799682 0.085499927 1.498
-0.1253933 0.085499927 1.498
-0.12278979 0.085499927 1.498
-0.12018628 0.085499927 1.498
-0.11758278 0.085499927 1.498
-0.11497927 0.085499927 1.498
-0.11237576 0.085499927 1.498
-0.10977224 0.085499927 1.498
-0.10716873 0.085499927 1.498
-0.10196172 0.085499927 1.498
-0.099358208 0.085499927 1.498
-0.094151184 0.085499927 1.498
-0.091547675 0.085499927 1.498
-0.088944167 0.085499927 1.498
-0.086340658 0.085499927 1.498
-0.08373715 0.085499927 1.498
-0.081133634 0.085499927 1.498
-0.078530125 0.085499927 1.498
-0.075926617 0.085499927 1.498
-0.073323108 0.085499927 1.498
-0.0707196 0.085499927 1.498
-0.068116091 0.085499927 1.498
-0.065512575 0.085499927 1.498
-0.062909067 0.085499927 1.498
-0.060305558 0.085499927 1.498
-0.05770205 0.085499927 1.498
-0.055098537 0.085499927 1.498
-0.052495029 0.085499927 1.498
-0.04989152 0.085499927 1.498
-0.047288008 0.085499927 1.498
-0.042080991 0.085499927 1.498
-0.039477479 0.085499927 1.498
-0.034270462 0.085499927 1.498
-0.031666949 0.085499927 1.498
-0.029063441 0.085499927 1.498
-0.02645993 0.085499927 1.498
-0.023856422 0.085499927 1.498
-0.021252912 0.085499927 1.498
-0.018649401 0.085499927 1.498
-0.013442382 0.085499927 1.498
-0.010838872 0.085499927 1.498
-0.0082353624 0.085499927 1.498
-0.0056318524 0.085499927 1.498
-0.0030283427 0.085499927 1.498
-0.00042483292 0.085499927 1.498
0.0021786769 0.085499927 1.498
0.0047821868 0.085499927 1.498
0.0073856968 0.085499927 1.498
0.0099892067 0.085499927 1.498
0.012592716 0.085499927 1.498
0.015196226 0.085499927 1.498
0.030817285 0.085499927 1.498
0.033420794 0.085499927 1.498
0.036024306 0.085499927 1.498
0.038627815 0.085499927 1.498
0.041231323 0.085499927 1.498
0.043834835 0.085499927 1.498
0.046438344 0.085499927 1.498
0.049041852 0.085499927 1.498
0.080123186 0.085328698 1.495
0.082721487 0.085328698 1.495
0.10610615 0.085328698 1.495
0.10870444 0.085328698 1.495
0.11130274 0.085328698 1.495
0.11390103 0.085328698 1.495
0.11649933 0.085328698 1.495
0.11909763 0.085328698 1.495
0.12169592 0.085328698 1.495
0.12429421 0.085328698 1.495
0.14508058 0.085328698 1.495
0.14767888 0.085328698 1.495
0.15027718 0.085328698 1.495
0.15287547 0.085328698 1.495
0.15547377 0.085328698 1.495
0.15807207 0.085328698 1.495
0.16067035 0.085328698 1.495
0.16326866 0.085328698 1.495
0.16586696 0.085328698 1.495
0.16846524 0.085328698 1.495
0.17106354 0.085328698 1.495
0.17366184 0.085328698 1.495
0.17626013 0.085328698 1.495
0.17885843 0.085328698 1.495
0.18145673 0.085328698 1.495
0.18405502 0.085328698 1.495
0.18665332 0.085328698 1.495
0.18925162 0.085328698 1.495
0.1918499 0.085328698 1.495
0.194058 0.085157469 1.492
0.19665109 0.085157469 1.492
0.19924417 0.085157469 1.492
0.20183726 0.085157469 1.492
0.24073347 0.085157469 1.492
0.24332656 0.085157469 1.492
0.24591964 0.085157469 1.492
0.24851272 0.085157469 1.492
-0.24580936 0.088338695 1.502
-0.24058844 0.088338695 1.502
-0.23797798 0.088338695 1.502
-0.23536752 0.088338695 1.502
-0.23275706 0.088338695 1.502
-0.2301466 0.088338695 1.502
-0.22753614 0.088338695 1.502
-0.22492567 0.088338695 1.502
-0.22231521 0.088338695 1.502
-0.21970475 0.088338695 1.502
-0.20665245 0.088338695 1.502
-0.20404197 0.088338695 1.502
-0.20143151 0.088338695 1.502
-0.19882105 0.088338695 1.502
-0.1413909 0.088338695 1.502
-0.13878043 0.088338695 1.502
-0.13060032 0.088103436 1.498
-0.12799682 0.088103436 1.498
-0.1253933 0.088103436 1.498
-0.12278979 0.088103436 1.498
-0.12018628 0.088103436 1.498
-0.11758278 0.088103436 1.498
-0.11497927 0.088103436 1.498
-0.11237576 0.088103436 1.498
-0.10977224 0.088103436 1.498
-0.086340658 0.088103436 1.498
-0.08373715 0.088103436 1.498
-0.081133634 0.088103436 1.498
-0.078530125 0.088103436 1.498
-0.075926617 0.088103436 1.498
-0.073323108 0.088103436 1.498
-0.0707196 0.088103436 1.498
-0.068116091 0.088103436 1.498
-0.065512575 0.088103436 1.498
-0.062909067 0.088103436 1.498
-0.060305558 0.088103436 1.498
-0.05770205 0.088103436 1.498
-0.055098537 0.088103436 1.498
-0.052495029 0.088103436 1.498
-0.04989152 0.088103436 1.498
-0.047288008 0.088103436 1.498
-0.039477479 0.088103436 1.498
-0.03687397 0.088103436 1.498
-0.034270462 0.088103436 1.498
-0.031666949 0.088103436 1.498
-0.029063441 0.088103436 1.498
-0.02645993 0.088103436 1.498
-0.023856422 0.088103436 1.498
-0.0056318524 0.088103436 1.498
-0.0030283427 0.088103436 1.498
-0.00042483292 0.088103436 1.498
0.0021786769 0.088103436 1.498
0.0047821868 0.088103436 1.498
0.0073856968 0.088103436 1.498
0.0099892067 0.088103436 1.498
0.012592716 0.088103436 1.498
0.030817285 0.088103436 1.498
0.033420794 0.088103436 1.498
0.036024306 0.088103436 1.498
0.038627815 0.088103436 1.498
0.041231323 0.088103436 1.498
0.043834835 0.088103436 1.498
0.046438344 0.088103436 1.498
0.049041852 0.088103436 1.498
0.082721487 0.087926999 1.495
0.08531978 0.087926999 1.495
0.10870444 0.087926999 1.495
0.11130274 0.087926999 1.495
0.11390103 0.087926999 1.495
0.11649933 0.087926999 1.495
0.11909763 0.087926999 1.495
0.12169592 0.087926999 1.495
0.14248228 0.087926999 1.495
0.14508058 0.087926999 1.495
0.14767888 0.087926999 1.495
0.15027718 0.087926999 1.495
0.15287547 0.087926999 1.495
0.15547377 0.087926999 1.495
0.15807207 0.087926999 1.495
0.16067035 0.087926999 1.495
0.16326866 0.087926999 1.495
0.16586696 0.087926999 1.495
0.16846524 0.087926999 1.495
0.17106354 0.087926999 1.495
0.17366184 0.087926999 1.495
0.17626013 0.087926999 1.495
0.17885843 0.087926999 1.495
0.18145673 0.087926999 1.495
0.18405502 0.087926999 1.495
0.18665332 0.087926999 1.495
0.18925162 0.087926999 1.495
0.1918499 0.087926999 1.495
0.194058 0.087750554 1.492
0.19665109 0.087750554 1.492
0.19924417 0.087750554 1.492
0.20183726 0.087750554 1.492
-0.24058844 0.090949155 1.502
-0.23797798 0.090949155 1.502
-0.23536752 0.090949155 1.502
-0.23275706 0.090949155 1.502
-0.2301466 0.090949155 1.502
-0.22753614 0.090949155 1.502
-0.22492567 0.090949155 1.502
-0.22231521 0.090949155 1.502
-0.21970475 0.090949155 1.502
-0.20926291 0.090949155 1.502
-0.20665245 0.090949155 1.502
-0.20404197 0.090949155 1.502
-0.20143151 0.090949155 1.502
-0.1413909 0.090949155 1.502
-0.13878043 0.090949155 1.502
-0.13320383 0.090706952 1.498
-0.13060032 0.090706952 1.498
-0.12799682 0.090706952 1.498
-0.1253933 0.090706952 1.498
-0.11497927 0.090706952 1.498
-0.11237576 0.090706952 1.498
-0.10977224 0.090706952 1.498
-0.086340658 0.090706952 1.498
-0.08373715 0.090706952 1.498
-0.081133634 0.090706952 1.498
-0.078530125 0.090706952 1.498
-0.075926617 0.090706952 1.498
-0.073323108 0.090706952 1.498
-0.0707196 0.090706952 1.498
-0.068116091 0.090706952 1.498
-0.065512575 0.090706952 1.498
-0.062909067 0.090706952 1.498
-0.060305558 0.090706952 1.498
-0.05770205 0.090706952 1.498
-0.034270462 0.090706952 1.498
-0.031666949 0.090706952 1.498
-0.029063441 0.090706952 1.498
-0.02645993 0.090706952 1.498
-0.0030283427 0.090706952 1.498
-0.00042483292 0.090706952 1.498
0.0021786769 0.090706952 1.498
0.0047821868 0.090706952 1.498
0.0073856968 0.090706952 1.498
0.0099892067 0.090706952 1.498
0.012592716 0.090706952 1.498
0.030817285 0.090706952 1.498
0.033420794 0.090706952 1.498
0.036024306 0.090706952 1.498
0.038627815 0.090706952 1.498
0.041231323 0.090706952 1.498
0.043834835 0.090706952 1.498
0.046438344 0.090706952 1.498
0.049041852 0.090706952 1.498
0.082721487 0.090525292 1.495
0.08531978 0.090525292 1.495
0.11130274 0.090525292 1.495
0.11390103 0.090525292 1.495
0.11649933 0.090525292 1.495
0.11909763 0.090525292 1.495
0.12169592 0.090525292 1.495
0.14248228 0.090525292 1.495
0.14508058 0.090525292 1.495
0.14767888 0.090525292 1.495
0.15027718 0.090525292 1.495
0.15287547 0.090525292 1.495
0.15547377 0.090525292 1.495
0.15807207 0.090525292 1.495
0.16067035 0.090525292 1.495
0.16326866 0.090525292 1.495
0.16586696 0.090525292 1.495
0.16846524 0.090525292 1.495
0.17106354 0.090525292 1.495
0.17366184 0.090525292 1.495
0.17626013 0.090525292 1.495
0.17885843 0.090525292 1.495
0.18145673 0.090525292 1.495
0.18405502 0.090525292 1.495
0.18665332 0.090525292 1.495
0.18925162 0.090525292 1.495
0.19146492 0.090343632 1.492
0.194058 0.090343632 1.492
0.19665109 0.090343632 1.492
0.19924417 0.090343632 1.492
0.20183726 0.090343632 1.492
0.20443033 0.090343632 1.492
-0.24058844 0.093559615 1.502
-0.23797798 0.093559615 1.502
-0.23536752 0.093559615 1.502
-0.23275706 0.093559615 1.502
-0.2301466 0.093559615 1.502
-0.22753614 0.093559615 1.502
-0.22492567 0.093559615 1.502
-0.22231521 0.093559615 1.502
-0.21970475 0.093559615 1.502
-0.20665245 0.093559615 1.502
-0.20404197 0.093559615 1.502
-0.20143151 0.093559615 1.502
-0.1413909 0.093559615 1.502
-0.13320383 0.09331046 1.498
-0.13060032 0.09331046 1.498
-0.12799682 0.09331046 1.498
-0.1253933 0.09331046 1.498
-0.11497927 0.09331046 1.498
-0.11237576 0.09331046 1.498
-0.10977224 0.09331046 1.498
-0.086340658 0.09331046 1.498
-0.08373715 0.09331046 1.498
-0.081133634 0.09331046 1.498
-0.078530125 0.09331046 1.498
-0.075926617 0.09331046 1.498
-0.073323108 0.09331046 1.498
-0.0707196 0.09331046 1.498
-0.068116091 0.09331046 1.498
-0.034270462 0.09331046 1.498
-0.031666949 0.09331046 1.498
-0.029063441 0.09331046 1.498
-0.02645993 0.09331046 1.498
-0.00042483292 0.09331046 1.498
0.0021786769 0.09331046 1.498
0.0047821868 0.09331046 1.498
0.0073856968 0.09331046 1.498
0.0099892067 0.09331046 1.498
0.012592716 0.09331046 1.498
0.015196226 0.09331046 1.498
0.017799735 0.09331046 1.498
0.020403245 0.09331046 1.498
0.028213775 0.09331046 1.498
0.030817285 0.09331046 1.498
0.033420794 0.09331046 1.498
0.036024306 0.09331046 1.498
0.038627815 0.09331046 1.498
0.041231323 0.09331046 1.498
0.043834835 0.09331046 1.498
0.046438344 0.09331046 1.498
0.049041852 0.09331046 1.498
0.051645365 0.09331046 1.498
0.08531978 0.093123585 1.495
0.087918073 0.093123585 1.495
0.11390103 0.093123585 1.495
0.11649933 0.093123585 1.495
0.11909763 0.093123585 1.495
0.12169592 0.093123585 1.495
0.14248228 0.093123585 1.495
0.14508058 0.093123585 1.495
0.14767888 0.093123585 1.495
0.15027718 0.093123585 1.495
0.15287547 0.093123585 1.495
0.15547377 0.093123585 1.495
0.15807207 0.093123585 1.495
0.16067035 0.093123585 1.495
0.16326866 0.093123585 1.495
0.16586696 0.093123585 1.495
0.16846524 0.093123585 1.495
0.17106354 0.093123585 1.495
0.17366184 0.093123585 1.495
0.17626013 0.093123585 1.495
0.17885843 0.093123585 1.495
0.18145673 0.093123585 1.495
0.18405502 0.093123585 1.495
0.18665332 0.093123585 1.495
0.18925162 0.093123585 1.495
0.19146492 0.092936717 1.492
0.194058 0.092936717 1.492
0.19665109 0.092936717 1.492
0.19924417 0.092936717 1.492
0.20183726 0.092936717 1.492
0.20443033 0.092936717 1.492
-0.24058844 0.096170075 1.502
-0.23797798 0.096170075 1.502
-0.23536752 0.096170075 1.502
-0.23275706 0.096170075 1.502
-0.2301466 0.096170075 1.502
-0.22753614 0.096170075 1.502
-0.22492567 0.096170075 1.502
-0.22231521 0.096170075 1.502
-0.21970475 0.096170075 1.502
-0.20665245 0.096170075 1.502
-0.20404197 0.096170075 1.502
-0.20143151 0.096170075 1.502
-0.1413909 0.096170075 1.502
-0.13580735 0.095913969 1.498
-0.13320383 0.095913969 1.498
-0.13060032 0.095913969 1.498
-0.12799682 0.095913969 1.498
-0.1253933 0.095913969 1.498
-0.11497927 0.095913969 1.498
-0.11237576 0.095913969 1.498
-0.10977224 0.095913969 1.498
-0.10716873 0.095913969 1.498
-0.086340658 0.095913969 1.498
-0.08373715 0.095913969 1.498
-0.081133634 0.095913969 1.498
-0.078530125 0.095913969 1.498
-0.075926617 0.095913969 1.498
-0.073323108 0.095913969 1.498
-0.0707196 0.095913969 1.498
-0.034270462 0.095913969 1.498
-0.031666949 0.095913969 1.498
-0.029063441 0.095913969 1.498
-0.02645993 0.095913969 1.498
-0.00042483292 0.095913969 1.498
0.0021786769 0.095913969 1.498
0.0047821868 0.095913969 1.498
0.0073856968 0.095913969 1.498
0.0099892067 0.095913969 1.498
0.012592716 0.095913969 1.498
0.015196226 0.095913969 1.498
0.017799735 0.095913969 1.498
0.020403245 0.095913969 1.498
0.023006756 0.095913969 1.498
0.025610264 0.095913969 1.498
0.028213775 0.095913969 1.498
0.030817285 0.095913969 1.498
0.033420794 0.095913969 1.498
0.036024306 0.095913969 1.498
0.038627815 0.095913969 1.498
0.041231323 0.095913969 1.498
0.043834835 0.095913969 1.498
0.046438344 0.095913969 1.498
0.049041852 0.095913969 1.498
0.051645365 0.095913969 1.498
0.08531978 0.095721886 1.495
0.087918073 0.095721886 1.495
0.090516374 0.095721886 1.495
0.11390103 0.095721886 1.495
0.11649933 0.095721886 1.495
0.11909763 0.095721886 1.495
0.12169592 0.095721886 1.495
0.139884 0.095721886 1.495
0.14248228 0.095721886 1.495
0.14508058 0.095721886 1.495
0.14767888 0.095721886 1.495
0.15027718 0.095721886 1.495
0.15287547 0.095721886 1.495
0.15547377 0.095721886 1.495
0.15807207 0.095721886 1.495
0.16067035 0.095721886 1.495
0.16326866 0.095721886 1.495
0.16586696 0.095721886 1.495
0.16846524 0.095721886 1.495
0.17106354 0.095721886 1.495
0.17366184 0.095721886 1.495
0.17626013 0.095721886 1.495
0.17885843 0.095721886 1.495
0.18145673 0.095721886 1.495
0.18405502 0.095721886 1.495
0.18665332 0.095721886 1.495
0.18925162 0.095721886 1.495
0.19146492 0.095529795 1.492
0.194058 0.095529795 1.492
0.19665109 0.095529795 1.492
0.19924417 0.095529795 1.492
0.20183726 0.095529795 1.492
0.20443033 0.095529795 1.492
0.20702341 0.095529795 1.492
0.2096165 0.095529795 1.492
0.24073347 0.095529795 1.492
0.24332656 0.095529795 1.492
0.24591964 0.095529795 1.492
0.24851272 0.095529795 1.492
-0.24058844 0.098780535 1.502
-0.23797798 0.098780535 1.502
-0.23536752 0.098780535 1.502
-0.23275706 0.098780535 1.502
-0.2301466 0.098780535 1.502
-0.22753614 0.098780535 1.502
-0.22492567 0.098780535 1.502
-0.22231521 0.098780535 1.502
-0.20404197 0.098780535 1.502
-0.20143151 0.098780535 1.502
-0.19882105 0.098780535 1.502
-0.14400136 0.098780535 1.502
-0.1413909 0.098780535 1.502
-0.13580735 0.098517478 1.498
-0.13320383 0.098517478 1.498
-0.13060032 0.098517478 1.498
-0.12799682 0.098517478 1.498
-0.1253933 0.098517478 1.498
-0.11497927 0.098517478 1.498
-0.11237576 0.098517478 1.498
-0.10977224 0.098517478 1.498
-0.10716873 0.098517478 1.498
-0.10456523 0.098517478 1.498
-0.10196172 0.098517478 1.498
-0.099358208 0.098517478 1.498
-0.086340658 0.098517478 1.498
-0.08373715 0.098517478 1.498
-0.081133634 0.098517478 1.498
-0.078530125 0.098517478 1.498
-0.075926617 0.098517478 1.498
-0.073323108 0.098517478 1.498
-0.0707196 0.098517478 1.498
-0.034270462 0.098517478 1.498
-0.031666949 0.098517478 1.498
-0.029063441 0.098517478 1.498
-0.02645993 0.098517478 1.498
-0.0030283427 0.098517478 1.498
-0.00042483292 0.098517478 1.498
0.0021786769 0.098517478 1.498
0.0047821868 0.098517478 1.498
0.0073856968 0.098517478 1.498
0.0099892067 0.098517478 1.498
0.012592716 0.098517478 1.498
0.015196226 0.098517478 1.498
0.017799735 0.098517478 1.498
0.020403245 0.098517478 1.498
0.023006756 0.098517478 1.498
0.025610264 0.098517478 1.498
0.028213775 0.098517478 1.498
0.030817285 0.098517478 1.498
0.033420794 0.098517478 1.498
0.035952158 0.098320179 1.495
0.038550455 0.098320179 1.495
0.041231323 0.098517478 1.498
0.043834835 0.098517478 1.498
0.046438344 0.098517478 1.498
0.049041852 0.098517478 1.498
0.051645365 0.098517478 1.498
0.087918073 0.098320179 1.495
0.090516374 0.098320179 1.495
0.093114667 0.098320179 1.495
0.11130274 0.098320179 1.495
0.11390103 0.098320179 1.495
0.11649933 0.098320179 1.495
0.11909763 0.098320179 1.495
0.12169592 0.098320179 1.495
0.12429421 0.098320179 1.495
0.12689251 0.098320179 1.495
0.12949081 0.098320179 1.495
0.13208911 0.098320179 1.495
0.13468739 0.098320179 1.495
0.13728569 0.098320179 1.495
0.139884 0.098320179 1.495
0.14248228 0.098320179 1.495
0.14508058 0.098320179 1.495
0.14767888 0.098320179 1.495
0.15027718 0.098320179 1.495
0.15287547 0.098320179 1.495
0.15547377 0.098320179 1.495
0.15807207 0.098320179 1.495
0.16067035 0.098320179 1.495
0.16326866 0.098320179 1.495
0.16586696 0.098320179 1.495
0.16846524 0.098320179 1.495
0.17106354 0.098320179 1.495
0.17366184 0.098320179 1.495
0.17626013 0.098320179 1.495
0.17849952 0.09812288 1.492
0.18145673 0.098320179 1.495
0.18405502 0.098320179 1.495
0.18665332 0.098320179 1.495
0.18887185 0.09812288 1.492
0.19146492 0.09812288 1.492
0.194058 0.09812288 1.492
0.19665109 0.09812288 1.492
0.19924417 0.09812288 1.492
0.20183726 0.09812288 1.492
0.20443033 0.09812288 1.492
0.20702341 0.09812288 1.492
0.2096165 0.09812288 1.492
0.23814039 0.09812288 1.492
0.24073347 0.09812288 1.492
0.24332656 0.09812288 1.492
0.24591964 0.09812288 1.492
0.24851272 0.09812288 1.492
-0.24058844 0.101391 1.502
-0.23797798 0.101391 1.502
-0.23536752 0.101391 1.502
-0.23275706 0.101391 1.502
-0.2301466 0.101391 1.502
-0.22753614 0.101391 1.502
-0.22492567 0.101391 1.502
-0.22231521 0.101391 1.502
-0.20404197 0.101391 1.502
-0.20143151 0.101391 1.502
-0.19882105 0.101391 1.502
-0.14661182 0.101391 1.502
-0.14400136 0.101391 1.502
-0.1413909 0.101391 1.502
-0.13841085 0.10112099 1.498
-0.13580735 0.10112099 1.498
-0.13320383 0.10112099 1.498
-0.13060032 0.10112099 1.498
-0.12799682 0.10112099 1.498
-0.1253933 0.10112099 1.498
-0.11497927 0.10112099 1.498
-0.11237576 0.10112099 1.498
-0.10977224 0.10112099 1.498
-0.10716873 0.10112099 1.498
-0.10456523 0.10112099 1.498
-0.10196172 0.10112099 1.498
-0.099358208 0.10112099 1.498
-0.0967547 0.10112099 1.498
-0.094151184 0.10112099 1.498
-0.091547675 0.10112099 1.498
-0.088944167 0.10112099 1.498
-0.086340658 0.10112099 1.498
-0.08373715 0.10112099 1.498
-0.081133634 0.10112099 1.498
-0.078530125 0.10112099 1.498
-0.075926617 0.10112099 1.498
-0.073323108 0.10112099 1.498
-0.0707196 0.10112099 1.498
-0.034270462 0.10112099 1.498
-0.031666949 0.10112099 1.498
-0.029063441 0.10112099 1.498
-0.02645993 0.10112099 1.498
-0.0030283427 0.10112099 1.498
-0.00042483292 0.10112099 1.498
0.0021786769 0.10112099 1.498
0.0047821868 0.10112099 1.498
0.0073856968 0.10112099 1.498
0.0099892067 0.10112099 1.498
0.012592716 0.10112099 1.498
0.015196226 0.10112099 1.498
0.017799735 0.10112099 1.498
0.020403245 0.10112099 1.498
0.023006756 0.10112099 1.498
0.025610264 0.10112099 1.498
0.028213775 0.10112099 1.498
0.030817285 0.10112099 1.498
0.033420794 0.10112099 1.498
0.035952158 0.10091847 1.495
0.038550455 0.10091847 1.495
0.041231323 0.10112099 1.498
0.043834835 0.10112099 1.498
0.046438344 0.10112099 1.498
0.049041852 0.10112099 1.498
0.051645365 0.10112099 1.498
0.090516374 0.10091847 1.495
0.093114667 0.10091847 1.495
0.09571296 0.10091847 1.495
0.09831126 0.10091847 1.495
0.10870444 0.10091847 1.495
0.11130274 0.10091847 1.495
0.11390103 0.10091847 1.495
0.11649933 0.10091847 1.495
0.11909763 0.10091847 1.495
0.12169592 0.10091847 1.495
0.12429421 0.10091847 1.495
0.12689251 0.10091847 1.495
0.12949081 0.10091847 1.495
0.13208911 0.10091847 1.495
0.13468739 0.10091847 1.495
0.13728569 0.10091847 1.495
0.139884 0.10091847 1.495
0.14248228 0.10091847 1.495
0.14508058 0.10091847 1.495
0.14767888 0.10091847 1.495
0.15027718 0.10091847 1.495
0.15287547 0.10091847 1.495
0.15547377 0.10091847 1.495
0.15807207 0.10091847 1.495
0.16067035 0.10091847 1.495
0.16326866 0.10091847 1.495
0.16586696 0.10091847 1.495
0.16846524 0.10091847 1.495
0.17106354 0.10091847 1.495
0.17331335 0.10071596 1.492
0.17590643 0.10071596 1.492
0.17849952 0.10071596 1.492
0.18109259 0.10071596 1.492
0.18405502 0.10091847 1.495
0.18627876 0.10071596 1.492
0.18887185 0.10071596 1.492
0.19146492 0.10071596 1.492
0.194058 0.10071596 1.492
0.19665109 0.10071596 1.492
0.19924417 0.10071596 1.492
0.20183726 0.10071596 1.492
0.20443033 0.10071596 1.492
0.20702341 0.10071596 1.492
0.2096165 0.10071596 1.492
0.21220958 0.10071596 1.492
0.23554732 0.10071596 1.492
0.23814039 0.10071596 1.492
0.24073347 0.10071596 1.492
0.24332656 0.10071596 1.492
0.24591964 0.10071596 1.492
0.24851272 0.10071596 1.492
-0.24058844 0.10400146 1.502
-0.23797798 0.10400146 1.502
-0.23536752 0.10400146 1.502
-0.23275706 0.10400146 1.502
-0.2301466 0.10400146 1.502
-0.22753614 0.10400146 1.502
-0.22492567 0.10400146 1.502
-0.22231521 0.10400146 1.502
-0.20665245 0.10400146 1.502
-0.20404197 0.10400146 1.502
-0.20143151 0.10400146 1.502
-0.19882105 0.10400146 1.502
-0.14922228 0.10400146 1.502
-0.14661182 0.10400146 1.502
-0.14400136 0.10400146 1.502
-0.1413909 0.10400146 1.502
-0.13841085 0.10372449 1.498
-0.13580735 0.10372449 1.498
-0.13320383 0.10372449 1.498
-0.13060032 0.10372449 1.498
-0.12799682 0.10372449 1.498
-0.1253933 0.10372449 1.498
-0.11497927 0.10372449 1.498
-0.11237576 0.10372449 1.498
-0.10977224 0.10372449 1.498
-0.10716873 0.10372449 1.498
-0.10456523 0.10372449 1.498
-0.10196172 0.10372449 1.498
-0.099358208 0.10372449 1.498
-0.0967547 0.10372449 1.498
-0.094151184 0.10372449 1.498
-0.091547675 0.10372449 1.498
-0.088944167 0.10372449 1.498
-0.086340658 0.10372449 1.498
-0.08373715 0.10372449 1.498
-0.081133634 0.10372449 1.498
-0.078530125 0.10372449 1.498
-0.075926617 0.10372449 1.498
-0.073323108 0.10372449 1.498
-0.0707196 0.10372449 1.498
-0.03687397 0.10372449 1.498
-0.034270462 0.10372449 1.498
-0.031666949 0.10372449 1.498
-0.029063441 0.10372449 1.498
-0.02645993 0.10372449 1.498
-0.0082353624 0.10372449 1.498
-0.0056318524 0.10372449 1.498
-0.0030283427 0.10372449 1.498
-0.00042483292 0.10372449 1.498
0.0021786769 0.10372449 1.498
0.0047821868 0.10372449 1.498
0.0073856968 0.10372449 1.498
0.0099892067 0.10372449 1.498
0.012592716 0.10372449 1.498
0.015196226 0.10372449 1.498
0.017799735 0.10372449 1.498
0.020403245 0.10372449 1.498
0.023006756 0.10372449 1.498
0.025610264 0.10372449 1.498
0.028213775 0.10372449 1.498
0.030755568 0.10351677 1.495
0.033353865 0.10351677 1.495
0.035952158 0.10351677 1.495
0.038550455 0.10351677 1.495
0.041231323 0.10372449 1.498
0.043834835 0.10372449 1.498
0.046438344 0.10372449 1.498
0.049041852 0.10372449 1.498
0.09571296 0.10351677 1.495
0.09831126 0.10351677 1.495
0.10090955 0.10351677 1.495
0.10350785 0.10351677 1.495
0.10610615 0.10351677 1.495
0.10870444 0.10351677 1.495
0.11130274 0.10351677 1.495
0.11390103 0.10351677 1.495
0.11649933 0.10351677 1.495
0.11909763 0.10351677 1.495
0.12169592 0.10351677 1.495
0.12429421 0.10351677 1.495
0.12689251 0.10351677 1.495
0.12949081 0.10351677 1.495
0.13208911 0.10351677 1.495
0.13468739 0.10351677 1.495
0.13728569 0.10351677 1.495
0.139884 0.10351677 1.495
0.14248228 0.10351677 1.495
0.14508058 0.10351677 1.495
0.14767888 0.10351677 1.495
0.15027718 0.10351677 1.495
0.15287547 0.10351677 1.495
0.15547377 0.10351677 1.495
0.15807207 0.10351677 1.495
0.16067035 0.10351677 1.495
0.16326866 0.10351677 1.495
0.16586696 0.10351677 1.495
0.16846524 0.10351677 1.495
0.17072026 0.10330904 1.492
0.17331335 0.10330904 1.492
0.17590643 0.10330904 1.492
0.17849952 0.10330904 1.492
0.18109259 0.10330904 1.492
0.18368568 0.10330904 1.492
0.18627876 0.10330904 1.492
0.18887185 0.10330904 1.492
0.19146492 0.10330904 1.492
0.194058 0.10330904 1.492
0.19665109 0.10330904 1.492
0.19924417 0.10330904 1.492
0.20183726 0.10330904 1.492
0.20443033 0.10330904 1.492
0.20702341 0.10330904 1.492
0.2096165 0.10330904 1.492
0.21220958 0.10330904 1.492
0.23554732 0.10330904 1.492
0.23814039 0.10330904 1.492
0.24073347 0.10330904 1.492
0.24332656 0.10330904 1.492
0.24591964 0.10330904 1.492
0.24851272 0.10330904 1.492
-0.2431989 0.10661192 1.502
-0.24058844 0.10661192 1.502
-0.23797798 0.10661192 1.502
-0.23536752 0.10661192 1.502
-0.23275706 0.10661192 1.502
-0.2301466 0.10661192 1.502
-0.22753614 0.10661192 1.502
-0.22492567 0.10661192 1.502
-0.20665245 0.10661192 1.502
-0.20404197 0.10661192 1.502
-0.20143151 0.10661192 1.502
-0.19882105 0.10661192 1.502
-0.15183274 0.10661192 1.502
-0.14922228 0.10661192 1.502
-0.14661182 0.10661192 1.502
-0.14400136 0.10661192 1.502
-0.13841085 0.10632801 1.498
-0.13580735 0.10632801 1.498
-0.13320383 0.10632801 1.498
-0.13060032 0.10632801 1.498
-0.12799682 0.10632801 1.498
-0.1253933 0.10632801 1.498
-0.11497927 0.10632801 1.498
-0.11237576 0.10632801 1.498
-0.10977224 0.10632801 1.498
-0.10716873 0.10632801 1.498
-0.10456523 0.10632801 1.498
-0.10196172 0.10632801 1.498
-0.099358208 0.10632801 1.498
-0.0967547 0.10632801 1.498
-0.094151184 0.10632801 1.498
-0.091547675 0.10632801 1.498
-0.088944167 0.10632801 1.498
-0.086340658 0.10632801 1.498
-0.08373715 0.10632801 1.498
-0.081133634 0.10632801 1.498
-0.078530125 0.10632801 1.498
-0.075926617 0.10632801 1.498
-0.073323108 0.10632801 1.498
-0.0707196 0.10632801 1.498
-0.068116091 0.10632801 1.498
-0.03687397 0.10632801 1.498
-0.034270462 0.10632801 1.498
-0.031666949 0.10632801 1.498
-0.029063441 0.10632801 1.498
-0.0082353624 0.10632801 1.498
-0.0056318524 0.10632801 1.498
-0.0030283427 0.10632801 1.498
-0.00042483292 0.10632801 1.498
0.0021786769 0.10632801 1.498
0.0047821868 0.10632801 1.498
0.0073856968 0.10632801 1.498
0.0099892067 0.10632801 1.498
0.012592716 0.10632801 1.498
0.015196226 0.10632801 1.498
0.017799735 0.10632801 1.498
0.020403245 0.10632801 1.498
0.023006756 0.10632801 1.498
0.025610264 0.10632801 1.498
0.028157271 0.10611507 1.495
0.030755568 0.10611507 1.495
0.033353865 0.10611507 1.495
0.035952158 0.10611507 1.495
0.038550455 0.10611507 1.495
0.041148752 0.10611507 1.495
0.043747045 0.10611507 1.495
0.046438344 0.10632801 1.498
0.049041852 0.10632801 1.498
0.054140229 0.10611507 1.495
0.061935116 0.10611507 1.495
0.09831126 0.10611507 1.495
0.10090955 0.10611507 1.495
0.10350785 0.10611507 1.495
0.10610615 0.10611507 1.495
0.10870444 0.10611507 1.495
0.11130274 0.10611507 1.495
0.11390103 0.10611507 1.495
0.11649933 0.10611507 1.495
0.11909763 0.10611507 1.495
0.12169592 0.10611507 1.495
0.12429421 0.10611507 1.495
0.12689251 0.10611507 1.495
0.12949081 0.10611507 1.495
0.13208911 0.10611507 1.495
0.13468739 0.10611507 1.495
0.13728569 0.10611507 1.495
0.139884 0.10611507 1.495
0.14248228 0.10611507 1.495
0.14508058 0.10611507 1.495
0.14767888 0.10611507 1.495
0.15027718 0.10611507 1.495
0.15287547 0.10611507 1.495
0.15547377 0.10611507 1.495
0.15807207 0.10611507 1.495
0.16067035 0.10611507 1.495
0.16326866 0.10611507 1.495
0.16586696 0.10611507 1.495
0.16812718 0.10590213 1.492
0.17072026 0.10590213 1.492
0.17331335 0.10590213 1.492
0.17590643 0.10590213 1.492
0.17849952 0.10590213 1.492
0.18109259 0.10590213 1.492
0.18368568 0.10590213 1.492
0.18627876 0.10590213 1.492
0.18887185 0.10590213 1.492
0.19146492 0.10590213 1.492
0.194058 0.10590213 1.492
0.19665109 0.10590213 1.492
0.19924417 0.10590213 1.492
0.20183726 0.10590213 1.492
0.20443033 0.10590213 1.492
0.20702341 0.10590213 1.492
0.2096165 0.10590213 1.492
0.23295423 0.10590213 1.492
0.23554732 0.10590213 1.492
0.23814039 0.10590213 1.492
0.24073347 0.10590213 1.492
0.24332656 0.10590213 1.492
0.24591964 0.10590213 1.492
0.24851272 0.10590213 1.492
-0.2431989 0.10922238 1.502
-0.24058844 0.10922238 1.502
-0.23797798 0.10922238 1.502
-0.23536752 0.10922238 1.502
-0.23275706 0.10922238 1.502
-0.2301466 0.10922238 1.502
-0.22753614 0.10922238 1.502
-0.22492567 0.10922238 1.502
-0.22231521 0.10922238 1.502
-0.20665245 0.10922238 1.502
-0.20404197 0.10922238 1.502
-0.20143151 0.10922238 1.502
-0.19882105 0.10922238 1.502
-0.1544432 0.10922238 1.502
-0.15183274 0.10922238 1.502
-0.14922228 0.10922238 1.502
-0.14661182 0.10922238 1.502
-0.14400136 0.10922238 1.502
-0.13841085 0.10893152 1.498
-0.13580735 0.10893152 1.498
-0.13320383 0.10893152 1.498
-0.13060032 0.10893152 1.498
-0.12799682 0.10893152 1.498
-0.1253933 0.10893152 1.498
-0.12278979 0.10893152 1.498
-0.12018628 0.10893152 1.498
-0.11758278 0.10893152 1.498
-0.11497927 0.10893152 1.498
-0.11237576 0.10893152 1.498
-0.10977224 0.10893152 1.498
-0.10716873 0.10893152 1.498
-0.10456523 0.10893152 1.498
-0.10196172 0.10893152 1.498
-0.099358208 0.10893152 1.498
-0.0967547 0.10893152 1.498
-0.094151184 0.10893152 1.498
-0.091547675 0.10893152 1.498
-0.088944167 0.10893152 1.498
-0.086340658 0.10893152 1.498
-0.08373715 0.10893152 1.498
-0.081133634 0.10893152 1.498
-0.078530125 0.10893152 1.498
-0.075926617 0.10893152 1.498
-0.073323108 0.10893152 1.498
-0.0707196 0.10893152 1.498
-0.068116091 0.10893152 1.498
-0.065512575 0.10893152 1.498
-0.03687397 0.10893152 1.498
-0.034270462 0.10893152 1.498
-0.031666949 0.10893152 1.498
-0.029063441 0.10893152 1.498
-0.0056318524 0.10893152 1.498
-0.0030283427 0.10893152 1.498
-0.00042483292 0.10893152 1.498
0.0021786769 0.10893152 1.498
0.0047821868 0.10893152 1.498
0.0073856968 0.10893152 1.498
0.0099892067 0.10893152 1.498
0.012592716 0.10893152 1.498
0.015196226 0.10893152 1.498
0.017799735 0.10893152 1.498
0.020403245 0.10893152 1.498
0.023006756 0.10893152 1.498
0.025610264 0.10893152 1.498
0.028157271 0.10871336 1.495
0.030755568 0.10871336 1.495
0.033353865 0.10871336 1.495
0.035952158 0.10871336 1.495
0.038550455 0.10871336 1.495
0.041148752 0.10871336 1.495
0.043747045 0.10871336 1.495
0.046345342 0.10871336 1.495
0.051541936 0.10871336 1.495
0.054140229 0.10871336 1.495
0.056738526 0.10871336 1.495
0.059336822 0.10871336 1.495
0.061935116 0.10871336 1.495
0.064533412 0.10871336 1.495
0.067131706 0.10871336 1.495
0.10090955 0.10871336 1.495
0.10350785 0.10871336 1.495
0.10610615 0.10871336 1.495
0.10870444 0.10871336 1.495
0.11130274 0.10871336 1.495
0.11390103 0.10871336 1.495
0.11649933 0.10871336 1.495
0.11909763 0.10871336 1.495
0.12169592 0.10871336 1.495
0.12429421 0.10871336 1.495
0.12689251 0.10871336 1.495
0.12949081 0.10871336 1.495
0.13208911 0.10871336 1.495
0.13468739 0.10871336 1.495
0.13728569 0.10871336 1.495
0.139884 0.10871336 1.495
0.14248228 0.10871336 1.495
0.14508058 0.10871336 1.495
0.14767888 0.10871336 1.495
0.15027718 0.10871336 1.495
0.15287547 0.10871336 1.495
0.15547377 0.10871336 1.495
0.15807207 0.10871336 1.495
0.16067035 0.10871336 1.495
0.16326866 0.10871336 1.495
0.16553411 0.10849521 1.492
0.16812718 0.10849521 1.492
0.17072026 0.10849521 1.492
0.17331335 0.10849521 1.492
0.17590643 0.10849521 1.492
0.17849952 0.10849521 1.492
0.18109259 0.10849521 1.492
0.18368568 0.10849521 1.492
0.18627876 0.10849521 1.492
0.18887185 0.10849521 1.492
0.19146492 0.10849521 1.492
0.194058 0.10849521 1.492
0.19665109 0.10849521 1.492
0.19924417 0.10849521 1.492
0.20183726 0.10849521 1.492
0.20443033 0.10849521 1.492
0.20702341 0.10849521 1.492
0.2096165 0.10849521 1.492
0.23036115 0.10849521 1.492
0.23295423 0.10849521 1.492
0.23554732 0.10849521 1.492
0.23814039 0.10849521 1.492
0.24073347 0.10849521 1.492
0.24332656 0.10849521 1.492
0.24591964 0.10849521 1.492
0.24851272 0.10849521 1.492
-0.24580936 0.11183285 1.502
-0.2431989 0.11183285 1.502
-0.24058844 0.11183285 1.502
-0.23797798 0.11183285 1.502
-0.23536752 0.11183285 1.502
-0.23275706 0.11183285 1.502
-0.2301466 0.11183285 1.502
-0.22753614 0.11183285 1.502
-0.22492567 0.11183285 1.502
-0.22231521 0.11183285 1.502
-0.21448383 0.11183285 1.502
-0.20926291 0.11183285 1.502
-0.20665245 0.11183285 1.502
-0.20404197 0.11183285 1.502
-0.20143151 0.11183285 1.502
-0.19882105 0.11183285 1.502
-0.1544432 0.11183285 1.502
-0.15183274 0.11183285 1.502
-0.14922228 0.11183285 1.502
-0.14661182 0.11183285 1.502
-0.13841085 0.11153503 1.498
-0.13580735 0.11153503 1.498
-0.13320383 0.11153503 1.498
-0.13060032 0.11153503 1.498
-0.12799682 0.11153503 1.498
-0.1253933 0.11153503 1.498
-0.12278979 0.11153503 1.498
-0.12018628 0.11153503 1.498
-0.11758278 0.11153503 1.498
-0.11497927 0.11153503 1.498
-0.11237576 0.11153503 1.498
-0.10977224 0.11153503 1.498
-0.10716873 0.11153503 1.498
-0.10456523 0.11153503 1.498
-0.10196172 0.11153503 1.498
-0.099358208 0.11153503 1.498
-0.0967547 0.11153503 1.498
-0.094151184 0.11153503 1.498
-0.091547675 0.11153503 1.498
-0.086340658 0.11153503 1.498
-0.075926617 0.11153503 1.498
-0.073323108 0.11153503 1.498
-0.0707196 0.11153503 1.498
-0.068116091 0.11153503 1.498
-0.065512575 0.11153503 1.498
-0.062909067 0.11153503 1.498
-0.03687397 0.11153503 1.498
-0.034270462 0.11153503 1.498
-0.031666949 0.11153503 1.498
-0.029063441 0.11153503 1.498
-0.02645993 0.11153503 1.498
-0.023856422 0.11153503 1.498
-0.021252912 0.11153503 1.498
-0.0030283427 0.11153503 1.498
0.0073856968 0.11153503 1.498
0.0099892067 0.11153503 1.498
0.012592716 0.11153503 1.498
0.015196226 0.11153503 1.498
0.017799735 0.11153503 1.498
0.020362385 0.11131166 1.495
0.02296068 0.11131166 1.495
0.025610264 0.11153503 1.498
0.028157271 0.11131166 1.495
0.030755568 0.11131166 1.495
0.033353865 0.11131166 1.495
0.035952158 0.11131166 1.495
0.038550455 0.11131166 1.495
0.041148752 0.11131166 1.495
0.043747045 0.11131166 1.495
0.046345342 0.11131166 1.495
0.051541936 0.11131166 1.495
0.054140229 0.11131166 1.495
0.056738526 0.11131166 1.495
0.059336822 0.11131166 1.495
0.061935116 0.11131166 1.495
0.064533412 0.11131166 1.495
0.067131706 0.11131166 1.495
0.069730006 0.11131166 1.495
0.10090955 0.11131166 1.495
0.10350785 0.11131166 1.495
0.10610615 0.11131166 1.495
0.10870444 0.11131166 1.495
0.11130274 0.11131166 1.495
0.11390103 0.11131166 1.495
0.11649933 0.11131166 1.495
0.11909763 0.11131166 1.495
0.12169592 0.11131166 1.495
0.12429421 0.11131166 1.495
0.12689251 0.11131166 1.495
0.12949081 0.11131166 1.495
0.13208911 0.11131166 1.495
0.13468739 0.11131166 1.495
0.13728569 0.11131166 1.495
0.139884 0.11131166 1.495
0.14248228 0.11131166 1.495
0.14508058 0.11131166 1.495
0.14767888 0.11131166 1.495
0.15027718 0.11131166 1.495
0.15287547 0.11131166 1.495
0.15547377 0.11131166 1.495
0.15807207 0.11131166 1.495
0.16034794 0.11108829 1.492
0.16294102 0.11108829 1.492
0.16553411 0.11108829 1.492
0.16812718 0.11108829 1.492
0.17072026 0.11108829 1.492
0.17331335 0.11108829 1.492
0.17590643 0.11108829 1.492
0.17849952 0.11108829 1.492
0.18109259 0.11108829 1.492
0.18368568 0.11108829 1.492
0.18627876 0.11108829 1.492
0.18887185 0.11108829 1.492
0.19146492 0.11108829 1.492
0.194058 0.11108829 1.492
0.19665109 0.11108829 1.492
0.19924417 0.11108829 1.492
0.20183726 0.11108829 1.492
0.20443033 0.11108829 1.492
0.20702341 0.11108829 1.492
0.2096165 0.11108829 1.492
0.21220958 0.11108829 1.492
0.21480265 0.11108829 1.492
0.23036115 0.11108829 1.492
0.23295423 0.11108829 1.492
0.23554732 0.11108829 1.492
0.23814039 0.11108829 1.492
0.24073347 0.11108829 1.492
0.24332656 0.11108829 1.492
0.24591964 0.11108829 1.492
0.24851272 0.11108829 1.492
-0.24580936 0.11444331 1.502
-0.2431989 0.11444331 1.502
-0.24058844 0.11444331 1.502
-0.23797798 0.11444331 1.502
-0.23536752 0.11444331 1.502
-0.23275706 0.11444331 1.502
-0.2301466 0.11444331 1.502
-0.22753614 0.11444331 1.502
-0.22492567 0.11444331 1.502
-0.22231521 0.11444331 1.502
-0.21970475 0.11444331 1.502
-0.21709429 0.11444331 1.502
-0.21448383 0.11444331 1.502
-0.21187337 0.11444331 1.502
-0.20926291 0.11444331 1.502
-0.20665245 0.11444331 1.502
-0.20404197 0.11444331 1.502
-0.20143151 0.11444331 1.502
-0.1544432 0.11444331 1.502
-0.15183274 0.11444331 1.502
-0.14922228 0.11444331 1.502
-0.14661182 0.11444331 1.502
-0.13580735 0.11413854 1.498
-0.13320383 0.11413854 1.498
-0.13060032 0.11413854 1.498
-0.12799682 0.11413854 1.498
-0.1253933 0.11413854 1.498
-0.12278979 0.11413854 1.498
-0.12018628 0.11413854 1.498
-0.11758278 0.11413854 1.498
-0.11497927 0.11413854 1.498
-0.11237576 0.11413854 1.498
-0.10977224 0.11413854 1.498
-0.10716873 0.11413854 1.498
-0.10456523 0.11413854 1.498
-0.10196172 0.11413854 1.498
-0.099358208 0.11413854 1.498
-0.0967547 0.11413854 1.498
-0.094151184 0.11413854 1.498
-0.091547675 0.11413854 1.498
-0.086340658 0.11413854 1.498
-0.073323108 0.11413854 1.498
-0.0707196 0.11413854 1.498
-0.068116091 0.11413854 1.498
-0.065512575 0.11413854 1.498
-0.062909067 0.11413854 1.498
-0.060305558 0.11413854 1.498
-0.039477479 0.11413854 1.498
-0.03687397 0.11413854 1.498
-0.034270462 0.11413854 1.498
-0.031666949 0.11413854 1.498
-0.029063441 0.11413854 1.498
-0.02645993 0.11413854 1.498
-0.023856422 0.11413854 1.498
-0.021252912 0.11413854 1.498
0.0099892067 0.11413854 1.498
0.012592716 0.11413854 1.498
0.015196226 0.11413854 1.498
0.017799735 0.11413854 1.498
0.020362385 0.11390995 1.495
0.02296068 0.11390995 1.495
0.025610264 0.11413854 1.498
0.028157271 0.11390995 1.495
0.030755568 0.11390995 1.495
0.033353865 0.11390995 1.495
0.035952158 0.11390995 1.495
0.038550455 0.11390995 1.495
0.041148752 0.11390995 1.495
0.043747045 0.11390995 1.495
0.046345342 0.11390995 1.495
0.048943639 0.11390995 1.495
0.051541936 0.11390995 1.495
0.054140229 0.11390995 1.495
0.056738526 0.11390995 1.495
0.059336822 0.11390995 1.495
0.061935116 0.11390995 1.495
0.064533412 0.11390995 1.495
0.067131706 0.11390995 1.495
0.069730006 0.11390995 1.495
0.072328299 0.11390995 1.495
0.0749266 0.11390995 1.495
0.10350785 0.11390995 1.495
0.10610615 0.11390995 1.495
0.10870444 0.11390995 1.495
0.11130274 0.11390995 1.495
0.11390103 0.11390995 1.495
0.11649933 0.11390995 1.495
0.11909763 0.11390995 1.495
0.12169592 0.11390995 1.495
0.12429421 0.11390995 1.495
0.12689251 0.11390995 1.495
0.12949081 0.11390995 1.495
0.13208911 0.11390995 1.495
0.13468739 0.11390995 1.495
0.13728569 0.11390995 1.495
0.139884 0.11390995 1.495
0.14248228 0.11390995 1.495
0.14508058 0.11390995 1.495
0.14767888 0.11390995 1.495
0.15027718 0.11390995 1.495
0.15287547 0.11390995 1.495
0.15547377 0.11390995 1.495
0.15775485 0.11368137 1.492
0.16034794 0.11368137 1.492
0.16294102 0.11368137 1.492
0.16553411 0.11368137 1.492
0.16812718 0.11368137 1.492
0.17072026 0.11368137 1.492
0.17331335 0.11368137 1.492
0.17590643 0.11368137 1.492
0.17849952 0.11368137 1.492
0.18109259 0.11368137 1.492
0.18368568 0.11368137 1.492
0.18627876 0.11368137 1.492
0.18887185 0.11368137 1.492
0.19146492 0.11368137 1.492
0.194058 0.11368137 1.492
0.19665109 0.11368137 1.492
0.19924417 0.11368137 1.492
0.20183726 0.11368137 1.492
0.20443033 0.11368137 1.492
0.20702341 0.11368137 1.492
0.2096165 0.11368137 1.492
0.21220958 0.11368137 1.492
0.23036115 0.11368137 1.492
0.23295423 0.11368137 1.492
0.23554732 0.11368137 1.492
0.23814039 0.11368137 1.492
0.24073347 0.11368137 1.492
0.24332656 0.11368137 1.492
0.24591964 0.11368137 1.492
0.24851272 0.11368137 1.492
-0.24841982 0.11705377 1.502
-0.24580936 0.11705377 1.502
-0.2431989 0.11705377 1.502
-0.24058844 0.11705377 1.502
-0.23797798 0.11705377 1.502
-0.23536752 0.11705377 1.502
-0.23275706 0.11705377 1.502
-0.2301466 0.11705377 1.502
-0.22753614 0.11705377 1.502
-0.22492567 0.11705377 1.502
-0.22231521 0.11705377 1.502
-0.21970475 0.11705377 1.502
-0.21709429 0.11705377 1.502
-0.21448383 0.11705377 1.502
-0.21187337 0.11705377 1.502
-0.20926291 0.11705377 1.502
-0.20665245 0.11705377 1.502
-0.20404197 0.11705377 1.502
-0.1544432 0.11705377 1.502
-0.15183274 0.11705377 1.502
-0.14922228 0.11705377 1.502
-0.13841085 0.11674204 1.498
-0.13580735 0.11674204 1.498
-0.13320383 0.11674204 1.498
-0.13060032 0.11674204 1.498
-0.12799682 0.11674204 1.498
-0.1253933 0.11674204 1.498
-0.12278979 0.11674204 1.498
-0.12018628 0.11674204 1.498
-0.11758278 0.11674204 1.498
-0.11497927 0.11674204 1.498
-0.11237576 0.11674204 1.498
-0.10977224 0.11674204 1.498
-0.10716873 0.11674204 1.498
-0.10456523 0.11674204 1.498
-0.10196172 0.11674204 1.498
-0.099358208 0.11674204 1.498
-0.0967547 0.11674204 1.498
-0.094151184 0.11674204 1.498
-0.091547675 0.11674204 1.498
-0.088944167 0.11674204 1.498
-0.086340658 0.11674204 1.498
-0.0707196 0.11674204 1.498
-0.068116091 0.11674204 1.498
-0.065512575 0.11674204 1.498
-0.062909067 0.11674204 1.498
-0.060305558 0.11674204 1.498
-0.03687397 0.11674204 1.498
-0.034270462 0.11674204 1.498
-0.031666949 0.11674204 1.498
-0.029063441 0.11674204 1.498
-0.02645993 0.11674204 1.498
-0.023856422 0.11674204 1.498
-0.021252912 0.11674204 1.498
-0.018649401 0.11674204 1.498
-0.013442382 0.11674204 1.498
-0.010838872 0.11674204 1.498
0.012592716 0.11674204 1.498
0.015196226 0.11674204 1.498
0.017799735 0.11674204 1.498
0.020362385 0.11650825 1.495
0.023006756 0.11674204 1.498
0.025610264 0.11674204 1.498
0.028157271 0.11650825 1.495
0.030755568 0.11650825 1.495
0.033353865 0.11650825 1.495
0.035952158 0.11650825 1.495
0.038550455 0.11650825 1.495
0.041148752 0.11650825 1.495
0.043747045 0.11650825 1.495
0.046345342 0.11650825 1.495
0.048943639 0.11650825 1.495
0.051541936 0.11650825 1.495
0.054140229 0.11650825 1.495
0.056738526 0.11650825 1.495
0.059336822 0.11650825 1.495
0.061935116 0.11650825 1.495
0.064533412 0.11650825 1.495
0.067131706 0.11650825 1.495
0.069730006 0.11650825 1.495
0.072328299 0.11650825 1.495
0.0749266 0.11650825 1.495
0.077524893 0.11650825 1.495
0.10350785 0.11650825 1.495
0.10610615 0.11650825 1.495
0.11130274 0.11650825 1.495
0.11390103 0.11650825 1.495
0.11649933 0.11650825 1.495
0.11909763 0.11650825 1.495
0.12169592 0.11650825 1.495
0.12429421 0.11650825 1.495
0.12689251 0.11650825 1.495
0.12949081 0.11650825 1.495
0.13208911 0.11650825 1.495
0.13468739 0.11650825 1.495
0.13728569 0.11650825 1.495
0.139884 0.11650825 1.495
0.14248228 0.11650825 1.495
0.14508058 0.11650825 1.495
0.14738253 0.11627445 1.492
0.14997561 0.11627445 1.492
0.1525687 0.11627445 1.492
0.15516178 0.11627445 1.492
0.15775485 0.11627445 1.492
0.16034794 0.11627445 1.492
0.16294102 0.11627445 1.492
0.16553411 0.11627445 1.492
0.16812718 0.11627445 1.492
0.17072026 0.11627445 1.492
0.17331335 0.11627445 1.492
0.17590643 0.11627445 1.492
0.17849952 0.11627445 1.492
0.18109259 0.11627445 1.492
0.18368568 0.11627445 1.492
0.18627876 0.11627445 1.492
0.18887185 0.11627445 1.492
0.19146492 0.11627445 1.492
0.194058 0.11627445 1.492
0.19665109 0.11627445 1.492
0.19924417 0.11627445 1.492
0.20183726 0.11627445 1.492
0.20443033 0.11627445 1.492
0.20702341 0.11627445 1.492
0.2096165 0.11627445 1.492
0.21220958 0.11627445 1.492
0.23036115 0.11627445 1.492
0.23295423 0.11627445 1.492
0.23554732 0.11627445 1.492
0.23814039 0.11627445 1.492
0.24073347 0.11627445 1.492
0.24332656 0.11627445 1.492
0.24591964 0.11627445 1.492
-0.24580936 0.11966423 1.502
-0.2431989 0.11966423 1.502
-0.24058844 0.11966423 1.502
-0.22231521 0.11966423 1.502
-0.21970475 0.11966423 1.502
-0.21709429 0.11966423 1.502
-0.21448383 0.11966423 1.502
-0.21187337 0.11966423 1.502
-0.20926291 0.11966423 1.502
-0.1544432 0.11966423 1.502
-0.15183274 0.11966423 1.502
-0.14922228 0.11966423 1.502
-0.13841085 0.11934555 1.498
-0.13580735 0.11934555 1.498
-0.13320383 0.11934555 1.498
-0.13060032 0.11934555 1.498
-0.12799682 0.11934555 1.498
-0.1253933 0.11934555 1.498
-0.12278979 0.11934555 1.498
-0.12018628 0.11934555 1.498
-0.11758278 0.11934555 1.498
-0.11497927 0.11934555 1.498
-0.11237576 0.11934555 1.498
-0.10977224 0.11934555 1.498
-0.10716873 0.11934555 1.498
-0.10456523 0.11934555 1.498
-0.10196172 0.11934555 1.498
-0.099358208 0.11934555 1.498
-0.0967547 0.11934555 1.498
-0.094151184 0.11934555 1.498
-0.091547675 0.11934555 1.498
-0.088944167 0.11934555 1.498
-0.086340658 0.11934555 1.498
-0.068116091 0.11934555 1.498
-0.065512575 0.11934555 1.498
-0.062909067 0.11934555 1.498
-0.060305558 0.11934555 1.498
-0.05770205 0.11934555 1.498
-0.03687397 0.11934555 1.498
-0.034270462 0.11934555 1.498
-0.031666949 0.11934555 1.498
-0.029063441 0.11934555 1.498
-0.02645993 0.11934555 1.498
-0.023856422 0.11934555 1.498
-0.021252912 0.11934555 1.498
-0.018649401 0.11934555 1.498
-0.016045893 0.11934555 1.498
-0.013442382 0.11934555 1.498
-0.010838872 0.11934555 1.498
-0.0082353624 0.11934555 1.498
-0.0056318524 0.11934555 1.498
-0.0030283427 0.11934555 1.498
0.012592716 0.11934555 1.498
0.015196226 0.11934555 1.498
0.017799735 0.11934555 1.498
0.020362385 0.11910655 1.495
0.023006756 0.11934555 1.498
0.025610264 0.11934555 1.498
0.028157271 0.11910655 1.495
0.030755568 0.11910655 1.495
0.033353865 0.11910655 1.495
0.035952158 0.11910655 1.495
0.038550455 0.11910655 1.495
0.041148752 0.11910655 1.495
0.043747045 0.11910655 1.495
0.046345342 0.11910655 1.495
0.048943639 0.11910655 1.495
0.051541936 0.11910655 1.495
0.054140229 0.11910655 1.495
0.056738526 0.11910655 1.495
0.059336822 0.11910655 1.495
0.067131706 0.11910655 1.495
0.069730006 0.11910655 1.495
0.072328299 0.11910655 1.495
0.0749266 0.11910655 1.495
0.077524893 0.11910655 1.495
0.080123186 0.11910655 1.495
0.11390103 0.11910655 1.495
0.11649933 0.11910655 1.495
0.11909763 0.11910655 1.495
0.12169592 0.11910655 1.495
0.12429421 0.11910655 1.495
0.12689251 0.11910655 1.495
0.12949081 0.11910655 1.495
0.13208911 0.11910655 1.495
0.13468739 0.11910655 1.495
0.13728569 0.11910655 1.495
0.139884 0.11910655 1.495
0.14248228 0.11910655 1.495
0.14508058 0.11910655 1.495
0.14738253 0.11886753 1.492
0.14997561 0.11886753 1.492
0.1525687 0.11886753 1.492
0.15516178 0.11886753 1.492
0.15775485 0.11886753 1.492
0.16034794 0.11886753 1.492
0.16294102 0.11886753 1.492
0.16553411 0.11886753 1.492
0.16812718 0.11886753 1.492
0.17072026 0.11886753 1.492
0.17331335 0.11886753 1.492
0.17626013 0.11910655 1.495
0.17885843 0.11910655 1.495
0.18145673 0.11910655 1.495
0.18405502 0.11910655 1.495
0.19665109 0.11886753 1.492
0.19924417 0.11886753 1.492
0.20183726 0.11886753 1.492
0.20443033 0.11886753 1.492
0.20702341 0.11886753 1.492
0.2096165 0.11886753 1.492
-0.2431989 0.1222747 1.502
-0.1544432 0.1222747 1.502
-0.15183274 0.1222747 1.502
-0.13841085 0.12194907 1.498
-0.13580735 0.12194907 1.498
-0.13320383 0.12194907 1.498
-0.13060032 0.12194907 1.498
-0.12799682 0.12194907 1.498
-0.1253933 0.12194907 1.498
-0.12278979 0.12194907 1.498
-0.12018628 0.12194907 1.498
-0.11758278 0.12194907 1.498
-0.11497927 0.12194907 1.498
-0.11237576 0.12194907 1.498
-0.10977224 0.12194907 1.498
-0.10716873 0.12194907 1.498
-0.10456523 0.12194907 1.498
-0.10196172 0.12194907 1.498
-0.099358208 0.12194907 1.498
-0.0967547 0.12194907 1.498
-0.094151184 0.12194907 1.498
-0.091547675 0.12194907 1.498
-0.088944167 0.12194907 1.498
-0.086340658 0.12194907 1.498
-0.08373715 0.12194907 1.498
-0.0707196 0.12194907 1.498
-0.068116091 0.12194907 1.498
-0.065512575 0.12194907 1.498
-0.062909067 0.12194907 1.498
-0.060305558 0.12194907 1.498
-0.05770205 0.12194907 1.498
-0.039477479 0.12194907 1.498
-0.03687397 0.12194907 1.498
-0.034270462 0.12194907 1.498
-0.031666949 0.12194907 1.498
-0.029063441 0.12194907 1.498
-0.02645993 0.12194907 1.498
-0.016045893 0.12194907 1.498
-0.013442382 0.12194907 1.498
-0.010838872 0.12194907 1.498
-0.0082353624 0.12194907 1.498
-0.0056318524 0.12194907 1.498
-0.0030283427 0.12194907 1.498
0.012592716 0.12194907 1.498
0.015196226 0.12194907 1.498
0.017799735 0.12194907 1.498
0.020362385 0.12170484 1.495
0.023006756 0.12194907 1.498
0.025558976 0.12170484 1.495
0.028157271 0.12170484 1.495
0.030755568 0.12170484 1.495
0.033353865 0.12170484 1.495
0.035952158 0.12170484 1.495
0.038550455 0.12170484 1.495
0.041148752 0.12170484 1.495
0.043747045 0.12170484 1.495
0.046345342 0.12170484 1.495
0.048943639 0.12170484 1.495
0.051541936 0.12170484 1.495
0.0749266 0.12170484 1.495
0.077524893 0.12170484 1.495
0.080123186 0.12170484 1.495
0.082721487 0.12170484 1.495
0.11390103 0.12170484 1.495
0.11649933 0.12170484 1.495
0.11909763 0.12170484 1.495
0.12169592 0.12170484 1.495
0.12429421 0.12170484 1.495
0.12689251 0.12170484 1.495
0.12949081 0.12170484 1.495
0.13208911 0.12170484 1.495
0.13468739 0.12170484 1.495
0.13728569 0.12170484 1.495
0.139884 0.12170484 1.495
0.14248228 0.12170484 1.495
0.14508058 0.12170484 1.495
0.14738253 0.12146062 1.492
0.14997561 0.12146062 1.492
0.1525687 0.12146062 1.492
0.15516178 0.12146062 1.492
0.15775485 0.12146062 1.492
0.16034794 0.12146062 1.492
0.16294102 0.12146062 1.492
0.16553411 0.12146062 1.492
0.16812718 0.12146062 1.492
0.17072026 0.12146062 1.492
0.17331335 0.12146062 1.492
0.17626013 0.12170484 1.495
0.17885843 0.12170484 1.495
0.18145673 0.12170484 1.495
0.18405502 0.12170484 1.495
-0.15705366 0.12488516 1.502
-0.1544432 0.12488516 1.502
-0.15183274 0.12488516 1.502
-0.13580735 0.12455258 1.498
-0.13320383 0.12455258 1.498
-0.13060032 0.12455258 1.498
-0.12799682 0.12455258 1.498
-0.1253933 0.12455258 1.498
-0.12278979 0.12455258 1.498
-0.12018628 0.12455258 1.498
-0.11758278 0.12455258 1.498
-0.11497927 0.12455258 1.498
-0.11237576 0.12455258 1.498
-0.10977224 0.12455258 1.498
-0.10716873 0.12455258 1.498
-0.10456523 0.12455258 1.498
-0.10196172 0.12455258 1.498
-0.099358208 0.12455258 1.498
-0.0967547 0.12455258 1.498
-0.094151184 0.12455258 1.498
-0.091547675 0.12455258 1.498
-0.088944167 0.12455258 1.498
-0.086340658 0.12455258 1.498
-0.08373715 0.12455258 1.498
-0.081133634 0.12455258 1.498
-0.078530125 0.12455258 1.498
-0.073323108 0.12455258 1.498
-0.0707196 0.12455258 1.498
-0.068116091 0.12455258 1.498
-0.065512575 0.12455258 1.498
-0.062909067 0.12455258 1.498
-0.034270462 0.12455258 1.498
-0.016045893 0.12455258 1.498
-0.013442382 0.12455258 1.498
-0.010838872 0.12455258 1.498
-0.0082353624 0.12455258 1.498
-0.0056318524 0.12455258 1.498
-0.0030283427 0.12455258 1.498
0.012592716 0.12455258 1.498
0.015196226 0.12455258 1.498
0.017799735 0.12455258 1.498
0.020362385 0.12430314 1.495
0.02296068 0.12430314 1.495
0.025558976 0.12430314 1.495
0.028157271 0.12430314 1.495
0.030755568 0.12430314 1.495
0.033353865 0.12430314 1.495
0.035952158 0.12430314 1.495
0.038550455 0.12430314 1.495
0.041148752 0.12430314 1.495
0.043747045 0.12430314 1.495
0.046345342 0.12430314 1.495
0.048943639 0.12430314 1.495
0.051541936 0.12430314 1.495
0.0749266 0.12430314 1.495
0.077524893 0.12430314 1.495
0.080123186 0.12430314 1.495
0.082721487 0.12430314 1.495
0.08531978 0.12430314 1.495
0.11130274 0.12430314 1.495
0.11390103 0.12430314 1.495
0.11649933 0.12430314 1.495
0.11909763 0.12430314 1.495
0.12169592 0.12430314 1.495
0.12429421 0.12430314 1.495
0.12689251 0.12430314 1.495
0.12949081 0.12430314 1.495
0.13208911 0.12430314 1.495
0.13468739 0.12430314 1.495
0.13728569 0.12430314 1.495
0.139884 0.12430314 1.495
0.14248228 0.12430314 1.495
0.14508058 0.12430314 1.495
0.14767888 0.12430314 1.495
0.14997561 0.12405369 1.492
0.1525687 0.12405369 1.492
0.15516178 0.12405369 1.492
0.15775485 0.12405369 1.492
0.16034794 0.12405369 1.492
0.16294102 0.12405369 1.492
0.16553411 0.12405369 1.492
0.16812718 0.12405369 1.492
0.17072026 0.12405369 1.492
0.17331335 0.12405369 1.492
0.17626013 0.12430314 1.495
0.17885843 0.12430314 1.495
0.18145673 0.12430314 1.495
-0.15966412 0.12749562 1.502
-0.15705366 0.12749562 1.502
-0.1544432 0.12749562 1.502
-0.13580735 0.12715609 1.498
-0.13320383 0.12715609 1.498
-0.13060032 0.12715609 1.498
-0.12799682 0.12715609 1.498
-0.1253933 0.12715609 1.498
-0.12278979 0.12715609 1.498
-0.12018628 0.12715609 1.498
-0.11758278 0.12715609 1.498
-0.11497927 0.12715609 1.498
-0.11237576 0.12715609 1.498
-0.10977224 0.12715609 1.498
-0.10716873 0.12715609 1.498
-0.10456523 0.12715609 1.498
-0.10196172 0.12715609 1.498
-0.099358208 0.12715609 1.498
-0.0967547 0.12715609 1.498
-0.094151184 0.12715609 1.498
-0.091547675 0.12715609 1.498
-0.088944167 0.12715609 1.498
-0.086340658 0.12715609 1.498
-0.08373715 0.12715609 1.498
-0.081133634 0.12715609 1.498
-0.078530125 0.12715609 1.498
-0.075926617 0.12715609 1.498
-0.073323108 0.12715609 1.498
-0.0707196 0.12715609 1.498
-0.068116091 0.12715609 1.498
-0.065512575 0.12715609 1.498
-0.062909067 0.12715609 1.498
-0.010838872 0.12715609 1.498
-0.0082353624 0.12715609 1.498
-0.0056318524 0.12715609 1.498
-0.0030283427 0.12715609 1.498
0.012592716 0.12715609 1.498
0.015196226 0.12715609 1.498
0.017799735 0.12715609 1.498
0.020362385 0.12690143 1.495
0.02296068 0.12690143 1.495
0.025558976 0.12690143 1.495
0.028157271 0.12690143 1.495
0.030755568 0.12690143 1.495
0.033353865 0.12690143 1.495
0.035952158 0.12690143 1.495
0.038550455 0.12690143 1.495
0.041148752 0.12690143 1.495
0.043747045 0.12690143 1.495
0.046345342 0.12690143 1.495
0.048943639 0.12690143 1.495
0.0749266 0.12690143 1.495
0.077524893 0.12690143 1.495
0.080123186 0.12690143 1.495
0.082721487 0.12690143 1.495
0.08531978 0.12690143 1.495
0.10870444 0.12690143 1.495
0.11130274 0.12690143 1.495
0.11390103 0.12690143 1.495
0.11649933 0.12690143 1.495
0.11909763 0.12690143 1.495
0.12169592 0.12690143 1.495
0.12429421 0.12690143 1.495
0.12689251 0.12690143 1.495
0.12949081 0.12690143 1.495
0.13208911 0.12690143 1.495
0.13468739 0.12690143 1.495
0.13728569 0.12690143 1.495
0.139884 0.12690143 1.495
0.14248228 0.12690143 1.495
0.14508058 0.12690143 1.495
0.14767888 0.12690143 1.495
0.15027718 0.12690143 1.495
0.1525687 0.12664677 1.492
0.15516178 0.12664677 1.492
0.15775485 0.12664677 1.492
0.16034794 0.12664677 1.492
0.16294102 0.12664677 1.492
0.16553411 0.12664677 1.492
0.16812718 0.12664677 1.492
0.17072026 0.12664677 1.492
0.17331335 0.12664677 1.492
0.17626013 0.12690143 1.495
0.17885843 0.12690143 1.495
0.18145673 0.12690143 1.495
-0.15966412 0.13010608 1.502
-0.15705366 0.13010608 1.502
-0.1544432 0.13010608 1.502
-0.13060032 0.12975959 1.498
-0.12799682 0.12975959 1.498
-0.1253933 0.12975959 1.498
-0.12278979 0.12975959 1.498
-0.12018628 0.12975959 1.498
-0.11758278 0.12975959 1.498
-0.11497927 0.12975959 1.498
-0.11237576 0.12975959 1.498
-0.10977224 0.12975959 1.498
-0.10716873 0.12975959 1.498
-0.10456523 0.12975959 1.498
-0.0967547 0.12975959 1.498
-0.094151184 0.12975959 1.498
-0.091547675 0.12975959 1.498
-0.088944167 0.12975959 1.498
-0.086340658 0.12975959 1.498
-0.08373715 0.12975959 1.498
-0.081133634 0.12975959 1.498
-0.078530125 0.12975959 1.498
-0.075926617 0.12975959 1.498
-0.073323108 0.12975959 1.498
-0.0707196 0.12975959 1.498
-0.068116091 0.12975959 1.498
-0.065512575 0.12975959 1.498
-0.013442382 0.12975959 1.498
-0.010838872 0.12975959 1.498
-0.0082353624 0.12975959 1.498
-0.0056318524 0.12975959 1.498
0.012592716 0.12975959 1.498
0.015196226 0.12975959 1.498
0.017764088 0.12949973 1.495
0.020362385 0.12949973 1.495
0.02296068 0.12949973 1.495
0.025558976 0.12949973 1.495
0.028157271 0.12949973 1.495
0.030755568 0.12949973 1.495
0.033353865 0.12949973 1.495
0.035952158 0.12949973 1.495
0.038550455 0.12949973 1.495
0.041148752 0.12949973 1.495
0.043747045 0.12949973 1.495
0.046345342 0.12949973 1.495
0.048943639 0.12949973 1.495
0.0749266 0.12949973 1.495
0.077524893 0.12949973 1.495
0.080123186 0.12949973 1.495
0.082721487 0.12949973 1.495
0.10610615 0.12949973 1.495
0.10870444 0.12949973 1.495
0.11130274 0.12949973 1.495
0.11390103 0.12949973 1.495
0.11649933 0.12949973 1.495
0.11909763 0.12949973 1.495
0.12169592 0.12949973 1.495
0.12429421 0.12949973 1.495
0.12689251 0.12949973 1.495
0.12949081 0.12949973 1.495
0.13208911 0.12949973 1.495
0.13468739 0.12949973 1.495
0.13728569 0.12949973 1.495
0.139884 0.12949973 1.495
0.14248228 0.12949973 1.495
0.14508058 0.12949973 1.495
0.14767888 0.12949973 1.495
0.15027718 0.12949973 1.495
0.15287547 0.12949973 1.495
0.15516178 0.12923986 1.492
0.15775485 0.12923986 1.492
0.16034794 0.12923986 1.492
0.16294102 0.12923986 1.492
0.16553411 0.12923986 1.492
0.16812718 0.12923986 1.492
0.17072026 0.12923986 1.492
0.17331335 0.12923986 1.492
0.17590643 0.12923986 1.492
0.17849952 0.12923986 1.492
-0.15966412 0.13271654 1.502
-0.12278979 0.13236311 1.498
-0.12018628 0.13236311 1.498
-0.11758278 0.13236311 1.498
-0.11497927 0.13236311 1.498
-0.11237576 0.13236311 1.498
-0.10977224 0.13236311 1.498
-0.10716873 0.13236311 1.498
-0.086340658 0.13236311 1.498
-0.08373715 0.13236311 1.498
-0.081133634 0.13236311 1.498
-0.078530125 0.13236311 1.498
-0.075926617 0.13236311 1.498
-0.073323108 0.13236311 1.498
-0.0707196 0.13236311 1.498
-0.013442382 0.13236311 1.498
-0.010838872 0.13236311 1.498
-0.0082353624 0.13236311 1.498
-0.0056318524 0.13236311 1.498
0.0099892067 0.13236311 1.498
0.012592716 0.13236311 1.498
0.015196226 0.13236311 1.498
0.017764088 0.13209802 1.495
0.020362385 0.13209802 1.495
0.02296068 0.13209802 1.495
0.025558976 0.13209802 1.495
0.028157271 0.13209802 1.495
0.030755568 0.13209802 1.495
0.033353865 0.13209802 1.495
0.035952158 0.13209802 1.495
0.038550455 0.13209802 1.495
0.041148752 0.13209802 1.495
0.043747045 0.13209802 1.495
0.046345342 0.13209802 1.495
0.0749266 0.13209802 1.495
0.077524893 0.13209802 1.495
0.080123186 0.13209802 1.495
0.10610615 0.13209802 1.495
0.10870444 0.13209802 1.495
0.11130274 0.13209802 1.495
0.11390103 0.13209802 1.495
0.11649933 0.13209802 1.495
0.12429421 0.13209802 1.495
0.12689251 0.13209802 1.495
0.12949081 0.13209802 1.495
0.13208911 0.13209802 1.495
0.13468739 0.13209802 1.495
0.13728569 0.13209802 1.495
0.139884 0.13209802 1.495
0.14248228 0.13209802 1.495
0.14508058 0.13209802 1.495
0.14767888 0.13209802 1.495
0.15027718 0.13209802 1.495
0.15287547 0.13209802 1.495
0.15547377 0.13209802 1.495
0.15775485 0.13183294 1.492
0.16034794 0.13183294 1.492
0.16294102 0.13183294 1.492
0.16553411 0.13183294 1.492
0.16812718 0.13183294 1.492
0.17072026 0.13183294 1.492
0.17331335 0.13183294 1.492
0.17590643 0.13183294 1.492
0.17849952 0.13183294 1.492
0.18109259 0.13183294 1.492
-0.11497927 0.13496661 1.498
-0.11237576 0.13496661 1.498
-0.10977224 0.13496661 1.498
-0.10716873 0.13496661 1.498
-0.10456523 0.13496661 1.498
-0.010838872 0.13496661 1.498
-0.0082353624 0.13496661 1.498
-0.0056318524 0.13496661 1.498
0.0099892067 0.13496661 1.498
0.012592716 0.13496661 1.498
0.015165793 0.13469632 1.495
0.017764088 0.13469632 1.495
0.020362385 0.13469632 1.495
0.02296068 0.13469632 1.495
0.025558976 0.13469632 1.495
0.028157271 0.13469632 1.495
0.030755568 0.13469632 1.495
0.033353865 0.13469632 1.495
0.035952158 0.13469632 1.495
0.038550455 0.13469632 1.495
0.041148752 0.13469632 1.495
0.043747045 0.13469632 1.495
0.0749266 0.13469632 1.495
0.077524893 0.13469632 1.495
0.080123186 0.13469632 1.495
0.10350785 0.13469632 1.495
0.10610615 0.13469632 1.495
0.10870444 0.13469632 1.495
0.11130274 0.13469632 1.495
0.11390103 0.13469632 1.495
0.12429421 0.13469632 1.495
0.12689251 0.13469632 1.495
0.12949081 0.13469632 1.495
0.13208911 0.13469632 1.495
0.13468739 0.13469632 1.495
0.13728569 0.13469632 1.495
0.139884 0.13469632 1.495
0.14248228 0.13469632 1.495
0.14508058 0.13469632 1.495
0.14767888 0.13469632 1.495
0.15027718 0.13469632 1.495
0.15287547 0.13469632 1.495
0.15547377 0.13469632 1.495
0.15807207 0.13469632 1.495
0.16034794 0.13442603 1.492
0.16294102 0.13442603 1.492
0.16553411 0.13442603 1.492
0.16812718 0.13442603 1.492
0.17072026 0.13442603 1.492
0.17331335 0.13442603 1.492
0.17590643 0.13442603 1.492
0.17849952 0.13442603 1.492
0.18109259 0.13442603 1.492
0.18368568 0.13442603 1.492
-0.19882105 0.13793747 1.502
-0.19621059 0.13793747 1.502
-0.19360013 0.13793747 1.502
-0.17793736 0.13793747 1.502
-0.11237576 0.13757013 1.498
-0.10977224 0.13757013 1.498
-0.10716873 0.13757013 1.498
-0.10456523 0.13757013 1.498
-0.013415461 0.13729462 1.495
-0.010838872 0.13757013 1.498
-0.0082353624 0.13757013 1.498
-0.0056318524 0.13757013 1.498
0.0099892067 0.13757013 1.498
0.012592716 0.13757013 1.498
0.015165793 0.13729462 1.495
0.017764088 0.13729462 1.495
0.020362385 0.13729462 1.495
0.02296068 0.13729462 1.495
0.025558976 0.13729462 1.495
0.041148752 0.13729462 1.495
0.0749266 0.13729462 1.495
0.077524893 0.13729462 1.495
0.080123186 0.13729462 1.495
0.10350785 0.13729462 1.495
0.10610615 0.13729462 1.495
0.10870444 0.13729462 1.495
0.11130274 0.13729462 1.495
0.12429421 0.13729462 1.495
0.12689251 0.13729462 1.495
0.12949081 0.13729462 1.495
0.13208911 0.13729462 1.495
0.13468739 0.13729462 1.495
0.13728569 0.13729462 1.495
0.139884 0.13729462 1.495
0.14248228 0.13729462 1.495
0.14508058 0.13729462 1.495
0.14767888 0.13729462 1.495
0.15027718 0.13729462 1.495
0.15287547 0.13729462 1.495
0.15547377 0.13729462 1.495
0.15807207 0.13729462 1.495
0.16067035 0.13729462 1.495
0.16326866 0.13729462 1.495
0.16586696 0.13729462 1.495
0.16846524 0.13729462 1.495
0.17106354 0.13729462 1.495
0.17331335 0.13701911 1.492
0.17590643 0.13701911 1.492
0.17849952 0.13701911 1.492
0.18109259 0.13701911 1.492
0.18368568 0.13701911 1.492
0.18627876 0.13701911 1.492
-0.24841982 0.14054793 1.502
-0.20143151 0.14054793 1.502
-0.19882105 0.14054793 1.502
-0.19621059 0.14054793 1.502
-0.19360013 0.14054793 1.502
-0.19098967 0.14054793 1.502
-0.18576875 0.14054793 1.502
-0.18315829 0.14054793 1.502
-0.18054782 0.14054793 1.502
-0.17793736 0.14054793 1.502
-0.1753269 0.14054793 1.502
-0.17271644 0.14054793 1.502
-0.17010598 0.14054793 1.502
-0.10977224 0.14017363 1.498
-0.10716873 0.14017363 1.498
-0.10456523 0.14017363 1.498
-0.013415461 0.13989291 1.495
-0.010817165 0.13989291 1.495
-0.0082353624 0.14017363 1.498
-0.0056318524 0.14017363 1.498
-0.0030283427 0.14017363 1.498
0.0073856968 0.14017363 1.498
0.0099892067 0.14017363 1.498
0.012592716 0.14017363 1.498
0.015165793 0.13989291 1.495
0.017764088 0.13989291 1.495
0.020362385 0.13989291 1.495
0.02296068 0.13989291 1.495
0.0749266 0.13989291 1.495
0.077524893 0.13989291 1.495
0.080123186 0.13989291 1.495
0.10350785 0.13989291 1.495
0.10610615 0.13989291 1.495
0.10870444 0.13989291 1.495
0.12429421 0.13989291 1.495
0.12689251 0.13989291 1.495
0.12949081 0.13989291 1.495
0.13208911 0.13989291 1.495
0.13468739 0.13989291 1.495
0.13728569 0.13989291 1.495
0.139884 0.13989291 1.495
0.14248228 0.13989291 1.495
0.14508058 0.13989291 1.495
0.14767888 0.13989291 1.495
0.15027718 0.13989291 1.495
0.15287547 0.13989291 1.495
0.15547377 0.13989291 1.495
0.15807207 0.13989291 1.495
0.16067035 0.13989291 1.495
0.16326866 0.13989291 1.495
0.16586696 0.13989291 1.495
0.16846524 0.13989291 1.495
0.17106354 0.13989291 1.495
0.17366184 0.13989291 1.495
0.17590643 0.13961218 1.492
0.17849952 0.13961218 1.492
0.18109259 0.13961218 1.492
0.18368568 0.13961218 1.492
0.18627876 0.13961218 1.492
-0.24841982 0.14315839 1.502
-0.20143151 0.14315839 1.502
-0.19882105 0.14315839 1.502
-0.19621059 0.14315839 1.502
-0.19360013 0.14315839 1.502
-0.19098967 0.14315839 1.502
-0.18837921 0.14315839 1.502
-0.18576875 0.14315839 1.502
-0.18315829 0.14315839 1.502
-0.18054782 0.14315839 1.502
-0.17793736 0.14315839 1.502
-0.1753269 0.14315839 1.502
-0.17271644 0.14315839 1.502
-0.17010598 0.14315839 1.502
-0.10716873 0.14277714 1.498
-0.10456523 0.14277714 1.498
-0.10196172 0.14277714 1.498
-0.034270462 0.14277714 1.498
-0.031666949 0.14277714 1.498
-0.016013756 0.14249121 1.495
-0.013415461 0.14249121 1.495
-0.010817165 0.14249121 1.495
-0.0082188696 0.14249121 1.495
-0.0056318524 0.14277714 1.498
-0.0030283427 0.14277714 1.498
-0.00042483292 0.14277714 1.498
0.0047821868 0.14277714 1.498
0.0073856968 0.14277714 1.498
0.0099892067 0.14277714 1.498
0.012592716 0.14277714 1.498
0.015165793 0.14249121 1.495
0.017764088 0.14249121 1.495
0.020362385 0.14249121 1.495
0.0749266 0.14249121 1.495
0.077524893 0.14249121 1.495
0.080123186 0.14249121 1.495
0.10350785 0.14249121 1.495
0.10610615 0.14249121 1.495
0.12429421 0.14249121 1.495
0.12689251 0.14249121 1.495
0.12949081 0.14249121 1.495
0.13208911 0.14249121 1.495
0.13468739 0.14249121 1.495
0.13728569 0.14249121 1.495
0.139884 0.14249121 1.495
0.14248228 0.14249121 1.495
0.14508058 0.14249121 1.495
0.14767888 0.14249121 1.495
0.15027718 0.14249121 1.495
0.15287547 0.14249121 1.495
0.15547377 0.14249121 1.495
0.15807207 0.14249121 1.495
0.16067035 0.14249121 1.495
0.16326866 0.14249121 1.495
0.16586696 0.14249121 1.495
0.16846524 0.14249121 1.495
0.17106354 0.14249121 1.495
0.17366184 0.14249121 1.495
0.17849952 0.14220527 1.492
0.18109259 0.14220527 1.492
0.18368568 0.14220527 1.492
0.18627876 0.14220527 1.492
-0.24841982 0.14576885 1.502
-0.20404197 0.14576885 1.502
-0.20143151 0.14576885 1.502
-0.19882105 0.14576885 1.502
-0.19621059 0.14576885 1.502
-0.19360013 0.14576885 1.502
-0.19098967 0.14576885 1.502
-0.18837921 0.14576885 1.502
-0.18576875 0.14576885 1.502
-0.18315829 0.14576885 1.502
-0.18054782 0.14576885 1.502
-0.17793736 0.14576885 1.502
-0.1753269 0.14576885 1.502
-0.17271644 0.14576885 1.502
-0.17010598 0.14576885 1.502
-0.10456523 0.14538066 1.498
-0.10196172 0.14538066 1.498
-0.099358208 0.14538066 1.498
-0.03687397 0.14538066 1.498
-0.034270462 0.14538066 1.498
-0.031666949 0.14538066 1.498
-0.029063441 0.14538066 1.498
-0.016013756 0.14508951 1.495
-0.013415461 0.14508951 1.495
-0.010817165 0.14508951 1.495
-0.0082188696 0.14508951 1.495
-0.0056205736 0.14508951 1.495
-0.0030283427 0.14538066 1.498
-0.00042483292 0.14538066 1.498
0.0021786769 0.14538066 1.498
0.0047821868 0.14538066 1.498
0.0073856968 0.14538066 1.498
0.0099892067 0.14538066 1.498
0.012592716 0.14538066 1.498
0.015165793 0.14508951 1.495
0.017764088 0.14508951 1.495
0.0749266 0.14508951 1.495
0.077524893 0.14508951 1.495
0.080123186 0.14508951 1.495
0.10090955 0.14508951 1.495
0.10350785 0.14508951 1.495
0.12169592 0.14508951 1.495
0.12429421 0.14508951 1.495
0.12689251 0.14508951 1.495
0.12949081 0.14508951 1.495
0.13208911 0.14508951 1.495
0.13468739 0.14508951 1.495
0.13728569 0.14508951 1.495
0.139884 0.14508951 1.495
0.14248228 0.14508951 1.495
0.14508058 0.14508951 1.495
0.14767888 0.14508951 1.495
0.15027718 0.14508951 1.495
0.15287547 0.14508951 1.495
0.15547377 0.14508951 1.495
0.15807207 0.14508951 1.495
0.16067035 0.14508951 1.495
0.16326866 0.14508951 1.495
0.16586696 0.14508951 1.495
0.16846524 0.14508951 1.495
0.17106354 0.14508951 1.495
0.17849952 0.14479835 1.492
0.18109259 0.14479835 1.492
0.18368568 0.14479835 1.492
0.18627876 0.14479835 1.492
-0.24841982 0.14837931 1.502
-0.24580936 0.14837931 1.502
-0.20665245 0.14837931 1.502
-0.20404197 0.14837931 1.502
-0.20143151 0.14837931 1.502
-0.19882105 0.14837931 1.502
-0.19621059 0.14837931 1.502
-0.19360013 0.14837931 1.502
-0.19098967 0.14837931 1.502
-0.18837921 0.14837931 1.502
-0.18576875 0.14837931 1.502
-0.18315829 0.14837931 1.502
-0.18054782 0.14837931 1.502
-0.17793736 0.14837931 1.502
-0.1753269 0.14837931 1.502
-0.17271644 0.14837931 1.502
-0.17010598 0.14837931 1.502
-0.16749552 0.14837931 1.502
-0.10456523 0.14798416 1.498
-0.10196172 0.14798416 1.498
-0.099358208 0.14798416 1.498
-0.0967547 0.14798416 1.498
-0.039477479 0.14798416 1.498
-0.03687397 0.14798416 1.498
-0.034270462 0.14798416 1.498
-0.031666949 0.14798416 1.498
-0.029063441 0.14798416 1.498
-0.02645993 0.14798416 1.498
-0.018612053 0.14768779 1.495
-0.016013756 0.14768779 1.495
-0.013415461 0.14768779 1.495
-0.010817165 0.14768779 1.495
-0.0082188696 0.14768779 1.495
-0.0056205736 0.14768779 1.495
-0.003022278 0.14768779 1.495
-0.00042483292 0.14798416 1.498
0.0021786769 0.14798416 1.498
0.0047821868 0.14798416 1.498
0.0073856968 0.14798416 1.498
0.0099892067 0.14798416 1.498
0.012567497 0.14768779 1.495
0.015165793 0.14768779 1.495
0.017764088 0.14768779 1.495
0.0749266 0.14768779 1.495
0.077524893 0.14768779 1.495
0.080123186 0.14768779 1.495
0.09831126 0.14768779 1.495
0.10090955 0.14768779 1.495
0.10350785 0.14768779 1.495
0.12169592 0.14768779 1.495
0.12429421 0.14768779 1.495
0.12689251 0.14768779 1.495
0.12949081 0.14768779 1.495
0.13208911 0.14768779 1.495
0.13468739 0.14768779 1.495
0.13728569 0.14768779 1.495
0.139884 0.14768779 1.495
0.14248228 0.14768779 1.495
0.14508058 0.14768779 1.495
0.14767888 0.14768779 1.495
0.15027718 0.14768779 1.495
0.15287547 0.14768779 1.495
0.15547377 0.14768779 1.495
0.15807207 0.14768779 1.495
0.16067035 0.14768779 1.495
0.16326866 0.14768779 1.495
0.16586696 0.14768779 1.495
0.16846524 0.14768779 1.495
0.17106354 0.14768779 1.495
0.17849952 0.14739144 1.492
0.18109259 0.14739144 1.492
0.18368568 0.14739144 1.492
0.18627876 0.14739144 1.492
0.194058 0.14739144 1.492
0.19665109 0.14739144 1.492
-0.24841982 0.15098977 1.502
-0.21187337 0.15098977 1.502
-0.20926291 0.15098977 1.502
-0.20665245 0.15098977 1.502
-0.20404197 0.15098977 1.502
-0.20143151 0.15098977 1.502
-0.19882105 0.15098977 1.502
-0.19360013 0.15098977 1.502
-0.19098967 0.15098977 1.502
-0.18837921 0.15098977 1.502
-0.18576875 0.15098977 1.502
-0.18315829 0.15098977 1.502
-0.18054782 0.15098977 1.502
-0.17793736 0.15098977 1.502
-0.1753269 0.15098977 1.502
-0.17271644 0.15098977 1.502
-0.17010598 0.15098977 1.502
-0.16749552 0.15098977 1.502
-0.10196172 0.15058768 1.498
-0.099358208 0.15058768 1.498
-0.0967547 0.15058768 1.498
-0.094151184 0.15058768 1.498
-0.091547675 0.15058768 1.498
-0.088944167 0.15058768 1.498
-0.086340658 0.15058768 1.498
-0.08373715 0.15058768 1.498
-0.039477479 0.15058768 1.498
-0.03687397 0.15058768 1.498
-0.034270462 0.15058768 1.498
-0.031666949 0.15058768 1.498
-0.029063441 0.15058768 1.498
-0.02645993 0.15058768 1.498
-0.023856422 0.15058768 1.498
-0.018612053 0.15028609 1.495
-0.016013756 0.15028609 1.495
-0.013415461 0.15028609 1.495
-0.010817165 0.15028609 1.495
-0.0082188696 0.15028609 1.495
-0.0056205736 0.15028609 1.495
-0.003022278 0.15028609 1.495
-0.00042483292 0.15058768 1.498
0.0021786769 0.15058768 1.498
0.0047821868 0.15058768 1.498
0.0073856968 0.15058768 1.498
0.0099892067 0.15058768 1.498
0.012592716 0.15058768 1.498
0.015165793 0.15028609 1.495
0.017764088 0.15028609 1.495
0.0749266 0.15028609 1.495
0.077524893 0.15028609 1.495
0.080123186 0.15028609 1.495
0.082721487 0.15028609 1.495
0.09571296 0.15028609 1.495
0.09831126 0.15028609 1.495
0.10090955 0.15028609 1.495
0.10350785 0.15028609 1.495
0.11909763 0.15028609 1.495
0.12169592 0.15028609 1.495
0.12429421 0.15028609 1.495
0.12689251 0.15028609 1.495
0.12949081 0.15028609 1.495
0.13208911 0.15028609 1.495
0.13468739 0.15028609 1.495
0.13728569 0.15028609 1.495
0.14248228 0.15028609 1.495
0.14508058 0.15028609 1.495
0.14767888 0.15028609 1.495
0.15027718 0.15028609 1.495
0.15287547 0.15028609 1.495
0.15547377 0.15028609 1.495
0.15807207 0.15028609 1.495
0.16067035 0.15028609 1.495
0.16326866 0.15028609 1.495
0.16586696 0.15028609 1.495
0.16846524 0.15028609 1.495
0.17849952 0.14998451 1.492
0.18109259 0.14998451 1.492
0.18368568 0.14998451 1.492
0.18627876 0.14998451 1.492
0.18887185 0.14998451 1.492
0.19146492 0.14998451 1.492
0.194058 0.14998451 1.492
0.19665109 0.14998451 1.492
0.19924417 0.14998451 1.492
0.24851272 0.14998451 1.492
-0.24841982 0.15360023 1.502
-0.21709429 0.15360023 1.502
-0.21448383 0.15360023 1.502
-0.21187337 0.15360023 1.502
-0.20926291 0.15360023 1.502
-0.20665245 0.15360023 1.502
-0.20404197 0.15360023 1.502
-0.20143151 0.15360023 1.502
-0.19882105 0.15360023 1.502
-0.19360013 0.15360023 1.502
-0.19098967 0.15360023 1.502
-0.18837921 0.15360023 1.502
-0.18576875 0.15360023 1.502
-0.18315829 0.15360023 1.502
-0.18054782 0.15360023 1.502
-0.17793736 0.15360023 1.502
-0.1753269 0.15360023 1.502
-0.17271644 0.15360023 1.502
-0.17010598 0.15360023 1.502
-0.16749552 0.15360023 1.502
-0.099358208 0.15319118 1.498
-0.0967547 0.15319118 1.498
-0.094151184 0.15319118 1.498
-0.091547675 0.15319118 1.498
-0.088944167 0.15319118 1.498
-0.086340658 0.15319118 1.498
-0.08373715 0.15319118 1.498
-0.081133634 0.15319118 1.498
-0.078530125 0.15319118 1.498
-0.075926617 0.15319118 1.498
-0.073323108 0.15319118 1.498
-0.0707196 0.15319118 1.498
-0.039477479 0.15319118 1.498
-0.03687397 0.15319118 1.498
-0.034270462 0.15319118 1.498
-0.031666949 0.15319118 1.498
-0.029063441 0.15319118 1.498
-0.02645993 0.15319118 1.498
-0.023856422 0.15319118 1.498
-0.021210348 0.15288439 1.495
-0.018612053 0.15288439 1.495
-0.016013756 0.15288439 1.495
-0.013415461 0.15288439 1.495
-0.010817165 0.15288439 1.495
-0.0082188696 0.15288439 1.495
-0.0056205736 0.15288439 1.495
-0.003022278 0.15288439 1.495
-0.00042398213 0.15288439 1.495
0.0021786769 0.15319118 1.498
0.0047821868 0.15319118 1.498
0.0073856968 0.15319118 1.498
0.0099892067 0.15319118 1.498
0.012592716 0.15319118 1.498
0.015165793 0.15288439 1.495
0.017764088 0.15288439 1.495
0.020362385 0.15288439 1.495
0.072328299 0.15288439 1.495
0.0749266 0.15288439 1.495
0.077524893 0.15288439 1.495
0.080123186 0.15288439 1.495
0.082721487 0.15288439 1.495
0.093114667 0.15288439 1.495
0.09571296 0.15288439 1.495
0.09831126 0.15288439 1.495
0.10090955 0.15288439 1.495
0.10350785 0.15288439 1.495
0.10610615 0.15288439 1.495
0.11909763 0.15288439 1.495
0.12169592 0.15288439 1.495
0.12429421 0.15288439 1.495
0.12689251 0.15288439 1.495
0.12949081 0.15288439 1.495
0.13208911 0.15288439 1.495
0.13468739 0.15288439 1.495
0.13728569 0.15288439 1.495
0.14248228 0.15288439 1.495
0.14508058 0.15288439 1.495
0.14767888 0.15288439 1.495
0.15027718 0.15288439 1.495
0.15287547 0.15288439 1.495
0.15547377 0.15288439 1.495
0.15807207 0.15288439 1.495
0.16326866 0.15288439 1.495
0.16586696 0.15288439 1.495
0.16846524 0.15288439 1.495
0.17849952 0.15257759 1.492
0.18109259 0.15257759 1.492
0.18368568 0.15257759 1.492
0.18627876 0.15257759 1.492
0.18887185 0.15257759 1.492
0.19146492 0.15257759 1.492
0.194058 0.15257759 1.492
0.19665109 0.15257759 1.492
0.19924417 0.15257759 1.492
0.20183726 0.15257759 1.492
-0.24841982 0.15621069 1.502
-0.21970475 0.15621069 1.502
-0.21709429 0.15621069 1.502
-0.21448383 0.15621069 1.502
-0.21187337 0.15621069 1.502
-0.20926291 0.15621069 1.502
-0.20665245 0.15621069 1.502
-0.20404197 0.15621069 1.502
-0.20143151 0.15621069 1.502
-0.19882105 0.15621069 1.502
-0.19360013 0.15621069 1.502
-0.19098967 0.15621069 1.502
-0.18837921 0.15621069 1.502
-0.18576875 0.15621069 1.502
-0.18315829 0.15621069 1.502
-0.18054782 0.15621069 1.502
-0.17793736 0.15621069 1.502
-0.1753269 0.15621069 1.502
-0.17271644 0.15621069 1.502
-0.17010598 0.15621069 1.502
-0.16749552 0.15621069 1.502
-0.0967547 0.1557947 1.498
-0.094151184 0.1557947 1.498
-0.091547675 0.1557947 1.498
-0.088944167 0.1557947 1.498
-0.086340658 0.1557947 1.498
-0.08373715 0.1557947 1.498
-0.081133634 0.1557947 1.498
-0.078530125 0.1557947 1.498
-0.075926617 0.1557947 1.498
-0.073323108 0.1557947 1.498
-0.0707196 0.1557947 1.498
-0.068116091 0.1557947 1.498
-0.03687397 0.1557947 1.498
-0.034270462 0.1557947 1.498
-0.031666949 0.1557947 1.498
-0.029063441 0.1557947 1.498
-0.02645993 0.1557947 1.498
-0.021210348 0.15548268 1.495
-0.018612053 0.15548268 1.495
-0.016013756 0.15548268 1.495
-0.013415461 0.15548268 1.495
-0.010817165 0.15548268 1.495
-0.0082188696 0.15548268 1.495
-0.0056205736 0.15548268 1.495
-0.003022278 0.15548268 1.495
-0.00042398213 0.15548268 1.495
0.0021786769 0.1557947 1.498
0.0047821868 0.1557947 1.498
0.0073856968 0.1557947 1.498
0.0099892067 0.1557947 1.498
0.012592716 0.1557947 1.498
0.015165793 0.15548268 1.495
0.017764088 0.15548268 1.495
0.020362385 0.15548268 1.495
0.02296068 0.15548268 1.495
0.025558976 0.15548268 1.495
0.028157271 0.15548268 1.495
0.030755568 0.15548268 1.495
0.069730006 0.15548268 1.495
0.072328299 0.15548268 1.495
0.0749266 0.15548268 1.495
0.077524893 0.15548268 1.495
0.080123186 0.15548268 1.495
0.082721487 0.15548268 1.495
0.093114667 0.15548268 1.495
0.09571296 0.15548268 1.495
0.09831126 0.15548268 1.495
0.10090955 0.15548268 1.495
0.10350785 0.15548268 1.495
0.10610615 0.15548268 1.495
0.11909763 0.15548268 1.495
0.12169592 0.15548268 1.495
0.12429421 0.15548268 1.495
0.12689251 0.15548268 1.495
0.12949081 0.15548268 1.495
0.13208911 0.15548268 1.495
0.13468739 0.15548268 1.495
0.13728569 0.15548268 1.495
0.139884 0.15548268 1.495
0.14248228 0.15548268 1.495
0.14508058 0.15548268 1.495
0.14767888 0.15548268 1.495
0.15027718 0.15548268 1.495
0.15287547 0.15548268 1.495
0.15547377 0.15548268 1.495
0.15807207 0.15548268 1.495
0.18109259 0.15517068 1.492
0.18368568 0.15517068 1.492
0.18627876 0.15517068 1.492
0.18887185 0.15517068 1.492
0.19146492 0.15517068 1.492
0.194058 0.15517068 1.492
0.19665109 0.15517068 1.492
0.19924417 0.15517068 1.492
0.20183726 0.15517068 1.492
-0.24841982 0.15882115 1.502
-0.22231521 0.15882115 1.502
-0.21970475 0.15882115 1.502
-0.21709429 0.15882115 1.502
-0.20926291 0.15882115 1.502
-0.20665245 0.15882115 1.502
-0.20404197 0.15882115 1.502
-0.20143151 0.15882115 1.502
-0.19882105 0.15882115 1.502
-0.19621059 0.15882115 1.502
-0.19360013 0.15882115 1.502
-0.19098967 0.15882115 1.502
-0.18837921 0.15882115 1.502
-0.18576875 0.15882115 1.502
-0.18315829 0.15882115 1.502
-0.18054782 0.15882115 1.502
-0.17793736 0.15882115 1.502
-0.1753269 0.15882115 1.502
-0.17271644 0.15882115 1.502
-0.17010598 0.15882115 1.502
-0.13060032 0.15839821 1.498
-0.0967547 0.15839821 1.498
-0.094151184 0.15839821 1.498
-0.091547675 0.15839821 1.498
-0.088944167 0.15839821 1.498
-0.086340658 0.15839821 1.498
-0.08373715 0.15839821 1.498
-0.081133634 0.15839821 1.498
-0.078530125 0.15839821 1.498
-0.075926617 0.15839821 1.498
-0.073323108 0.15839821 1.498
-0.0707196 0.15839821 1.498
-0.068116091 0.15839821 1.498
-0.065512575 0.15839821 1.498
-0.062909067 0.15839821 1.498
-0.060305558 0.15839821 1.498
-0.039477479 0.15839821 1.498
-0.03687397 0.15839821 1.498
-0.034270462 0.15839821 1.498
-0.031666949 0.15839821 1.498
-0.029063441 0.15839821 1.498
-0.02645993 0.15839821 1.498
-0.023808645 0.15808098 1.495
-0.021210348 0.15808098 1.495
-0.018612053 0.15808098 1.495
-0.016013756 0.15808098 1.495
-0.013415461 0.15808098 1.495
-0.010817165 0.15808098 1.495
-0.0082188696 0.15808098 1.495
-0.0056205736 0.15808098 1.495
-0.003022278 0.15808098 1.495
-0.00042398213 0.15808098 1.495
0.0021743136 0.15808098 1.495
0.0047821868 0.15839821 1.498
0.0073856968 0.15839821 1.498
0.0099892067 0.15839821 1.498
0.012592716 0.15839821 1.498
0.015196226 0.15839821 1.498
0.017764088 0.15808098 1.495
0.020362385 0.15808098 1.495
0.02296068 0.15808098 1.495
0.025558976 0.15808098 1.495
0.028157271 0.15808098 1.495
0.030755568 0.15808098 1.495
0.033353865 0.15808098 1.495
0.069730006 0.15808098 1.495
0.072328299 0.15808098 1.495
0.0749266 0.15808098 1.495
0.077524893 0.15808098 1.495
0.080123186 0.15808098 1.495
0.082721487 0.15808098 1.495
0.090516374 0.15808098 1.495
0.093114667 0.15808098 1.495
0.09571296 0.15808098 1.495
0.09831126 0.15808098 1.495
0.10090955 0.15808098 1.495
0.10350785 0.15808098 1.495
0.10610615 0.15808098 1.495
0.10870444 0.15808098 1.495
0.11130274 0.15808098 1.495
0.11390103 0.15808098 1.495
0.11649933 0.15808098 1.495
0.11909763 0.15808098 1.495
0.12169592 0.15808098 1.495
0.12429421 0.15808098 1.495
0.12689251 0.15808098 1.495
0.12949081 0.15808098 1.495
0.13208911 0.15808098 1.495
0.13468739 0.15808098 1.495
0.13728569 0.15808098 1.495
0.139884 0.15808098 1.495
0.14248228 0.15808098 1.495
0.14508058 0.15808098 1.495
0.14767888 0.15808098 1.495
0.15027718 0.15808098 1.495
0.15287547 0.15808098 1.495
0.15547377 0.15808098 1.495
0.15807207 0.15808098 1.495
0.18109259 0.15776376 1.492
0.18368568 0.15776376 1.492
0.18627876 0.15776376 1.492
0.18887185 0.15776376 1.492
0.19146492 0.15776376 1.492
0.194058 0.15776376 1.492
0.19665109 0.15776376 1.492
0.19924417 0.15776376 1.492
0.20183726 0.15776376 1.492
-0.24841982 0.16143163 1.502
-0.22492567 0.16143163 1.502
-0.22231521 0.16143163 1.502
-0.21970475 0.16143163 1.502
-0.20404197 0.16143163 1.502
-0.20143151 0.16143163 1.502
-0.19882105 0.16143163 1.502
-0.19621059 0.16143163 1.502
-0.19360013 0.16143163 1.502
-0.19098967 0.16143163 1.502
-0.13320383 0.16100171 1.498
-0.13060032 0.16100171 1.498
-0.12799682 0.16100171 1.498
-0.094151184 0.16100171 1.498
-0.091547675 0.16100171 1.498
-0.088944167 0.16100171 1.498
-0.086340658 0.16100171 1.498
-0.08373715 0.16100171 1.498
-0.081133634 0.16100171 1.498
-0.078530125 0.16100171 1.498
-0.075926617 0.16100171 1.498
-0.073323108 0.16100171 1.498
-0.0707196 0.16100171 1.498
-0.068116091 0.16100171 1.498
-0.065512575 0.16100171 1.498
-0.062909067 0.16100171 1.498
-0.060305558 0.16100171 1.498
-0.05770205 0.16100171 1.498
-0.055098537 0.16100171 1.498
-0.052495029 0.16100171 1.498
-0.04989152 0.16100171 1.498
-0.042080991 0.16100171 1.498
-0.039477479 0.16100171 1.498
-0.03687397 0.16100171 1.498
-0.034270462 0.16100171 1.498
-0.031666949 0.16100171 1.498
-0.029063441 0.16100171 1.498
-0.02645993 0.16100171 1.498
-0.023808645 0.16067928 1.495
-0.021210348 0.16067928 1.495
-0.018612053 0.16067928 1.495
-0.016013756 0.16067928 1.495
-0.013415461 0.16067928 1.495
-0.010817165 0.16067928 1.495
-0.0082188696 0.16067928 1.495
-0.0056205736 0.16067928 1.495
-0.003022278 0.16067928 1.495
-0.00042398213 0.16067928 1.495
0.0021743136 0.16067928 1.495
0.0047821868 0.16100171 1.498
0.0073856968 0.16100171 1.498
0.0099892067 0.16100171 1.498
0.012592716 0.16100171 1.498
0.015196226 0.16100171 1.498
0.017799735 0.16100171 1.498
0.020403245 0.16100171 1.498
0.02296068 0.16067928 1.495
0.025558976 0.16067928 1.495
0.028157271 0.16067928 1.495
0.030755568 0.16067928 1.495
0.033353865 0.16067928 1.495
0.035952158 0.16067928 1.495
0.038550455 0.16067928 1.495
0.041148752 0.16067928 1.495
0.046345342 0.16067928 1.495
0.048943639 0.16067928 1.495
0.051541936 0.16067928 1.495
0.061935116 0.16067928 1.495
0.064533412 0.16067928 1.495
0.067131706 0.16067928 1.495
0.069730006 0.16067928 1.495
0.072328299 0.16067928 1.495
0.0749266 0.16067928 1.495
0.077524893 0.16067928 1.495
0.080123186 0.16067928 1.495
0.082721487 0.16067928 1.495
0.08531978 0.16067928 1.495
0.087918073 0.16067928 1.495
0.090516374 0.16067928 1.495
0.093114667 0.16067928 1.495
0.09571296 0.16067928 1.495
0.09831126 0.16067928 1.495
0.10090955 0.16067928 1.495
0.10350785 0.16067928 1.495
0.10610615 0.16067928 1.495
0.10870444 0.16067928 1.495
0.11130274 0.16067928 1.495
0.11390103 0.16067928 1.495
0.11649933 0.16067928 1.495
0.11909763 0.16067928 1.495
0.12169592 0.16067928 1.495
0.12429421 0.16067928 1.495
0.12689251 0.16067928 1.495
0.12949081 0.16067928 1.495
0.13208911 0.16067928 1.495
0.13468739 0.16067928 1.495
0.13728569 0.16067928 1.495
0.139884 0.16067928 1.495
0.14248228 0.16067928 1.495
0.14508058 0.16067928 1.495
0.14767888 0.16067928 1.495
0.15027718 0.16067928 1.495
0.15287547 0.16067928 1.495
0.15547377 0.16067928 1.495
0.15807207 0.16067928 1.495
0.16067035 0.16067928 1.495
0.16326866 0.16067928 1.495
0.18109259 0.16035685 1.492
0.18368568 0.16035685 1.492
0.18627876 0.16035685 1.492
0.18887185 0.16035685 1.492
0.19146492 0.16035685 1.492
0.194058 0.16035685 1.492
0.19665109 0.16035685 1.492
0.19924417 0.16035685 1.492
0.20183726 0.16035685 1.492
-0.24841982 0.16404209 1.502
-0.22492567 0.16404209 1.502
-0.22231521 0.16404209 1.502
-0.21970475 0.16404209 1.502
-0.20404197 0.16404209 1.502
-0.20143151 0.16404209 1.502
-0.19882105 0.16404209 1.502
-0.19621059 0.16404209 1.502
-0.13320383 0.16360523 1.498
-0.13060032 0.16360523 1.498
-0.12799682 0.16360523 1.498
-0.1253933 0.16360523 1.498
-0.088944167 0.16360523 1.498
-0.086340658 0.16360523 1.498
-0.08373715 0.16360523 1.498
-0.081133634 0.16360523 1.498
-0.078530125 0.16360523 1.498
-0.075926617 0.16360523 1.498
-0.073323108 0.16360523 1.498
-0.0707196 0.16360523 1.498
-0.068116091 0.16360523 1.498
-0.065512575 0.16360523 1.498
-0.062909067 0.16360523 1.498
-0.060305558 0.16360523 1.498
-0.05770205 0.16360523 1.498
-0.055098537 0.16360523 1.498
-0.052495029 0.16360523 1.498
-0.04989152 0.16360523 1.498
-0.047288008 0.16360523 1.498
-0.0446845 0.16360523 1.498
-0.042080991 0.16360523 1.498
-0.039477479 0.16360523 1.498
-0.03687397 0.16360523 1.498
-0.034270462 0.16360523 1.498
-0.031666949 0.16360523 1.498
-0.029063441 0.16360523 1.498
-0.02645993 0.16360523 1.498
-0.023808645 0.16327758 1.495
-0.021210348 0.16327758 1.495
-0.018612053 0.16327758 1.495
-0.016013756 0.16327758 1.495
-0.013415461 0.16327758 1.495
-0.010817165 0.16327758 1.495
-0.0082188696 0.16327758 1.495
-0.0056205736 0.16327758 1.495
-0.003022278 0.16327758 1.495
-0.00042398213 0.16327758 1.495
0.0021743136 0.16327758 1.495
0.0047821868 0.16360523 1.498
0.0073856968 0.16360523 1.498
0.0099892067 0.16360523 1.498
0.012592716 0.16360523 1.498
0.015196226 0.16360523 1.498
0.017799735 0.16360523 1.498
0.020403245 0.16360523 1.498
0.030755568 0.16327758 1.495
0.033353865 0.16327758 1.495
0.035952158 0.16327758 1.495
0.038550455 0.16327758 1.495
0.041148752 0.16327758 1.495
0.043747045 0.16327758 1.495
0.046345342 0.16327758 1.495
0.048943639 0.16327758 1.495
0.051541936 0.16327758 1.495
0.054140229 0.16327758 1.495
0.056738526 0.16327758 1.495
0.059336822 0.16327758 1.495
0.061935116 0.16327758 1.495
0.064533412 0.16327758 1.495
0.067131706 0.16327758 1.495
0.069730006 0.16327758 1.495
0.072328299 0.16327758 1.495
0.0749266 0.16327758 1.495
0.077524893 0.16327758 1.495
0.080123186 0.16327758 1.495
0.082721487 0.16327758 1.495
0.08531978 0.16327758 1.495
0.087918073 0.16327758 1.495
0.090516374 0.16327758 1.495
0.093114667 0.16327758 1.495
0.09571296 0.16327758 1.495
0.09831126 0.16327758 1.495
0.10090955 0.16327758 1.495
0.10350785 0.16327758 1.495
0.10610615 0.16327758 1.495
0.10870444 0.16327758 1.495
0.11130274 0.16327758 1.495
0.11390103 0.16327758 1.495
0.11649933 0.16327758 1.495
0.11909763 0.16327758 1.495
0.12169592 0.16327758 1.495
0.13208911 0.16327758 1.495
0.13468739 0.16327758 1.495
0.13728569 0.16327758 1.495
0.139884 0.16327758 1.495
0.14248228 0.16327758 1.495
0.14508058 0.16327758 1.495
0.14767888 0.16327758 1.495
0.15027718 0.16327758 1.495
0.15287547 0.16327758 1.495
0.15547377 0.16327758 1.495
0.15807207 0.16327758 1.495
0.16067035 0.16327758 1.495
0.16326866 0.16327758 1.495
0.18368568 0.16294992 1.492
0.18627876 0.16294992 1.492
0.18887185 0.16294992 1.492
0.19146492 0.16294992 1.492
0.194058 0.16294992 1.492
0.19665109 0.16294992 1.492
0.19924417 0.16294992 1.492
0.20183726 0.16294992 1.492
-0.24841982 0.16665255 1.502
-0.22492567 0.16665255 1.502
-0.22231521 0.16665255 1.502
-0.21970475 0.16665255 1.502
-0.20404197 0.16665255 1.502
-0.20143151 0.16665255 1.502
-0.19882105 0.16665255 1.502
-0.13320383 0.16620873 1.498
-0.13060032 0.16620873 1.498
-0.12799682 0.16620873 1.498
-0.1253933 0.16620873 1.498
-0.12278979 0.16620873 1.498
-0.12018628 0.16620873 1.498
-0.088944167 0.16620873 1.498
-0.086340658 0.16620873 1.498
-0.08373715 0.16620873 1.498
-0.081133634 0.16620873 1.498
-0.078530125 0.16620873 1.498
-0.075926617 0.16620873 1.498
-0.073323108 0.16620873 1.498
-0.0707196 0.16620873 1.498
-0.068116091 0.16620873 1.498
-0.065512575 0.16620873 1.498
-0.062909067 0.16620873 1.498
-0.060305558 0.16620873 1.498
-0.05770205 0.16620873 1.498
-0.055098537 0.16620873 1.498
-0.052495029 0.16620873 1.498
-0.04989152 0.16620873 1.498
-0.047288008 0.16620873 1.498
-0.0446845 0.16620873 1.498
-0.042080991 0.16620873 1.498
-0.039477479 0.16620873 1.498
-0.03687397 0.16620873 1.498
-0.034270462 0.16620873 1.498
-0.031666949 0.16620873 1.498
-0.029063441 0.16620873 1.498
-0.02645993 0.16620873 1.498
-0.023856422 0.16620873 1.498
-0.021210348 0.16587587 1.495
-0.018612053 0.16587587 1.495
-0.016013756 0.16587587 1.495
-0.013415461 0.16587587 1.495
-0.010817165 0.16587587 1.495
-0.0082188696 0.16587587 1.495
-0.0056205736 0.16587587 1.495
-0.003022278 0.16587587 1.495
-0.00042398213 0.16587587 1.495
0.0021743136 0.16587587 1.495
0.0047726096 0.16587587 1.495
0.0073856968 0.16620873 1.498
0.0099892067 0.16620873 1.498
0.012592716 0.16620873 1.498
0.015196226 0.16620873 1.498
0.017799735 0.16620873 1.498
0.033353865 0.16587587 1.495
0.035952158 0.16587587 1.495
0.038550455 0.16587587 1.495
0.041148752 0.16587587 1.495
0.043747045 0.16587587 1.495
0.046345342 0.16587587 1.495
0.048943639 0.16587587 1.495
0.051541936 0.16587587 1.495
0.054140229 0.16587587 1.495
0.056738526 0.16587587 1.495
0.059336822 0.16587587 1.495
0.061935116 0.16587587 1.495
0.064533412 0.16587587 1.495
0.067131706 0.16587587 1.495
0.069730006 0.16587587 1.495
0.072328299 0.16587587 1.495
0.0749266 0.16587587 1.495
0.077524893 0.16587587 1.495
0.080123186 0.16587587 1.495
0.082721487 0.16587587 1.495
0.08531978 0.16587587 1.495
0.087918073 0.16587587 1.495
0.090516374 0.16587587 1.495
0.093114667 0.16587587 1.495
0.09571296 0.16587587 1.495
0.09831126 0.16587587 1.495
0.10090955 0.16587587 1.495
0.10350785 0.16587587 1.495
0.10610615 0.16587587 1.495
0.10870444 0.16587587 1.495
0.11130274 0.16587587 1.495
0.11390103 0.16587587 1.495
0.139884 0.16587587 1.495
0.14248228 0.16587587 1.495
0.14508058 0.16587587 1.495
0.14767888 0.16587587 1.495
0.15027718 0.16587587 1.495
0.15287547 0.16587587 1.495
0.15547377 0.16587587 1.495
0.15807207 0.16587587 1.495
0.16067035 0.16587587 1.495
0.18627876 0.165543 1.492
0.18887185 0.165543 1.492
0.19146492 0.165543 1.492
0.194058 0.165543 1.492
0.19665109 0.165543 1.492
0.19924417 0.165543 1.492
0.20183726 0.165543 1.492
0.20443033 0.165543 1.492
-0.24841982 0.16926301 1.502
-0.22231521 0.16926301 1.502
-0.21970475 0.16926301 1.502
-0.21709429 0.16926301 1.502
-0.20926291 0.16926301 1.502
-0.20404197 0.16926301 1.502
-0.20143151 0.16926301 1.502
-0.19882105 0.16926301 1.502
-0.13580735 0.16881225 1.498
-0.13320383 0.16881225 1.498
-0.13060032 0.16881225 1.498
-0.12799682 0.16881225 1.498
-0.1253933 0.16881225 1.498
-0.12278979 0.16881225 1.498
-0.12018628 0.16881225 1.498
-0.11758278 0.16881225 1.498
-0.11497927 0.16881225 1.498
-0.088944167 0.16881225 1.498
-0.086340658 0.16881225 1.498
-0.08373715 0.16881225 1.498
-0.081133634 0.16881225 1.498
-0.078530125 0.16881225 1.498
-0.075926617 0.16881225 1.498
-0.073323108 0.16881225 1.498
-0.0707196 0.16881225 1.498
-0.068116091 0.16881225 1.498
-0.065512575 0.16881225 1.498
-0.062909067 0.16881225 1.498
-0.060305558 0.16881225 1.498
-0.05770205 0.16881225 1.498
-0.055098537 0.16881225 1.498
-0.052495029 0.16881225 1.498
-0.04989152 0.16881225 1.498
-0.047288008 0.16881225 1.498
-0.0446845 0.16881225 1.498
-0.042080991 0.16881225 1.498
-0.039477479 0.16881225 1.498
-0.03687397 0.16881225 1.498
-0.034270462 0.16881225 1.498
-0.031666949 0.16881225 1.498
-0.029063441 0.16881225 1.498
-0.02645993 0.16881225 1.498
-0.023856422 0.16881225 1.498
-0.021252912 0.16881225 1.498
-0.018612053 0.16847417 1.495
-0.016013756 0.16847417 1.495
-0.013415461 0.16847417 1.495
-0.010817165 0.16847417 1.495
-0.0082188696 0.16847417 1.495
-0.0056205736 0.16847417 1.495
-0.003022278 0.16847417 1.495
-0.00042398213 0.16847417 1.495
0.0021743136 0.16847417 1.495
0.0047726096 0.16847417 1.495
0.0073856968 0.16881225 1.498
0.0099892067 0.16881225 1.498
0.012592716 0.16881225 1.498
0.015196226 0.16881225 1.498
0.035952158 0.16847417 1.495
0.038550455 0.16847417 1.495
0.041148752 0.16847417 1.495
0.043747045 0.16847417 1.495
0.046345342 0.16847417 1.495
0.048943639 0.16847417 1.495
0.051541936 0.16847417 1.495
0.054140229 0.16847417 1.495
0.056738526 0.16847417 1.495
0.059336822 0.16847417 1.495
0.061935116 0.16847417 1.495
0.064533412 0.16847417 1.495
0.067131706 0.16847417 1.495
0.069730006 0.16847417 1.495
0.072328299 0.16847417 1.495
0.0749266 0.16847417 1.495
0.077524893 0.16847417 1.495
0.080123186 0.16847417 1.495
0.082721487 0.16847417 1.495
0.08531978 0.16847417 1.495
0.087918073 0.16847417 1.495
0.090516374 0.16847417 1.495
0.093114667 0.16847417 1.495
0.09571296 0.16847417 1.495
0.09831126 0.16847417 1.495
0.10090955 0.16847417 1.495
0.10610615 0.16847417 1.495
0.10870444 0.16847417 1.495
0.14248228 0.16847417 1.495
0.14508058 0.16847417 1.495
0.14767888 0.16847417 1.495
0.15027718 0.16847417 1.495
0.15287547 0.16847417 1.495
0.15547377 0.16847417 1.495
0.15807207 0.16847417 1.495
0.16067035 0.16847417 1.495
0.18627876 0.16813609 1.492
0.18887185 0.16813609 1.492
0.19146492 0.16813609 1.492
0.194058 0.16813609 1.492
0.19665109 0.16813609 1.492
0.19924417 0.16813609 1.492
0.20183726 0.16813609 1.492
0.20443033 0.16813609 1.492
-0.21970475 0.17187347 1.502
-0.21709429 0.17187347 1.502
-0.21448383 0.17187347 1.502
-0.21187337 0.17187347 1.502
-0.20926291 0.17187347 1.502
-0.20665245 0.17187347 1.502
-0.20404197 0.17187347 1.502
-0.20143151 0.17187347 1.502
-0.13580735 0.17141575 1.498
-0.13320383 0.17141575 1.498
-0.13060032 0.17141575 1.498
-0.12799682 0.17141575 1.498
-0.1253933 0.17141575 1.498
-0.12278979 0.17141575 1.498
-0.12018628 0.17141575 1.498
-0.11758278 0.17141575 1.498
-0.11497927 0.17141575 1.498
-0.11237576 0.17141575 1.498
-0.0967547 0.17141575 1.498
-0.094151184 0.17141575 1.498
-0.091547675 0.17141575 1.498
-0.088944167 0.17141575 1.498
-0.086340658 0.17141575 1.498
-0.08373715 0.17141575 1.498
-0.081133634 0.17141575 1.498
-0.078530125 0.17141575 1.498
-0.075926617 0.17141575 1.498
-0.073323108 0.17141575 1.498
-0.0707196 0.17141575 1.498
-0.068116091 0.17141575 1.498
-0.065512575 0.17141575 1.498
-0.062909067 0.17141575 1.498
-0.060305558 0.17141575 1.498
-0.05770205 0.17141575 1.498
-0.055098537 0.17141575 1.498
-0.052495029 0.17141575 1.498
-0.04989152 0.17141575 1.498
-0.039477479 0.17141575 1.498
-0.03687397 0.17141575 1.498
-0.034270462 0.17141575 1.498
-0.031666949 0.17141575 1.498
-0.029063441 0.17141575 1.498
-0.02645993 0.17141575 1.498
-0.023856422 0.17141575 1.498
-0.021252912 0.17141575 1.498
-0.018649401 0.17141575 1.498
-0.016013756 0.17107247 1.495
-0.013415461 0.17107247 1.495
-0.010817165 0.17107247 1.495
-0.0082188696 0.17107247 1.495
-0.0056205736 0.17107247 1.495
-0.003022278 0.17107247 1.495
-0.00042398213 0.17107247 1.495
0.0021743136 0.17107247 1.495
0.0047726096 0.17107247 1.495
0.0073856968 0.17141575 1.498
0.0099892067 0.17141575 1.498
0.012592716 0.17141575 1.498
0.038550455 0.17107247 1.495
0.041148752 0.17107247 1.495
0.043747045 0.17107247 1.495
0.046345342 0.17107247 1.495
0.048943639 0.17107247 1.495
0.051541936 0.17107247 1.495
0.054140229 0.17107247 1.495
0.056738526 0.17107247 1.495
0.059336822 0.17107247 1.495
0.061935116 0.17107247 1.495
0.064533412 0.17107247 1.495
0.067131706 0.17107247 1.495
0.069730006 0.17107247 1.495
0.072328299 0.17107247 1.495
0.0749266 0.17107247 1.495
0.077524893 0.17107247 1.495
0.080123186 0.17107247 1.495
0.082721487 0.17107247 1.495
0.08531978 0.17107247 1.495
0.087918073 0.17107247 1.495
0.090516374 0.17107247 1.495
0.093114667 0.17107247 1.495
0.09571296 0.17107247 1.495
0.09831126 0.17107247 1.495
0.14248228 0.17107247 1.495
0.14508058 0.17107247 1.495
0.14767888 0.17107247 1.495
0.15027718 0.17107247 1.495
0.15287547 0.17107247 1.495
0.15547377 0.17107247 1.495
0.15807207 0.17107247 1.495
0.18368568 0.17072918 1.492
0.18627876 0.17072918 1.492
0.18887185 0.17072918 1.492
0.19146492 0.17072918 1.492
0.194058 0.17072918 1.492
0.19665109 0.17072918 1.492
0.19924417 0.17072918 1.492
0.20183726 0.17072918 1.492
0.20443033 0.17072918 1.492
-0.21709429 0.17448393 1.502
-0.21448383 0.17448393 1.502
-0.21187337 0.17448393 1.502
-0.20926291 0.17448393 1.502
-0.20665245 0.17448393 1.502
-0.20404197 0.17448393 1.502
-0.13580735 0.17401926 1.498
-0.13320383 0.17401926 1.498
-0.13060032 0.17401926 1.498
-0.12799682 0.17401926 1.498
-0.1253933 0.17401926 1.498
-0.12278979 0.17401926 1.498
-0.12018628 0.17401926 1.498
-0.11758278 0.17401926 1.498
-0.11497927 0.17401926 1.498
-0.11237576 0.17401926 1.498
-0.10977224 0.17401926 1.498
-0.0967547 0.17401926 1.498
-0.094151184 0.17401926 1.498
-0.091547675 0.17401926 1.498
-0.088944167 0.17401926 1.498
-0.086340658 0.17401926 1.498
-0.08373715 0.17401926 1.498
-0.081133634 0.17401926 1.498
-0.078530125 0.17401926 1.498
-0.075926617 0.17401926 1.498
-0.073323108 0.17401926 1.498
-0.0707196 0.17401926 1.498
-0.068116091 0.17401926 1.498
-0.065512575 0.17401926 1.498
-0.062909067 0.17401926 1.498
-0.060305558 0.17401926 1.498
-0.05770205 0.17401926 1.498
-0.055098537 0.17401926 1.498
-0.052495029 0.17401926 1.498
-0.04989152 0.17401926 1.498
-0.039477479 0.17401926 1.498
-0.03687397 0.17401926 1.498
-0.034270462 0.17401926 1.498
-0.031666949 0.17401926 1.498
-0.029063441 0.17401926 1.498
-0.02645993 0.17401926 1.498
-0.023856422 0.17401926 1.498
-0.021252912 0.17401926 1.498
-0.018649401 0.17401926 1.498
-0.016045893 0.17401926 1.498
-0.013415461 0.17367075 1.495
-0.010817165 0.17367075 1.495
-0.0082188696 0.17367075 1.495
-0.0056205736 0.17367075 1.495
-0.003022278 0.17367075 1.495
-0.00042398213 0.17367075 1.495
0.0021743136 0.17367075 1.495
0.0047821868 0.17401926 1.498
0.0073856968 0.17401926 1.498
0.0099892067 0.17401926 1.498
0.041148752 0.17367075 1.495
0.043747045 0.17367075 1.495
0.046345342 0.17367075 1.495
0.048943639 0.17367075 1.495
0.051541936 0.17367075 1.495
0.054140229 0.17367075 1.495
0.056738526 0.17367075 1.495
0.059336822 0.17367075 1.495
0.061935116 0.17367075 1.495
0.064533412 0.17367075 1.495
0.067131706 0.17367075 1.495
0.069730006 0.17367075 1.495
0.072328299 0.17367075 1.495
0.0749266 0.17367075 1.495
0.077524893 0.17367075 1.495
0.080123186 0.17367075 1.495
0.082721487 0.17367075 1.495
0.08531978 0.17367075 1.495
0.087918073 0.17367075 1.495
0.090516374 0.17367075 1.495
0.093114667 0.17367075 1.495
0.09571296 0.17367075 1.495
0.14248228 0.17367075 1.495
0.14508058 0.17367075 1.495
0.14767888 0.17367075 1.495
0.15027718 0.17367075 1.495
0.15287547 0.17367075 1.495
0.15547377 0.17367075 1.495
0.15807207 0.17367075 1.495
0.18368568 0.17332225 1.492
0.18627876 0.17332225 1.492
0.18887185 0.17332225 1.492
0.19146492 0.17332225 1.492
0.194058 0.17332225 1.492
0.19665109 0.17332225 1.492
0.19924417 0.17332225 1.492
0.20183726 0.17332225 1.492
0.20443033 0.17332225 1.492
-0.21709429 0.17709439 1.502
-0.21448383 0.17709439 1.502
-0.21187337 0.17709439 1.502
-0.20926291 0.17709439 1.502
-0.20665245 0.17709439 1.502
-0.13580735 0.17662278 1.498
-0.13320383 0.17662278 1.498
-0.13060032 0.17662278 1.498
-0.12799682 0.17662278 1.498
-0.1253933 0.17662278 1.498
-0.12278979 0.17662278 1.498
-0.12018628 0.17662278 1.498
-0.11758278 0.17662278 1.498
-0.11497927 0.17662278 1.498
-0.11237576 0.17662278 1.498
-0.10977224 0.17662278 1.498
-0.10716873 0.17662278 1.498
-0.099358208 0.17662278 1.498
-0.0967547 0.17662278 1.498
-0.094151184 0.17662278 1.498
-0.091547675 0.17662278 1.498
-0.088944167 0.17662278 1.498
-0.086340658 0.17662278 1.498
-0.08373715 0.17662278 1.498
-0.081133634 0.17662278 1.498
-0.078530125 0.17662278 1.498
-0.075926617 0.17662278 1.498
-0.073323108 0.17662278 1.498
-0.0707196 0.17662278 1.498
-0.068116091 0.17662278 1.498
-0.065512575 0.17662278 1.498
-0.062909067 0.17662278 1.498
-0.060305558 0.17662278 1.498
-0.05770205 0.17662278 1.498
-0.055098537 0.17662278 1.498
-0.052495029 0.17662278 1.498
-0.039477479 0.17662278 1.498
-0.03687397 0.17662278 1.498
-0.034270462 0.17662278 1.498
-0.031666949 0.17662278 1.498
-0.029063441 0.17662278 1.498
-0.02645993 0.17662278 1.498
-0.023856422 0.17662278 1.498
-0.021252912 0.17662278 1.498
-0.018649401 0.17662278 1.498
-0.016045893 0.17662278 1.498
-0.013415461 0.17626905 1.495
-0.010817165 0.17626905 1.495
-0.0082188696 0.17626905 1.495
-0.0056205736 0.17626905 1.495
-0.003022278 0.17626905 1.495
-0.00042398213 0.17626905 1.495
0.0021743136 0.17626905 1.495
0.0047821868 0.17662278 1.498
0.0073856968 0.17662278 1.498
0.0099892067 0.17662278 1.498
0.041148752 0.17626905 1.495
0.043747045 0.17626905 1.495
0.046345342 0.17626905 1.495
0.048943639 0.17626905 1.495
0.051541936 0.17626905 1.495
0.054140229 0.17626905 1.495
0.056738526 0.17626905 1.495
0.059336822 0.17626905 1.495
0.061935116 0.17626905 1.495
0.064533412 0.17626905 1.495
0.067131706 0.17626905 1.495
0.069730006 0.17626905 1.495
0.0749266 0.17626905 1.495
0.077524893 0.17626905 1.495
0.080123186 0.17626905 1.495
0.082721487 0.17626905 1.495
0.08531978 0.17626905 1.495
0.087918073 0.17626905 1.495
0.090516374 0.17626905 1.495
0.093114667 0.17626905 1.495
0.09571296 0.17626905 1.495
0.14248228 0.17626905 1.495
0.14508058 0.17626905 1.495
0.14767888 0.17626905 1.495
0.15027718 0.17626905 1.495
0.15287547 0.17626905 1.495
0.15547377 0.17626905 1.495
0.18109259 0.17591533 1.492
0.18368568 0.17591533 1.492
0.18627876 0.17591533 1.492
0.18887185 0.17591533 1.492
0.19146492 0.17591533 1.492
0.194058 0.17591533 1.492
0.19665109 0.17591533 1.492
0.19924417 0.17591533 1.492
0.20183726 0.17591533 1.492
0.20443033 0.17591533 1.492
-0.21448383 0.17970484 1.502
-0.21187337 0.17970484 1.502
-0.20926291 0.17970484 1.502
-0.20665245 0.17970484 1.502
-0.13841085 0.17922628 1.498
-0.13580735 0.17922628 1.498
-0.13320383 0.17922628 1.498
-0.13060032 0.17922628 1.498
-0.12799682 0.17922628 1.498
-0.1253933 0.17922628 1.498
-0.12278979 0.17922628 1.498
-0.12018628 0.17922628 1.498
-0.11758278 0.17922628 1.498
-0.11497927 0.17922628 1.498
-0.11237576 0.17922628 1.498
-0.10977224 0.17922628 1.498
-0.10716873 0.17922628 1.498
-0.10456523 0.17922628 1.498
-0.10196172 0.17922628 1.498
-0.099358208 0.17922628 1.498
-0.0967547 0.17922628 1.498
-0.094151184 0.17922628 1.498
-0.091547675 0.17922628 1.498
-0.088944167 0.17922628 1.498
-0.086340658 0.17922628 1.498
-0.08373715 0.17922628 1.498
-0.081133634 0.17922628 1.498
-0.078530125 0.17922628 1.498
-0.075926617 0.17922628 1.498
-0.073323108 0.17922628 1.498
-0.0707196 0.17922628 1.498
-0.068116091 0.17922628 1.498
-0.065512575 0.17922628 1.498
-0.062909067 0.17922628 1.498
-0.060305558 0.17922628 1.498
-0.05770205 0.17922628 1.498
-0.055098537 0.17922628 1.498
-0.052495029 0.17922628 1.498
-0.04989152 0.17922628 1.498
-0.039477479 0.17922628 1.498
-0.03687397 0.17922628 1.498
-0.034270462 0.17922628 1.498
-0.031666949 0.17922628 1.498
-0.029063441 0.17922628 1.498
-0.02645993 0.17922628 1.498
-0.023856422 0.17922628 1.498
-0.021252912 0.17922628 1.498
-0.018649401 0.17922628 1.498
-0.016045893 0.17922628 1.498
-0.013415461 0.17886735 1.495
-0.010817165 0.17886735 1.495
-0.0082188696 0.17886735 1.495
-0.0056205736 0.17886735 1.495
-0.003022278 0.17886735 1.495
-0.00042398213 0.17886735 1.495
0.0021743136 0.17886735 1.495
0.0047821868 0.17922628 1.498
0.0073856968 0.17922628 1.498
0.0099892067 0.17922628 1.498
0.041148752 0.17886735 1.495
0.043747045 0.17886735 1.495
0.046345342 0.17886735 1.495
0.048943639 0.17886735 1.495
0.051541936 0.17886735 1.495
0.054140229 0.17886735 1.495
0.056738526 0.17886735 1.495
0.059336822 0.17886735 1.495
0.061935116 0.17886735 1.495
0.064533412 0.17886735 1.495
0.067131706 0.17886735 1.495
0.069730006 0.17886735 1.495
0.080123186 0.17886735 1.495
0.082721487 0.17886735 1.495
0.08531978 0.17886735 1.495
0.087918073 0.17886735 1.495
0.090516374 0.17886735 1.495
0.093114667 0.17886735 1.495
0.09571296 0.17886735 1.495
0.14508058 0.17886735 1.495
0.14767888 0.17886735 1.495
0.15027718 0.17886735 1.495
0.15287547 0.17886735 1.495
0.15547377 0.17886735 1.495
0.18109259 0.17850842 1.492
0.18368568 0.17850842 1.492
0.18627876 0.17850842 1.492
0.18887185 0.17850842 1.492
0.19146492 0.17850842 1.492
0.194058 0.17850842 1.492
0.19665109 0.17850842 1.492
0.19924417 0.17850842 1.492
0.20183726 0.17850842 1.492
0.20443033 0.17850842 1.492
-0.21448383 0.18231532 1.502
-0.21187337 0.18231532 1.502
-0.13841085 0.1818298 1.498
-0.13580735 0.1818298 1.498
-0.13320383 0.1818298 1.498
-0.13060032 0.1818298 1.498
-0.12799682 0.1818298 1.498
-0.1253933 0.1818298 1.498
-0.12278979 0.1818298 1.498
-0.12018628 0.1818298 1.498
-0.11758278 0.1818298 1.498
-0.11497927 0.1818298 1.498
-0.11237576 0.1818298 1.498
-0.10977224 0.1818298 1.498
-0.10716873 0.1818298 1.498
-0.10456523 0.1818298 1.498
-0.10196172 0.1818298 1.498
-0.099358208 0.1818298 1.498
-0.0967547 0.1818298 1.498
-0.094151184 0.1818298 1.498
-0.091547675 0.1818298 1.498
-0.078530125 0.1818298 1.498
-0.075926617 0.1818298 1.498
-0.073323108 0.1818298 1.498
-0.0707196 0.1818298 1.498
-0.068116091 0.1818298 1.498
-0.065512575 0.1818298 1.498
-0.062909067 0.1818298 1.498
-0.060305558 0.1818298 1.498
-0.05770205 0.1818298 1.498
-0.055098537 0.1818298 1.498
-0.052495029 0.1818298 1.498
-0.04989152 0.1818298 1.498
-0.047288008 0.1818298 1.498
-0.0446845 0.1818298 1.498
-0.042080991 0.1818298 1.498
-0.039477479 0.1818298 1.498
-0.03687397 0.1818298 1.498
-0.034270462 0.1818298 1.498
-0.031666949 0.1818298 1.498
-0.029063441 0.1818298 1.498
-0.02645993 0.1818298 1.498
-0.023856422 0.1818298 1.498
-0.021252912 0.1818298 1.498
-0.018649401 0.1818298 1.498
-0.016045893 0.1818298 1.498
-0.013415461 0.18146564 1.495
-0.010817165 0.18146564 1.495
-0.0082188696 0.18146564 1.495
-0.0056205736 0.18146564 1.495
-0.003022278 0.18146564 1.495
-0.00042398213 0.18146564 1.495
0.0021743136 0.18146564 1.495
0.0047821868 0.1818298 1.498
0.0073856968 0.1818298 1.498
0.0099892067 0.1818298 1.498
0.035952158 0.18146564 1.495
0.038550455 0.18146564 1.495
0.041148752 0.18146564 1.495
0.043747045 0.18146564 1.495
0.046345342 0.18146564 1.495
0.048943639 0.18146564 1.495
0.051541936 0.18146564 1.495
0.054140229 0.18146564 1.495
0.056738526 0.18146564 1.495
0.082721487 0.18146564 1.495
0.08531978 0.18146564 1.495
0.087918073 0.18146564 1.495
0.090516374 0.18146564 1.495
0.093114667 0.18146564 1.495
0.09571296 0.18146564 1.495
0.14767888 0.18146564 1.495
0.15027718 0.18146564 1.495
0.15287547 0.18146564 1.495
0.18368568 0.1811015 1.492
0.18627876 0.1811015 1.492
0.18887185 0.1811015 1.492
0.19146492 0.1811015 1.492
0.194058 0.1811015 1.492
0.19665109 0.1811015 1.492
0.19924417 0.1811015 1.492
0.20183726 0.1811015 1.492
-0.14101437 0.1844333 1.498
-0.13841085 0.1844333 1.498
-0.13580735 0.1844333 1.498
-0.13320383 0.1844333 1.498
-0.13060032 0.1844333 1.498
-0.1253933 0.1844333 1.498
-0.12278979 0.1844333 1.498
-0.12018628 0.1844333 1.498
-0.11758278 0.1844333 1.498
-0.11497927 0.1844333 1.498
-0.11237576 0.1844333 1.498
-0.10977224 0.1844333 1.498
-0.10716873 0.1844333 1.498
-0.10456523 0.1844333 1.498
-0.10196172 0.1844333 1.498
-0.099358208 0.1844333 1.498
-0.094151184 0.1844333 1.498
-0.075926617 0.1844333 1.498
-0.073323108 0.1844333 1.498
-0.0707196 0.1844333 1.498
-0.068116091 0.1844333 1.498
-0.065512575 0.1844333 1.498
-0.062909067 0.1844333 1.498
-0.060305558 0.1844333 1.498
-0.05770205 0.1844333 1.498
-0.055098537 0.1844333 1.498
-0.052495029 0.1844333 1.498
-0.04989152 0.1844333 1.498
-0.047288008 0.1844333 1.498
-0.0446845 0.1844333 1.498
-0.042080991 0.1844333 1.498
-0.039477479 0.1844333 1.498
-0.03687397 0.1844333 1.498
-0.034270462 0.1844333 1.498
-0.031666949 0.1844333 1.498
-0.029063441 0.1844333 1.498
-0.02645993 0.1844333 1.498
-0.023856422 0.1844333 1.498
-0.021252912 0.1844333 1.498
-0.018649401 0.1844333 1.498
-0.016045893 0.1844333 1.498
-0.013415461 0.18406394 1.495
-0.010817165 0.18406394 1.495
-0.0082188696 0.18406394 1.495
-0.0056205736 0.18406394 1.495
-0.0030283427 0.1844333 1.498
-0.00042483292 0.1844333 1.498
0.0021786769 0.1844333 1.498
0.0047821868 0.1844333 1.498
0.0073856968 0.1844333 1.498
0.0099892067 0.1844333 1.498
0.033353865 0.18406394 1.495
0.035952158 0.18406394 1.495
0.038550455 0.18406394 1.495
0.041148752 0.18406394 1.495
0.043747045 0.18406394 1.495
0.046345342 0.18406394 1.495
0.048943639 0.18406394 1.495
0.051541936 0.18406394 1.495
0.054140229 0.18406394 1.495
0.082721487 0.18406394 1.495
0.08531978 0.18406394 1.495
0.087918073 0.18406394 1.495
0.090516374 0.18406394 1.495
0.093114667 0.18406394 1.495
0.09571296 0.18406394 1.495
0.09831126 0.18406394 1.495
0.18368568 0.18369459 1.492
0.18627876 0.18369459 1.492
0.18887185 0.18369459 1.492
0.19146492 0.18369459 1.492
0.194058 0.18369459 1.492
0.19665109 0.18369459 1.492
0.19924417 0.18369459 1.492
-0.14101437 0.18703681 1.498
-0.13841085 0.18703681 1.498
-0.13580735 0.18703681 1.498
-0.10196172 0.18703681 1.498
-0.075926617 0.18703681 1.498
-0.073323108 0.18703681 1.498
-0.0707196 0.18703681 1.498
-0.068116091 0.18703681 1.498
-0.065512575 0.18703681 1.498
-0.062909067 0.18703681 1.498
-0.060305558 0.18703681 1.498
-0.05770205 0.18703681 1.498
-0.055098537 0.18703681 1.498
-0.052495029 0.18703681 1.498
-0.047288008 0.18703681 1.498
-0.0446845 0.18703681 1.498
-0.039477479 0.18703681 1.498
-0.03687397 0.18703681 1.498
-0.034201827 0.18666224 1.495
-0.03160353 0.18666224 1.495
-0.029005237 0.18666224 1.495
-0.02640694 0.18666224 1.495
-0.023856422 0.18703681 1.498
-0.021252912 0.18703681 1.498
-0.018649401 0.18703681 1.498
-0.016013756 0.18666224 1.495
-0.013415461 0.18666224 1.495
-0.010817165 0.18666224 1.495
-0.0082188696 0.18666224 1.495
-0.0056318524 0.18703681 1.498
-0.0030283427 0.18703681 1.498
-0.00042483292 0.18703681 1.498
0.0021786769 0.18703681 1.498
0.0047821868 0.18703681 1.498
0.0073856968 0.18703681 1.498
0.030755568 0.18666224 1.495
0.033353865 0.18666224 1.495
0.035952158 0.18666224 1.495
0.038550455 0.18666224 1.495
0.041148752 0.18666224 1.495
0.043747045 0.18666224 1.495
0.046345342 0.18666224 1.495
0.048943639 0.18666224 1.495
0.051541936 0.18666224 1.495
0.054140229 0.18666224 1.495
0.08531978 0.18666224 1.495
0.087918073 0.18666224 1.495
0.090516374 0.18666224 1.495
0.093114667 0.18666224 1.495
0.09571296 0.18666224 1.495
0.09831126 0.18666224 1.495
0.18368568 0.18628766 1.492
0.18627876 0.18628766 1.492
0.18887185 0.18628766 1.492
0.19146492 0.18628766 1.492
0.194058 0.18628766 1.492
0.19665109 0.18628766 1.492
0.19924417 0.18628766 1.492
-0.14361787 0.18964033 1.498
-0.14101437 0.18964033 1.498
-0.13841085 0.18964033 1.498
-0.13580735 0.18964033 1.498
-0.13320383 0.18964033 1.498
-0.075926617 0.18964033 1.498
-0.073323108 0.18964033 1.498
-0.0707196 0.18964033 1.498
-0.068116091 0.18964033 1.498
-0.065512575 0.18964033 1.498
-0.062909067 0.18964033 1.498
-0.060305558 0.18964033 1.498
-0.05770205 0.18964033 1.498
-0.055098537 0.18964033 1.498
-0.052495029 0.18964033 1.498
-0.04989152 0.18964033 1.498
-0.047288008 0.18964033 1.498
-0.0446845 0.18964033 1.498
-0.042080991 0.18964033 1.498
-0.039477479 0.18964033 1.498
-0.03687397 0.18964033 1.498
-0.034201827 0.18926053 1.495
-0.03160353 0.18926053 1.495
-0.029005237 0.18926053 1.495
-0.02640694 0.18926053 1.495
-0.023856422 0.18964033 1.498
-0.021252912 0.18964033 1.498
-0.018612053 0.18926053 1.495
-0.016013756 0.18926053 1.495
-0.013415461 0.18926053 1.495
-0.010817165 0.18926053 1.495
-0.0082188696 0.18926053 1.495
-0.0056205736 0.18926053 1.495
-0.003022278 0.18926053 1.495
-0.00042483292 0.18964033 1.498
0.0021786769 0.18964033 1.498
0.0047821868 0.18964033 1.498
0.0073856968 0.18964033 1.498
0.030755568 0.18926053 1.495
0.033353865 0.18926053 1.495
0.035952158 0.18926053 1.495
0.038550455 0.18926053 1.495
0.041148752 0.18926053 1.495
0.043747045 0.18926053 1.495
0.046345342 0.18926053 1.495
0.048943639 0.18926053 1.495
0.051541936 0.18926053 1.495
0.054140229 0.18926053 1.495
0.08531978 0.18926053 1.495
0.087918073 0.18926053 1.495
0.090516374 0.18926053 1.495
0.093114667 0.18926053 1.495
0.09571296 0.18926053 1.495
0.09831126 0.18926053 1.495
0.18109259 0.18888074 1.492
0.18368568 0.18888074 1.492
0.18627876 0.18888074 1.492
0.18887185 0.18888074 1.492
0.19146492 0.18888074 1.492
0.194058 0.18888074 1.492
0.19665109 0.18888074 1.492
0.19924417 0.18888074 1.492
0.20183726 0.18888074 1.492
-0.14622138 0.19224383 1.498
-0.14361787 0.19224383 1.498
-0.14101437 0.19224383 1.498
-0.13841085 0.19224383 1.498
-0.13580735 0.19224383 1.498
-0.13320383 0.19224383 1.498
-0.13060032 0.19224383 1.498
-0.075926617 0.19224383 1.498
-0.073323108 0.19224383 1.498
-0.0707196 0.19224383 1.498
-0.068116091 0.19224383 1.498
-0.065512575 0.19224383 1.498
-0.062909067 0.19224383 1.498
-0.060305558 0.19224383 1.498
-0.05770205 0.19224383 1.498
-0.055098537 0.19224383 1.498
-0.052495029 0.19224383 1.498
-0.04989152 0.19224383 1.498
-0.047288008 0.19224383 1.498
-0.0446845 0.19224383 1.498
-0.042080991 0.19224383 1.498
-0.039477479 0.19224383 1.498
-0.036800124 0.19185883 1.495
-0.034201827 0.19185883 1.495
-0.03160353 0.19185883 1.495
-0.029005237 0.19185883 1.495
-0.02640694 0.19185883 1.495
-0.023808645 0.19185883 1.495
-0.021210348 0.19185883 1.495
-0.018612053 0.19185883 1.495
-0.016013756 0.19185883 1.495
-0.013415461 0.19185883 1.495
-0.010817165 0.19185883 1.495
-0.0082188696 0.19185883 1.495
-0.0056205736 0.19185883 1.495
-0.003022278 0.19185883 1.495
-0.00042483292 0.19224383 1.498
0.0021786769 0.19224383 1.498
0.0047821868 0.19224383 1.498
0.028157271 0.19185883 1.495
0.030755568 0.19185883 1.495
0.033353865 0.19185883 1.495
0.035952158 0.19185883 1.495
0.038550455 0.19185883 1.495
0.041148752 0.19185883 1.495
0.043747045 0.19185883 1.495
0.046345342 0.19185883 1.495
0.048943639 0.19185883 1.495
0.051541936 0.19185883 1.495
0.054140229 0.19185883 1.495
0.082721487 0.19185883 1.495
0.08531978 0.19185883 1.495
0.087918073 0.19185883 1.495
0.090516374 0.19185883 1.495
0.093114667 0.19185883 1.495
0.09571296 0.19185883 1.495
0.09831126 0.19185883 1.495
0.10090955 0.19185883 1.495
0.17849952 0.19147383 1.492
0.18109259 0.19147383 1.492
0.18368568 0.19147383 1.492
0.18627876 0.19147383 1.492
0.18887185 0.19147383 1.492
0.19146492 0.19147383 1.492
0.194058 0.19147383 1.492
0.19665109 0.19147383 1.492
0.19924417 0.19147383 1.492
-0.14882489 0.19484735 1.498
-0.14622138 0.19484735 1.498
-0.14361787 0.19484735 1.498
-0.14101437 0.19484735 1.498
-0.13841085 0.19484735 1.498
-0.13580735 0.19484735 1.498
-0.13320383 0.19484735 1.498
-0.13060032 0.19484735 1.498
-0.094151184 0.19484735 1.498
-0.091547675 0.19484735 1.498
-0.075926617 0.19484735 1.498
-0.073323108 0.19484735 1.498
-0.0707196 0.19484735 1.498
-0.068116091 0.19484735 1.498
-0.065512575 0.19484735 1.498
-0.062909067 0.19484735 1.498
-0.060305558 0.19484735 1.498
-0.05770205 0.19484735 1.498
-0.055098537 0.19484735 1.498
-0.052495029 0.19484735 1.498
-0.04989152 0.19484735 1.498
-0.047288008 0.19484735 1.498
-0.0446845 0.19484735 1.498
-0.042080991 0.19484735 1.498
-0.039477479 0.19484735 1.498
-0.036800124 0.19445713 1.495
-0.034201827 0.19445713 1.495
-0.03160353 0.19445713 1.495
-0.029005237 0.19445713 1.495
-0.02640694 0.19445713 1.495
-0.023808645 0.19445713 1.495
-0.021210348 0.19445713 1.495
-0.018612053 0.19445713 1.495
-0.016013756 0.19445713 1.495
-0.013415461 0.19445713 1.495
-0.010817165 0.19445713 1.495
-0.0082188696 0.19445713 1.495
-0.0056205736 0.19445713 1.495
-0.003022278 0.19445713 1.495
-0.00042398213 0.19445713 1.495
0.0021786769 0.19484735 1.498
0.0047821868 0.19484735 1.498
0.030755568 0.19445713 1.495
0.033353865 0.19445713 1.495
0.035952158 0.19445713 1.495
0.038550455 0.19445713 1.495
0.041148752 0.19445713 1.495
0.043747045 0.19445713 1.495
0.046345342 0.19445713 1.495
0.048943639 0.19445713 1.495
0.051541936 0.19445713 1.495
0.054140229 0.19445713 1.495
0.056738526 0.19445713 1.495
0.082721487 0.19445713 1.495
0.08531978 0.19445713 1.495
0.087918073 0.19445713 1.495
0.090516374 0.19445713 1.495
0.093114667 0.19445713 1.495
0.09571296 0.19445713 1.495
0.09831126 0.19445713 1.495
0.10090955 0.19445713 1.495
0.17331335 0.19406691 1.492
0.17590643 0.19406691 1.492
0.17849952 0.19406691 1.492
0.18109259 0.19406691 1.492
0.18368568 0.19406691 1.492
0.18627876 0.19406691 1.492
0.18887185 0.19406691 1.492
0.19146492 0.19406691 1.492
0.194058 0.19406691 1.492
-0.15923893 0.19745085 1.498
-0.15663542 0.19745085 1.498
-0.15403192 0.19745085 1.498
-0.1514284 0.19745085 1.498
-0.14882489 0.19745085 1.498
-0.14622138 0.19745085 1.498
-0.14361787 0.19745085 1.498
-0.14101437 0.19745085 1.498
-0.13841085 0.19745085 1.498
-0.13580735 0.19745085 1.498
-0.13320383 0.19745085 1.498
-0.13060032 0.19745085 1.498
-0.11758278 0.19745085 1.498
-0.11497927 0.19745085 1.498
-0.11237576 0.19745085 1.498
-0.10977224 0.19745085 1.498
-0.10716873 0.19745085 1.498
-0.10456523 0.19745085 1.498
-0.10196172 0.19745085 1.498
-0.099358208 0.19745085 1.498
-0.0967547 0.19745085 1.498
-0.094151184 0.19745085 1.498
-0.091547675 0.19745085 1.498
-0.088944167 0.19745085 1.498
-0.078530125 0.19745085 1.498
-0.075926617 0.19745085 1.498
-0.073323108 0.19745085 1.498
-0.0707196 0.19745085 1.498
-0.068116091 0.19745085 1.498
-0.065512575 0.19745085 1.498
-0.062909067 0.19745085 1.498
-0.060305558 0.19745085 1.498
-0.05770205 0.19745085 1.498
-0.055098537 0.19745085 1.498
-0.052495029 0.19745085 1.498
-0.04989152 0.19745085 1.498
-0.047288008 0.19745085 1.498
-0.0446845 0.19745085 1.498
-0.042080991 0.19745085 1.498
-0.039477479 0.19745085 1.498
-0.03687397 0.19745085 1.498
-0.034201827 0.19705541 1.495
-0.03160353 0.19705541 1.495
-0.029005237 0.19705541 1.495
-0.02640694 0.19705541 1.495
-0.023808645 0.19705541 1.495
-0.021210348 0.19705541 1.495
-0.018612053 0.19705541 1.495
-0.016013756 0.19705541 1.495
-0.013415461 0.19705541 1.495
-0.010817165 0.19705541 1.495
-0.0082188696 0.19705541 1.495
-0.0056205736 0.19705541 1.495
-0.003022278 0.19705541 1.495
-0.00042398213 0.19705541 1.495
0.0021786769 0.19745085 1.498
0.030755568 0.19705541 1.495
0.033353865 0.19705541 1.495
0.035952158 0.19705541 1.495
0.038550455 0.19705541 1.495
0.041148752 0.19705541 1.495
0.043747045 0.19705541 1.495
0.046345342 0.19705541 1.495
0.048943639 0.19705541 1.495
0.051541936 0.19705541 1.495
0.054140229 0.19705541 1.495
0.056738526 0.19705541 1.495
0.082721487 0.19705541 1.495
0.08531978 0.19705541 1.495
0.087918073 0.19705541 1.495
0.090516374 0.19705541 1.495
0.093114667 0.19705541 1.495
0.09571296 0.19705541 1.495
0.09831126 0.19705541 1.495
0.10090955 0.19705541 1.495
0.11390103 0.19705541 1.495
0.11649933 0.19705541 1.495
0.11909763 0.19705541 1.495
0.12169592 0.19705541 1.495
0.12429421 0.19705541 1.495
0.12689251 0.19705541 1.495
0.12949081 0.19705541 1.495
0.13208911 0.19705541 1.495
0.13468739 0.19705541 1.495
0.17072026 0.19665998 1.492
0.17331335 0.19665998 1.492
0.17590643 0.19665998 1.492
0.17849952 0.19665998 1.492
0.18109259 0.19665998 1.492
0.18368568 0.19665998 1.492
0.18627876 0.19665998 1.492
0.18887185 0.19665998 1.492
-0.16184244 0.20005436 1.498
-0.15923893 0.20005436 1.498
-0.15663542 0.20005436 1.498
-0.15403192 0.20005436 1.498
-0.1514284 0.20005436 1.498
-0.14882489 0.20005436 1.498
-0.14622138 0.20005436 1.498
-0.14361787 0.20005436 1.498
-0.14101437 0.20005436 1.498
-0.13841085 0.20005436 1.498
-0.13580735 0.20005436 1.498
-0.13320383 0.20005436 1.498
-0.11758278 0.20005436 1.498
-0.11497927 0.20005436 1.498
-0.11237576 0.20005436 1.498
-0.10977224 0.20005436 1.498
-0.10716873 0.20005436 1.498
-0.10456523 0.20005436 1.498
-0.10196172 0.20005436 1.498
-0.099358208 0.20005436 1.498
-0.0967547 0.20005436 1.498
-0.094151184 0.20005436 1.498
-0.091547675 0.20005436 1.498
-0.088944167 0.20005436 1.498
-0.086340658 0.20005436 1.498
-0.08373715 0.20005436 1.498
-0.081133634 0.20005436 1.498
-0.078530125 0.20005436 1.498
-0.075926617 0.20005436 1.498
-0.073323108 0.20005436 1.498
-0.0707196 0.20005436 1.498
-0.068116091 0.20005436 1.498
-0.065512575 0.20005436 1.498
-0.062909067 0.20005436 1.498
-0.060305558 0.20005436 1.498
-0.05770205 0.20005436 1.498
-0.055098537 0.20005436 1.498
-0.052495029 0.20005436 1.498
-0.04989152 0.20005436 1.498
-0.047288008 0.20005436 1.498
-0.0446845 0.20005436 1.498
-0.042080991 0.20005436 1.498
-0.039477479 0.20005436 1.498
-0.03687397 0.20005436 1.498
-0.034201827 0.19965371 1.495
-0.03160353 0.19965371 1.495
-0.029005237 0.19965371 1.495
-0.02640694 0.19965371 1.495
-0.023808645 0.19965371 1.495
-0.021210348 0.19965371 1.495
-0.018612053 0.19965371 1.495
-0.016013756 0.19965371 1.495
-0.013415461 0.19965371 1.495
-0.010817165 0.19965371 1.495
-0.0082188696 0.19965371 1.495
-0.0056205736 0.19965371 1.495
-0.003022278 0.19965371 1.495
-0.00042398213 0.19965371 1.495
0.0021786769 0.20005436 1.498
0.033353865 0.19965371 1.495
0.035952158 0.19965371 1.495
0.038550455 0.19965371 1.495
0.041148752 0.19965371 1.495
0.043747045 0.19965371 1.495
0.046345342 0.19965371 1.495
0.048943639 0.19965371 1.495
0.051541936 0.19965371 1.495
0.054140229 0.19965371 1.495
0.056738526 0.19965371 1.495
0.059336822 0.19965371 1.495
0.061935116 0.19965371 1.495
0.072328299 0.19965371 1.495
0.0749266 0.19965371 1.495
0.077524893 0.19965371 1.495
0.080123186 0.19965371 1.495
0.082721487 0.19965371 1.495
0.08531978 0.19965371 1.495
0.087918073 0.19965371 1.495
0.090516374 0.19965371 1.495
0.093114667 0.19965371 1.495
0.09571296 0.19965371 1.495
0.09831126 0.19965371 1.495
0.10090955 0.19965371 1.495
0.10350785 0.19965371 1.495
0.10610615 0.19965371 1.495
0.10870444 0.19965371 1.495
0.11130274 0.19965371 1.495
0.11390103 0.19965371 1.495
0.11649933 0.19965371 1.495
0.11909763 0.19965371 1.495
0.12169592 0.19965371 1.495
0.12429421 0.19965371 1.495
0.12689251 0.19965371 1.495
0.12949081 0.19965371 1.495
0.13208911 0.19965371 1.495
0.13468739 0.19965371 1.495
0.13728569 0.19965371 1.495
0.139884 0.19965371 1.495
0.16812718 0.19925307 1.492
0.17072026 0.19925307 1.492
0.17331335 0.19925307 1.492
0.17590643 0.19925307 1.492
0.17849952 0.19925307 1.492
0.18109259 0.19925307 1.492
-0.16444595 0.20265788 1.498
-0.16184244 0.20265788 1.498
-0.15923893 0.20265788 1.498
-0.15663542 0.20265788 1.498
-0.15403192 0.20265788 1.498
-0.1514284 0.20265788 1.498
-0.14882489 0.20265788 1.498
-0.14622138 0.20265788 1.498
-0.14361787 0.20265788 1.498
-0.14101437 0.20265788 1.498
-0.13841085 0.20265788 1.498
-0.13580735 0.20265788 1.498
-0.11497927 0.20265788 1.498
-0.11237576 0.20265788 1.498
-0.10977224 0.20265788 1.498
-0.10716873 0.20265788 1.498
-0.10456523 0.20265788 1.498
-0.10196172 0.20265788 1.498
-0.099358208 0.20265788 1.498
-0.0967547 0.20265788 1.498
-0.094151184 0.20265788 1.498
-0.091547675 0.20265788 1.498
-0.088944167 0.20265788 1.498
-0.086340658 0.20265788 1.498
-0.08373715 0.20265788 1.498
-0.081133634 0.20265788 1.498
-0.075926617 0.20265788 1.498
-0.073323108 0.20265788 1.498
-0.0707196 0.20265788 1.498
-0.068116091 0.20265788 1.498
-0.065512575 0.20265788 1.498
-0.062909067 0.20265788 1.498
-0.060305558 0.20265788 1.498
-0.05770205 0.20265788 1.498
-0.042080991 0.20265788 1.498
-0.039477479 0.20265788 1.498
-0.03687397 0.20265788 1.498
-0.034270462 0.20265788 1.498
-0.03160353 0.20225202 1.495
-0.029005237 0.20225202 1.495
-0.02640694 0.20225202 1.495
-0.023808645 0.20225202 1.495
-0.021210348 0.20225202 1.495
-0.018612053 0.20225202 1.495
-0.016013756 0.20225202 1.495
-0.013415461 0.20225202 1.495
-0.010817165 0.20225202 1.495
-0.0082188696 0.20225202 1.495
-0.0056205736 0.20225202 1.495
-0.0030283427 0.20265788 1.498
-0.00042483292 0.20265788 1.498
0.033353865 0.20225202 1.495
0.035952158 0.20225202 1.495
0.038550455 0.20225202 1.495
0.041148752 0.20225202 1.495
0.043747045 0.20225202 1.495
0.046345342 0.20225202 1.495
0.051541936 0.20225202 1.495
0.054140229 0.20225202 1.495
0.056738526 0.20225202 1.495
0.059336822 0.20225202 1.495
0.061935116 0.20225202 1.495
0.064533412 0.20225202 1.495
0.067131706 0.20225202 1.495
0.069730006 0.20225202 1.495
0.072328299 0.20225202 1.495
0.0749266 0.20225202 1.495
0.077524893 0.20225202 1.495
0.080123186 0.20225202 1.495
0.082721487 0.20225202 1.495
0.08531978 0.20225202 1.495
0.093114667 0.20225202 1.495
0.09571296 0.20225202 1.495
0.10090955 0.20225202 1.495
0.10350785 0.20225202 1.495
0.10610615 0.20225202 1.495
0.10870444 0.20225202 1.495
0.11130274 0.20225202 1.495
0.11390103 0.20225202 1.495
0.11626555 0.20184615 1.492
0.11885864 0.20184615 1.492
0.12145171 0.20184615 1.492
0.12429421 0.20225202 1.495
0.12689251 0.20225202 1.495
0.12949081 0.20225202 1.495
0.13208911 0.20225202 1.495
0.13468739 0.20225202 1.495
0.13728569 0.20225202 1.495
0.139884 0.20225202 1.495
0.16294102 0.20184615 1.492
0.16553411 0.20184615 1.492
0.16812718 0.20184615 1.492
0.17072026 0.20184615 1.492
0.17331335 0.20184615 1.492
-0.24841982 0.20580947 1.502
-0.16444595 0.20526138 1.498
-0.16184244 0.20526138 1.498
-0.15923893 0.20526138 1.498
-0.15663542 0.20526138 1.498
-0.15403192 0.20526138 1.498
-0.1514284 0.20526138 1.498
-0.14882489 0.20526138 1.498
-0.14622138 0.20526138 1.498
-0.14361787 0.20526138 1.498
-0.14101437 0.20526138 1.498
-0.13841085 0.20526138 1.498
-0.13580735 0.20526138 1.498
-0.11237576 0.20526138 1.498
-0.10977224 0.20526138 1.498
-0.10716873 0.20526138 1.498
-0.10456523 0.20526138 1.498
-0.10196172 0.20526138 1.498
-0.099358208 0.20526138 1.498
-0.091547675 0.20526138 1.498
-0.088944167 0.20526138 1.498
-0.086340658 0.20526138 1.498
-0.08373715 0.20526138 1.498
-0.081133634 0.20526138 1.498
-0.073323108 0.20526138 1.498
-0.0707196 0.20526138 1.498
-0.068116091 0.20526138 1.498
-0.065512575 0.20526138 1.498
-0.062909067 0.20526138 1.498
-0.039477479 0.20526138 1.498
-0.03687397 0.20526138 1.498
-0.034270462 0.20526138 1.498
-0.031666949 0.20526138 1.498
-0.029005237 0.2048503 1.495
-0.02640694 0.2048503 1.495
-0.023808645 0.2048503 1.495
-0.021210348 0.2048503 1.495
-0.018612053 0.2048503 1.495
-0.016013756 0.2048503 1.495
-0.013415461 0.2048503 1.495
-0.010838872 0.20526138 1.498
-0.0082353624 0.20526138 1.498
-0.0056318524 0.20526138 1.498
-0.0030283427 0.20526138 1.498
-0.00042483292 0.20526138 1.498
0.033353865 0.2048503 1.495
0.035952158 0.2048503 1.495
0.038550455 0.2048503 1.495
0.041148752 0.2048503 1.495
0.043747045 0.2048503 1.495
0.059336822 0.2048503 1.495
0.061935116 0.2048503 1.495
0.064533412 0.2048503 1.495
0.067131706 0.2048503 1.495
0.069730006 0.2048503 1.495
0.072328299 0.2048503 1.495
0.0749266 0.2048503 1.495
0.077524893 0.2048503 1.495
0.080123186 0.2048503 1.495
0.082721487 0.2048503 1.495
0.08531978 0.2048503 1.495
0.09571296 0.2048503 1.495
0.10090955 0.2048503 1.495
0.10350785 0.2048503 1.495
0.10610615 0.2048503 1.495
0.10870444 0.2048503 1.495
0.11130274 0.2048503 1.495
0.11390103 0.2048503 1.495
0.11626555 0.20443924 1.492
0.11885864 0.20443924 1.492
0.12145171 0.20443924 1.492
0.1240448 0.20443924 1.492
0.12689251 0.2048503 1.495
0.12949081 0.2048503 1.495
0.13208911 0.2048503 1.495
0.13468739 0.2048503 1.495
0.13728569 0.2048503 1.495
0.139884 0.2048503 1.495
0.14248228 0.2048503 1.495
0.16034794 0.20443924 1.492
0.16294102 0.20443924 1.492
0.16553411 0.20443924 1.492
0.16812718 0.20443924 1.492
0.17072026 0.20443924 1.492
0.17331335 0.20443924 1.492
-0.24841982 0.20841993 1.502
-0.16444595 0.2078649 1.498
-0.16184244 0.2078649 1.498
-0.15923893 0.2078649 1.498
-0.14622138 0.2078649 1.498
-0.14361787 0.2078649 1.498
-0.14101437 0.2078649 1.498
-0.13841085 0.2078649 1.498
-0.13580735 0.2078649 1.498
-0.13320383 0.2078649 1.498
-0.11237576 0.2078649 1.498
-0.10977224 0.2078649 1.498
-0.10716873 0.2078649 1.498
-0.10456523 0.2078649 1.498
-0.088944167 0.2078649 1.498
-0.086340658 0.2078649 1.498
-0.08373715 0.2078649 1.498
-0.081133634 0.2078649 1.498
-0.073323108 0.2078649 1.498
-0.0707196 0.2078649 1.498
-0.068116091 0.2078649 1.498
-0.065512575 0.2078649 1.498
-0.062909067 0.2078649 1.498
-0.060305558 0.2078649 1.498
-0.039477479 0.2078649 1.498
-0.03687397 0.2078649 1.498
-0.034270462 0.2078649 1.498
-0.031666949 0.2078649 1.498
-0.029063441 0.2078649 1.498
-0.02640694 0.2074486 1.495
-0.023808645 0.2074486 1.495
-0.021210348 0.2074486 1.495
-0.018612053 0.2074486 1.495
-0.016013756 0.2074486 1.495
-0.013442382 0.2078649 1.498
-0.010838872 0.2078649 1.498
-0.0082353624 0.2078649 1.498
-0.0056318524 0.2078649 1.498
-0.0030283427 0.2078649 1.498
0.033353865 0.2074486 1.495
0.035952158 0.2074486 1.495
0.038550455 0.2074486 1.495
0.041148752 0.2074486 1.495
0.061935116 0.2074486 1.495
0.064533412 0.2074486 1.495
0.067131706 0.2074486 1.495
0.069730006 0.2074486 1.495
0.072328299 0.2074486 1.495
0.0749266 0.2074486 1.495
0.077524893 0.2074486 1.495
0.080123186 0.2074486 1.495
0.082721487 0.2074486 1.495
0.08531978 0.2074486 1.495
0.09571296 0.2074486 1.495
0.10090955 0.2074486 1.495
0.10350785 0.2074486 1.495
0.10610615 0.2074486 1.495
0.10870444 0.2074486 1.495
0.11130274 0.2074486 1.495
0.11367247 0.20703231 1.492
0.11626555 0.20703231 1.492
0.11885864 0.20703231 1.492
0.12145171 0.20703231 1.492
0.1240448 0.20703231 1.492
0.12689251 0.2074486 1.495
0.12949081 0.2074486 1.495
0.13208911 0.2074486 1.495
0.13468739 0.2074486 1.495
0.13728569 0.2074486 1.495
0.139884 0.2074486 1.495
0.15775485 0.20703231 1.492
0.16034794 0.20703231 1.492
0.16294102 0.20703231 1.492
0.16553411 0.20703231 1.492
0.16812718 0.20703231 1.492
0.17072026 0.20703231 1.492
0.17331335 0.20703231 1.492
-0.24841982 0.21103039 1.502
-0.16184244 0.2104684 1.498
-0.13841085 0.2104684 1.498
-0.13580735 0.2104684 1.498
-0.13320383 0.2104684 1.498
-0.11237576 0.2104684 1.498
-0.10977224 0.2104684 1.498
-0.10716873 0.2104684 1.498
-0.08373715 0.2104684 1.498
-0.081133634 0.2104684 1.498
-0.075926617 0.2104684 1.498
-0.073323108 0.2104684 1.498
-0.0707196 0.2104684 1.498
-0.068116091 0.2104684 1.498
-0.065512575 0.2104684 1.498
-0.062909067 0.2104684 1.498
-0.060305558 0.2104684 1.498
-0.05770205 0.2104684 1.498
-0.039477479 0.2104684 1.498
-0.03687397 0.2104684 1.498
-0.034270462 0.2104684 1.498
-0.031666949 0.2104684 1.498
-0.029063441 0.2104684 1.498
-0.02645993 0.2104684 1.498
-0.023856422 0.2104684 1.498
-0.021252912 0.2104684 1.498
-0.018649401 0.2104684 1.498
-0.016045893 0.2104684 1.498
-0.013442382 0.2104684 1.498
-0.010838872 0.2104684 1.498
-0.0082353624 0.2104684 1.498
-0.0056318524 0.2104684 1.498
-0.0030283427 0.2104684 1.498
0.033353865 0.2100469 1.495
0.035952158 0.2100469 1.495
0.038550455 0.2100469 1.495
0.041148752 0.2100469 1.495
0.061935116 0.2100469 1.495
0.064533412 0.2100469 1.495
0.067131706 0.2100469 1.495
0.069730006 0.2100469 1.495
0.072328299 0.2100469 1.495
0.0749266 0.2100469 1.495
0.077524893 0.2100469 1.495
0.080123186 0.2100469 1.495
0.082721487 0.2100469 1.495
0.08531978 0.2100469 1.495
0.09571296 0.2100469 1.495
0.10090955 0.2100469 1.495
0.10350785 0.2100469 1.495
0.10610615 0.2100469 1.495
0.10870444 0.2100469 1.495
0.11130274 0.2100469 1.495
0.11367247 0.20962539 1.492
0.11626555 0.20962539 1.492
0.11885864 0.20962539 1.492
0.12145171 0.20962539 1.492
0.1240448 0.20962539 1.492
0.12663788 0.20962539 1.492
0.12949081 0.2100469 1.495
0.13208911 0.2100469 1.495
0.13468739 0.2100469 1.495
0.13728569 0.2100469 1.495
0.139884 0.2100469 1.495
0.15516178 0.20962539 1.492
0.15775485 0.20962539 1.492
0.16034794 0.20962539 1.492
0.16294102 0.20962539 1.492
0.16553411 0.20962539 1.492
0.16812718 0.20962539 1.492
0.17072026 0.20962539 1.492
0.17331335 0.20962539 1.492
-0.24841982 0.21364085 1.502
-0.13580735 0.21307191 1.498
-0.13320383 0.21307191 1.498
-0.11497927 0.21307191 1.498
-0.11237576 0.21307191 1.498
-0.10977224 0.21307191 1.498
-0.086340658 0.21307191 1.498
-0.08373715 0.21307191 1.498
-0.081133634 0.21307191 1.498
-0.078530125 0.21307191 1.498
-0.075926617 0.21307191 1.498
-0.073323108 0.21307191 1.498
-0.0707196 0.21307191 1.498
-0.068116091 0.21307191 1.498
-0.065512575 0.21307191 1.498
-0.062909067 0.21307191 1.498
-0.060305558 0.21307191 1.498
-0.05770205 0.21307191 1.498
-0.055098537 0.21307191 1.498
-0.039477479 0.21307191 1.498
-0.03687397 0.21307191 1.498
-0.034270462 0.21307191 1.498
-0.023856422 0.21307191 1.498
-0.021252912 0.21307191 1.498
-0.018649401 0.21307191 1.498
-0.016045893 0.21307191 1.498
-0.013442382 0.21307191 1.498
-0.010838872 0.21307191 1.498
-0.0082353624 0.21307191 1.498
-0.0056318524 0.21307191 1.498
0.033353865 0.21264519 1.495
0.035952158 0.21264519 1.495
0.038550455 0.21264519 1.495
0.064533412 0.21264519 1.495
0.067131706 0.21264519 1.495
0.069730006 0.21264519 1.495
0.072328299 0.21264519 1.495
0.0749266 0.21264519 1.495
0.077524893 0.21264519 1.495
0.080123186 0.21264519 1.495
0.082721487 0.21264519 1.495
0.08531978 0.21264519 1.495
0.087918073 0.21264519 1.495
0.093114667 0.21264519 1.495
0.09571296 0.21264519 1.495
0.10090955 0.21264519 1.495
0.10350785 0.21264519 1.495
0.10610615 0.21264519 1.495
0.10870444 0.21264519 1.495
0.11130274 0.21264519 1.495
0.11367247 0.21221848 1.492
0.11626555 0.21221848 1.492
0.11885864 0.21221848 1.492
0.12145171 0.21221848 1.492
0.1240448 0.21221848 1.492
0.12663788 0.21221848 1.492
0.12923096 0.21221848 1.492
0.13208911 0.21264519 1.495
0.13468739 0.21264519 1.495
0.13728569 0.21264519 1.495
0.15516178 0.21221848 1.492
0.15775485 0.21221848 1.492
0.16034794 0.21221848 1.492
0.16294102 0.21221848 1.492
0.16553411 0.21221848 1.492
0.16812718 0.21221848 1.492
0.17072026 0.21221848 1.492
0.17331335 0.21221848 1.492
-0.24841982 0.21625131 1.502
-0.24580936 0.21625131 1.502
-0.13320383 0.21567541 1.498
-0.13060032 0.21567541 1.498
-0.11758278 0.21567541 1.498
-0.11497927 0.21567541 1.498
-0.11237576 0.21567541 1.498
-0.10977224 0.21567541 1.498
-0.088944167 0.21567541 1.498
-0.086340658 0.21567541 1.498
-0.08373715 0.21567541 1.498
-0.081133634 0.21567541 1.498
-0.078530125 0.21567541 1.498
-0.075926617 0.21567541 1.498
-0.073323108 0.21567541 1.498
-0.0707196 0.21567541 1.498
-0.068116091 0.21567541 1.498
-0.065512575 0.21567541 1.498
-0.062909067 0.21567541 1.498
-0.060305558 0.21567541 1.498
-0.05770205 0.21567541 1.498
-0.055098537 0.21567541 1.498
-0.052495029 0.21567541 1.498
-0.0082353624 0.21567541 1.498
-0.0056318524 0.21567541 1.498
0.033353865 0.21524349 1.495
0.035952158 0.21524349 1.495
0.038550455 0.21524349 1.495
0.067131706 0.21524349 1.495
0.069730006 0.21524349 1.495
0.072328299 0.21524349 1.495
0.0749266 0.21524349 1.495
0.077524893 0.21524349 1.495
0.080123186 0.21524349 1.495
0.082721487 0.21524349 1.495
0.08531978 0.21524349 1.495
0.087918073 0.21524349 1.495
0.090516374 0.21524349 1.495
0.093114667 0.21524349 1.495
0.09571296 0.21524349 1.495
0.10870444 0.21524349 1.495
0.11130274 0.21524349 1.495
0.11390103 0.21524349 1.495
0.11626555 0.21481156 1.492
0.11885864 0.21481156 1.492
0.12145171 0.21481156 1.492
0.1240448 0.21481156 1.492
0.12663788 0.21481156 1.492
0.12923096 0.21481156 1.492
0.13182405 0.21481156 1.492
0.13441712 0.21481156 1.492
0.1370102 0.21481156 1.492
0.1525687 0.21481156 1.492
0.15516178 0.21481156 1.492
0.15775485 0.21481156 1.492
0.16034794 0.21481156 1.492
0.16294102 0.21481156 1.492
0.16553411 0.21481156 1.492
0.16812718 0.21481156 1.492
0.17072026 0.21481156 1.492
-0.24841982 0.21886177 1.502
-0.24580936 0.21886177 1.502
-0.13320383 0.21827893 1.498
-0.13060032 0.21827893 1.498
-0.11758278 0.21827893 1.498
-0.11497927 0.21827893 1.498
-0.11237576 0.21827893 1.498
-0.088944167 0.21827893 1.498
-0.086340658 0.21827893 1.498
-0.08373715 0.21827893 1.498
-0.081133634 0.21827893 1.498
-0.078530125 0.21827893 1.498
-0.075926617 0.21827893 1.498
-0.073323108 0.21827893 1.498
-0.0707196 0.21827893 1.498
-0.068116091 0.21827893 1.498
-0.065512575 0.21827893 1.498
-0.062909067 0.21827893 1.498
-0.060305558 0.21827893 1.498
-0.05770205 0.21827893 1.498
-0.055098537 0.21827893 1.498
-0.052495029 0.21827893 1.498
-0.04989152 0.21827893 1.498
-0.047288008 0.21827893 1.498
-0.0446845 0.21827893 1.498
-0.042080991 0.21827893 1.498
-0.039477479 0.21827893 1.498
-0.0082353624 0.21827893 1.498
0.033353865 0.21784179 1.495
0.035952158 0.21784179 1.495
0.064533412 0.21784179 1.495
0.067131706 0.21784179 1.495
0.069730006 0.21784179 1.495
0.072328299 0.21784179 1.495
0.0749266 0.21784179 1.495
0.077524893 0.21784179 1.495
0.080123186 0.21784179 1.495
0.082721487 0.21784179 1.495
0.08531978 0.21784179 1.495
0.087918073 0.21784179 1.495
0.090516374 0.21784179 1.495
0.093114667 0.21784179 1.495
0.09571296 0.21784179 1.495
0.11130274 0.21784179 1.495
0.11390103 0.21784179 1.495
0.11626555 0.21740465 1.492
0.11885864 0.21740465 1.492
0.12145171 0.21740465 1.492
0.1240448 0.21740465 1.492
0.12663788 0.21740465 1.492
0.12923096 0.21740465 1.492
0.13182405 0.21740465 1.492
0.13441712 0.21740465 1.492
0.1370102 0.21740465 1.492
0.13960329 0.21740465 1.492
0.14997561 0.21740465 1.492
0.1525687 0.21740465 1.492
0.15516178 0.21740465 1.492
0.15775485 0.21740465 1.492
0.16034794 0.21740465 1.492
0.16294102 0.21740465 1.492
0.16553411 0.21740465 1.492
0.16812718 0.21740465 1.492
0.17072026 0.21740465 1.492
-0.24841982 0.22147223 1.502
-0.24580936 0.22147223 1.502
-0.13060032 0.22088245 1.498
-0.12799682 0.22088245 1.498
-0.12018628 0.22088245 1.498
-0.11758278 0.22088245 1.498
-0.11497927 0.22088245 1.498
-0.11237576 0.22088245 1.498
-0.088944167 0.22088245 1.498
-0.086340658 0.22088245 1.498
-0.08373715 0.22088245 1.498
-0.081133634 0.22088245 1.498
-0.078530125 0.22088245 1.498
-0.075926617 0.22088245 1.498
-0.073323108 0.22088245 1.498
-0.0707196 0.22088245 1.498
-0.065512575 0.22088245 1.498
-0.062909067 0.22088245 1.498
-0.060305558 0.22088245 1.498
-0.05770205 0.22088245 1.498
-0.055098537 0.22088245 1.498
-0.052495029 0.22088245 1.498
-0.04989152 0.22088245 1.498
-0.047288008 0.22088245 1.498
-0.0446845 0.22088245 1.498
-0.042080991 0.22088245 1.498
-0.039477479 0.22088245 1.498
-0.0082353624 0.22088245 1.498
0.064533412 0.22044007 1.495
0.067131706 0.22044007 1.495
0.069730006 0.22044007 1.495
0.072328299 0.22044007 1.495
0.0749266 0.22044007 1.495
0.077524893 0.22044007 1.495
0.080123186 0.22044007 1.495
0.082721487 0.22044007 1.495
0.08531978 0.22044007 1.495
0.087918073 0.22044007 1.495
0.090516374 0.22044007 1.495
0.093114667 0.22044007 1.495
0.09571296 0.22044007 1.495
0.09831126 0.22044007 1.495
0.11130274 0.22044007 1.495
0.11390103 0.22044007 1.495
0.11649933 0.22044007 1.495
0.11909763 0.22044007 1.495
0.12169592 0.22044007 1.495
0.12429421 0.22044007 1.495
0.12663788 0.21999772 1.492
0.12923096 0.21999772 1.492
0.13182405 0.21999772 1.492
0.13441712 0.21999772 1.492
0.1370102 0.21999772 1.492
0.13960329 0.21999772 1.492
0.14219637 0.21999772 1.492
0.14478946 0.21999772 1.492
0.14738253 0.21999772 1.492
0.14997561 0.21999772 1.492
0.1525687 0.21999772 1.492
0.15516178 0.21999772 1.492
0.15775485 0.21999772 1.492
0.16034794 0.21999772 1.492
0.16294102 0.21999772 1.492
0.16553411 0.21999772 1.492
0.16812718 0.21999772 1.492
-0.24841982 0.22408269 1.502
-0.24580936 0.22408269 1.502
-0.2431989 0.22408269 1.502
-0.13060032 0.22348595 1.498
-0.12799682 0.22348595 1.498
-0.1253933 0.22348595 1.498
-0.12278979 0.22348595 1.498
-0.12018628 0.22348595 1.498
-0.11758278 0.22348595 1.498
-0.11497927 0.22348595 1.498
-0.11237576 0.22348595 1.498
-0.088944167 0.22348595 1.498
-0.086340658 0.22348595 1.498
-0.08373715 0.22348595 1.498
-0.081133634 0.22348595 1.498
-0.078530125 0.22348595 1.498
-0.075926617 0.22348595 1.498
-0.062909067 0.22348595 1.498
-0.060305558 0.22348595 1.498
-0.05770205 0.22348595 1.498
-0.055098537 0.22348595 1.498
-0.052495029 0.22348595 1.498
-0.04989152 0.22348595 1.498
-0.047288008 0.22348595 1.498
-0.0446845 0.22348595 1.498
-0.042080991 0.22348595 1.498
-0.039477479 0.22348595 1.498
-0.03687397 0.22348595 1.498
-0.013442382 0.22348595 1.498
-0.010838872 0.22348595 1.498
0.064533412 0.22303838 1.495
0.067131706 0.22303838 1.495
0.069730006 0.22303838 1.495
0.072328299 0.22303838 1.495
0.0749266 0.22303838 1.495
0.077524893 0.22303838 1.495
0.080123186 0.22303838 1.495
0.082721487 0.22303838 1.495
0.08531978 0.22303838 1.495
0.087918073 0.22303838 1.495
0.090516374 0.22303838 1.495
0.093114667 0.22303838 1.495
0.09571296 0.22303838 1.495
0.11390103 0.22303838 1.495
0.11649933 0.22303838 1.495
0.11909763 0.22303838 1.495
0.12169592 0.22303838 1.495
0.12429421 0.22303838 1.495
0.12689251 0.22303838 1.495
0.12923096 0.2225908 1.492
0.13182405 0.2225908 1.492
0.13441712 0.2225908 1.492
0.1370102 0.2225908 1.492
0.13960329 0.2225908 1.492
0.14219637 0.2225908 1.492
0.14478946 0.2225908 1.492
0.14738253 0.2225908 1.492
0.14997561 0.2225908 1.492
0.1525687 0.2225908 1.492
0.15516178 0.2225908 1.492
0.15775485 0.2225908 1.492
0.16034794 0.2225908 1.492
0.16294102 0.2225908 1.492
0.16553411 0.2225908 1.492
-0.24841982 0.22669317 1.502
-0.24580936 0.22669317 1.502
-0.2431989 0.22669317 1.502
-0.24058844 0.22669317 1.502
-0.1253933 0.22608946 1.498
-0.12278979 0.22608946 1.498
-0.12018628 0.22608946 1.498
-0.11758278 0.22608946 1.498
-0.11497927 0.22608946 1.498
-0.11237576 0.22608946 1.498
-0.088944167 0.22608946 1.498
-0.086340658 0.22608946 1.498
-0.08373715 0.22608946 1.498
-0.081133634 0.22608946 1.498
-0.078530125 0.22608946 1.498
-0.057586491 0.22563668 1.495
-0.055098537 0.22608946 1.498
-0.052495029 0.22608946 1.498
-0.04989152 0.22608946 1.498
-0.047288008 0.22608946 1.498
-0.0446845 0.22608946 1.498
-0.042080991 0.22608946 1.498
-0.039477479 0.22608946 1.498
-0.03687397 0.22608946 1.498
-0.034270462 0.22608946 1.498
-0.031666949 0.22608946 1.498
-0.029063441 0.22608946 1.498
-0.02645993 0.22608946 1.498
-0.023856422 0.22608946 1.498
-0.021252912 0.22608946 1.498
-0.018649401 0.22608946 1.498
-0.016045893 0.22608946 1.498
-0.013442382 0.22608946 1.498
-0.010838872 0.22608946 1.498
0.067131706 0.22563668 1.495
0.077524893 0.22563668 1.495
0.080123186 0.22563668 1.495
0.082721487 0.22563668 1.495
0.08531978 0.22563668 1.495
0.087918073 0.22563668 1.495
0.090516374 0.22563668 1.495
0.093114667 0.22563668 1.495
0.09571296 0.22563668 1.495
0.11390103 0.22563668 1.495
0.11649933 0.22563668 1.495
0.11909763 0.22563668 1.495
0.12169592 0.22563668 1.495
0.12429421 0.22563668 1.495
0.12689251 0.22563668 1.495
0.12923096 0.22518389 1.492
0.13182405 0.22518389 1.492
0.13441712 0.22518389 1.492
0.1370102 0.22518389 1.492
0.13960329 0.22518389 1.492
0.14219637 0.22518389 1.492
0.14478946 0.22518389 1.492
0.14738253 0.22518389 1.492
0.14997561 0.22518389 1.492
0.1525687 0.22518389 1.492
0.15516178 0.22518389 1.492
0.15775485 0.22518389 1.492
0.16034794 0.22518389 1.492
0.16294102 0.22518389 1.492
0.16553411 0.22518389 1.492
-0.24580936 0.22930363 1.502
-0.2431989 0.22930363 1.502
-0.24058844 0.22930363 1.502
-0.23797798 0.22930363 1.502
-0.1253933 0.22869296 1.498
-0.12278979 0.22869296 1.498
-0.12018628 0.22869296 1.498
-0.11758278 0.22869296 1.498
-0.11497927 0.22869296 1.498
-0.11237576 0.22869296 1.498
-0.088944167 0.22869296 1.498
-0.086340658 0.22869296 1.498
-0.08373715 0.22869296 1.498
-0.081133634 0.22869296 1.498
-0.057586491 0.22823498 1.495
-0.054988194 0.22823498 1.495
-0.052389897 0.22823498 1.495
-0.049791604 0.22823498 1.495
-0.047193307 0.22823498 1.495
-0.044595011 0.22823498 1.495
-0.041996714 0.22823498 1.495
-0.039477479 0.22869296 1.498
-0.03687397 0.22869296 1.498
-0.034270462 0.22869296 1.498
-0.031666949 0.22869296 1.498
-0.029063441 0.22869296 1.498
-0.02645993 0.22869296 1.498
-0.023856422 0.22869296 1.498
-0.021252912 0.22869296 1.498
-0.018649401 0.22869296 1.498
-0.016045893 0.22869296 1.498
-0.013442382 0.22869296 1.498
0.043747045 0.22823498 1.495
0.046345342 0.22823498 1.495
0.048943639 0.22823498 1.495
0.080123186 0.22823498 1.495
0.082721487 0.22823498 1.495
0.08531978 0.22823498 1.495
0.087918073 0.22823498 1.495
0.090516374 0.22823498 1.495
0.093114667 0.22823498 1.495
0.09571296 0.22823498 1.495
0.11649933 0.22823498 1.495
0.11909763 0.22823498 1.495
0.12169592 0.22823498 1.495
0.12429421 0.22823498 1.495
0.12689251 0.22823498 1.495
0.12949081 0.22823498 1.495
0.13182405 0.22777697 1.492
0.13441712 0.22777697 1.492
0.1370102 0.22777697 1.492
0.13960329 0.22777697 1.492
0.14219637 0.22777697 1.492
0.14478946 0.22777697 1.492
0.14738253 0.22777697 1.492
0.14997561 0.22777697 1.492
0.1525687 0.22777697 1.492
0.15516178 0.22777697 1.492
0.15775485 0.22777697 1.492
0.16034794 0.22777697 1.492
0.16294102 0.22777697 1.492
-0.2431989 0.23191409 1.502
-0.24058844 0.23191409 1.502
-0.23797798 0.23191409 1.502
-0.23536752 0.23191409 1.502
-0.12278979 0.23129648 1.498
-0.11758278 0.23129648 1.498
-0.11497927 0.23129648 1.498
-0.11237576 0.23129648 1.498
-0.088944167 0.23129648 1.498
-0.086340658 0.23129648 1.498
-0.08373715 0.23129648 1.498
-0.054988194 0.23083326 1.495
-0.052389897 0.23083326 1.495
-0.049791604 0.23083326 1.495
-0.047193307 0.23083326 1.495
-0.044595011 0.23083326 1.495
-0.041996714 0.23083326 1.495
-0.039398421 0.23083326 1.495
-0.036800124 0.23083326 1.495
-0.034270462 0.23129648 1.498
-0.031666949 0.23129648 1.498
-0.029063441 0.23129648 1.498
-0.02645993 0.23129648 1.498
-0.023856422 0.23129648 1.498
-0.021252912 0.23129648 1.498
-0.018649401 0.23129648 1.498
-0.016045893 0.23129648 1.498
0.028157271 0.23083326 1.495
0.030755568 0.23083326 1.495
0.033353865 0.23083326 1.495
0.035952158 0.23083326 1.495
0.038550455 0.23083326 1.495
0.041148752 0.23083326 1.495
0.043747045 0.23083326 1.495
0.046345342 0.23083326 1.495
0.048943639 0.23083326 1.495
0.051541936 0.23083326 1.495
0.080123186 0.23083326 1.495
0.082721487 0.23083326 1.495
0.08531978 0.23083326 1.495
0.087918073 0.23083326 1.495
0.090516374 0.23083326 1.495
0.11649933 0.23083326 1.495
0.11909763 0.23083326 1.495
0.12169592 0.23083326 1.495
0.12429421 0.23083326 1.495
0.12689251 0.23083326 1.495
0.12949081 0.23083326 1.495
0.13441712 0.23037004 1.492
0.1370102 0.23037004 1.492
0.13960329 0.23037004 1.492
0.14219637 0.23037004 1.492
0.14478946 0.23037004 1.492
0.14738253 0.23037004 1.492
0.14997561 0.23037004 1.492
0.1525687 0.23037004 1.492
0.15516178 0.23037004 1.492
0.15775485 0.23037004 1.492
0.16034794 0.23037004 1.492
0.16294102 0.23037004 1.492
0.16553411 0.23037004 1.492
-0.2431989 0.23452455 1.502
-0.24058844 0.23452455 1.502
-0.23797798 0.23452455 1.502
-0.23536752 0.23452455 1.502
-0.11758278 0.2339 1.498
-0.11497927 0.2339 1.498
-0.11237576 0.2339 1.498
-0.10977224 0.2339 1.498
-0.10716873 0.2339 1.498
-0.091547675 0.2339 1.498
-0.088944167 0.2339 1.498
-0.086340658 0.2339 1.498
-0.08373715 0.2339 1.498
-0.041996714 0.23343156 1.495
-0.039398421 0.23343156 1.495
-0.036800124 0.23343156 1.495
-0.034201827 0.23343156 1.495
-0.031666949 0.2339 1.498
-0.029063441 0.2339 1.498
-0.02645993 0.2339 1.498
-0.023856422 0.2339 1.498
-0.021252912 0.2339 1.498
-0.018649401 0.2339 1.498
-0.016045893 0.2339 1.498
0.028157271 0.23343156 1.495
0.030755568 0.23343156 1.495
0.033353865 0.23343156 1.495
0.035952158 0.23343156 1.495
0.038550455 0.23343156 1.495
0.041148752 0.23343156 1.495
0.043747045 0.23343156 1.495
0.046345342 0.23343156 1.495
0.048943639 0.23343156 1.495
0.051541936 0.23343156 1.495
0.054140229 0.23343156 1.495
0.080123186 0.23343156 1.495
0.082721487 0.23343156 1.495
0.08531978 0.23343156 1.495
0.087918073 0.23343156 1.495
0.090516374 0.23343156 1.495
0.11909763 0.23343156 1.495
0.12169592 0.23343156 1.495
0.12429421 0.23343156 1.495
0.12689251 0.23343156 1.495
0.13441712 0.23296313 1.492
0.1370102 0.23296313 1.492
0.13960329 0.23296313 1.492
0.14219637 0.23296313 1.492
0.14478946 0.23296313 1.492
0.14738253 0.23296313 1.492
0.14997561 0.23296313 1.492
0.1525687 0.23296313 1.492
0.15516178 0.23296313 1.492
0.15775485 0.23296313 1.492
0.16034794 0.23296313 1.492
0.16294102 0.23296313 1.492
0.16553411 0.23296313 1.492
-0.2431989 0.23713501 1.502
-0.24058844 0.23713501 1.502
-0.23797798 0.23713501 1.502
-0.23536752 0.23713501 1.502
-0.12278979 0.2365035 1.498
-0.12018628 0.2365035 1.498
-0.11758278 0.2365035 1.498
-0.11497927 0.2365035 1.498
-0.11237576 0.2365035 1.498
-0.10977224 0.2365035 1.498
-0.10716873 0.2365035 1.498
-0.091547675 0.2365035 1.498
-0.088944167 0.2365035 1.498
-0.086340658 0.2365035 1.498
-0.08373715 0.2365035 1.498
-0.039398421 0.23602986 1.495
-0.036800124 0.23602986 1.495
-0.034201827 0.23602986 1.495
-0.031666949 0.2365035 1.498
-0.029063441 0.2365035 1.498
-0.02645993 0.2365035 1.498
-0.023856422 0.2365035 1.498
-0.021252912 0.2365035 1.498
-0.018649401 0.2365035 1.498
-0.0056205736 0.23602986 1.495
-0.003022278 0.23602986 1.495
-0.00042398213 0.23602986 1.495
0.0021743136 0.23602986 1.495
0.025558976 0.23602986 1.495
0.028157271 0.23602986 1.495
0.030755568 0.23602986 1.495
0.033353865 0.23602986 1.495
0.035952158 0.23602986 1.495
0.038550455 0.23602986 1.495
0.041148752 0.23602986 1.495
0.043747045 0.23602986 1.495
0.046345342 0.23602986 1.495
0.048943639 0.23602986 1.495
0.051541936 0.23602986 1.495
0.054140229 0.23602986 1.495
0.056738526 0.23602986 1.495
0.059336822 0.23602986 1.495
0.080123186 0.23602986 1.495
0.082721487 0.23602986 1.495
0.08531978 0.23602986 1.495
0.087918073 0.23602986 1.495
0.11909763 0.23602986 1.495
0.12169592 0.23602986 1.495
0.12429421 0.23602986 1.495
0.12689251 0.23602986 1.495
0.14478946 0.23555622 1.492
0.14738253 0.23555622 1.492
0.14997561 0.23555622 1.492
0.1525687 0.23555622 1.492
0.15516178 0.23555622 1.492
0.15775485 0.23555622 1.492
0.16034794 0.23555622 1.492
0.16294102 0.23555622 1.492
0.16553411 0.23555622 1.492
-0.24058844 0.23974547 1.502
-0.23797798 0.23974547 1.502
-0.23536752 0.23974547 1.502
-0.12278979 0.23910701 1.498
-0.12018628 0.23910701 1.498
-0.11758278 0.23910701 1.498
-0.11497927 0.23910701 1.498
-0.11237576 0.23910701 1.498
-0.10977224 0.23910701 1.498
-0.10716873 0.23910701 1.498
-0.091547675 0.23910701 1.498
-0.088944167 0.23910701 1.498
-0.086340658 0.23910701 1.498
-0.08373715 0.23910701 1.498
-0.039398421 0.23862815 1.495
-0.036800124 0.23862815 1.495
-0.034201827 0.23862815 1.495
-0.03160353 0.23862815 1.495
-0.029063441 0.23910701 1.498
-0.02645993 0.23910701 1.498
-0.023856422 0.23910701 1.498
-0.021252912 0.23910701 1.498
-0.018649401 0.23910701 1.498
-0.0082188696 0.23862815 1.495
-0.0056205736 0.23862815 1.495
-0.003022278 0.23862815 1.495
-0.00042398213 0.23862815 1.495
0.0021743136 0.23862815 1.495
0.0047726096 0.23862815 1.495
0.02296068 0.23862815 1.495
0.025558976 0.23862815 1.495
0.028157271 0.23862815 1.495
0.030755568 0.23862815 1.495
0.033353865 0.23862815 1.495
0.035952158 0.23862815 1.495
0.038550455 0.23862815 1.495
0.041148752 0.23862815 1.495
0.043747045 0.23862815 1.495
0.046345342 0.23862815 1.495
0.048943639 0.23862815 1.495
0.051541936 0.23862815 1.495
0.054140229 0.23862815 1.495
0.056738526 0.23862815 1.495
0.059336822 0.23862815 1.495
0.061935116 0.23862815 1.495
0.087918073 0.23862815 1.495
0.11909763 0.23862815 1.495
0.12169592 0.23862815 1.495
0.12429421 0.23862815 1.495
0.1525687 0.2381493 1.492
0.15516178 0.2381493 1.492
0.15775485 0.2381493 1.492
0.16034794 0.2381493 1.492
0.16294102 0.2381493 1.492
0.16553411 0.2381493 1.492
-0.24058844 0.24235593 1.502
-0.23797798 0.24235593 1.502
-0.23536752 0.24235593 1.502
-0.12278979 0.24171051 1.498
-0.12018628 0.24171051 1.498
-0.11758278 0.24171051 1.498
-0.11497927 0.24171051 1.498
-0.11237576 0.24171051 1.498
-0.10977224 0.24171051 1.498
-0.10716873 0.24171051 1.498
-0.091547675 0.24171051 1.498
-0.088944167 0.24171051 1.498
-0.086340658 0.24171051 1.498
-0.08373715 0.24171051 1.498
-0.081133634 0.24171051 1.498
-0.036800124 0.24122645 1.495
-0.034201827 0.24122645 1.495
-0.03160353 0.24122645 1.495
-0.029005237 0.24122645 1.495
-0.02645993 0.24171051 1.498
-0.023856422 0.24171051 1.498
-0.021252912 0.24171051 1.498
-0.013415461 0.24122645 1.495
-0.010817165 0.24122645 1.495
-0.0082188696 0.24122645 1.495
-0.0056205736 0.24122645 1.495
-0.003022278 0.24122645 1.495
-0.00042398213 0.24122645 1.495
0.0021743136 0.24122645 1.495
0.0047726096 0.24122645 1.495
0.0073709055 0.24122645 1.495
0.0099692009 0.24122645 1.495
0.012567497 0.24122645 1.495
0.015165793 0.24122645 1.495
0.017764088 0.24122645 1.495
0.020362385 0.24122645 1.495
0.02296068 0.24122645 1.495
0.025558976 0.24122645 1.495
0.028157271 0.24122645 1.495
0.030755568 0.24122645 1.495
0.033353865 0.24122645 1.495
0.035952158 0.24122645 1.495
0.038550455 0.24122645 1.495
0.041148752 0.24122645 1.495
0.043747045 0.24122645 1.495
0.046345342 0.24122645 1.495
0.048943639 0.24122645 1.495
0.051541936 0.24122645 1.495
0.054140229 0.24122645 1.495
0.056738526 0.24122645 1.495
0.059336822 0.24122645 1.495
0.061935116 0.24122645 1.495
0.064533412 0.24122645 1.495
0.11909763 0.24122645 1.495
0.12169592 0.24122645 1.495
0.12429421 0.24122645 1.495
0.15516178 0.24074239 1.492
0.15775485 0.24074239 1.492
0.16034794 0.24074239 1.492
0.16294102 0.24074239 1.492
0.16553411 0.24074239 1.492
0.16812718 0.24074239 1.492
-0.24058844 0.24496639 1.502
-0.23797798 0.24496639 1.502
-0.23536752 0.24496639 1.502
-0.1253933 0.24431403 1.498
-0.12278979 0.24431403 1.498
-0.12018628 0.24431403 1.498
-0.11758278 0.24431403 1.498
-0.11497927 0.24431403 1.498
-0.11237576 0.24431403 1.498
-0.10977224 0.24431403 1.498
-0.10716873 0.24431403 1.498
-0.091547675 0.24431403 1.498
-0.088944167 0.24431403 1.498
-0.086340658 0.24431403 1.498
-0.08373715 0.24431403 1.498
-0.081133634 0.24431403 1.498
-0.078530125 0.24431403 1.498
-0.065381378 0.24382475 1.495
-0.062783085 0.24382475 1.495
-0.060184784 0.24382475 1.495
-0.057586491 0.24382475 1.495
-0.054988194 0.24382475 1.495
-0.052389897 0.24382475 1.495
-0.049791604 0.24382475 1.495
-0.039398421 0.24382475 1.495
-0.036800124 0.24382475 1.495
-0.034201827 0.24382475 1.495
-0.03160353 0.24382475 1.495
-0.029005237 0.24382475 1.495
-0.02645993 0.24431403 1.498
-0.023856422 0.24431403 1.498
-0.021252912 0.24431403 1.498
-0.013415461 0.24382475 1.495
-0.010817165 0.24382475 1.495
-0.0082188696 0.24382475 1.495
-0.0056205736 0.24382475 1.495
-0.003022278 0.24382475 1.495
-0.00042398213 0.24382475 1.495
0.0021743136 0.24382475 1.495
0.0047726096 0.24382475 1.495
0.0073709055 0.24382475 1.495
0.0099692009 0.24382475 1.495
0.012567497 0.24382475 1.495
0.015165793 0.24382475 1.495
0.017764088 0.24382475 1.495
0.020362385 0.24382475 1.495
0.02296068 0.24382475 1.495
0.025558976 0.24382475 1.495
0.028157271 0.24382475 1.495
0.030755568 0.24382475 1.495
0.033353865 0.24382475 1.495
0.035952158 0.24382475 1.495
0.038550455 0.24382475 1.495
0.041148752 0.24382475 1.495
0.043747045 0.24382475 1.495
0.046345342 0.24382475 1.495
0.048943639 0.24382475 1.495
0.051541936 0.24382475 1.495
0.054140229 0.24382475 1.495
0.056738526 0.24382475 1.495
0.059336822 0.24382475 1.495
0.061935116 0.24382475 1.495
0.064533412 0.24382475 1.495
0.067131706 0.24382475 1.495
0.11649933 0.24382475 1.495
0.11909763 0.24382475 1.495
0.12169592 0.24382475 1.495
0.15775485 0.24333546 1.492
0.16034794 0.24333546 1.492
0.16294102 0.24333546 1.492
0.16553411 0.24333546 1.492
0.16812718 0.24333546 1.492
0.17072026 0.24333546 1.492
0.17331335 0.24333546 1.492
-0.24058844 0.24757686 1.502
-0.23797798 0.24757686 1.502
-0.23536752 0.24757686 1.502
-0.15663542 0.24691753 1.498
-0.15403192 0.24691753 1.498
-0.1514284 0.24691753 1.498
-0.13060032 0.24691753 1.498
-0.12799682 0.24691753 1.498
-0.1253933 0.24691753 1.498
-0.12278979 0.24691753 1.498
-0.12018628 0.24691753 1.498
-0.11758278 0.24691753 1.498
-0.11497927 0.24691753 1.498
-0.11237576 0.24691753 1.498
-0.10977224 0.24691753 1.498
-0.10716873 0.24691753 1.498
-0.091547675 0.24691753 1.498
-0.088944167 0.24691753 1.498
-0.086340658 0.24691753 1.498
-0.08373715 0.24691753 1.498
-0.081133634 0.24691753 1.498
-0.078530125 0.24691753 1.498
-0.067979671 0.24642304 1.495
-0.065381378 0.24642304 1.495
-0.062783085 0.24642304 1.495
-0.060184784 0.24642304 1.495
-0.057586491 0.24642304 1.495
-0.054988194 0.24642304 1.495
-0.052389897 0.24642304 1.495
-0.049791604 0.24642304 1.495
-0.047193307 0.24642304 1.495
-0.044595011 0.24642304 1.495
-0.041996714 0.24642304 1.495
-0.039398421 0.24642304 1.495
-0.036800124 0.24642304 1.495
-0.034201827 0.24642304 1.495
-0.03160353 0.24642304 1.495
-0.029063441 0.24691753 1.498
-0.02645993 0.24691753 1.498
-0.023856422 0.24691753 1.498
-0.016013756 0.24642304 1.495
-0.013415461 0.24642304 1.495
-0.010817165 0.24642304 1.495
-0.0082188696 0.24642304 1.495
-0.0056205736 0.24642304 1.495
-0.003022278 0.24642304 1.495
-0.00042398213 0.24642304 1.495
0.0021743136 0.24642304 1.495
0.0047726096 0.24642304 1.495
0.0073709055 0.24642304 1.495
0.0099692009 0.24642304 1.495
0.012567497 0.24642304 1.495
0.015165793 0.24642304 1.495
0.017764088 0.24642304 1.495
0.020362385 0.24642304 1.495
0.02296068 0.24642304 1.495
0.025558976 0.24642304 1.495
0.028157271 0.24642304 1.495
0.030755568 0.24642304 1.495
0.033353865 0.24642304 1.495
0.035952158 0.24642304 1.495
0.038550455 0.24642304 1.495
0.041148752 0.24642304 1.495
0.043747045 0.24642304 1.495
0.046345342 0.24642304 1.495
0.048943639 0.24642304 1.495
0.051541936 0.24642304 1.495
0.054140229 0.24642304 1.495
0.056738526 0.24642304 1.495
0.059336822 0.24642304 1.495
0.061935116 0.24642304 1.495
0.064533412 0.24642304 1.495
0.11649933 0.24642304 1.495
0.11909763 0.24642304 1.495
0.12169592 0.24642304 1.495
0.16294102 0.24592854 1.492
0.16553411 0.24592854 1.492
0.16812718 0.24592854 1.492
0.17072026 0.24592854 1.492
0.17331335 0.24592854 1.492
0.17590643 0.24592854 1.492
-0.19568807 0.24952105 1.498
-0.19308455 0.24952105 1.498
-0.19048105 0.24952105 1.498
-0.18787754 0.24952105 1.498
-0.15663542 0.24952105 1.498
-0.15403192 0.24952105 1.498
-0.1514284 0.24952105 1.498
-0.14882489 0.24952105 1.498
-0.13320383 0.24952105 1.498
-0.13060032 0.24952105 1.498
-0.12799682 0.24952105 1.498
-0.1253933 0.24952105 1.498
-0.12278979 0.24952105 1.498
-0.12018628 0.24952105 1.498
-0.11758278 0.24952105 1.498
-0.11497927 0.24952105 1.498
-0.11237576 0.24952105 1.498
-0.10977224 0.24952105 1.498
-0.10716873 0.24952105 1.498
-0.10456523 0.24952105 1.498
-0.10196172 0.24952105 1.498
-0.094151184 0.24952105 1.498
-0.091547675 0.24952105 1.498
-0.088944167 0.24952105 1.498
-0.086340658 0.24952105 1.498
-0.08373715 0.24952105 1.498
-0.081133634 0.24952105 1.498
-0.078530125 0.24952105 1.498
-0.075926617 0.24952105 1.498
-0.067979671 0.24902134 1.495
-0.065381378 0.24902134 1.495
-0.062783085 0.24902134 1.495
-0.060184784 0.24902134 1.495
-0.057586491 0.24902134 1.495
-0.054988194 0.24902134 1.495
-0.052389897 0.24902134 1.495
-0.049791604 0.24902134 1.495
-0.047193307 0.24902134 1.495
-0.044595011 0.24902134 1.495
-0.041996714 0.24902134 1.495
-0.039398421 0.24902134 1.495
-0.036800124 0.24902134 1.495
-0.034201827 0.24902134 1.495
-0.031666949 0.24952105 1.498
-0.029063441 0.24952105 1.498
-0.02645993 0.24952105 1.498
-0.023856422 0.24952105 1.498
-0.018612053 0.24902134 1.495
-0.016013756 0.24902134 1.495
-0.013415461 0.24902134 1.495
-0.010817165 0.24902134 1.495
-0.0082188696 0.24902134 1.495
-0.0056205736 0.24902134 1.495
-0.003022278 0.24902134 1.495
0.0021743136 0.24902134 1.495
0.0047726096 0.24902134 1.495
0.0073709055 0.24902134 1.495
0.0099692009 0.24902134 1.495
0.012567497 0.24902134 1.495
0.015165793 0.24902134 1.495
0.017764088 0.24902134 1.495
0.020362385 0.24902134 1.495
0.02296068 0.24902134 1.495
0.025558976 0.24902134 1.495
0.028157271 0.24902134 1.495
0.038550455 0.24902134 1.495
0.041148752 0.24902134 1.495
0.043747045 0.24902134 1.495
0.046345342 0.24902134 1.495
0.048943639 0.24902134 1.495
0.051541936 0.24902134 1.495
0.054140229 0.24902134 1.495
0.056738526 0.24902134 1.495
0.059336822 0.24902134 1.495
0.061935116 0.24902134 1.495
0.064533412 0.24902134 1.495
0.067131706 0.24902134 1.495
0.11390103 0.24902134 1.495
0.11649933 0.24902134 1.495
0.11909763 0.24902134 1.495
0.12145171 0.24852163 1.492
0.16294102 0.24852163 1.492
0.16553411 0.24852163 1.492
0.16812718 0.24852163 1.492
0.17072026 0.24852163 1.492
0.17331335 0.24852163 1.492
0.17590643 0.24852163 1.492
