# .PCD v0.7 - Point Cloud Data file format
VERSION 0.7
FIELDS x y z
SIZE 4 4 4
TYPE F F F
COUNT 1 1 1
WIDTH 6522
HEIGHT 1
VIEWPOINT 0 0 0 1 0 0 0
POINTS 6522
DATA ascii
-0.13878043 -0.14921333 1.502
-0.13616997 -0.14921333 1.502
-0.13355951 -0.14921333 1.502
-0.12833859 -0.14921333 1.502
-0.12572813 -0.14921333 1.502
-0.12311767 -0.14921333 1.502
-0.1205072 -0.14921333 1.502
-0.11789674 -0.14921333 1.502
-0.11528628 -0.14921333 1.502
-0.10484444 -0.14921333 1.502
-0.10223398 -0.14921333 1.502
-0.099623509 -0.14921333 1.502
-0.097013049 -0.14921333 1.502
-0.094591141 -0.14951135 1.505
-0.08935979 -0.14951135 1.505
-0.086744115 -0.14951135 1.505
-0.084128439 -0.14951135 1.505
-0.076129355 -0.14921333 1.502
-0.060466588 -0.14921333 1.502
-0.057856124 -0.14921333 1.502
-0.031751506 -0.14921333 1.502
-0.029141046 -0.14921333 1.502
-0.010867815 -0.14921333 1.502
-0.0082573527 -0.14921333 1.502
-0.0056468905 -0.14921333 1.502
-0.0030364289 -0.14921333 1.502
-0.0004259673 -0.14921333 1.502
0.0021844944 -0.14921333 1.502
0.0047949562 -0.14921333 1.502
0.007405418 -0.14921333 1.502
0.015236803 -0.14921333 1.502
0.017847264 -0.14921333 1.502
0.020457726 -0.14921333 1.502
0.023068188 -0.14921333 1.502
0.02567865 -0.14921333 1.502
0.028289111 -0.14921333 1.502
0.030899573 -0.14921333 1.502
0.033510033 -0.14921333 1.502
0.036120497 -0.14921333 1.502
0.038730957 -0.14921333 1.502
0.04134142 -0.14921333 1.502
-0.13616997 -0.14660285 1.502
-0.13355951 -0.14660285 1.502
-0.13094905 -0.14660285 1.502
-0.12833859 -0.14660285 1.502
-0.12572813 -0.14660285 1.502
-0.12311767 -0.14660285 1.502
-0.1205072 -0.14660285 1.502
-0.11789674 -0.14660285 1.502
-0.11528628 -0.14660285 1.502
-0.11267582 -0.14660285 1.502
-0.11006536 -0.14660285 1.502
-0.1074549 -0.14660285 1.502
-0.10484444 -0.14660285 1.502
-0.10223398 -0.14660285 1.502
-0.099623509 -0.14660285 1.502
-0.097013049 -0.14660285 1.502
-0.094591141 -0.14689568 1.505
-0.076129355 -0.14660285 1.502
-0.073518895 -0.14660285 1.502
-0.060466588 -0.14660285 1.502
-0.057856124 -0.14660285 1.502
-0.031751506 -0.14660285 1.502
-0.010867815 -0.14660285 1.502
-0.0082573527 -0.14660285 1.502
-0.0056468905 -0.14660285 1.502
-0.0030364289 -0.14660285 1.502
-0.0004259673 -0.14660285 1.502
0.0021844944 -0.14660285 1.502
0.0047949562 -0.14660285 1.502
0.007405418 -0.14660285 1.502
0.015236803 -0.14660285 1.502
0.017847264 -0.14660285 1.502
0.020457726 -0.14660285 1.502
0.023068188 -0.14660285 1.502
0.02567865 -0.14660285 1.502
0.028289111 -0.14660285 1.502
0.030899573 -0.14660285 1.502
0.033510033 -0.14660285 1.502
0.036120497 -0.14660285 1.502
0.038730957 -0.14660285 1.502
0.04134142 -0.14660285 1.502
0.04395188 -0.14660285 1.502
-0.13616997 -0.14399239 1.502
-0.13355951 -0.14399239 1.502
-0.13094905 -0.14399239 1.502
-0.12833859 -0.14399239 1.502
-0.12572813 -0.14399239 1.502
-0.12311767 -0.14399239 1.502
-0.1205072 -0.14399239 1.502
-0.11789674 -0.14399239 1.502
-0.11528628 -0.14399239 1.502
-0.11267582 -0.14399239 1.502
-0.11006536 -0.14399239 1.502
-0.1074549 -0.14399239 1.502
-0.10484444 -0.14399239 1.502
-0.10223398 -0.14399239 1.502
-0.099623509 -0.14399239 1.502
-0.097206816 -0.14428 1.505
-0.073518895 -0.14399239 1.502
-0.060466588 -0.14399239 1.502
-0.057856124 -0.14399239 1.502
-0.03436197 -0.14399239 1.502
-0.031751506 -0.14399239 1.502
-0.010867815 -0.14399239 1.502
-0.0082573527 -0.14399239 1.502
-0.0056468905 -0.14399239 1.502
-0.0030364289 -0.14399239 1.502
-0.0004259673 -0.14399239 1.502
0.0021844944 -0.14399239 1.502
0.0047949562 -0.14399239 1.502
0.007405418 -0.14399239 1.502
0.015236803 -0.14399239 1.502
0.017847264 -0.14399239 1.502
0.020457726 -0.14399239 1.502
0.023068188 -0.14399239 1.502
0.02567865 -0.14399239 1.502
0.028289111 -0.14399239 1.502
0.030899573 -0.14399239 1.502
0.033510033 -0.14399239 1.502
0.036120497 -0.14399239 1.502
0.038730957 -0.14399239 1.502
0.04134142 -0.14399239 1.502
0.04395188 -0.14399239 1.502
-0.13616997 -0.14138193 1.502
-0.13355951 -0.14138193 1.502
-0.13094905 -0.14138193 1.502
-0.12833859 -0.14138193 1.502
-0.12597924 -0.14166433 1.505
-0.12336358 -0.14166433 1.505
-0.1205072 -0.14138193 1.502
-0.11789674 -0.14138193 1.502
-0.11528628 -0.14138193 1.502
-0.11267582 -0.14138193 1.502
-0.11006536 -0.14138193 1.502
-0.1074549 -0.14138193 1.502
-0.10484444 -0.14138193 1.502
-0.10223398 -0.14138193 1.502
-0.099623509 -0.14138193 1.502
-0.097206816 -0.14166433 1.505
-0.073518895 -0.14138193 1.502
-0.070908435 -0.14138193 1.502
-0.060466588 -0.14138193 1.502
-0.057856124 -0.14138193 1.502
-0.03436197 -0.14138193 1.502
-0.031751506 -0.14138193 1.502
-0.013478275 -0.14138193 1.502
-0.010867815 -0.14138193 1.502
-0.0082573527 -0.14138193 1.502
-0.0056468905 -0.14138193 1.502
-0.0030364289 -0.14138193 1.502
-0.0004259673 -0.14138193 1.502
0.0021844944 -0.14138193 1.502
0.0047949562 -0.14138193 1.502
0.007405418 -0.14138193 1.502
0.01001588 -0.14138193 1.502
0.012626342 -0.14138193 1.502
0.015236803 -0.14138193 1.502
0.017847264 -0.14138193 1.502
0.020457726 -0.14138193 1.502
0.023068188 -0.14138193 1.502
0.02567865 -0.14138193 1.502
0.028289111 -0.14138193 1.502
0.030899573 -0.14138193 1.502
0.033510033 -0.14138193 1.502
0.036120497 -0.14138193 1.502
0.038730957 -0.14138193 1.502
0.04134142 -0.14138193 1.502
0.04395188 -0.14138193 1.502
0.046562344 -0.14138193 1.502
0.10892258 -0.14100543 1.498
-0.13878043 -0.13877147 1.502
-0.13616997 -0.13877147 1.502
-0.13355951 -0.13877147 1.502
-0.13121061 -0.13904865 1.505
-0.12859493 -0.13904865 1.505
-0.12597924 -0.13904865 1.505
-0.12336358 -0.13904865 1.505
-0.1207479 -0.13904865 1.505
-0.11789674 -0.13877147 1.502
-0.11528628 -0.13877147 1.502
-0.11267582 -0.13877147 1.502
-0.11006536 -0.13877147 1.502
-0.1074549 -0.13877147 1.502
-0.10484444 -0.13877147 1.502
-0.10223398 -0.13877147 1.502
-0.099623509 -0.13877147 1.502
-0.070908435 -0.13877147 1.502
-0.060466588 -0.13877147 1.502
-0.057856124 -0.13877147 1.502
-0.03436197 -0.13877147 1.502
-0.031751506 -0.13877147 1.502
-0.013478275 -0.13877147 1.502
-0.010867815 -0.13877147 1.502
-0.0082573527 -0.13877147 1.502
-0.0056468905 -0.13877147 1.502
-0.0030364289 -0.13877147 1.502
-0.0004259673 -0.13877147 1.502
0.0021844944 -0.13877147 1.502
0.0047949562 -0.13877147 1.502
0.007405418 -0.13877147 1.502
0.01001588 -0.13877147 1.502
0.012626342 -0.13877147 1.502
0.015236803 -0.13877147 1.502
0.017847264 -0.13877147 1.502
0.020457726 -0.13877147 1.502
0.023068188 -0.13877147 1.502
0.02567865 -0.13877147 1.502
0.028289111 -0.13877147 1.502
0.036120497 -0.13877147 1.502
0.038730957 -0.13877147 1.502
0.04134142 -0.13877147 1.502
0.04395188 -0.13877147 1.502
0.046562344 -0.13877147 1.502
0.049172804 -0.13877147 1.502
0.10631907 -0.13840191 1.498
0.10892258 -0.13840191 1.498
0.11152609 -0.13840191 1.498
0.1141296 -0.13840191 1.498
0.11673311 -0.13840191 1.498
0.11933662 -0.13840191 1.498
-0.14922228 -0.13616101 1.502
-0.14400136 -0.13616101 1.502
-0.1413909 -0.13616101 1.502
-0.13878043 -0.13616101 1.502
-0.13616997 -0.13616101 1.502
-0.13382629 -0.13643298 1.505
-0.13121061 -0.13643298 1.505
-0.12859493 -0.13643298 1.505
-0.12597924 -0.13643298 1.505
-0.12336358 -0.13643298 1.505
-0.1207479 -0.13643298 1.505
-0.11813223 -0.13643298 1.505
-0.11551655 -0.13643298 1.505
-0.11267582 -0.13616101 1.502
-0.11006536 -0.13616101 1.502
-0.1074549 -0.13616101 1.502
-0.10484444 -0.13616101 1.502
-0.10223398 -0.13616101 1.502
-0.099623509 -0.13616101 1.502
-0.073518895 -0.13616101 1.502
-0.070908435 -0.13616101 1.502
-0.060466588 -0.13616101 1.502
-0.057856124 -0.13616101 1.502
-0.03436197 -0.13616101 1.502
-0.031751506 -0.13616101 1.502
-0.029141046 -0.13616101 1.502
-0.010867815 -0.13616101 1.502
0.01001588 -0.13616101 1.502
0.012626342 -0.13616101 1.502
0.015236803 -0.13616101 1.502
0.017847264 -0.13616101 1.502
0.020457726 -0.13616101 1.502
0.023068188 -0.13616101 1.502
0.02567865 -0.13616101 1.502
0.036120497 -0.13616101 1.502
0.038730957 -0.13616101 1.502
0.04134142 -0.13616101 1.502
0.04395188 -0.13616101 1.502
0.046562344 -0.13616101 1.502
0.049172804 -0.13616101 1.502
0.051783267 -0.13616101 1.502
0.10371556 -0.13579841 1.498
0.10631907 -0.13579841 1.498
0.10892258 -0.13579841 1.498
0.11152609 -0.13579841 1.498
0.1141296 -0.13579841 1.498
0.11673311 -0.13579841 1.498
0.11933662 -0.13579841 1.498
0.12194013 -0.13579841 1.498
0.12454364 -0.13579841 1.498
0.14797522 -0.13579841 1.498
-0.14922228 -0.13355055 1.502
-0.14661182 -0.13355055 1.502
-0.14400136 -0.13355055 1.502
-0.1413909 -0.13355055 1.502
-0.13878043 -0.13355055 1.502
-0.13616997 -0.13355055 1.502
-0.13382629 -0.1338173 1.505
-0.13121061 -0.1338173 1.505
-0.12859493 -0.1338173 1.505
-0.12597924 -0.1338173 1.505
-0.12336358 -0.1338173 1.505
-0.1207479 -0.1338173 1.505
-0.11813223 -0.1338173 1.505
-0.11528628 -0.13355055 1.502
-0.11267582 -0.13355055 1.502
-0.11006536 -0.13355055 1.502
-0.1074549 -0.13355055 1.502
-0.10484444 -0.13355055 1.502
-0.10223398 -0.13355055 1.502
-0.099623509 -0.13355055 1.502
-0.076129355 -0.13355055 1.502
-0.073518895 -0.13355055 1.502
-0.070908435 -0.13355055 1.502
-0.060466588 -0.13355055 1.502
-0.057856124 -0.13355055 1.502
-0.03436197 -0.13355055 1.502
-0.031751506 -0.13355055 1.502
-0.029141046 -0.13355055 1.502
0.015236803 -0.13355055 1.502
0.017847264 -0.13355055 1.502
0.020457726 -0.13355055 1.502
0.04134142 -0.13355055 1.502
0.04395188 -0.13355055 1.502
0.046562344 -0.13355055 1.502
0.049172804 -0.13355055 1.502
0.051783267 -0.13355055 1.502
0.054393727 -0.13355055 1.502
0.10371556 -0.13319489 1.498
0.10631907 -0.13319489 1.498
0.10892258 -0.13319489 1.498
0.11152609 -0.13319489 1.498
0.1141296 -0.13319489 1.498
0.11673311 -0.13319489 1.498
0.11933662 -0.13319489 1.498
0.12194013 -0.13319489 1.498
0.12454364 -0.13319489 1.498
0.12714715 -0.13319489 1.498
0.14537172 -0.13319489 1.498
0.14797522 -0.13319489 1.498
-0.14922228 -0.13094009 1.502
-0.14661182 -0.13094009 1.502
-0.14400136 -0.13094009 1.502
-0.1413909 -0.13094009 1.502
-0.13878043 -0.13094009 1.502
-0.13616997 -0.13094009 1.502
-0.13355951 -0.13094009 1.502
-0.13121061 -0.13120162 1.505
-0.12859493 -0.13120162 1.505
-0.12597924 -0.13120162 1.505
-0.12336358 -0.13120162 1.505
-0.1207479 -0.13120162 1.505
-0.11789674 -0.13094009 1.502
-0.11528628 -0.13094009 1.502
-0.11267582 -0.13094009 1.502
-0.11006536 -0.13094009 1.502
-0.1074549 -0.13094009 1.502
-0.10484444 -0.13094009 1.502
-0.10223398 -0.13094009 1.502
-0.099623509 -0.13094009 1.502
-0.097013049 -0.13094009 1.502
-0.078739822 -0.13094009 1.502
-0.076129355 -0.13094009 1.502
-0.073518895 -0.13094009 1.502
-0.070908435 -0.13094009 1.502
-0.057856124 -0.13094009 1.502
-0.055245664 -0.13094009 1.502
-0.0526352 -0.13094009 1.502
-0.05002474 -0.13094009 1.502
-0.047414277 -0.13094009 1.502
-0.044803817 -0.13094009 1.502
-0.03436197 -0.13094009 1.502
-0.031751506 -0.13094009 1.502
-0.029141046 -0.13094009 1.502
0.015236803 -0.13094009 1.502
0.017847264 -0.13094009 1.502
0.04395188 -0.13094009 1.502
0.046562344 -0.13094009 1.502
0.049172804 -0.13094009 1.502
0.051783267 -0.13094009 1.502
0.054393727 -0.13094009 1.502
0.057004191 -0.13094009 1.502
0.059614651 -0.13094009 1.502
0.10371556 -0.13059139 1.498
0.10631907 -0.13059139 1.498
0.10892258 -0.13059139 1.498
0.11152609 -0.13059139 1.498
0.1141296 -0.13059139 1.498
0.11673311 -0.13059139 1.498
0.11933662 -0.13059139 1.498
0.12194013 -0.13059139 1.498
0.12454364 -0.13059139 1.498
0.12714715 -0.13059139 1.498
0.12975065 -0.13059139 1.498
0.14797522 -0.13059139 1.498
-0.14922228 -0.12832963 1.502
-0.14661182 -0.12832963 1.502
-0.14400136 -0.12832963 1.502
-0.13878043 -0.12832963 1.502
-0.13616997 -0.12832963 1.502
-0.13355951 -0.12832963 1.502
-0.13121061 -0.12858595 1.505
-0.12859493 -0.12858595 1.505
-0.12597924 -0.12858595 1.505
-0.12336358 -0.12858595 1.505
-0.1207479 -0.12858595 1.505
-0.11789674 -0.12832963 1.502
-0.11528628 -0.12832963 1.502
-0.11267582 -0.12832963 1.502
-0.11006536 -0.12832963 1.502
-0.1074549 -0.12832963 1.502
-0.10484444 -0.12832963 1.502
-0.10223398 -0.12832963 1.502
-0.099623509 -0.12832963 1.502
-0.097013049 -0.12832963 1.502
-0.094402589 -0.12832963 1.502
-0.081350282 -0.12832963 1.502
-0.078739822 -0.12832963 1.502
-0.076129355 -0.12832963 1.502
-0.057856124 -0.12832963 1.502
-0.055245664 -0.12832963 1.502
-0.0526352 -0.12832963 1.502
-0.05002474 -0.12832963 1.502
-0.047414277 -0.12832963 1.502
-0.044803817 -0.12832963 1.502
-0.042193353 -0.12832963 1.502
-0.031751506 -0.12832963 1.502
-0.029141046 -0.12832963 1.502
-0.026530584 -0.12832963 1.502
-0.021309661 -0.12832963 1.502
0.01001588 -0.12832963 1.502
0.012626342 -0.12832963 1.502
0.015236803 -0.12832963 1.502
0.059614651 -0.12832963 1.502
0.10371556 -0.12798788 1.498
0.10631907 -0.12798788 1.498
0.10892258 -0.12798788 1.498
0.11152609 -0.12798788 1.498
0.1141296 -0.12798788 1.498
0.11673311 -0.12798788 1.498
0.11933662 -0.12798788 1.498
0.12194013 -0.12798788 1.498
0.12454364 -0.12798788 1.498
0.12714715 -0.12798788 1.498
0.12975065 -0.12798788 1.498
0.14797522 -0.12798788 1.498
-0.14922228 -0.12571916 1.502
-0.14661182 -0.12571916 1.502
-0.14400136 -0.12571916 1.502
-0.13616997 -0.12571916 1.502
-0.13355951 -0.12571916 1.502
-0.13121061 -0.12597027 1.505
-0.12859493 -0.12597027 1.505
-0.12597924 -0.12597027 1.505
-0.12336358 -0.12597027 1.505
-0.1205072 -0.12571916 1.502
-0.11789674 -0.12571916 1.502
-0.11528628 -0.12571916 1.502
-0.11267582 -0.12571916 1.502
-0.11006536 -0.12571916 1.502
-0.1074549 -0.12571916 1.502
-0.10484444 -0.12571916 1.502
-0.10223398 -0.12571916 1.502
-0.099623509 -0.12571916 1.502
-0.097013049 -0.12571916 1.502
-0.094402589 -0.12571916 1.502
-0.091792129 -0.12571916 1.502
-0.089181662 -0.12571916 1.502
-0.086571202 -0.12571916 1.502
-0.083960742 -0.12571916 1.502
-0.081350282 -0.12571916 1.502
-0.078739822 -0.12571916 1.502
-0.057856124 -0.12571916 1.502
-0.055245664 -0.12571916 1.502
-0.0526352 -0.12571916 1.502
-0.05002474 -0.12571916 1.502
-0.047414277 -0.12571916 1.502
-0.044803817 -0.12571916 1.502
-0.042193353 -0.12571916 1.502
-0.031751506 -0.12571916 1.502
-0.029141046 -0.12571916 1.502
-0.026530584 -0.12571916 1.502
-0.023920123 -0.12571916 1.502
-0.021309661 -0.12571916 1.502
-0.018699199 -0.12571916 1.502
-0.016088737 -0.12571916 1.502
-0.013478275 -0.12571916 1.502
-0.010867815 -0.12571916 1.502
-0.0082573527 -0.12571916 1.502
-0.0056468905 -0.12571916 1.502
-0.0030364289 -0.12571916 1.502
-0.0004259673 -0.12571916 1.502
0.0021844944 -0.12571916 1.502
0.0047949562 -0.12571916 1.502
0.007405418 -0.12571916 1.502
0.01001588 -0.12571916 1.502
0.012626342 -0.12571916 1.502
0.015236803 -0.12571916 1.502
0.062225115 -0.12571916 1.502
0.10371556 -0.12538436 1.498
0.10631907 -0.12538436 1.498
0.10892258 -0.12538436 1.498
0.11152609 -0.12538436 1.498
0.1141296 -0.12538436 1.498
0.11673311 -0.12538436 1.498
0.11933662 -0.12538436 1.498
0.12194013 -0.12538436 1.498
0.12454364 -0.12538436 1.498
0.12714715 -0.12538436 1.498
0.14537172 -0.12538436 1.498
0.14797522 -0.12538436 1.498
-0.14922228 -0.12310871 1.502
-0.14661182 -0.12310871 1.502
-0.14400136 -0.12310871 1.502
-0.13616997 -0.12310871 1.502
-0.13355951 -0.12310871 1.502
-0.13094905 -0.12310871 1.502
-0.12859493 -0.1233546 1.505
-0.12597924 -0.1233546 1.505
-0.12336358 -0.1233546 1.505
-0.1205072 -0.12310871 1.502
-0.11789674 -0.12310871 1.502
-0.11528628 -0.12310871 1.502
-0.11267582 -0.12310871 1.502
-0.11006536 -0.12310871 1.502
-0.1074549 -0.12310871 1.502
-0.10484444 -0.12310871 1.502
-0.10223398 -0.12310871 1.502
-0.099623509 -0.12310871 1.502
-0.097013049 -0.12310871 1.502
-0.094402589 -0.12310871 1.502
-0.091792129 -0.12310871 1.502
-0.089181662 -0.12310871 1.502
-0.086571202 -0.12310871 1.502
-0.083960742 -0.12310871 1.502
-0.081350282 -0.12310871 1.502
-0.0526352 -0.12310871 1.502
-0.05002474 -0.12310871 1.502
-0.047414277 -0.12310871 1.502
-0.044803817 -0.12310871 1.502
-0.042193353 -0.12310871 1.502
-0.031751506 -0.12310871 1.502
-0.029141046 -0.12310871 1.502
-0.026530584 -0.12310871 1.502
-0.023920123 -0.12310871 1.502
-0.021309661 -0.12310871 1.502
-0.018699199 -0.12310871 1.502
-0.016088737 -0.12310871 1.502
-0.013478275 -0.12310871 1.502
-0.010867815 -0.12310871 1.502
-0.0082573527 -0.12310871 1.502
-0.0056468905 -0.12310871 1.502
-0.0030364289 -0.12310871 1.502
0.0047949562 -0.12310871 1.502
0.007405418 -0.12310871 1.502
0.01001588 -0.12310871 1.502
0.062225115 -0.12310871 1.502
0.077680461 -0.12278086 1.498
0.10371556 -0.12278086 1.498
0.10631907 -0.12278086 1.498
0.10892258 -0.12278086 1.498
0.11152609 -0.12278086 1.498
0.1141296 -0.12278086 1.498
0.11673311 -0.12278086 1.498
0.11933662 -0.12278086 1.498
0.12194013 -0.12278086 1.498
0.12454364 -0.12278086 1.498
0.12714715 -0.12278086 1.498
0.1427682 -0.12278086 1.498
0.14537172 -0.12278086 1.498
0.14797522 -0.12278086 1.498
-0.14922228 -0.12049824 1.502
-0.14661182 -0.12049824 1.502
-0.14400136 -0.12049824 1.502
-0.1413909 -0.12049824 1.502
-0.13878043 -0.12049824 1.502
-0.13616997 -0.12049824 1.502
-0.13355951 -0.12049824 1.502
-0.13094905 -0.12049824 1.502
-0.12833859 -0.12049824 1.502
-0.12597924 -0.12073892 1.505
-0.12336358 -0.12073892 1.505
-0.1205072 -0.12049824 1.502
-0.11789674 -0.12049824 1.502
-0.11528628 -0.12049824 1.502
-0.11267582 -0.12049824 1.502
-0.11006536 -0.12049824 1.502
-0.1074549 -0.12049824 1.502
-0.10484444 -0.12049824 1.502
-0.10223398 -0.12049824 1.502
-0.099623509 -0.12049824 1.502
-0.097013049 -0.12049824 1.502
-0.094402589 -0.12049824 1.502
-0.091792129 -0.12049824 1.502
-0.089181662 -0.12049824 1.502
-0.086571202 -0.12049824 1.502
-0.083960742 -0.12049824 1.502
-0.0526352 -0.12049824 1.502
-0.05002474 -0.12049824 1.502
-0.047414277 -0.12049824 1.502
-0.044803817 -0.12049824 1.502
-0.042193353 -0.12049824 1.502
-0.031751506 -0.12049824 1.502
-0.029141046 -0.12049824 1.502
-0.026530584 -0.12049824 1.502
-0.023920123 -0.12049824 1.502
-0.021309661 -0.12049824 1.502
-0.018699199 -0.12049824 1.502
-0.016088737 -0.12049824 1.502
-0.013478275 -0.12049824 1.502
-0.010867815 -0.12049824 1.502
-0.0082573527 -0.12049824 1.502
-0.0056468905 -0.12049824 1.502
0.007405418 -0.12049824 1.502
0.01001588 -0.12049824 1.502
0.075076953 -0.12017734 1.498
0.077680461 -0.12017734 1.498
0.10631907 -0.12017734 1.498
0.10892258 -0.12017734 1.498
0.11152609 -0.12017734 1.498
0.1141296 -0.12017734 1.498
0.11673311 -0.12017734 1.498
0.11933662 -0.12017734 1.498
0.12194013 -0.12017734 1.498
0.12454364 -0.12017734 1.498
0.12714715 -0.12017734 1.498
0.1427682 -0.12017734 1.498
0.14537172 -0.12017734 1.498
0.14797522 -0.12017734 1.498
-0.14952034 -0.11812325 1.505
-0.14690466 -0.11812325 1.505
-0.14400136 -0.11788778 1.502
-0.1413909 -0.11788778 1.502
-0.13878043 -0.11788778 1.502
-0.13616997 -0.11788778 1.502
-0.13355951 -0.11788778 1.502
-0.13094905 -0.11788778 1.502
-0.12833859 -0.11788778 1.502
-0.12572813 -0.11788778 1.502
-0.12311767 -0.11788778 1.502
-0.1205072 -0.11788778 1.502
-0.11789674 -0.11788778 1.502
-0.11528628 -0.11788778 1.502
-0.11267582 -0.11788778 1.502
-0.11006536 -0.11788778 1.502
-0.1074549 -0.11788778 1.502
-0.10484444 -0.11788778 1.502
-0.10223398 -0.11788778 1.502
-0.099623509 -0.11788778 1.502
-0.097013049 -0.11788778 1.502
-0.094402589 -0.11788778 1.502
-0.091792129 -0.11788778 1.502
-0.089181662 -0.11788778 1.502
-0.086571202 -0.11788778 1.502
-0.083960742 -0.11788778 1.502
-0.057856124 -0.11788778 1.502
-0.055245664 -0.11788778 1.502
-0.0526352 -0.11788778 1.502
-0.05002474 -0.11788778 1.502
-0.047414277 -0.11788778 1.502
-0.044803817 -0.11788778 1.502
-0.042193353 -0.11788778 1.502
-0.031751506 -0.11788778 1.502
-0.029141046 -0.11788778 1.502
-0.026530584 -0.11788778 1.502
-0.023920123 -0.11788778 1.502
-0.016088737 -0.11788778 1.502
-0.013478275 -0.11788778 1.502
-0.010867815 -0.11788778 1.502
0.062225115 -0.11788778 1.502
0.069869936 -0.11757383 1.498
0.072473444 -0.11757383 1.498
0.075076953 -0.11757383 1.498
0.1141296 -0.11757383 1.498
0.12194013 -0.11757383 1.498
0.12454364 -0.11757383 1.498
0.1401647 -0.11757383 1.498
0.1427682 -0.11757383 1.498
0.14537172 -0.11757383 1.498
0.14797522 -0.11757383 1.498
-0.14952034 -0.11550757 1.505
-0.14690466 -0.11550757 1.505
-0.14428899 -0.11550757 1.505
-0.1413909 -0.11527732 1.502
-0.13878043 -0.11527732 1.502
-0.13616997 -0.11527732 1.502
-0.13355951 -0.11527732 1.502
-0.13094905 -0.11527732 1.502
-0.12833859 -0.11527732 1.502
-0.12572813 -0.11527732 1.502
-0.12311767 -0.11527732 1.502
-0.1205072 -0.11527732 1.502
-0.11789674 -0.11527732 1.502
-0.11528628 -0.11527732 1.502
-0.11267582 -0.11527732 1.502
-0.11006536 -0.11527732 1.502
-0.1074549 -0.11527732 1.502
-0.10484444 -0.11527732 1.502
-0.10223398 -0.11527732 1.502
-0.099623509 -0.11527732 1.502
-0.097013049 -0.11527732 1.502
-0.094402589 -0.11527732 1.502
-0.091792129 -0.11527732 1.502
-0.089181662 -0.11527732 1.502
-0.086571202 -0.11527732 1.502
-0.083960742 -0.11527732 1.502
-0.057856124 -0.11527732 1.502
-0.055245664 -0.11527732 1.502
-0.0526352 -0.11527732 1.502
-0.05002474 -0.11527732 1.502
-0.047414277 -0.11527732 1.502
-0.044803817 -0.11527732 1.502
-0.042193353 -0.11527732 1.502
-0.031751506 -0.11527732 1.502
-0.029141046 -0.11527732 1.502
-0.026530584 -0.11527732 1.502
-0.023920123 -0.11527732 1.502
-0.016088737 -0.11527732 1.502
-0.013478275 -0.11527732 1.502
-0.010867815 -0.11527732 1.502
0.02567865 -0.11527732 1.502
0.028289111 -0.11527732 1.502
0.062225115 -0.11527732 1.502
0.06726642 -0.11497033 1.498
0.069869936 -0.11497033 1.498
0.072473444 -0.11497033 1.498
0.075076953 -0.11497033 1.498
0.13495767 -0.11497033 1.498
0.13756119 -0.11497033 1.498
0.1401647 -0.11497033 1.498
0.1427682 -0.11497033 1.498
-0.14952034 -0.11289189 1.505
-0.14690466 -0.11289189 1.505
-0.14428899 -0.11289189 1.505
-0.1413909 -0.11266686 1.502
-0.13878043 -0.11266686 1.502
-0.13616997 -0.11266686 1.502
-0.13355951 -0.11266686 1.502
-0.13094905 -0.11266686 1.502
-0.12833859 -0.11266686 1.502
-0.12572813 -0.11266686 1.502
-0.12311767 -0.11266686 1.502
-0.1205072 -0.11266686 1.502
-0.11789674 -0.11266686 1.502
-0.11528628 -0.11266686 1.502
-0.11267582 -0.11266686 1.502
-0.11006536 -0.11266686 1.502
-0.1074549 -0.11266686 1.502
-0.10484444 -0.11266686 1.502
-0.10223398 -0.11266686 1.502
-0.099623509 -0.11266686 1.502
-0.097013049 -0.11266686 1.502
-0.094402589 -0.11266686 1.502
-0.091792129 -0.11266686 1.502
-0.089181662 -0.11266686 1.502
-0.086571202 -0.11266686 1.502
-0.083960742 -0.11266686 1.502
-0.060466588 -0.11266686 1.502
-0.057856124 -0.11266686 1.502
-0.055245664 -0.11266686 1.502
-0.0526352 -0.11266686 1.502
-0.05002474 -0.11266686 1.502
-0.047414277 -0.11266686 1.502
-0.044803817 -0.11266686 1.502
-0.03436197 -0.11266686 1.502
-0.031751506 -0.11266686 1.502
-0.029141046 -0.11266686 1.502
-0.026530584 -0.11266686 1.502
-0.023920123 -0.11266686 1.502
-0.016088737 -0.11266686 1.502
-0.013478275 -0.11266686 1.502
-0.010867815 -0.11266686 1.502
-0.0082573527 -0.11266686 1.502
0.023068188 -0.11266686 1.502
0.02567865 -0.11266686 1.502
0.028289111 -0.11266686 1.502
0.030899573 -0.11266686 1.502
0.033510033 -0.11266686 1.502
0.062225115 -0.11266686 1.502
0.064662911 -0.11236682 1.498
0.06726642 -0.11236682 1.498
0.069869936 -0.11236682 1.498
0.072473444 -0.11236682 1.498
0.075076953 -0.11236682 1.498
0.13235417 -0.11236682 1.498
0.13495767 -0.11236682 1.498
0.13756119 -0.11236682 1.498
0.1401647 -0.11236682 1.498
-0.14952034 -0.11027621 1.505
-0.14690466 -0.11027621 1.505
-0.14428899 -0.11027621 1.505
-0.1413909 -0.1100564 1.502
-0.13878043 -0.1100564 1.502
-0.13616997 -0.1100564 1.502
-0.13355951 -0.1100564 1.502
-0.13094905 -0.1100564 1.502
-0.12833859 -0.1100564 1.502
-0.12572813 -0.1100564 1.502
-0.12311767 -0.1100564 1.502
-0.1205072 -0.1100564 1.502
-0.11789674 -0.1100564 1.502
-0.11528628 -0.1100564 1.502
-0.11267582 -0.1100564 1.502
-0.11006536 -0.1100564 1.502
-0.1074549 -0.1100564 1.502
-0.10484444 -0.1100564 1.502
-0.097013049 -0.1100564 1.502
-0.094402589 -0.1100564 1.502
-0.091792129 -0.1100564 1.502
-0.089181662 -0.1100564 1.502
-0.086571202 -0.1100564 1.502
-0.083960742 -0.1100564 1.502
-0.081350282 -0.1100564 1.502
-0.063077047 -0.1100564 1.502
-0.060466588 -0.1100564 1.502
-0.057856124 -0.1100564 1.502
-0.055245664 -0.1100564 1.502
-0.0526352 -0.1100564 1.502
-0.05002474 -0.1100564 1.502
-0.047414277 -0.1100564 1.502
-0.044803817 -0.1100564 1.502
-0.03436197 -0.1100564 1.502
-0.031751506 -0.1100564 1.502
-0.029141046 -0.1100564 1.502
-0.026530584 -0.1100564 1.502
-0.023920123 -0.1100564 1.502
-0.021309661 -0.1100564 1.502
-0.018699199 -0.1100564 1.502
-0.016088737 -0.1100564 1.502
-0.013478275 -0.1100564 1.502
-0.010867815 -0.1100564 1.502
-0.0082573527 -0.1100564 1.502
0.020457726 -0.1100564 1.502
0.023068188 -0.1100564 1.502
0.02567865 -0.1100564 1.502
0.028289111 -0.1100564 1.502
0.030899573 -0.1100564 1.502
0.033510033 -0.1100564 1.502
0.036120497 -0.1100564 1.502
0.038730957 -0.1100564 1.502
0.04134142 -0.1100564 1.502
0.04395188 -0.1100564 1.502
0.06726642 -0.10976331 1.498
0.069869936 -0.10976331 1.498
0.072473444 -0.10976331 1.498
0.075076953 -0.10976331 1.498
0.13235417 -0.10976331 1.498
0.13495767 -0.10976331 1.498
0.13756119 -0.10976331 1.498
-0.14952034 -0.10766054 1.505
-0.14690466 -0.10766054 1.505
-0.14400136 -0.10744593 1.502
-0.1413909 -0.10744593 1.502
-0.13878043 -0.10744593 1.502
-0.13616997 -0.10744593 1.502
-0.13355951 -0.10744593 1.502
-0.13094905 -0.10744593 1.502
-0.12833859 -0.10744593 1.502
-0.12572813 -0.10744593 1.502
-0.12311767 -0.10744593 1.502
-0.1205072 -0.10744593 1.502
-0.11528628 -0.10744593 1.502
-0.11267582 -0.10744593 1.502
-0.11006536 -0.10744593 1.502
-0.1074549 -0.10744593 1.502
-0.10484444 -0.10744593 1.502
-0.094402589 -0.10744593 1.502
-0.091792129 -0.10744593 1.502
-0.089181662 -0.10744593 1.502
-0.086571202 -0.10744593 1.502
-0.083960742 -0.10744593 1.502
-0.081350282 -0.10744593 1.502
-0.065687507 -0.10744593 1.502
-0.063077047 -0.10744593 1.502
-0.060466588 -0.10744593 1.502
-0.057856124 -0.10744593 1.502
-0.055245664 -0.10744593 1.502
-0.0526352 -0.10744593 1.502
-0.05002474 -0.10744593 1.502
-0.047414277 -0.10744593 1.502
-0.044803817 -0.10744593 1.502
-0.03436197 -0.10744593 1.502
-0.031751506 -0.10744593 1.502
-0.029141046 -0.10744593 1.502
-0.026530584 -0.10744593 1.502
-0.023920123 -0.10744593 1.502
-0.021309661 -0.10744593 1.502
-0.018699199 -0.10744593 1.502
-0.016088737 -0.10744593 1.502
-0.013478275 -0.10744593 1.502
-0.010867815 -0.10744593 1.502
-0.0082573527 -0.10744593 1.502
-0.0056468905 -0.10744593 1.502
0.017847264 -0.10744593 1.502
0.020457726 -0.10744593 1.502
0.023068188 -0.10744593 1.502
0.036120497 -0.10744593 1.502
0.038730957 -0.10744593 1.502
0.04134142 -0.10744593 1.502
0.04395188 -0.10744593 1.502
0.046562344 -0.10744593 1.502
0.049172804 -0.10744593 1.502
0.069869936 -0.1071598 1.498
0.072473444 -0.1071598 1.498
0.075076953 -0.1071598 1.498
0.077680461 -0.1071598 1.498
0.12975065 -0.1071598 1.498
0.13235417 -0.1071598 1.498
0.13495767 -0.1071598 1.498
-0.14952034 -0.10504486 1.505
-0.14661182 -0.10483547 1.502
-0.14400136 -0.10483547 1.502
-0.1413909 -0.10483547 1.502
-0.13878043 -0.10483547 1.502
-0.13616997 -0.10483547 1.502
-0.13355951 -0.10483547 1.502
-0.13094905 -0.10483547 1.502
-0.11528628 -0.10483547 1.502
-0.11267582 -0.10483547 1.502
-0.11006536 -0.10483547 1.502
-0.1074549 -0.10483547 1.502
-0.10484444 -0.10483547 1.502
-0.10223398 -0.10483547 1.502
-0.097013049 -0.10483547 1.502
-0.094402589 -0.10483547 1.502
-0.091792129 -0.10483547 1.502
-0.089181662 -0.10483547 1.502
-0.086571202 -0.10483547 1.502
-0.083960742 -0.10483547 1.502
-0.081350282 -0.10483547 1.502
-0.078739822 -0.10483547 1.502
-0.076129355 -0.10483547 1.502
-0.073518895 -0.10483547 1.502
-0.070908435 -0.10483547 1.502
-0.068297975 -0.10483547 1.502
-0.065687507 -0.10483547 1.502
-0.063077047 -0.10483547 1.502
-0.060466588 -0.10483547 1.502
-0.057856124 -0.10483547 1.502
-0.055245664 -0.10483547 1.502
-0.0526352 -0.10483547 1.502
-0.05002474 -0.10483547 1.502
-0.047414277 -0.10483547 1.502
-0.044803817 -0.10483547 1.502
-0.042193353 -0.10483547 1.502
-0.039582893 -0.10483547 1.502
-0.03697243 -0.10483547 1.502
-0.03436197 -0.10483547 1.502
-0.031751506 -0.10483547 1.502
-0.029141046 -0.10483547 1.502
-0.026530584 -0.10483547 1.502
-0.023920123 -0.10483547 1.502
-0.021309661 -0.10483547 1.502
-0.018699199 -0.10483547 1.502
-0.016088737 -0.10483547 1.502
-0.013478275 -0.10483547 1.502
-0.010867815 -0.10483547 1.502
-0.0082573527 -0.10483547 1.502
-0.0056468905 -0.10483547 1.502
0.017847264 -0.10483547 1.502
0.04395188 -0.10483547 1.502
0.046562344 -0.10483547 1.502
0.049172804 -0.10483547 1.502
0.072473444 -0.10455628 1.498
0.075076953 -0.10455628 1.498
0.077680461 -0.10455628 1.498
0.08028397 -0.10455628 1.498
0.082887478 -0.10455628 1.498
0.12975065 -0.10455628 1.498
0.13235417 -0.10455628 1.498
-0.14952034 -0.10242919 1.505
-0.14661182 -0.10222501 1.502
-0.14400136 -0.10222501 1.502
-0.1413909 -0.10222501 1.502
-0.13878043 -0.10222501 1.502
-0.13616997 -0.10222501 1.502
-0.13355951 -0.10222501 1.502
-0.13094905 -0.10222501 1.502
-0.12572813 -0.10222501 1.502
-0.11528628 -0.10222501 1.502
-0.11267582 -0.10222501 1.502
-0.11006536 -0.10222501 1.502
-0.1074549 -0.10222501 1.502
-0.10484444 -0.10222501 1.502
-0.086571202 -0.10222501 1.502
-0.083960742 -0.10222501 1.502
-0.081350282 -0.10222501 1.502
-0.078739822 -0.10222501 1.502
-0.076129355 -0.10222501 1.502
-0.073518895 -0.10222501 1.502
-0.070908435 -0.10222501 1.502
-0.068297975 -0.10222501 1.502
-0.065687507 -0.10222501 1.502
-0.063077047 -0.10222501 1.502
-0.060466588 -0.10222501 1.502
-0.055245664 -0.10222501 1.502
-0.0526352 -0.10222501 1.502
-0.05002474 -0.10222501 1.502
-0.047414277 -0.10222501 1.502
-0.044803817 -0.10222501 1.502
-0.042193353 -0.10222501 1.502
-0.039582893 -0.10222501 1.502
-0.03697243 -0.10222501 1.502
-0.03436197 -0.10222501 1.502
-0.031751506 -0.10222501 1.502
-0.029141046 -0.10222501 1.502
-0.026530584 -0.10222501 1.502
-0.023920123 -0.10222501 1.502
-0.021309661 -0.10222501 1.502
-0.018699199 -0.10222501 1.502
-0.016088737 -0.10222501 1.502
-0.013478275 -0.10222501 1.502
-0.0082573527 -0.10222501 1.502
-0.0056468905 -0.10222501 1.502
-0.0030364289 -0.10222501 1.502
-0.0004259673 -0.10222501 1.502
0.01001588 -0.10222501 1.502
0.012626342 -0.10222501 1.502
0.015236803 -0.10222501 1.502
0.046562344 -0.10222501 1.502
0.049172804 -0.10222501 1.502
0.075076953 -0.10195278 1.498
0.077680461 -0.10195278 1.498
0.08028397 -0.10195278 1.498
0.082887478 -0.10195278 1.498
0.085490994 -0.10195278 1.498
0.12714715 -0.10195278 1.498
0.12975065 -0.10195278 1.498
-0.14400136 -0.099614553 1.502
-0.1413909 -0.099614553 1.502
-0.13878043 -0.099614553 1.502
-0.13616997 -0.099614553 1.502
-0.13355951 -0.099614553 1.502
-0.13094905 -0.099614553 1.502
-0.12572813 -0.099614553 1.502
-0.12311767 -0.099614553 1.502
-0.11789674 -0.099614553 1.502
-0.11528628 -0.099614553 1.502
-0.11267582 -0.099614553 1.502
-0.11006536 -0.099614553 1.502
-0.1074549 -0.099614553 1.502
-0.10484444 -0.099614553 1.502
-0.076129355 -0.099614553 1.502
-0.073518895 -0.099614553 1.502
-0.070908435 -0.099614553 1.502
-0.068297975 -0.099614553 1.502
-0.065687507 -0.099614553 1.502
-0.063077047 -0.099614553 1.502
-0.060466588 -0.099614553 1.502
-0.055245664 -0.099614553 1.502
-0.0526352 -0.099614553 1.502
-0.05002474 -0.099614553 1.502
-0.047414277 -0.099614553 1.502
-0.044803817 -0.099614553 1.502
-0.042193353 -0.099614553 1.502
-0.039582893 -0.099614553 1.502
-0.03697243 -0.099614553 1.502
-0.03436197 -0.099614553 1.502
-0.031751506 -0.099614553 1.502
-0.029141046 -0.099614553 1.502
-0.026530584 -0.099614553 1.502
-0.023920123 -0.099614553 1.502
-0.021309661 -0.099614553 1.502
-0.018699199 -0.099614553 1.502
-0.016088737 -0.099614553 1.502
-0.0082573527 -0.099614553 1.502
-0.0056468905 -0.099614553 1.502
-0.0030364289 -0.099614553 1.502
-0.0004259673 -0.099614553 1.502
0.0021844944 -0.099614553 1.502
0.0047949562 -0.099614553 1.502
0.007405418 -0.099614553 1.502
0.01001588 -0.099614553 1.502
0.046438344 -0.099349268 1.498
0.075076953 -0.099349268 1.498
0.077680461 -0.099349268 1.498
0.08028397 -0.099349268 1.498
0.082887478 -0.099349268 1.498
0.085490994 -0.099349268 1.498
0.088094503 -0.099349268 1.498
0.12714715 -0.099349268 1.498
-0.14400136 -0.097004086 1.502
-0.1413909 -0.097004086 1.502
-0.13878043 -0.097004086 1.502
-0.13616997 -0.097004086 1.502
-0.13355951 -0.097004086 1.502
-0.11528628 -0.097004086 1.502
-0.11267582 -0.097004086 1.502
-0.11006536 -0.097004086 1.502
-0.1074549 -0.097004086 1.502
-0.10484444 -0.097004086 1.502
-0.076129355 -0.097004086 1.502
-0.073518895 -0.097004086 1.502
-0.070908435 -0.097004086 1.502
-0.068297975 -0.097004086 1.502
-0.065687507 -0.097004086 1.502
-0.063077047 -0.097004086 1.502
-0.060466588 -0.097004086 1.502
-0.057856124 -0.097004086 1.502
-0.055245664 -0.097004086 1.502
-0.0526352 -0.097004086 1.502
-0.05002474 -0.097004086 1.502
-0.047414277 -0.097004086 1.502
-0.044803817 -0.097004086 1.502
-0.042193353 -0.097004086 1.502
-0.039582893 -0.097004086 1.502
-0.03697243 -0.097004086 1.502
-0.03436197 -0.097004086 1.502
-0.031751506 -0.097004086 1.502
-0.029141046 -0.097004086 1.502
-0.026530584 -0.097004086 1.502
-0.0056468905 -0.097004086 1.502
-0.0030364289 -0.097004086 1.502
-0.0004259673 -0.097004086 1.502
0.0021844944 -0.097004086 1.502
0.0047949562 -0.097004086 1.502
0.007405418 -0.097004086 1.502
0.043834835 -0.096745759 1.498
0.046438344 -0.096745759 1.498
0.075076953 -0.096745759 1.498
0.077680461 -0.096745759 1.498
0.08028397 -0.096745759 1.498
0.082887478 -0.096745759 1.498
0.085490994 -0.096745759 1.498
0.088094503 -0.096745759 1.498
0.12714715 -0.096745759 1.498
-0.14400136 -0.094393626 1.502
-0.1413909 -0.094393626 1.502
-0.13878043 -0.094393626 1.502
-0.13616997 -0.094393626 1.502
-0.11528628 -0.094393626 1.502
-0.11267582 -0.094393626 1.502
-0.11006536 -0.094393626 1.502
-0.1074549 -0.094393626 1.502
-0.10484444 -0.094393626 1.502
-0.076129355 -0.094393626 1.502
-0.073518895 -0.094393626 1.502
-0.070908435 -0.094393626 1.502
-0.068297975 -0.094393626 1.502
-0.065687507 -0.094393626 1.502
-0.063077047 -0.094393626 1.502
-0.060466588 -0.094393626 1.502
-0.057856124 -0.094393626 1.502
-0.055245664 -0.094393626 1.502
-0.0526352 -0.094393626 1.502
-0.05002474 -0.094393626 1.502
-0.047414277 -0.094393626 1.502
-0.044803817 -0.094393626 1.502
-0.039582893 -0.094393626 1.502
-0.03697243 -0.094393626 1.502
-0.03436197 -0.094393626 1.502
-0.031751506 -0.094393626 1.502
-0.029141046 -0.094393626 1.502
-0.0030364289 -0.094393626 1.502
-0.0004259673 -0.094393626 1.502
0.0021844944 -0.094393626 1.502
0.0047949562 -0.094393626 1.502
0.046438344 -0.094142251 1.498
0.049041852 -0.094142251 1.498
0.077680461 -0.094142251 1.498
0.08028397 -0.094142251 1.498
0.082887478 -0.094142251 1.498
0.085490994 -0.094142251 1.498
0.088094503 -0.094142251 1.498
0.090698011 -0.094142251 1.498
0.12454364 -0.094142251 1.498
-0.14661182 -0.091783166 1.502
-0.14400136 -0.091783166 1.502
-0.1413909 -0.091783166 1.502
-0.13878043 -0.091783166 1.502
-0.13616997 -0.091783166 1.502
-0.11267582 -0.091783166 1.502
-0.11006536 -0.091783166 1.502
-0.1074549 -0.091783166 1.502
-0.10484444 -0.091783166 1.502
-0.076129355 -0.091783166 1.502
-0.073518895 -0.091783166 1.502
-0.070908435 -0.091783166 1.502
-0.068297975 -0.091783166 1.502
-0.065687507 -0.091783166 1.502
-0.063077047 -0.091783166 1.502
-0.060466588 -0.091783166 1.502
-0.057856124 -0.091783166 1.502
-0.055245664 -0.091783166 1.502
-0.0526352 -0.091783166 1.502
-0.05002474 -0.091783166 1.502
-0.047414277 -0.091783166 1.502
-0.039582893 -0.091783166 1.502
-0.03697243 -0.091783166 1.502
-0.03436197 -0.091783166 1.502
-0.031751506 -0.091783166 1.502
0.043834835 -0.091538742 1.498
0.046438344 -0.091538742 1.498
0.049041852 -0.091538742 1.498
0.077680461 -0.091538742 1.498
0.08028397 -0.091538742 1.498
0.082887478 -0.091538742 1.498
0.085490994 -0.091538742 1.498
0.088094503 -0.091538742 1.498
0.090698011 -0.091538742 1.498
0.09330152 -0.091538742 1.498
0.12454364 -0.091538742 1.498
-0.14922228 -0.089172706 1.502
-0.14661182 -0.089172706 1.502
-0.14400136 -0.089172706 1.502
-0.1413909 -0.089172706 1.502
-0.13878043 -0.089172706 1.502
-0.11006536 -0.089172706 1.502
-0.1074549 -0.089172706 1.502
-0.10484444 -0.089172706 1.502
-0.10223398 -0.089172706 1.502
-0.078739822 -0.089172706 1.502
-0.076129355 -0.089172706 1.502
-0.073518895 -0.089172706 1.502
-0.070908435 -0.089172706 1.502
-0.068297975 -0.089172706 1.502
-0.065687507 -0.089172706 1.502
-0.063077047 -0.089172706 1.502
-0.055245664 -0.089172706 1.502
-0.05002474 -0.089172706 1.502
-0.047414277 -0.089172706 1.502
-0.044803817 -0.089172706 1.502
-0.042193353 -0.089172706 1.502
-0.039582893 -0.089172706 1.502
-0.03697243 -0.089172706 1.502
-0.03436197 -0.089172706 1.502
-0.031751506 -0.089172706 1.502
0.043834835 -0.088935226 1.498
0.046438344 -0.088935226 1.498
0.049041852 -0.088935226 1.498
0.082887478 -0.088935226 1.498
0.085490994 -0.088935226 1.498
0.088094503 -0.088935226 1.498
0.090698011 -0.088935226 1.498
0.09330152 -0.088935226 1.498
0.095905028 -0.088935226 1.498
0.098508537 -0.088935226 1.498
0.12194013 -0.088935226 1.498
0.12454364 -0.088935226 1.498
-0.14922228 -0.086562239 1.502
-0.14661182 -0.086562239 1.502
-0.14400136 -0.086562239 1.502
-0.1413909 -0.086562239 1.502
-0.13878043 -0.086562239 1.502
-0.11006536 -0.086562239 1.502
-0.1074549 -0.086562239 1.502
-0.10484444 -0.086562239 1.502
-0.10223398 -0.086562239 1.502
-0.099623509 -0.086562239 1.502
-0.097013049 -0.086562239 1.502
-0.094402589 -0.086562239 1.502
-0.083960742 -0.086562239 1.502
-0.081350282 -0.086562239 1.502
-0.078739822 -0.086562239 1.502
-0.076129355 -0.086562239 1.502
-0.073518895 -0.086562239 1.502
-0.070908435 -0.086562239 1.502
-0.068297975 -0.086562239 1.502
-0.065687507 -0.086562239 1.502
-0.047414277 -0.086562239 1.502
-0.044803817 -0.086562239 1.502
-0.042193353 -0.086562239 1.502
-0.039582893 -0.086562239 1.502
-0.03697243 -0.086562239 1.502
-0.03436197 -0.086562239 1.502
-0.031751506 -0.086562239 1.502
0.028213775 -0.086331718 1.498
0.030817285 -0.086331718 1.498
0.033420794 -0.086331718 1.498
0.036024306 -0.086331718 1.498
0.038627815 -0.086331718 1.498
0.041231323 -0.086331718 1.498
0.043834835 -0.086331718 1.498
0.046438344 -0.086331718 1.498
0.082887478 -0.086331718 1.498
0.085490994 -0.086331718 1.498
0.088094503 -0.086331718 1.498
0.090698011 -0.086331718 1.498
0.09330152 -0.086331718 1.498
0.095905028 -0.086331718 1.498
0.098508537 -0.086331718 1.498
0.10111205 -0.086331718 1.498
0.11933662 -0.086331718 1.498
0.12194013 -0.086331718 1.498
0.12454364 -0.086331718 1.498
-0.14922228 -0.083951779 1.502
-0.14661182 -0.083951779 1.502
-0.14400136 -0.083951779 1.502
-0.1413909 -0.083951779 1.502
-0.13878043 -0.083951779 1.502
-0.1074549 -0.083951779 1.502
-0.10484444 -0.083951779 1.502
-0.10223398 -0.083951779 1.502
-0.099623509 -0.083951779 1.502
-0.097013049 -0.083951779 1.502
-0.094402589 -0.083951779 1.502
-0.091792129 -0.083951779 1.502
-0.089181662 -0.083951779 1.502
-0.086571202 -0.083951779 1.502
-0.083960742 -0.083951779 1.502
-0.081350282 -0.083951779 1.502
-0.078739822 -0.083951779 1.502
-0.076129355 -0.083951779 1.502
-0.073518895 -0.083951779 1.502
-0.070908435 -0.083951779 1.502
-0.068297975 -0.083951779 1.502
-0.047414277 -0.083951779 1.502
-0.042193353 -0.083951779 1.502
-0.039582893 -0.083951779 1.502
-0.03697243 -0.083951779 1.502
-0.03436197 -0.083951779 1.502
-0.031751506 -0.083951779 1.502
0.0021844944 -0.083951779 1.502
0.025610264 -0.083728209 1.498
0.028213775 -0.083728209 1.498
0.030817285 -0.083728209 1.498
0.033420794 -0.083728209 1.498
0.036024306 -0.083728209 1.498
0.038627815 -0.083728209 1.498
0.041231323 -0.083728209 1.498
0.043834835 -0.083728209 1.498
0.046438344 -0.083728209 1.498
0.085490994 -0.083728209 1.498
0.088094503 -0.083728209 1.498
0.09330152 -0.083728209 1.498
0.095905028 -0.083728209 1.498
0.098508537 -0.083728209 1.498
0.10111205 -0.083728209 1.498
0.10371556 -0.083728209 1.498
0.11933662 -0.083728209 1.498
0.12194013 -0.083728209 1.498
0.12454364 -0.083728209 1.498
-0.14661182 -0.081341319 1.502
-0.14400136 -0.081341319 1.502
-0.1413909 -0.081341319 1.502
-0.13878043 -0.081341319 1.502
-0.10223398 -0.081341319 1.502
-0.099623509 -0.081341319 1.502
-0.097013049 -0.081341319 1.502
-0.094402589 -0.081341319 1.502
-0.091792129 -0.081341319 1.502
-0.089181662 -0.081341319 1.502
-0.086571202 -0.081341319 1.502
-0.083960742 -0.081341319 1.502
-0.081350282 -0.081341319 1.502
-0.078739822 -0.081341319 1.502
-0.076129355 -0.081341319 1.502
-0.073518895 -0.081341319 1.502
-0.070908435 -0.081341319 1.502
-0.039582893 -0.081341319 1.502
-0.03697243 -0.081341319 1.502
-0.03436197 -0.081341319 1.502
-0.0004259673 -0.081341319 1.502
0.0021844944 -0.081341319 1.502
0.0047949562 -0.081341319 1.502
0.023006756 -0.081124701 1.498
0.025610264 -0.081124701 1.498
0.028213775 -0.081124701 1.498
0.030817285 -0.081124701 1.498
0.033420794 -0.081124701 1.498
0.036024306 -0.081124701 1.498
0.038627815 -0.081124701 1.498
0.041231323 -0.081124701 1.498
0.043834835 -0.081124701 1.498
0.082887478 -0.081124701 1.498
0.085490994 -0.081124701 1.498
0.088094503 -0.081124701 1.498
0.098508537 -0.081124701 1.498
0.10111205 -0.081124701 1.498
0.10371556 -0.081124701 1.498
0.11673311 -0.081124701 1.498
0.11933662 -0.081124701 1.498
0.12194013 -0.081124701 1.498
0.12454364 -0.081124701 1.498
0.12714715 -0.081124701 1.498
-0.14400136 -0.078730859 1.502
-0.1413909 -0.078730859 1.502
-0.13878043 -0.078730859 1.502
-0.094402589 -0.078730859 1.502
-0.091792129 -0.078730859 1.502
-0.089181662 -0.078730859 1.502
-0.086571202 -0.078730859 1.502
-0.083960742 -0.078730859 1.502
-0.081350282 -0.078730859 1.502
-0.078739822 -0.078730859 1.502
-0.076129355 -0.078730859 1.502
-0.03697243 -0.078730859 1.502
-0.0004259673 -0.078730859 1.502
0.0021844944 -0.078730859 1.502
0.0047949562 -0.078730859 1.502
0.007405418 -0.078730859 1.502
0.01001588 -0.078730859 1.502
0.012626342 -0.078730859 1.502
0.015236803 -0.078730859 1.502
0.082887478 -0.078521192 1.498
0.085490994 -0.078521192 1.498
0.088094503 -0.078521192 1.498
0.10111205 -0.078521192 1.498
0.10371556 -0.078521192 1.498
0.10631907 -0.078521192 1.498
0.1141296 -0.078521192 1.498
0.11673311 -0.078521192 1.498
0.11933662 -0.078521192 1.498
0.12194013 -0.078521192 1.498
0.12454364 -0.078521192 1.498
0.12714715 -0.078521192 1.498
0.12975065 -0.078521192 1.498
-0.14400136 -0.076120391 1.502
-0.1413909 -0.076120391 1.502
-0.13878043 -0.076120391 1.502
-0.13616997 -0.076120391 1.502
-0.13355951 -0.076120391 1.502
-0.089181662 -0.076120391 1.502
-0.086571202 -0.076120391 1.502
-0.083960742 -0.076120391 1.502
-0.0004259673 -0.076120391 1.502
0.0021844944 -0.076120391 1.502
0.0047949562 -0.076120391 1.502
0.007405418 -0.076120391 1.502
0.01001588 -0.076120391 1.502
0.012626342 -0.076120391 1.502
0.08028397 -0.075917684 1.498
0.082887478 -0.075917684 1.498
0.085490994 -0.075917684 1.498
0.088094503 -0.075917684 1.498
0.090698011 -0.075917684 1.498
0.10371556 -0.075917684 1.498
0.10631907 -0.075917684 1.498
0.10892258 -0.075917684 1.498
0.11152609 -0.075917684 1.498
0.1141296 -0.075917684 1.498
0.11673311 -0.075917684 1.498
0.11933662 -0.075917684 1.498
0.12194013 -0.075917684 1.498
0.12454364 -0.075917684 1.498
0.12714715 -0.075917684 1.498
0.12975065 -0.075917684 1.498
0.13235417 -0.075917684 1.498
-0.14922228 -0.073509932 1.502
-0.14661182 -0.073509932 1.502
-0.14400136 -0.073509932 1.502
-0.1413909 -0.073509932 1.502
-0.13878043 -0.073509932 1.502
-0.13616997 -0.073509932 1.502
-0.13355951 -0.073509932 1.502
-0.0004259673 -0.073509932 1.502
0.0021844944 -0.073509932 1.502
0.0047949562 -0.073509932 1.502
0.007405418 -0.073509932 1.502
0.01001588 -0.073509932 1.502
0.08028397 -0.073314168 1.498
0.082887478 -0.073314168 1.498
0.085490994 -0.073314168 1.498
0.088094503 -0.073314168 1.498
0.090698011 -0.073314168 1.498
0.10371556 -0.073314168 1.498
0.10631907 -0.073314168 1.498
0.10892258 -0.073314168 1.498
0.11152609 -0.073314168 1.498
0.1141296 -0.073314168 1.498
0.11673311 -0.073314168 1.498
0.11933662 -0.073314168 1.498
0.12194013 -0.073314168 1.498
0.12454364 -0.073314168 1.498
0.12714715 -0.073314168 1.498
0.12975065 -0.073314168 1.498
0.13235417 -0.073314168 1.498
0.13495767 -0.073314168 1.498
-0.14922228 -0.070899472 1.502
-0.14661182 -0.070899472 1.502
-0.14400136 -0.070899472 1.502
-0.1413909 -0.070899472 1.502
-0.13878043 -0.070899472 1.502
-0.13616997 -0.070899472 1.502
-0.13355951 -0.070899472 1.502
-0.13094905 -0.070899472 1.502
-0.0004259673 -0.070899472 1.502
0.0021844944 -0.070899472 1.502
0.0047949562 -0.070899472 1.502
0.082887478 -0.070710659 1.498
0.085490994 -0.070710659 1.498
0.088094503 -0.070710659 1.498
0.10371556 -0.070710659 1.498
0.10631907 -0.070710659 1.498
0.10892258 -0.070710659 1.498
0.11152609 -0.070710659 1.498
0.1141296 -0.070710659 1.498
0.11673311 -0.070710659 1.498
0.11933662 -0.070710659 1.498
0.12194013 -0.070710659 1.498
0.12454364 -0.070710659 1.498
0.12714715 -0.070710659 1.498
0.12975065 -0.070710659 1.498
0.13235417 -0.070710659 1.498
0.13495767 -0.070710659 1.498
0.13756119 -0.070710659 1.498
0.1401647 -0.070710659 1.498
-0.14922228 -0.068289012 1.502
-0.14661182 -0.068289012 1.502
-0.14400136 -0.068289012 1.502
-0.1413909 -0.068289012 1.502
-0.13878043 -0.068289012 1.502
-0.13616997 -0.068289012 1.502
-0.13355951 -0.068289012 1.502
-0.13094905 -0.068289012 1.502
-0.12833859 -0.068289012 1.502
-0.12572813 -0.068289012 1.502
-0.12311767 -0.068289012 1.502
-0.1205072 -0.068289012 1.502
-0.031751506 -0.068289012 1.502
-0.0004259673 -0.068289012 1.502
0.0021844944 -0.068289012 1.502
0.085490994 -0.06810715 1.498
0.10371556 -0.06810715 1.498
0.10631907 -0.06810715 1.498
0.10892258 -0.06810715 1.498
0.11152609 -0.06810715 1.498
0.1141296 -0.06810715 1.498
0.11673311 -0.06810715 1.498
0.11933662 -0.06810715 1.498
0.12194013 -0.06810715 1.498
0.12454364 -0.06810715 1.498
0.13235417 -0.06810715 1.498
0.13495767 -0.06810715 1.498
0.13756119 -0.06810715 1.498
0.1401647 -0.06810715 1.498
0.1427682 -0.06810715 1.498
-0.14922228 -0.065678544 1.502
-0.14661182 -0.065678544 1.502
-0.14400136 -0.065678544 1.502
-0.1413909 -0.065678544 1.502
-0.13878043 -0.065678544 1.502
-0.13616997 -0.065678544 1.502
-0.13355951 -0.065678544 1.502
-0.13094905 -0.065678544 1.502
-0.12833859 -0.065678544 1.502
-0.12572813 -0.065678544 1.502
-0.12311767 -0.065678544 1.502
-0.1205072 -0.065678544 1.502
-0.11789674 -0.065678544 1.502
-0.11528628 -0.065678544 1.502
-0.11267582 -0.065678544 1.502
-0.11006536 -0.065678544 1.502
-0.031751506 -0.065678544 1.502
-0.0056468905 -0.065678544 1.502
-0.0030364289 -0.065678544 1.502
-0.0004259673 -0.065678544 1.502
0.085490994 -0.065503642 1.498
0.088094503 -0.065503642 1.498
0.10371556 -0.065503642 1.498
0.10631907 -0.065503642 1.498
0.10892258 -0.065503642 1.498
0.11152609 -0.065503642 1.498
0.1141296 -0.065503642 1.498
0.11673311 -0.065503642 1.498
0.11933662 -0.065503642 1.498
0.12194013 -0.065503642 1.498
0.12454364 -0.065503642 1.498
0.13235417 -0.065503642 1.498
0.13495767 -0.065503642 1.498
0.13756119 -0.065503642 1.498
0.1401647 -0.065503642 1.498
0.1427682 -0.065503642 1.498
0.14537172 -0.065503642 1.498
0.14797522 -0.065503642 1.498
-0.14661182 -0.063068084 1.502
-0.14400136 -0.063068084 1.502
-0.1413909 -0.063068084 1.502
-0.13878043 -0.063068084 1.502
-0.13616997 -0.063068084 1.502
-0.13355951 -0.063068084 1.502
-0.13094905 -0.063068084 1.502
-0.12833859 -0.063068084 1.502
-0.12572813 -0.063068084 1.502
-0.12311767 -0.063068084 1.502
-0.1205072 -0.063068084 1.502
-0.11789674 -0.063068084 1.502
-0.11528628 -0.063068084 1.502
-0.11267582 -0.063068084 1.502
-0.11006536 -0.063068084 1.502
-0.0082573527 -0.063068084 1.502
-0.0056468905 -0.063068084 1.502
0.085490994 -0.062900133 1.498
0.088094503 -0.062900133 1.498
0.090698011 -0.062900133 1.498
0.10371556 -0.062900133 1.498
0.10631907 -0.062900133 1.498
0.10892258 -0.062900133 1.498
0.11152609 -0.062900133 1.498
0.1141296 -0.062900133 1.498
0.11673311 -0.062900133 1.498
0.11933662 -0.062900133 1.498
0.12194013 -0.062900133 1.498
0.12454364 -0.062900133 1.498
0.13756119 -0.062900133 1.498
0.1401647 -0.062900133 1.498
0.1427682 -0.062900133 1.498
0.14537172 -0.062900133 1.498
0.14797522 -0.062900133 1.498
-0.13094905 -0.060457624 1.502
-0.12833859 -0.060457624 1.502
-0.12572813 -0.060457624 1.502
-0.12311767 -0.060457624 1.502
-0.11267582 -0.060457624 1.502
-0.11006536 -0.060457624 1.502
-0.1074549 -0.060457624 1.502
-0.10484444 -0.060457624 1.502
-0.0082573527 -0.060457624 1.502
0.082887478 -0.060296621 1.498
0.085490994 -0.060296621 1.498
0.088094503 -0.060296621 1.498
0.090698011 -0.060296621 1.498
0.10892258 -0.060296621 1.498
0.11933662 -0.060296621 1.498
0.12194013 -0.060296621 1.498
0.12454364 -0.060296621 1.498
-0.13094905 -0.057847165 1.502
-0.12833859 -0.057847165 1.502
-0.12572813 -0.057847165 1.502
-0.11006536 -0.057847165 1.502
-0.1074549 -0.057847165 1.502
-0.10484444 -0.057847165 1.502
-0.10223398 -0.057847165 1.502
-0.0082353624 -0.057693113 1.498
0.0073856968 -0.057693113 1.498
0.0099892067 -0.057693113 1.498
0.012592716 -0.057693113 1.498
0.015196226 -0.057693113 1.498
0.017799735 -0.057693113 1.498
0.020403245 -0.057693113 1.498
0.023006756 -0.057693113 1.498
0.025610264 -0.057693113 1.498
0.028213775 -0.057693113 1.498
0.08028397 -0.057693113 1.498
0.082887478 -0.057693113 1.498
0.085490994 -0.057693113 1.498
0.088094503 -0.057693113 1.498
0.090698011 -0.057693113 1.498
0.09330152 -0.057693113 1.498
0.12194013 -0.057693113 1.498
0.12454364 -0.057693113 1.498
0.12714715 -0.057693113 1.498
0.12975065 -0.057693113 1.498
-0.12833859 -0.055236701 1.502
-0.12572813 -0.055236701 1.502
-0.1074549 -0.055236701 1.502
-0.10484444 -0.055236701 1.502
-0.10223398 -0.055236701 1.502
-0.099623509 -0.055236701 1.502
-0.013442382 -0.0550896 1.498
-0.010838872 -0.0550896 1.498
-0.00042483292 -0.0550896 1.498
0.0047821868 -0.0550896 1.498
0.0073856968 -0.0550896 1.498
0.0099892067 -0.0550896 1.498
0.012592716 -0.0550896 1.498
0.015196226 -0.0550896 1.498
0.017799735 -0.0550896 1.498
0.020403245 -0.0550896 1.498
0.023006756 -0.0550896 1.498
0.025610264 -0.0550896 1.498
0.028213775 -0.0550896 1.498
0.030817285 -0.0550896 1.498
0.08028397 -0.0550896 1.498
0.082887478 -0.0550896 1.498
0.085490994 -0.0550896 1.498
0.088094503 -0.0550896 1.498
0.090698011 -0.0550896 1.498
0.09330152 -0.0550896 1.498
0.12194013 -0.0550896 1.498
0.12454364 -0.0550896 1.498
0.12714715 -0.0550896 1.498
0.12975065 -0.0550896 1.498
0.13235417 -0.0550896 1.498
0.13495767 -0.0550896 1.498
-0.12833859 -0.052626241 1.502
-0.12572813 -0.052626241 1.502
-0.10484444 -0.052626241 1.502
-0.10223398 -0.052626241 1.502
-0.099623509 -0.052626241 1.502
-0.097013049 -0.052626241 1.502
-0.094402589 -0.052626241 1.502
-0.016045893 -0.052486092 1.498
-0.013442382 -0.052486092 1.498
-0.010838872 -0.052486092 1.498
-0.00042483292 -0.052486092 1.498
0.0021786769 -0.052486092 1.498
0.0047821868 -0.052486092 1.498
0.0073856968 -0.052486092 1.498
0.0099892067 -0.052486092 1.498
0.012592716 -0.052486092 1.498
0.025610264 -0.052486092 1.498
0.028213775 -0.052486092 1.498
0.030817285 -0.052486092 1.498
0.033420794 -0.052486092 1.498
0.077680461 -0.052486092 1.498
0.08028397 -0.052486092 1.498
0.082887478 -0.052486092 1.498
0.085490994 -0.052486092 1.498
0.088094503 -0.052486092 1.498
0.090698011 -0.052486092 1.498
0.09330152 -0.052486092 1.498
0.095905028 -0.052486092 1.498
0.12194013 -0.052486092 1.498
0.12454364 -0.052486092 1.498
0.12714715 -0.052486092 1.498
0.12975065 -0.052486092 1.498
0.13235417 -0.052486092 1.498
0.13495767 -0.052486092 1.498
0.13756119 -0.052486092 1.498
-0.12833859 -0.050015777 1.502
-0.10223398 -0.050015777 1.502
-0.099623509 -0.050015777 1.502
-0.097013049 -0.050015777 1.502
-0.094402589 -0.050015777 1.502
-0.018649401 -0.049882583 1.498
-0.016045893 -0.049882583 1.498
-0.013442382 -0.049882583 1.498
-0.010838872 -0.049882583 1.498
-0.00042483292 -0.049882583 1.498
0.0021786769 -0.049882583 1.498
0.0047821868 -0.049882583 1.498
0.0073856968 -0.049882583 1.498
0.0099892067 -0.049882583 1.498
0.030817285 -0.049882583 1.498
0.033420794 -0.049882583 1.498
0.036024306 -0.049882583 1.498
0.075076953 -0.049882583 1.498
0.077680461 -0.049882583 1.498
0.08028397 -0.049882583 1.498
0.082887478 -0.049882583 1.498
0.085490994 -0.049882583 1.498
0.088094503 -0.049882583 1.498
0.090698011 -0.049882583 1.498
0.09330152 -0.049882583 1.498
0.095905028 -0.049882583 1.498
0.098508537 -0.049882583 1.498
0.10111205 -0.049882583 1.498
0.10371556 -0.049882583 1.498
0.10892258 -0.049882583 1.498
0.12454364 -0.049882583 1.498
0.12714715 -0.049882583 1.498
0.12975065 -0.049882583 1.498
0.13235417 -0.049882583 1.498
0.13495767 -0.049882583 1.498
0.13756119 -0.049882583 1.498
0.1401647 -0.049882583 1.498
-0.14922228 -0.047405317 1.502
-0.14661182 -0.047405317 1.502
-0.12833859 -0.047405317 1.502
-0.099623509 -0.047405317 1.502
-0.097013049 -0.047405317 1.502
-0.094402589 -0.047405317 1.502
-0.078739822 -0.047405317 1.502
-0.016045893 -0.047279071 1.498
-0.013442382 -0.047279071 1.498
-0.010838872 -0.047279071 1.498
-0.0030283427 -0.047279071 1.498
-0.00042483292 -0.047279071 1.498
0.0021786769 -0.047279071 1.498
0.0047821868 -0.047279071 1.498
0.0073856968 -0.047279071 1.498
0.030817285 -0.047279071 1.498
0.033420794 -0.047279071 1.498
0.036024306 -0.047279071 1.498
0.072473444 -0.047279071 1.498
0.075076953 -0.047279071 1.498
0.077680461 -0.047279071 1.498
0.08028397 -0.047279071 1.498
0.082887478 -0.047279071 1.498
0.085490994 -0.047279071 1.498
0.088094503 -0.047279071 1.498
0.090698011 -0.047279071 1.498
0.09330152 -0.047279071 1.498
0.095905028 -0.047279071 1.498
0.098508537 -0.047279071 1.498
0.10111205 -0.047279071 1.498
0.10371556 -0.047279071 1.498
0.10631907 -0.047279071 1.498
0.10892258 -0.047279071 1.498
0.11152609 -0.047279071 1.498
0.1141296 -0.047279071 1.498
0.11933662 -0.047279071 1.498
0.12194013 -0.047279071 1.498
0.12454364 -0.047279071 1.498
0.12714715 -0.047279071 1.498
0.12975065 -0.047279071 1.498
0.13235417 -0.047279071 1.498
0.13495767 -0.047279071 1.498
0.13756119 -0.047279071 1.498
0.1401647 -0.047279071 1.498
0.1427682 -0.047279071 1.498
-0.14922228 -0.044794854 1.502
-0.14661182 -0.044794854 1.502
-0.14400136 -0.044794854 1.502
-0.12833859 -0.044794854 1.502
-0.12572813 -0.044794854 1.502
-0.099623509 -0.044794854 1.502
-0.097013049 -0.044794854 1.502
-0.094402589 -0.044794854 1.502
-0.078739822 -0.044794854 1.502
-0.076129355 -0.044794854 1.502
-0.073518895 -0.044794854 1.502
-0.016045893 -0.044675563 1.498
-0.013442382 -0.044675563 1.498
-0.010838872 -0.044675563 1.498
-0.0030283427 -0.044675563 1.498
-0.00042483292 -0.044675563 1.498
0.0021786769 -0.044675563 1.498
0.0047821868 -0.044675563 1.498
0.0073856968 -0.044675563 1.498
0.033420794 -0.044675563 1.498
0.036024306 -0.044675563 1.498
0.038627815 -0.044675563 1.498
0.069869936 -0.044675563 1.498
0.072473444 -0.044675563 1.498
0.075076953 -0.044675563 1.498
0.077680461 -0.044675563 1.498
0.08028397 -0.044675563 1.498
0.082887478 -0.044675563 1.498
0.085490994 -0.044675563 1.498
0.09330152 -0.044675563 1.498
0.095905028 -0.044675563 1.498
0.098508537 -0.044675563 1.498
0.10111205 -0.044675563 1.498
0.10371556 -0.044675563 1.498
0.10631907 -0.044675563 1.498
0.10892258 -0.044675563 1.498
0.11152609 -0.044675563 1.498
0.1141296 -0.044675563 1.498
0.11673311 -0.044675563 1.498
0.11933662 -0.044675563 1.498
0.12194013 -0.044675563 1.498
0.12454364 -0.044675563 1.498
0.12714715 -0.044675563 1.498
0.12975065 -0.044675563 1.498
0.13235417 -0.044675563 1.498
0.13495767 -0.044675563 1.498
0.13756119 -0.044675563 1.498
0.1401647 -0.044675563 1.498
0.1427682 -0.044675563 1.498
0.14537172 -0.044675563 1.498
0.14797522 -0.044675563 1.498
-0.14922228 -0.042184394 1.502
-0.14661182 -0.042184394 1.502
-0.14400136 -0.042184394 1.502
-0.1413909 -0.042184394 1.502
-0.12833859 -0.042184394 1.502
-0.12572813 -0.042184394 1.502
-0.099623509 -0.042184394 1.502
-0.097013049 -0.042184394 1.502
-0.094402589 -0.042184394 1.502
-0.078739822 -0.042184394 1.502
-0.076129355 -0.042184394 1.502
-0.073518895 -0.042184394 1.502
-0.070908435 -0.042184394 1.502
-0.016045893 -0.042072054 1.498
-0.013442382 -0.042072054 1.498
-0.010838872 -0.042072054 1.498
-0.0082353624 -0.042072054 1.498
-0.0056318524 -0.042072054 1.498
-0.0030283427 -0.042072054 1.498
-0.00042483292 -0.042072054 1.498
0.0021786769 -0.042072054 1.498
0.0047821868 -0.042072054 1.498
0.0073856968 -0.042072054 1.498
0.033420794 -0.042072054 1.498
0.036024306 -0.042072054 1.498
0.038627815 -0.042072054 1.498
0.041231323 -0.042072054 1.498
0.043834835 -0.042072054 1.498
0.06726642 -0.042072054 1.498
0.069869936 -0.042072054 1.498
0.072473444 -0.042072054 1.498
0.075076953 -0.042072054 1.498
0.077680461 -0.042072054 1.498
0.08028397 -0.042072054 1.498
0.095905028 -0.042072054 1.498
0.098508537 -0.042072054 1.498
0.10111205 -0.042072054 1.498
0.10371556 -0.042072054 1.498
0.10631907 -0.042072054 1.498
0.10892258 -0.042072054 1.498
0.11152609 -0.042072054 1.498
0.1141296 -0.042072054 1.498
0.11673311 -0.042072054 1.498
0.11933662 -0.042072054 1.498
0.12194013 -0.042072054 1.498
0.12454364 -0.042072054 1.498
0.12714715 -0.042072054 1.498
0.12975065 -0.042072054 1.498
0.13756119 -0.042072054 1.498
0.1401647 -0.042072054 1.498
0.1427682 -0.042072054 1.498
0.14537172 -0.042072054 1.498
0.14797522 -0.042072054 1.498
-0.14922228 -0.03957393 1.502
-0.14661182 -0.03957393 1.502
-0.14400136 -0.03957393 1.502
-0.1413909 -0.03957393 1.502
-0.13878043 -0.03957393 1.502
-0.12833859 -0.03957393 1.502
-0.12572813 -0.03957393 1.502
-0.10223398 -0.03957393 1.502
-0.099623509 -0.03957393 1.502
-0.097013049 -0.03957393 1.502
-0.068297975 -0.03957393 1.502
-0.065687507 -0.03957393 1.502
-0.063077047 -0.03957393 1.502
-0.060466588 -0.03957393 1.502
-0.057856124 -0.03957393 1.502
-0.016045893 -0.039468542 1.498
-0.013442382 -0.039468542 1.498
-0.010838872 -0.039468542 1.498
-0.0082353624 -0.039468542 1.498
-0.0056318524 -0.039468542 1.498
-0.0030283427 -0.039468542 1.498
-0.00042483292 -0.039468542 1.498
0.0021786769 -0.039468542 1.498
0.0047821868 -0.039468542 1.498
0.033420794 -0.039468542 1.498
0.036024306 -0.039468542 1.498
0.038627815 -0.039468542 1.498
0.041231323 -0.039468542 1.498
0.043834835 -0.039468542 1.498
0.046438344 -0.039468542 1.498
0.049041852 -0.039468542 1.498
0.051645365 -0.039468542 1.498
0.06726642 -0.039468542 1.498
0.069869936 -0.039468542 1.498
0.072473444 -0.039468542 1.498
0.075076953 -0.039468542 1.498
0.077680461 -0.039468542 1.498
0.08028397 -0.039468542 1.498
0.10371556 -0.039468542 1.498
0.10631907 -0.039468542 1.498
0.10892258 -0.039468542 1.498
0.11152609 -0.039468542 1.498
0.1141296 -0.039468542 1.498
0.11673311 -0.039468542 1.498
0.11933662 -0.039468542 1.498
0.12194013 -0.039468542 1.498
0.12454364 -0.039468542 1.498
0.12714715 -0.039468542 1.498
0.1427682 -0.039468542 1.498
0.14537172 -0.039468542 1.498
0.14797522 -0.039468542 1.498
-0.14400136 -0.03696347 1.502
-0.1413909 -0.03696347 1.502
-0.13878043 -0.03696347 1.502
-0.13616997 -0.03696347 1.502
-0.13355951 -0.03696347 1.502
-0.13094905 -0.03696347 1.502
-0.12833859 -0.03696347 1.502
-0.12572813 -0.03696347 1.502
-0.10223398 -0.03696347 1.502
-0.099623509 -0.03696347 1.502
-0.097013049 -0.03696347 1.502
-0.068297975 -0.03696347 1.502
-0.065687507 -0.03696347 1.502
-0.063077047 -0.03696347 1.502
-0.060466588 -0.03696347 1.502
-0.057856124 -0.03696347 1.502
-0.055245664 -0.03696347 1.502
-0.0526352 -0.03696347 1.502
-0.05002474 -0.03696347 1.502
-0.047414277 -0.03696347 1.502
-0.016045893 -0.036865033 1.498
-0.013442382 -0.036865033 1.498
-0.010838872 -0.036865033 1.498
-0.0082353624 -0.036865033 1.498
-0.0056318524 -0.036865033 1.498
-0.0030283427 -0.036865033 1.498
-0.00042483292 -0.036865033 1.498
0.0021786769 -0.036865033 1.498
0.0047821868 -0.036865033 1.498
0.033420794 -0.036865033 1.498
0.036024306 -0.036865033 1.498
0.038627815 -0.036865033 1.498
0.041231323 -0.036865033 1.498
0.043834835 -0.036865033 1.498
0.046438344 -0.036865033 1.498
0.049041852 -0.036865033 1.498
0.051645365 -0.036865033 1.498
0.054248873 -0.036865033 1.498
0.064662911 -0.036865033 1.498
0.06726642 -0.036865033 1.498
0.069869936 -0.036865033 1.498
0.08028397 -0.036865033 1.498
0.10111205 -0.036865033 1.498
0.10371556 -0.036865033 1.498
0.10631907 -0.036865033 1.498
0.10892258 -0.036865033 1.498
0.11152609 -0.036865033 1.498
0.1141296 -0.036865033 1.498
0.11673311 -0.036865033 1.498
0.11933662 -0.036865033 1.498
0.12194013 -0.036865033 1.498
0.12454364 -0.036865033 1.498
0.12714715 -0.036865033 1.498
0.14537172 -0.036865033 1.498
0.14797522 -0.036865033 1.498
-0.13878043 -0.034353007 1.502
-0.13616997 -0.034353007 1.502
-0.13355951 -0.034353007 1.502
-0.13094905 -0.034353007 1.502
-0.12833859 -0.034353007 1.502
-0.12572813 -0.034353007 1.502
-0.10223398 -0.034353007 1.502
-0.099623509 -0.034353007 1.502
-0.097013049 -0.034353007 1.502
-0.068297975 -0.034353007 1.502
-0.065687507 -0.034353007 1.502
-0.063077047 -0.034353007 1.502
-0.060466588 -0.034353007 1.502
-0.057856124 -0.034353007 1.502
-0.055245664 -0.034353007 1.502
-0.0526352 -0.034353007 1.502
-0.05002474 -0.034353007 1.502
-0.047414277 -0.034353007 1.502
-0.042080991 -0.034261521 1.498
-0.039477479 -0.034261521 1.498
-0.03687397 -0.034261521 1.498
-0.018649401 -0.034261521 1.498
-0.016045893 -0.034261521 1.498
-0.013442382 -0.034261521 1.498
-0.010838872 -0.034261521 1.498
-0.0082353624 -0.034261521 1.498
-0.0056318524 -0.034261521 1.498
-0.0030283427 -0.034261521 1.498
-0.00042483292 -0.034261521 1.498
0.0021786769 -0.034261521 1.498
0.033420794 -0.034261521 1.498
0.036024306 -0.034261521 1.498
0.038627815 -0.034261521 1.498
0.041231323 -0.034261521 1.498
0.043834835 -0.034261521 1.498
0.046438344 -0.034261521 1.498
0.049041852 -0.034261521 1.498
0.051645365 -0.034261521 1.498
0.054248873 -0.034261521 1.498
0.056852382 -0.034261521 1.498
0.059455894 -0.034261521 1.498
0.062059402 -0.034261521 1.498
0.064662911 -0.034261521 1.498
0.06726642 -0.034261521 1.498
0.077680461 -0.034261521 1.498
0.08028397 -0.034261521 1.498
0.082887478 -0.034261521 1.498
0.095905028 -0.034261521 1.498
0.098508537 -0.034261521 1.498
0.10111205 -0.034261521 1.498
0.10371556 -0.034261521 1.498
0.10631907 -0.034261521 1.498
0.10892258 -0.034261521 1.498
0.11152609 -0.034261521 1.498
0.1141296 -0.034261521 1.498
0.11673311 -0.034261521 1.498
0.11933662 -0.034261521 1.498
0.12194013 -0.034261521 1.498
0.12454364 -0.034261521 1.498
0.12714715 -0.034261521 1.498
-0.13355951 -0.031742547 1.502
-0.13094905 -0.031742547 1.502
-0.12833859 -0.031742547 1.502
-0.10223398 -0.031742547 1.502
-0.099623509 -0.031742547 1.502
-0.097013049 -0.031742547 1.502
-0.065687507 -0.031742547 1.502
-0.063077047 -0.031742547 1.502
-0.060466588 -0.031742547 1.502
-0.057856124 -0.031742547 1.502
-0.055245664 -0.031742547 1.502
-0.0526352 -0.031742547 1.502
-0.05002474 -0.031742547 1.502
-0.0446845 -0.031658012 1.498
-0.042080991 -0.031658012 1.498
-0.039477479 -0.031658012 1.498
-0.03687397 -0.031658012 1.498
-0.034270462 -0.031658012 1.498
-0.02645993 -0.031658012 1.498
-0.021252912 -0.031658012 1.498
-0.018649401 -0.031658012 1.498
-0.016045893 -0.031658012 1.498
-0.013442382 -0.031658012 1.498
-0.010838872 -0.031658012 1.498
-0.0056318524 -0.031658012 1.498
-0.0030283427 -0.031658012 1.498
-0.00042483292 -0.031658012 1.498
0.0021786769 -0.031658012 1.498
0.033420794 -0.031658012 1.498
0.036024306 -0.031658012 1.498
0.038627815 -0.031658012 1.498
0.041231323 -0.031658012 1.498
0.043834835 -0.031658012 1.498
0.046438344 -0.031658012 1.498
0.049041852 -0.031658012 1.498
0.051645365 -0.031658012 1.498
0.054248873 -0.031658012 1.498
0.056852382 -0.031658012 1.498
0.059455894 -0.031658012 1.498
0.062059402 -0.031658012 1.498
0.064662911 -0.031658012 1.498
0.06726642 -0.031658012 1.498
0.08028397 -0.031658012 1.498
0.082887478 -0.031658012 1.498
0.09330152 -0.031658012 1.498
0.095905028 -0.031658012 1.498
0.098508537 -0.031658012 1.498
0.10111205 -0.031658012 1.498
0.10371556 -0.031658012 1.498
0.10631907 -0.031658012 1.498
0.10892258 -0.031658012 1.498
0.11152609 -0.031658012 1.498
0.1141296 -0.031658012 1.498
0.11673311 -0.031658012 1.498
0.11933662 -0.031658012 1.498
0.12194013 -0.031658012 1.498
0.12454364 -0.031658012 1.498
0.12714715 -0.031658012 1.498
-0.10223398 -0.029132085 1.502
-0.099623509 -0.029132085 1.502
-0.097013049 -0.029132085 1.502
-0.047288008 -0.029054504 1.498
-0.0446845 -0.029054504 1.498
-0.042080991 -0.029054504 1.498
-0.039477479 -0.029054504 1.498
-0.03687397 -0.029054504 1.498
-0.034270462 -0.029054504 1.498
-0.031666949 -0.029054504 1.498
-0.029063441 -0.029054504 1.498
-0.02645993 -0.029054504 1.498
-0.023856422 -0.029054504 1.498
-0.021252912 -0.029054504 1.498
-0.018649401 -0.029054504 1.498
-0.016045893 -0.029054504 1.498
-0.013442382 -0.029054504 1.498
-0.010838872 -0.029054504 1.498
-0.0082353624 -0.029054504 1.498
-0.0056318524 -0.029054504 1.498
-0.0030283427 -0.029054504 1.498
-0.00042483292 -0.029054504 1.498
0.0021786769 -0.029054504 1.498
0.033420794 -0.029054504 1.498
0.036024306 -0.029054504 1.498
0.038627815 -0.029054504 1.498
0.041231323 -0.029054504 1.498
0.043834835 -0.029054504 1.498
0.046438344 -0.029054504 1.498
0.049041852 -0.029054504 1.498
0.051645365 -0.029054504 1.498
0.054248873 -0.029054504 1.498
0.056852382 -0.029054504 1.498
0.059455894 -0.029054504 1.498
0.062059402 -0.029054504 1.498
0.064662911 -0.029054504 1.498
0.06726642 -0.029054504 1.498
0.08028397 -0.029054504 1.498
0.082887478 -0.029054504 1.498
0.09330152 -0.029054504 1.498
0.095905028 -0.029054504 1.498
0.098508537 -0.029054504 1.498
0.10111205 -0.029054504 1.498
0.10371556 -0.029054504 1.498
0.10631907 -0.029054504 1.498
0.10892258 -0.029054504 1.498
0.11152609 -0.029054504 1.498
0.1141296 -0.029054504 1.498
0.11673311 -0.029054504 1.498
0.11933662 -0.029054504 1.498
0.12194013 -0.029054504 1.498
0.12454364 -0.029054504 1.498
0.12714715 -0.029054504 1.498
-0.10484444 -0.026521623 1.502
-0.10223398 -0.026521623 1.502
-0.099623509 -0.026521623 1.502
-0.097013049 -0.026521623 1.502
-0.052495029 -0.026450993 1.498
-0.04989152 -0.026450993 1.498
-0.047288008 -0.026450993 1.498
-0.0446845 -0.026450993 1.498
-0.042080991 -0.026450993 1.498
-0.039477479 -0.026450993 1.498
-0.03687397 -0.026450993 1.498
-0.034270462 -0.026450993 1.498
-0.031666949 -0.026450993 1.498
-0.029063441 -0.026450993 1.498
-0.02645993 -0.026450993 1.498
-0.023856422 -0.026450993 1.498
-0.021252912 -0.026450993 1.498
-0.018649401 -0.026450993 1.498
-0.016045893 -0.026450993 1.498
-0.013442382 -0.026450993 1.498
-0.010838872 -0.026450993 1.498
-0.0082353624 -0.026450993 1.498
-0.0056318524 -0.026450993 1.498
-0.0030283427 -0.026450993 1.498
-0.00042483292 -0.026450993 1.498
0.0021786769 -0.026450993 1.498
0.033420794 -0.026450993 1.498
0.036024306 -0.026450993 1.498
0.038627815 -0.026450993 1.498
0.041231323 -0.026450993 1.498
0.043834835 -0.026450993 1.498
0.046438344 -0.026450993 1.498
0.049041852 -0.026450993 1.498
0.051645365 -0.026450993 1.498
0.054248873 -0.026450993 1.498
0.056852382 -0.026450993 1.498
0.059455894 -0.026450993 1.498
0.062059402 -0.026450993 1.498
0.064662911 -0.026450993 1.498
0.06726642 -0.026450993 1.498
0.09330152 -0.026450993 1.498
0.095905028 -0.026450993 1.498
0.098508537 -0.026450993 1.498
0.10111205 -0.026450993 1.498
0.10371556 -0.026450993 1.498
0.10631907 -0.026450993 1.498
0.10892258 -0.026450993 1.498
0.11152609 -0.026450993 1.498
0.1141296 -0.026450993 1.498
0.11673311 -0.026450993 1.498
0.11933662 -0.026450993 1.498
0.12194013 -0.026450993 1.498
0.12454364 -0.026450993 1.498
0.12714715 -0.026450993 1.498
0.12975065 -0.026450993 1.498
-0.1074549 -0.023911161 1.502
-0.10484444 -0.023911161 1.502
-0.10223398 -0.023911161 1.502
-0.099623509 -0.023911161 1.502
-0.097013049 -0.023911161 1.502
-0.055098537 -0.023847483 1.498
-0.052495029 -0.023847483 1.498
-0.04989152 -0.023847483 1.498
-0.047288008 -0.023847483 1.498
-0.0446845 -0.023847483 1.498
-0.042080991 -0.023847483 1.498
-0.039477479 -0.023847483 1.498
-0.03687397 -0.023847483 1.498
-0.034270462 -0.023847483 1.498
-0.031666949 -0.023847483 1.498
-0.029063441 -0.023847483 1.498
-0.02645993 -0.023847483 1.498
-0.023856422 -0.023847483 1.498
-0.021252912 -0.023847483 1.498
-0.018649401 -0.023847483 1.498
-0.016045893 -0.023847483 1.498
-0.013442382 -0.023847483 1.498
-0.010838872 -0.023847483 1.498
-0.0082353624 -0.023847483 1.498
-0.0056318524 -0.023847483 1.498
-0.0030283427 -0.023847483 1.498
-0.00042483292 -0.023847483 1.498
0.030817285 -0.023847483 1.498
0.033420794 -0.023847483 1.498
0.036024306 -0.023847483 1.498
0.038627815 -0.023847483 1.498
0.041231323 -0.023847483 1.498
0.043834835 -0.023847483 1.498
0.046438344 -0.023847483 1.498
0.049041852 -0.023847483 1.498
0.051645365 -0.023847483 1.498
0.054248873 -0.023847483 1.498
0.056852382 -0.023847483 1.498
0.059455894 -0.023847483 1.498
0.062059402 -0.023847483 1.498
0.064662911 -0.023847483 1.498
0.06726642 -0.023847483 1.498
0.069869936 -0.023847483 1.498
0.095905028 -0.023847483 1.498
0.098508537 -0.023847483 1.498
0.10111205 -0.023847483 1.498
0.10371556 -0.023847483 1.498
0.10631907 -0.023847483 1.498
0.10892258 -0.023847483 1.498
0.11152609 -0.023847483 1.498
0.1141296 -0.023847483 1.498
0.11673311 -0.023847483 1.498
0.11933662 -0.023847483 1.498
0.12194013 -0.023847483 1.498
0.12454364 -0.023847483 1.498
0.12714715 -0.023847483 1.498
0.12975065 -0.023847483 1.498
0.13235417 -0.023847483 1.498
-0.11528628 -0.0213007 1.502
-0.11267582 -0.0213007 1.502
-0.11006536 -0.0213007 1.502
-0.1074549 -0.0213007 1.502
-0.10484444 -0.0213007 1.502
-0.10223398 -0.0213007 1.502
-0.099623509 -0.0213007 1.502
-0.097013049 -0.0213007 1.502
-0.094402589 -0.0213007 1.502
-0.091792129 -0.0213007 1.502
-0.05770205 -0.021243975 1.498
-0.055098537 -0.021243975 1.498
-0.052495029 -0.021243975 1.498
-0.04989152 -0.021243975 1.498
-0.047288008 -0.021243975 1.498
-0.0446845 -0.021243975 1.498
-0.042080991 -0.021243975 1.498
-0.039477479 -0.021243975 1.498
-0.03687397 -0.021243975 1.498
-0.034270462 -0.021243975 1.498
-0.031666949 -0.021243975 1.498
-0.029063441 -0.021243975 1.498
-0.02645993 -0.021243975 1.498
-0.023856422 -0.021243975 1.498
-0.021252912 -0.021243975 1.498
-0.018649401 -0.021243975 1.498
-0.016045893 -0.021243975 1.498
-0.013442382 -0.021243975 1.498
-0.010838872 -0.021243975 1.498
-0.0082353624 -0.021243975 1.498
-0.0056318524 -0.021243975 1.498
-0.0030283427 -0.021243975 1.498
-0.00042483292 -0.021243975 1.498
0.020403245 -0.021243975 1.498
0.030817285 -0.021243975 1.498
0.033420794 -0.021243975 1.498
0.036024306 -0.021243975 1.498
0.038627815 -0.021243975 1.498
0.041231323 -0.021243975 1.498
0.043834835 -0.021243975 1.498
0.046438344 -0.021243975 1.498
0.049041852 -0.021243975 1.498
0.051645365 -0.021243975 1.498
0.054248873 -0.021243975 1.498
0.056852382 -0.021243975 1.498
0.059455894 -0.021243975 1.498
0.062059402 -0.021243975 1.498
0.064662911 -0.021243975 1.498
0.06726642 -0.021243975 1.498
0.069869936 -0.021243975 1.498
0.095905028 -0.021243975 1.498
0.098508537 -0.021243975 1.498
0.10111205 -0.021243975 1.498
0.10371556 -0.021243975 1.498
0.10631907 -0.021243975 1.498
0.10892258 -0.021243975 1.498
0.11152609 -0.021243975 1.498
0.1141296 -0.021243975 1.498
0.11673311 -0.021243975 1.498
0.11933662 -0.021243975 1.498
0.12975065 -0.021243975 1.498
0.13235417 -0.021243975 1.498
0.13495767 -0.021243975 1.498
0.13756119 -0.021243975 1.498
-0.11528628 -0.018690238 1.502
-0.11267582 -0.018690238 1.502
-0.11006536 -0.018690238 1.502
-0.1074549 -0.018690238 1.502
-0.10484444 -0.018690238 1.502
-0.10223398 -0.018690238 1.502
-0.099623509 -0.018690238 1.502
-0.097013049 -0.018690238 1.502
-0.094402589 -0.018690238 1.502
-0.091792129 -0.018690238 1.502
-0.05770205 -0.018640464 1.498
-0.055098537 -0.018640464 1.498
-0.052495029 -0.018640464 1.498
-0.04989152 -0.018640464 1.498
-0.047288008 -0.018640464 1.498
-0.0446845 -0.018640464 1.498
-0.042080991 -0.018640464 1.498
-0.039477479 -0.018640464 1.498
-0.03687397 -0.018640464 1.498
-0.034270462 -0.018640464 1.498
-0.031666949 -0.018640464 1.498
-0.029063441 -0.018640464 1.498
-0.02645993 -0.018640464 1.498
-0.023856422 -0.018640464 1.498
-0.021252912 -0.018640464 1.498
-0.018649401 -0.018640464 1.498
-0.016045893 -0.018640464 1.498
-0.013442382 -0.018640464 1.498
-0.010838872 -0.018640464 1.498
-0.0082353624 -0.018640464 1.498
-0.0056318524 -0.018640464 1.498
-0.0030283427 -0.018640464 1.498
0.020403245 -0.018640464 1.498
0.023006756 -0.018640464 1.498
0.030817285 -0.018640464 1.498
0.033420794 -0.018640464 1.498
0.036024306 -0.018640464 1.498
0.038627815 -0.018640464 1.498
0.041231323 -0.018640464 1.498
0.043834835 -0.018640464 1.498
0.046438344 -0.018640464 1.498
0.049041852 -0.018640464 1.498
0.051645365 -0.018640464 1.498
0.054248873 -0.018640464 1.498
0.056852382 -0.018640464 1.498
0.064662911 -0.018640464 1.498
0.06726642 -0.018640464 1.498
0.069869936 -0.018640464 1.498
0.098508537 -0.018640464 1.498
0.10111205 -0.018640464 1.498
0.10371556 -0.018640464 1.498
0.10631907 -0.018640464 1.498
0.10892258 -0.018640464 1.498
0.11152609 -0.018640464 1.498
0.1141296 -0.018640464 1.498
0.11673311 -0.018640464 1.498
0.12975065 -0.018640464 1.498
0.13235417 -0.018640464 1.498
0.13495767 -0.018640464 1.498
0.13756119 -0.018640464 1.498
0.1401647 -0.018640464 1.498
0.1427682 -0.018640464 1.498
-0.11789674 -0.016079776 1.502
-0.11528628 -0.016079776 1.502
-0.11267582 -0.016079776 1.502
-0.11006536 -0.016079776 1.502
-0.1074549 -0.016079776 1.502
-0.10484444 -0.016079776 1.502
-0.10223398 -0.016079776 1.502
-0.099623509 -0.016079776 1.502
-0.097013049 -0.016079776 1.502
-0.094402589 -0.016079776 1.502
-0.091792129 -0.016079776 1.502
-0.089181662 -0.016079776 1.502
-0.052495029 -0.016036954 1.498
-0.04989152 -0.016036954 1.498
-0.047288008 -0.016036954 1.498
-0.0446845 -0.016036954 1.498
-0.042080991 -0.016036954 1.498
-0.039477479 -0.016036954 1.498
-0.03687397 -0.016036954 1.498
-0.034270462 -0.016036954 1.498
-0.031666949 -0.016036954 1.498
-0.029063441 -0.016036954 1.498
-0.02645993 -0.016036954 1.498
-0.023856422 -0.016036954 1.498
-0.021252912 -0.016036954 1.498
-0.018649401 -0.016036954 1.498
-0.016045893 -0.016036954 1.498
-0.013442382 -0.016036954 1.498
-0.010838872 -0.016036954 1.498
0.020403245 -0.016036954 1.498
0.023006756 -0.016036954 1.498
0.030817285 -0.016036954 1.498
0.033420794 -0.016036954 1.498
0.036024306 -0.016036954 1.498
0.038627815 -0.016036954 1.498
0.041231323 -0.016036954 1.498
0.043834835 -0.016036954 1.498
0.046438344 -0.016036954 1.498
0.049041852 -0.016036954 1.498
0.051645365 -0.016036954 1.498
0.054248873 -0.016036954 1.498
0.056852382 -0.016036954 1.498
0.059455894 -0.016036954 1.498
0.062059402 -0.016036954 1.498
0.064662911 -0.016036954 1.498
0.06726642 -0.016036954 1.498
0.069869936 -0.016036954 1.498
0.072473444 -0.016036954 1.498
0.098508537 -0.016036954 1.498
0.10111205 -0.016036954 1.498
0.10371556 -0.016036954 1.498
0.10631907 -0.016036954 1.498
0.10892258 -0.016036954 1.498
0.11152609 -0.016036954 1.498
0.1141296 -0.016036954 1.498
0.11673311 -0.016036954 1.498
0.12949081 -0.016004836 1.495
0.13235417 -0.016036954 1.498
0.13495767 -0.016036954 1.498
0.13756119 -0.016036954 1.498
0.1401647 -0.016036954 1.498
0.1427682 -0.016036954 1.498
-0.11789674 -0.013469314 1.502
-0.11528628 -0.013469314 1.502
-0.11267582 -0.013469314 1.502
-0.11006536 -0.013469314 1.502
-0.1074549 -0.013469314 1.502
-0.10484444 -0.013469314 1.502
-0.10223398 -0.013469314 1.502
-0.099623509 -0.013469314 1.502
-0.097013049 -0.013469314 1.502
-0.094402589 -0.013469314 1.502
-0.091792129 -0.013469314 1.502
-0.089181662 -0.013469314 1.502
-0.04989152 -0.013433444 1.498
-0.047288008 -0.013433444 1.498
-0.0446845 -0.013433444 1.498
-0.042080991 -0.013433444 1.498
-0.039477479 -0.013433444 1.498
-0.03687397 -0.013433444 1.498
-0.034270462 -0.013433444 1.498
-0.031666949 -0.013433444 1.498
-0.029063441 -0.013433444 1.498
-0.02645993 -0.013433444 1.498
-0.023856422 -0.013433444 1.498
-0.021252912 -0.013433444 1.498
-0.018649401 -0.013433444 1.498
-0.016045893 -0.013433444 1.498
0.030817285 -0.013433444 1.498
0.033420794 -0.013433444 1.498
0.036024306 -0.013433444 1.498
0.038627815 -0.013433444 1.498
0.041231323 -0.013433444 1.498
0.043834835 -0.013433444 1.498
0.046438344 -0.013433444 1.498
0.049041852 -0.013433444 1.498
0.051645365 -0.013433444 1.498
0.054248873 -0.013433444 1.498
0.056852382 -0.013433444 1.498
0.059455894 -0.013433444 1.498
0.062059402 -0.013433444 1.498
0.064662911 -0.013433444 1.498
0.06726642 -0.013433444 1.498
0.069869936 -0.013433444 1.498
0.072473444 -0.013433444 1.498
0.075076953 -0.013433444 1.498
0.095905028 -0.013433444 1.498
0.098508537 -0.013433444 1.498
0.10111205 -0.013433444 1.498
0.10371556 -0.013433444 1.498
0.10631907 -0.013433444 1.498
0.10892258 -0.013433444 1.498
0.11152609 -0.013433444 1.498
0.1141296 -0.013433444 1.498
0.12689251 -0.013406541 1.495
0.12949081 -0.013406541 1.495
0.13235417 -0.013433444 1.498
0.13495767 -0.013433444 1.498
0.13756119 -0.013433444 1.498
0.1401647 -0.013433444 1.498
0.1427682 -0.013433444 1.498
0.14537172 -0.013433444 1.498
-0.11789674 -0.010858852 1.502
-0.11528628 -0.010858852 1.502
-0.11267582 -0.010858852 1.502
-0.11006536 -0.010858852 1.502
-0.1074549 -0.010858852 1.502
-0.097013049 -0.010858852 1.502
-0.094402589 -0.010858852 1.502
-0.091792129 -0.010858852 1.502
-0.089181662 -0.010858852 1.502
-0.073323108 -0.010829934 1.498
-0.042080991 -0.010829934 1.498
-0.039477479 -0.010829934 1.498
-0.03687397 -0.010829934 1.498
-0.034270462 -0.010829934 1.498
-0.031666949 -0.010829934 1.498
-0.029063441 -0.010829934 1.498
-0.02645993 -0.010829934 1.498
-0.023856422 -0.010829934 1.498
-0.021252912 -0.010829934 1.498
-0.018649401 -0.010829934 1.498
-0.016045893 -0.010829934 1.498
0.030817285 -0.010829934 1.498
0.033420794 -0.010829934 1.498
0.036024306 -0.010829934 1.498
0.038627815 -0.010829934 1.498
0.041231323 -0.010829934 1.498
0.043834835 -0.010829934 1.498
0.046438344 -0.010829934 1.498
0.049041852 -0.010829934 1.498
0.051645365 -0.010829934 1.498
0.054248873 -0.010829934 1.498
0.056852382 -0.010829934 1.498
0.059455894 -0.010829934 1.498
0.062059402 -0.010829934 1.498
0.064662911 -0.010829934 1.498
0.06726642 -0.010829934 1.498
0.069869936 -0.010829934 1.498
0.072473444 -0.010829934 1.498
0.075076953 -0.010829934 1.498
0.077680461 -0.010829934 1.498
0.098508537 -0.010829934 1.498
0.10111205 -0.010829934 1.498
0.10371556 -0.010829934 1.498
0.10631907 -0.010829934 1.498
0.10892258 -0.010829934 1.498
0.11152609 -0.010829934 1.498
0.1141296 -0.010829934 1.498
0.12429421 -0.010808245 1.495
0.12689251 -0.010808245 1.495
0.12975065 -0.010829934 1.498
0.13235417 -0.010829934 1.498
0.13495767 -0.010829934 1.498
0.13756119 -0.010829934 1.498
0.1401647 -0.010829934 1.498
0.1427682 -0.010829934 1.498
0.14537172 -0.010829934 1.498
-0.14661182 -0.0082483906 1.502
-0.14400136 -0.0082483906 1.502
-0.1413909 -0.0082483906 1.502
-0.11528628 -0.0082483906 1.502
-0.11267582 -0.0082483906 1.502
-0.11006536 -0.0082483906 1.502
-0.1074549 -0.0082483906 1.502
-0.075926617 -0.0082264245 1.498
-0.073323108 -0.0082264245 1.498
-0.039477479 -0.0082264245 1.498
-0.03687397 -0.0082264245 1.498
-0.034270462 -0.0082264245 1.498
-0.031666949 -0.0082264245 1.498
-0.029063441 -0.0082264245 1.498
-0.02645993 -0.0082264245 1.498
-0.023856422 -0.0082264245 1.498
-0.021252912 -0.0082264245 1.498
-0.018649401 -0.0082264245 1.498
0.030817285 -0.0082264245 1.498
0.033420794 -0.0082264245 1.498
0.036024306 -0.0082264245 1.498
0.038627815 -0.0082264245 1.498
0.041231323 -0.0082264245 1.498
0.043834835 -0.0082264245 1.498
0.046438344 -0.0082264245 1.498
0.049041852 -0.0082264245 1.498
0.054248873 -0.0082264245 1.498
0.056852382 -0.0082264245 1.498
0.059455894 -0.0082264245 1.498
0.062059402 -0.0082264245 1.498
0.064662911 -0.0082264245 1.498
0.06726642 -0.0082264245 1.498
0.069869936 -0.0082264245 1.498
0.072473444 -0.0082264245 1.498
0.075076953 -0.0082264245 1.498
0.077680461 -0.0082264245 1.498
0.10892258 -0.0082264245 1.498
0.11909763 -0.0082099494 1.495
0.12169592 -0.0082099494 1.495
0.12429421 -0.0082099494 1.495
0.12689251 -0.0082099494 1.495
0.12975065 -0.0082264245 1.498
0.13235417 -0.0082264245 1.498
0.13495767 -0.0082264245 1.498
0.13756119 -0.0082264245 1.498
0.1401647 -0.0082264245 1.498
0.1427682 -0.0082264245 1.498
0.14537172 -0.0082264245 1.498
-0.14922228 -0.0056379288 1.502
-0.14661182 -0.0056379288 1.502
-0.14400136 -0.0056379288 1.502
-0.1413909 -0.0056379288 1.502
-0.13878043 -0.0056379288 1.502
-0.11789674 -0.0056379288 1.502
-0.11528628 -0.0056379288 1.502
-0.11267582 -0.0056379288 1.502
-0.11006536 -0.0056379288 1.502
-0.078530125 -0.0056229145 1.498
-0.075926617 -0.0056229145 1.498
-0.073323108 -0.0056229145 1.498
-0.0707196 -0.0056229145 1.498
-0.03687397 -0.0056229145 1.498
-0.034270462 -0.0056229145 1.498
-0.031666949 -0.0056229145 1.498
-0.029063441 -0.0056229145 1.498
-0.02645993 -0.0056229145 1.498
-0.023856422 -0.0056229145 1.498
-0.021252912 -0.0056229145 1.498
-0.018649401 -0.0056229145 1.498
0.036024306 -0.0056229145 1.498
0.038627815 -0.0056229145 1.498
0.041231323 -0.0056229145 1.498
0.062059402 -0.0056229145 1.498
0.064662911 -0.0056229145 1.498
0.06726642 -0.0056229145 1.498
0.069869936 -0.0056229145 1.498
0.072473444 -0.0056229145 1.498
0.075076953 -0.0056229145 1.498
0.077680461 -0.0056229145 1.498
0.11649933 -0.0056116539 1.495
0.11909763 -0.0056116539 1.495
0.12169592 -0.0056116539 1.495
0.12429421 -0.0056116539 1.495
0.12689251 -0.0056116539 1.495
0.12975065 -0.0056229145 1.498
0.13235417 -0.0056229145 1.498
0.13495767 -0.0056229145 1.498
0.13756119 -0.0056229145 1.498
0.1401647 -0.0056229145 1.498
0.1427682 -0.0056229145 1.498
0.14537172 -0.0056229145 1.498
-0.14922228 -0.0030274673 1.502
-0.14661182 -0.0030274673 1.502
-0.14400136 -0.0030274673 1.502
-0.1413909 -0.0030274673 1.502
-0.13878043 -0.0030274673 1.502
-0.13616997 -0.0030274673 1.502
-0.11789674 -0.0030274673 1.502
-0.11528628 -0.0030274673 1.502
-0.11267582 -0.0030274673 1.502
-0.11006536 -0.0030274673 1.502
-0.08373715 -0.0030194048 1.498
-0.081133634 -0.0030194048 1.498
-0.078530125 -0.0030194048 1.498
-0.075926617 -0.0030194048 1.498
-0.073323108 -0.0030194048 1.498
-0.0707196 -0.0030194048 1.498
-0.03687397 -0.0030194048 1.498
-0.034270462 -0.0030194048 1.498
-0.031666949 -0.0030194048 1.498
-0.029063441 -0.0030194048 1.498
-0.02645993 -0.0030194048 1.498
-0.023856422 -0.0030194048 1.498
-0.021252912 -0.0030194048 1.498
-0.018649401 -0.0030194048 1.498
0.038627815 -0.0030194048 1.498
0.11390103 -0.003013358 1.495
0.11649933 -0.003013358 1.495
0.11909763 -0.003013358 1.495
0.12169592 -0.003013358 1.495
0.12429421 -0.003013358 1.495
0.12714715 -0.0030194048 1.498
0.12975065 -0.0030194048 1.498
0.13235417 -0.0030194048 1.498
0.13495767 -0.0030194048 1.498
0.13756119 -0.0030194048 1.498
0.1401647 -0.0030194048 1.498
0.1427682 -0.0030194048 1.498
0.14537172 -0.0030194048 1.498
-0.14922228 -0.00041700559 1.502
-0.14661182 -0.00041700559 1.502
-0.14400136 -0.00041700559 1.502
-0.1413909 -0.00041700559 1.502
-0.13878043 -0.00041700559 1.502
-0.13616997 -0.00041700559 1.502
-0.11789674 -0.00041700559 1.502
-0.11528628 -0.00041700559 1.502
-0.11267582 -0.00041700559 1.502
-0.11006536 -0.00041700559 1.502
-0.086340658 -0.00041589508 1.498
-0.08373715 -0.00041589508 1.498
-0.081133634 -0.00041589508 1.498
-0.078530125 -0.00041589508 1.498
-0.075926617 -0.00041589508 1.498
-0.073323108 -0.00041589508 1.498
-0.0707196 -0.00041589508 1.498
-0.068116091 -0.00041589508 1.498
-0.03687397 -0.00041589508 1.498
-0.034270462 -0.00041589508 1.498
-0.031666949 -0.00041589508 1.498
-0.029063441 -0.00041589508 1.498
-0.02645993 -0.00041589508 1.498
-0.023856422 -0.00041589508 1.498
-0.021252912 -0.00041589508 1.498
-0.018649401 -0.00041589508 1.498
0.10870444 -0.00041506215 1.495
0.11130274 -0.00041506215 1.495
0.11390103 -0.00041506215 1.495
0.11649933 -0.00041506215 1.495
0.11909763 -0.00041506215 1.495
0.12169592 -0.00041506215 1.495
0.12429421 -0.00041506215 1.495
0.12714715 -0.00041589508 1.498
0.12975065 -0.00041589508 1.498
0.13235417 -0.00041589508 1.498
0.13495767 -0.00041589508 1.498
0.13756119 -0.00041589508 1.498
0.1401647 -0.00041589508 1.498
0.1427682 -0.00041589508 1.498
0.14537172 -0.00041589508 1.498
0.14797522 -0.00041589508 1.498
-0.14922228 0.0021934561 1.502
-0.14661182 0.0021934561 1.502
-0.14400136 0.0021934561 1.502
-0.1413909 0.0021934561 1.502
-0.13878043 0.0021934561 1.502
-0.13616997 0.0021934561 1.502
-0.11528628 0.0021934561 1.502
-0.11267582 0.0021934561 1.502
-0.11006536 0.0021934561 1.502
-0.088944167 0.0021876148 1.498
-0.086340658 0.0021876148 1.498
-0.08373715 0.0021876148 1.498
-0.081133634 0.0021876148 1.498
-0.078530125 0.0021876148 1.498
-0.075926617 0.0021876148 1.498
-0.073323108 0.0021876148 1.498
-0.0707196 0.0021876148 1.498
-0.068116091 0.0021876148 1.498
-0.03687397 0.0021876148 1.498
-0.034270462 0.0021876148 1.498
-0.031666949 0.0021876148 1.498
-0.029063441 0.0021876148 1.498
-0.02645993 0.0021876148 1.498
-0.023856422 0.0021876148 1.498
-0.021252912 0.0021876148 1.498
-0.018649401 0.0021876148 1.498
-0.016045893 0.0021876148 1.498
0.10610615 0.0021832336 1.495
0.10870444 0.0021832336 1.495
0.11130274 0.0021832336 1.495
0.11390103 0.0021832336 1.495
0.11649933 0.0021832336 1.495
0.11909763 0.0021832336 1.495
0.12169592 0.0021832336 1.495
0.12429421 0.0021832336 1.495
0.12714715 0.0021876148 1.498
0.12975065 0.0021876148 1.498
0.13235417 0.0021876148 1.498
0.13495767 0.0021876148 1.498
0.13756119 0.0021876148 1.498
0.1401647 0.0021876148 1.498
0.1427682 0.0021876148 1.498
0.14537172 0.0021876148 1.498
0.14797522 0.0021876148 1.498
-0.14922228 0.0048039178 1.502
-0.13878043 0.0048039178 1.502
-0.13616997 0.0048039178 1.502
-0.13355951 0.0048039178 1.502
-0.11789674 0.0048039178 1.502
-0.11528628 0.0048039178 1.502
-0.11267582 0.0048039178 1.502
-0.11006536 0.0048039178 1.502
-0.094151184 0.0047911247 1.498
-0.091547675 0.0047911247 1.498
-0.088944167 0.0047911247 1.498
-0.086340658 0.0047911247 1.498
-0.08373715 0.0047911247 1.498
-0.081133634 0.0047911247 1.498
-0.0707196 0.0047911247 1.498
-0.068116091 0.0047911247 1.498
-0.065512575 0.0047911247 1.498
-0.03687397 0.0047911247 1.498
-0.034270462 0.0047911247 1.498
-0.031666949 0.0047911247 1.498
-0.018649401 0.0047911247 1.498
-0.016045893 0.0047911247 1.498
-0.013442382 0.0047911247 1.498
-0.010838872 0.0047911247 1.498
0.10350785 0.0047815293 1.495
0.10610615 0.0047815293 1.495
0.10870444 0.0047815293 1.495
0.11130274 0.0047815293 1.495
0.11390103 0.0047815293 1.495
0.11649933 0.0047815293 1.495
0.11909763 0.0047815293 1.495
0.12169592 0.0047815293 1.495
0.12429421 0.0047815293 1.495
0.12689251 0.0047815293 1.495
0.12975065 0.0047911247 1.498
0.13235417 0.0047911247 1.498
0.13495767 0.0047911247 1.498
0.13756119 0.0047911247 1.498
0.1401647 0.0047911247 1.498
0.1427682 0.0047911247 1.498
0.14537172 0.0047911247 1.498
0.14797522 0.0047911247 1.498
-0.14922228 0.0074143796 1.502
-0.13616997 0.0074143796 1.502
-0.13355951 0.0074143796 1.502
-0.11528628 0.0074143796 1.502
-0.11267582 0.0074143796 1.502
-0.11006536 0.0074143796 1.502
-0.0967547 0.0073946342 1.498
-0.094151184 0.0073946342 1.498
-0.091547675 0.0073946342 1.498
-0.088944167 0.0073946342 1.498
-0.086340658 0.0073946342 1.498
-0.08373715 0.0073946342 1.498
-0.081133634 0.0073946342 1.498
-0.078530125 0.0073946342 1.498
-0.075926617 0.0073946342 1.498
-0.073323108 0.0073946342 1.498
-0.0707196 0.0073946342 1.498
-0.068116091 0.0073946342 1.498
-0.065512575 0.0073946342 1.498
-0.03687397 0.0073946342 1.498
-0.034270462 0.0073946342 1.498
-0.016045893 0.0073946342 1.498
-0.013442382 0.0073946342 1.498
-0.010838872 0.0073946342 1.498
-0.0082353624 0.0073946342 1.498
0.020403245 0.0073946342 1.498
0.023006756 0.0073946342 1.498
0.025610264 0.0073946342 1.498
0.028213775 0.0073946342 1.498
0.09831126 0.0073798252 1.495
0.10090955 0.0073798252 1.495
0.10350785 0.0073798252 1.495
0.10610615 0.0073798252 1.495
0.10870444 0.0073798252 1.495
0.11130274 0.0073798252 1.495
0.11390103 0.0073798252 1.495
0.11649933 0.0073798252 1.495
0.11909763 0.0073798252 1.495
0.12169592 0.0073798252 1.495
0.12429421 0.0073798252 1.495
0.12689251 0.0073798252 1.495
0.12949081 0.0073798252 1.495
0.13208911 0.0073798252 1.495
0.13468739 0.0073798252 1.495
0.13728569 0.0073798252 1.495
0.139884 0.0073798252 1.495
0.1427682 0.0073946342 1.498
0.14537172 0.0073946342 1.498
0.14797522 0.0073946342 1.498
-0.14922228 0.010024841 1.502
-0.13616997 0.010024841 1.502
-0.13355951 0.010024841 1.502
-0.13094905 0.010024841 1.502
-0.12833859 0.010024841 1.502
-0.1205072 0.010024841 1.502
-0.11789674 0.010024841 1.502
-0.11528628 0.010024841 1.502
-0.11267582 0.010024841 1.502
-0.11006536 0.010024841 1.502
-0.1074549 0.010024841 1.502
-0.099358208 0.0099981446 1.498
-0.0967547 0.0099981446 1.498
-0.094151184 0.0099981446 1.498
-0.091547675 0.0099981446 1.498
-0.088944167 0.0099981446 1.498
-0.086340658 0.0099981446 1.498
-0.08373715 0.0099981446 1.498
-0.081133634 0.0099981446 1.498
-0.078530125 0.0099981446 1.498
-0.075926617 0.0099981446 1.498
-0.073323108 0.0099981446 1.498
-0.0707196 0.0099981446 1.498
-0.068116091 0.0099981446 1.498
-0.065512575 0.0099981446 1.498
-0.039477479 0.0099981446 1.498
-0.03687397 0.0099981446 1.498
-0.034270462 0.0099981446 1.498
-0.016045893 0.0099981446 1.498
-0.013442382 0.0099981446 1.498
-0.010838872 0.0099981446 1.498
-0.0082353624 0.0099981446 1.498
-0.0056318524 0.0099981446 1.498
0.020403245 0.0099981446 1.498
0.023006756 0.0099981446 1.498
0.025610264 0.0099981446 1.498
0.028213775 0.0099981446 1.498
0.030817285 0.0099981446 1.498
0.09571296 0.0099781211 1.495
0.09831126 0.0099781211 1.495
0.10090955 0.0099781211 1.495
0.10350785 0.0099781211 1.495
0.10610615 0.0099781211 1.495
0.10870444 0.0099781211 1.495
0.11130274 0.0099781211 1.495
0.11390103 0.0099781211 1.495
0.11649933 0.0099781211 1.495
0.11909763 0.0099781211 1.495
0.12169592 0.0099781211 1.495
0.12429421 0.0099781211 1.495
0.12689251 0.0099781211 1.495
0.12949081 0.0099781211 1.495
0.13208911 0.0099781211 1.495
0.13468739 0.0099781211 1.495
0.13728569 0.0099781211 1.495
0.139884 0.0099781211 1.495
0.14248228 0.0099781211 1.495
0.14537172 0.0099981446 1.498
0.14797522 0.0099981446 1.498
-0.14922228 0.012635303 1.502
-0.13616997 0.012635303 1.502
-0.13355951 0.012635303 1.502
-0.13094905 0.012635303 1.502
-0.12833859 0.012635303 1.502
-0.12572813 0.012635303 1.502
-0.1205072 0.012635303 1.502
-0.11789674 0.012635303 1.502
-0.11267582 0.012635303 1.502
-0.11006536 0.012635303 1.502
-0.1074549 0.012635303 1.502
-0.10456523 0.012601654 1.498
-0.10196172 0.012601654 1.498
-0.099358208 0.012601654 1.498
-0.0967547 0.012601654 1.498
-0.094151184 0.012601654 1.498
-0.091547675 0.012601654 1.498
-0.088944167 0.012601654 1.498
-0.086340658 0.012601654 1.498
-0.08373715 0.012601654 1.498
-0.081133634 0.012601654 1.498
-0.078530125 0.012601654 1.498
-0.075926617 0.012601654 1.498
-0.073323108 0.012601654 1.498
-0.0707196 0.012601654 1.498
-0.068116091 0.012601654 1.498
-0.065512575 0.012601654 1.498
-0.062909067 0.012601654 1.498
-0.039477479 0.012601654 1.498
-0.03687397 0.012601654 1.498
-0.013442382 0.012601654 1.498
-0.010838872 0.012601654 1.498
-0.0082353624 0.012601654 1.498
-0.0056318524 0.012601654 1.498
0.012592716 0.012601654 1.498
0.015196226 0.012601654 1.498
0.017799735 0.012601654 1.498
0.020403245 0.012601654 1.498
0.023006756 0.012601654 1.498
0.025610264 0.012601654 1.498
0.028213775 0.012601654 1.498
0.030817285 0.012601654 1.498
0.033420794 0.012601654 1.498
0.093114667 0.012576417 1.495
0.09571296 0.012576417 1.495
0.09831126 0.012576417 1.495
0.10090955 0.012576417 1.495
0.10350785 0.012576417 1.495
0.10610615 0.012576417 1.495
0.10870444 0.012576417 1.495
0.11130274 0.012576417 1.495
0.11390103 0.012576417 1.495
0.11649933 0.012576417 1.495
0.11909763 0.012576417 1.495
0.12169592 0.012576417 1.495
0.12429421 0.012576417 1.495
0.12689251 0.012576417 1.495
0.12949081 0.012576417 1.495
0.13208911 0.012576417 1.495
0.13468739 0.012576417 1.495
0.13728569 0.012576417 1.495
0.139884 0.012576417 1.495
0.14248228 0.012576417 1.495
0.14508058 0.012576417 1.495
0.14767888 0.012576417 1.495
-0.14922228 0.015245765 1.502
-0.14661182 0.015245765 1.502
-0.13616997 0.015245765 1.502
-0.13355951 0.015245765 1.502
-0.13094905 0.015245765 1.502
-0.12833859 0.015245765 1.502
-0.12572813 0.015245765 1.502
-0.12311767 0.015245765 1.502
-0.1205072 0.015245765 1.502
-0.11789674 0.015245765 1.502
-0.11528628 0.015245765 1.502
-0.11267582 0.015245765 1.502
-0.11006536 0.015245765 1.502
-0.10196172 0.015205164 1.498
-0.099358208 0.015205164 1.498
-0.0967547 0.015205164 1.498
-0.094151184 0.015205164 1.498
-0.091547675 0.015205164 1.498
-0.088944167 0.015205164 1.498
-0.086340658 0.015205164 1.498
-0.08373715 0.015205164 1.498
-0.081133634 0.015205164 1.498
-0.078530125 0.015205164 1.498
-0.075926617 0.015205164 1.498
-0.073323108 0.015205164 1.498
-0.0707196 0.015205164 1.498
-0.068116091 0.015205164 1.498
-0.065512575 0.015205164 1.498
-0.062909067 0.015205164 1.498
-0.060305558 0.015205164 1.498
-0.039477479 0.015205164 1.498
-0.03687397 0.015205164 1.498
-0.013442382 0.015205164 1.498
-0.010838872 0.015205164 1.498
-0.0082353624 0.015205164 1.498
-0.0056318524 0.015205164 1.498
0.0099892067 0.015205164 1.498
0.012592716 0.015205164 1.498
0.015196226 0.015205164 1.498
0.017799735 0.015205164 1.498
0.020403245 0.015205164 1.498
0.023006756 0.015205164 1.498
0.025610264 0.015205164 1.498
0.028213775 0.015205164 1.498
0.030817285 0.015205164 1.498
0.033420794 0.015205164 1.498
0.087918073 0.015174713 1.495
0.090516374 0.015174713 1.495
0.093114667 0.015174713 1.495
0.09571296 0.015174713 1.495
0.09831126 0.015174713 1.495
0.10090955 0.015174713 1.495
0.10350785 0.015174713 1.495
0.10610615 0.015174713 1.495
0.10870444 0.015174713 1.495
0.11130274 0.015174713 1.495
0.11390103 0.015174713 1.495
0.11649933 0.015174713 1.495
0.11909763 0.015174713 1.495
0.12169592 0.015174713 1.495
0.12429421 0.015174713 1.495
0.12689251 0.015174713 1.495
0.12949081 0.015174713 1.495
0.13208911 0.015174713 1.495
0.13468739 0.015174713 1.495
0.13728569 0.015174713 1.495
0.139884 0.015174713 1.495
0.14248228 0.015174713 1.495
0.14508058 0.015174713 1.495
0.14767888 0.015174713 1.495
-0.14922228 0.017856225 1.502
-0.14661182 0.017856225 1.502
-0.14400136 0.017856225 1.502
-0.13616997 0.017856225 1.502
-0.13355951 0.017856225 1.502
-0.13094905 0.017856225 1.502
-0.12833859 0.017856225 1.502
-0.12572813 0.017856225 1.502
-0.12311767 0.017856225 1.502
-0.1205072 0.017856225 1.502
-0.11789674 0.017856225 1.502
-0.11528628 0.017856225 1.502
-0.11267582 0.017856225 1.502
-0.099358208 0.017808674 1.498
-0.0967547 0.017808674 1.498
-0.094151184 0.017808674 1.498
-0.091547675 0.017808674 1.498
-0.088944167 0.017808674 1.498
-0.086340658 0.017808674 1.498
-0.08373715 0.017808674 1.498
-0.081133634 0.017808674 1.498
-0.078530125 0.017808674 1.498
-0.075926617 0.017808674 1.498
-0.073323108 0.017808674 1.498
-0.0707196 0.017808674 1.498
-0.068116091 0.017808674 1.498
-0.065512575 0.017808674 1.498
-0.062909067 0.017808674 1.498
-0.060305558 0.017808674 1.498
-0.042080991 0.017808674 1.498
-0.039477479 0.017808674 1.498
-0.013442382 0.017808674 1.498
-0.010838872 0.017808674 1.498
-0.0082353624 0.017808674 1.498
-0.0056318524 0.017808674 1.498
0.0099892067 0.017808674 1.498
0.012592716 0.017808674 1.498
0.015196226 0.017808674 1.498
0.017799735 0.017808674 1.498
0.020403245 0.017808674 1.498
0.023006756 0.017808674 1.498
0.025610264 0.017808674 1.498
0.028213775 0.017808674 1.498
0.030817285 0.017808674 1.498
0.033420794 0.017808674 1.498
0.036024306 0.017808674 1.498
0.08531978 0.017773008 1.495
0.087918073 0.017773008 1.495
0.090516374 0.017773008 1.495
0.093114667 0.017773008 1.495
0.09571296 0.017773008 1.495
0.09831126 0.017773008 1.495
0.10090955 0.017773008 1.495
0.10350785 0.017773008 1.495
0.10610615 0.017773008 1.495
0.10892258 0.017808674 1.498
0.11152609 0.017808674 1.498
0.1141296 0.017808674 1.498
0.11649933 0.017773008 1.495
0.11909763 0.017773008 1.495
0.12169592 0.017773008 1.495
0.12429421 0.017773008 1.495
0.12689251 0.017773008 1.495
0.12949081 0.017773008 1.495
0.13208911 0.017773008 1.495
0.13468739 0.017773008 1.495
0.13728569 0.017773008 1.495
0.139884 0.017773008 1.495
0.14248228 0.017773008 1.495
0.14508058 0.017773008 1.495
0.14767888 0.017773008 1.495
-0.14922228 0.020466687 1.502
-0.14661182 0.020466687 1.502
-0.14400136 0.020466687 1.502
-0.1413909 0.020466687 1.502
-0.13878043 0.020466687 1.502
-0.13616997 0.020466687 1.502
-0.13355951 0.020466687 1.502
-0.13094905 0.020466687 1.502
-0.12833859 0.020466687 1.502
-0.12572813 0.020466687 1.502
-0.12311767 0.020466687 1.502
-0.1205072 0.020466687 1.502
-0.11789674 0.020466687 1.502
-0.0967547 0.020412184 1.498
-0.094151184 0.020412184 1.498
-0.091547675 0.020412184 1.498
-0.088944167 0.020412184 1.498
-0.086340658 0.020412184 1.498
-0.08373715 0.020412184 1.498
-0.081133634 0.020412184 1.498
-0.078530125 0.020412184 1.498
-0.075926617 0.020412184 1.498
-0.073323108 0.020412184 1.498
-0.0707196 0.020412184 1.498
-0.068116091 0.020412184 1.498
-0.065512575 0.020412184 1.498
-0.062909067 0.020412184 1.498
-0.060305558 0.020412184 1.498
-0.05770205 0.020412184 1.498
-0.0446845 0.020412184 1.498
-0.042080991 0.020412184 1.498
-0.039477479 0.020412184 1.498
-0.010838872 0.020412184 1.498
-0.0082353624 0.020412184 1.498
-0.0056318524 0.020412184 1.498
0.0099892067 0.020412184 1.498
0.012592716 0.020412184 1.498
0.015196226 0.020412184 1.498
0.017799735 0.020412184 1.498
0.020403245 0.020412184 1.498
0.023006756 0.020412184 1.498
0.025610264 0.020412184 1.498
0.028213775 0.020412184 1.498
0.030817285 0.020412184 1.498
0.033420794 0.020412184 1.498
0.036024306 0.020412184 1.498
0.038627815 0.020412184 1.498
0.082721487 0.020371305 1.495
0.08531978 0.020371305 1.495
0.087918073 0.020371305 1.495
0.090516374 0.020371305 1.495
0.093114667 0.020371305 1.495
0.09571296 0.020371305 1.495
0.09831126 0.020371305 1.495
0.10090955 0.020371305 1.495
0.10350785 0.020371305 1.495
0.10631907 0.020412184 1.498
0.10892258 0.020412184 1.498
0.11152609 0.020412184 1.498
0.1141296 0.020412184 1.498
0.11673311 0.020412184 1.498
0.11933662 0.020412184 1.498
0.12194013 0.020412184 1.498
0.12454364 0.020412184 1.498
0.12714715 0.020412184 1.498
0.12949081 0.020371305 1.495
0.13208911 0.020371305 1.495
0.13468739 0.020371305 1.495
0.13728569 0.020371305 1.495
0.139884 0.020371305 1.495
0.14248228 0.020371305 1.495
0.14508058 0.020371305 1.495
0.14767888 0.020371305 1.495
-0.14661182 0.023077149 1.502
-0.14400136 0.023077149 1.502
-0.1413909 0.023077149 1.502
-0.13878043 0.023077149 1.502
-0.13616997 0.023077149 1.502
-0.13355951 0.023077149 1.502
-0.13094905 0.023077149 1.502
-0.12833859 0.023077149 1.502
-0.12572813 0.023077149 1.502
-0.12311767 0.023077149 1.502
-0.094151184 0.023015693 1.498
-0.091547675 0.023015693 1.498
-0.088944167 0.023015693 1.498
-0.086340658 0.023015693 1.498
-0.08373715 0.023015693 1.498
-0.081133634 0.023015693 1.498
-0.078530125 0.023015693 1.498
-0.075926617 0.023015693 1.498
-0.073323108 0.023015693 1.498
-0.0707196 0.023015693 1.498
-0.068116091 0.023015693 1.498
-0.065512575 0.023015693 1.498
-0.062909067 0.023015693 1.498
-0.060305558 0.023015693 1.498
-0.05770205 0.023015693 1.498
-0.055098537 0.023015693 1.498
-0.052495029 0.023015693 1.498
-0.04989152 0.023015693 1.498
-0.047288008 0.023015693 1.498
-0.0446845 0.023015693 1.498
-0.042080991 0.023015693 1.498
-0.039477479 0.023015693 1.498
-0.03687397 0.023015693 1.498
-0.010838872 0.023015693 1.498
-0.0082353624 0.023015693 1.498
-0.0056318524 0.023015693 1.498
-0.0030283427 0.023015693 1.498
0.0073856968 0.023015693 1.498
0.0099892067 0.023015693 1.498
0.012592716 0.023015693 1.498
0.015196226 0.023015693 1.498
0.017799735 0.023015693 1.498
0.030817285 0.023015693 1.498
0.033420794 0.023015693 1.498
0.036024306 0.023015693 1.498
0.038627815 0.023015693 1.498
0.041231323 0.023015693 1.498
0.056852382 0.023015693 1.498
0.059455894 0.023015693 1.498
0.077524893 0.0229696 1.495
0.080123186 0.0229696 1.495
0.082721487 0.0229696 1.495
0.08531978 0.0229696 1.495
0.087918073 0.0229696 1.495
0.090516374 0.0229696 1.495
0.093114667 0.0229696 1.495
0.09571296 0.0229696 1.495
0.09831126 0.0229696 1.495
0.10090955 0.0229696 1.495
0.10371556 0.023015693 1.498
0.10631907 0.023015693 1.498
0.10892258 0.023015693 1.498
0.11152609 0.023015693 1.498
0.1141296 0.023015693 1.498
0.11673311 0.023015693 1.498
0.11933662 0.023015693 1.498
0.12194013 0.023015693 1.498
0.12454364 0.023015693 1.498
0.12714715 0.023015693 1.498
0.12975065 0.023015693 1.498
0.13208911 0.0229696 1.495
0.13468739 0.0229696 1.495
0.13728569 0.0229696 1.495
0.139884 0.0229696 1.495
0.14248228 0.0229696 1.495
0.14508058 0.0229696 1.495
0.14767888 0.0229696 1.495
-0.1413909 0.025687611 1.502
-0.13878043 0.025687611 1.502
-0.13616997 0.025687611 1.502
-0.13355951 0.025687611 1.502
-0.13094905 0.025687611 1.502
-0.12278979 0.025619203 1.498
-0.12018628 0.025619203 1.498
-0.11758278 0.025619203 1.498
-0.11497927 0.025619203 1.498
-0.091547675 0.025619203 1.498
-0.088944167 0.025619203 1.498
-0.086340658 0.025619203 1.498
-0.08373715 0.025619203 1.498
-0.081133634 0.025619203 1.498
-0.078530125 0.025619203 1.498
-0.075926617 0.025619203 1.498
-0.073323108 0.025619203 1.498
-0.0707196 0.025619203 1.498
-0.068116091 0.025619203 1.498
-0.065512575 0.025619203 1.498
-0.062909067 0.025619203 1.498
-0.060305558 0.025619203 1.498
-0.05770205 0.025619203 1.498
-0.055098537 0.025619203 1.498
-0.052495029 0.025619203 1.498
-0.04989152 0.025619203 1.498
-0.047288008 0.025619203 1.498
-0.0446845 0.025619203 1.498
-0.042080991 0.025619203 1.498
-0.039477479 0.025619203 1.498
-0.03687397 0.025619203 1.498
-0.034270462 0.025619203 1.498
-0.013442382 0.025619203 1.498
-0.010838872 0.025619203 1.498
-0.0082353624 0.025619203 1.498
-0.0056318524 0.025619203 1.498
-0.0030283427 0.025619203 1.498
-0.00042483292 0.025619203 1.498
0.0021786769 0.025619203 1.498
0.0047821868 0.025619203 1.498
0.0073856968 0.025619203 1.498
0.0099892067 0.025619203 1.498
0.012592716 0.025619203 1.498
0.015196226 0.025619203 1.498
0.036024306 0.025619203 1.498
0.038627815 0.025619203 1.498
0.041231323 0.025619203 1.498
0.043834835 0.025619203 1.498
0.046438344 0.025619203 1.498
0.054248873 0.025619203 1.498
0.056852382 0.025619203 1.498
0.059455894 0.025619203 1.498
0.062059402 0.025619203 1.498
0.075076953 0.025619203 1.498
0.077680461 0.025619203 1.498
0.080123186 0.025567897 1.495
0.082721487 0.025567897 1.495
0.08531978 0.025567897 1.495
0.087918073 0.025567897 1.495
0.090516374 0.025567897 1.495
0.093114667 0.025567897 1.495
0.09571296 0.025567897 1.495
0.09831126 0.025567897 1.495
0.10090955 0.025567897 1.495
0.10371556 0.025619203 1.498
0.10631907 0.025619203 1.498
0.10892258 0.025619203 1.498
0.11152609 0.025619203 1.498
0.1141296 0.025619203 1.498
0.11673311 0.025619203 1.498
0.11933662 0.025619203 1.498
0.12194013 0.025619203 1.498
0.12454364 0.025619203 1.498
0.12714715 0.025619203 1.498
0.12975065 0.025619203 1.498
0.13208911 0.025567897 1.495
0.13468739 0.025567897 1.495
0.13728569 0.025567897 1.495
0.139884 0.025567897 1.495
0.14248228 0.025567897 1.495
-0.1413909 0.028298073 1.502
-0.13878043 0.028298073 1.502
-0.13616997 0.028298073 1.502
-0.13355951 0.028298073 1.502
-0.1253933 0.028222714 1.498
-0.12278979 0.028222714 1.498
-0.12018628 0.028222714 1.498
-0.11758278 0.028222714 1.498
-0.11497927 0.028222714 1.498
-0.091547675 0.028222714 1.498
-0.088944167 0.028222714 1.498
-0.086340658 0.028222714 1.498
-0.08373715 0.028222714 1.498
-0.081133634 0.028222714 1.498
-0.078530125 0.028222714 1.498
-0.075926617 0.028222714 1.498
-0.073323108 0.028222714 1.498
-0.0707196 0.028222714 1.498
-0.068116091 0.028222714 1.498
-0.065512575 0.028222714 1.498
-0.062909067 0.028222714 1.498
-0.060305558 0.028222714 1.498
-0.05770205 0.028222714 1.498
-0.055098537 0.028222714 1.498
-0.052495029 0.028222714 1.498
-0.04989152 0.028222714 1.498
-0.047288008 0.028222714 1.498
-0.0446845 0.028222714 1.498
-0.042080991 0.028222714 1.498
-0.039477479 0.028222714 1.498
-0.03687397 0.028222714 1.498
-0.034270462 0.028222714 1.498
-0.031666949 0.028222714 1.498
-0.016045893 0.028222714 1.498
-0.013442382 0.028222714 1.498
-0.010838872 0.028222714 1.498
-0.0082353624 0.028222714 1.498
-0.0056318524 0.028222714 1.498
-0.0030283427 0.028222714 1.498
-0.00042483292 0.028222714 1.498
0.0021786769 0.028222714 1.498
0.0047821868 0.028222714 1.498
0.0073856968 0.028222714 1.498
0.0099892067 0.028222714 1.498
0.012592716 0.028222714 1.498
0.038627815 0.028222714 1.498
0.041231323 0.028222714 1.498
0.043834835 0.028222714 1.498
0.046438344 0.028222714 1.498
0.049041852 0.028222714 1.498
0.051645365 0.028222714 1.498
0.054248873 0.028222714 1.498
0.056852382 0.028222714 1.498
0.059455894 0.028222714 1.498
0.062059402 0.028222714 1.498
0.064662911 0.028222714 1.498
0.06726642 0.028222714 1.498
0.069869936 0.028222714 1.498
0.072473444 0.028222714 1.498
0.075076953 0.028222714 1.498
0.077680461 0.028222714 1.498
0.080123186 0.028166192 1.495
0.082721487 0.028166192 1.495
0.08531978 0.028166192 1.495
0.087918073 0.028166192 1.495
0.090516374 0.028166192 1.495
0.093114667 0.028166192 1.495
0.09571296 0.028166192 1.495
0.09831126 0.028166192 1.495
0.10090955 0.028166192 1.495
0.10350785 0.028166192 1.495
0.10631907 0.028222714 1.498
0.10892258 0.028222714 1.498
0.11152609 0.028222714 1.498
0.1141296 0.028222714 1.498
0.11673311 0.028222714 1.498
0.11933662 0.028222714 1.498
0.12194013 0.028222714 1.498
0.12454364 0.028222714 1.498
0.12714715 0.028222714 1.498
0.12949081 0.028166192 1.495
0.13208911 0.028166192 1.495
0.13468739 0.028166192 1.495
0.13728569 0.028166192 1.495
0.139884 0.028166192 1.495
-0.13878043 0.030908534 1.502
-0.13616997 0.030908534 1.502
-0.13355951 0.030908534 1.502
-0.12799682 0.030826222 1.498
-0.1253933 0.030826222 1.498
-0.12278979 0.030826222 1.498
-0.12018628 0.030826222 1.498
-0.11758278 0.030826222 1.498
-0.11497927 0.030826222 1.498
-0.091547675 0.030826222 1.498
-0.088944167 0.030826222 1.498
-0.086340658 0.030826222 1.498
-0.08373715 0.030826222 1.498
-0.081133634 0.030826222 1.498
-0.078530125 0.030826222 1.498
-0.075926617 0.030826222 1.498
-0.073323108 0.030826222 1.498
-0.0707196 0.030826222 1.498
-0.068116091 0.030826222 1.498
-0.065512575 0.030826222 1.498
-0.062909067 0.030826222 1.498
-0.060305558 0.030826222 1.498
-0.05770205 0.030826222 1.498
-0.055098537 0.030826222 1.498
-0.052495029 0.030826222 1.498
-0.04989152 0.030826222 1.498
-0.047288008 0.030826222 1.498
-0.0446845 0.030826222 1.498
-0.042080991 0.030826222 1.498
-0.039477479 0.030826222 1.498
-0.03687397 0.030826222 1.498
-0.034270462 0.030826222 1.498
-0.031666949 0.030826222 1.498
-0.029063441 0.030826222 1.498
-0.016045893 0.030826222 1.498
-0.013442382 0.030826222 1.498
-0.010838872 0.030826222 1.498
-0.0082353624 0.030826222 1.498
-0.0056318524 0.030826222 1.498
-0.0030283427 0.030826222 1.498
-0.00042483292 0.030826222 1.498
0.0073856968 0.030826222 1.498
0.0099892067 0.030826222 1.498
0.012592716 0.030826222 1.498
0.041231323 0.030826222 1.498
0.043834835 0.030826222 1.498
0.046438344 0.030826222 1.498
0.049041852 0.030826222 1.498
0.051645365 0.030826222 1.498
0.054248873 0.030826222 1.498
0.056852382 0.030826222 1.498
0.059455894 0.030826222 1.498
0.062059402 0.030826222 1.498
0.064662911 0.030826222 1.498
0.06726642 0.030826222 1.498
0.069869936 0.030826222 1.498
0.072473444 0.030826222 1.498
0.075076953 0.030826222 1.498
0.077680461 0.030826222 1.498
0.08028397 0.030826222 1.498
0.082721487 0.030764489 1.495
0.08531978 0.030764489 1.495
0.087918073 0.030764489 1.495
0.090516374 0.030764489 1.495
0.093114667 0.030764489 1.495
0.09571296 0.030764489 1.495
0.09831126 0.030764489 1.495
0.10090955 0.030764489 1.495
0.10350785 0.030764489 1.495
0.10610615 0.030764489 1.495
0.10892258 0.030826222 1.498
0.11152609 0.030826222 1.498
0.1141296 0.030826222 1.498
0.11673311 0.030826222 1.498
0.11909763 0.030764489 1.495
0.12169592 0.030764489 1.495
0.12429421 0.030764489 1.495
0.12689251 0.030764489 1.495
0.12949081 0.030764489 1.495
0.13208911 0.030764489 1.495
0.13468739 0.030764489 1.495
0.13728569 0.030764489 1.495
0.139884 0.030764489 1.495
-0.13616997 0.033518996 1.502
-0.13355951 0.033518996 1.502
-0.13060032 0.033429734 1.498
-0.12799682 0.033429734 1.498
-0.1253933 0.033429734 1.498
-0.12278979 0.033429734 1.498
-0.12018628 0.033429734 1.498
-0.11758278 0.033429734 1.498
-0.11497927 0.033429734 1.498
-0.11237576 0.033429734 1.498
-0.091547675 0.033429734 1.498
-0.088944167 0.033429734 1.498
-0.086340658 0.033429734 1.498
-0.08373715 0.033429734 1.498
-0.081133634 0.033429734 1.498
-0.078530125 0.033429734 1.498
-0.075926617 0.033429734 1.498
-0.073323108 0.033429734 1.498
-0.0707196 0.033429734 1.498
-0.068116091 0.033429734 1.498
-0.065512575 0.033429734 1.498
-0.062909067 0.033429734 1.498
-0.060305558 0.033429734 1.498
-0.05770205 0.033429734 1.498
-0.055098537 0.033429734 1.498
-0.052495029 0.033429734 1.498
-0.04989152 0.033429734 1.498
-0.047288008 0.033429734 1.498
-0.0446845 0.033429734 1.498
-0.042080991 0.033429734 1.498
-0.039477479 0.033429734 1.498
-0.031666949 0.033429734 1.498
-0.029063441 0.033429734 1.498
-0.02645993 0.033429734 1.498
-0.021252912 0.033429734 1.498
-0.016045893 0.033429734 1.498
-0.013442382 0.033429734 1.498
-0.010838872 0.033429734 1.498
-0.0082353624 0.033429734 1.498
-0.0056318524 0.033429734 1.498
-0.0030283427 0.033429734 1.498
-0.00042483292 0.033429734 1.498
0.0099892067 0.033429734 1.498
0.012592716 0.033429734 1.498
0.015196226 0.033429734 1.498
0.041231323 0.033429734 1.498
0.043834835 0.033429734 1.498
0.046438344 0.033429734 1.498
0.049041852 0.033429734 1.498
0.051645365 0.033429734 1.498
0.054248873 0.033429734 1.498
0.056852382 0.033429734 1.498
0.059455894 0.033429734 1.498
0.075076953 0.033429734 1.498
0.077680461 0.033429734 1.498
0.08028397 0.033429734 1.498
0.082887478 0.033429734 1.498
0.08531978 0.033362783 1.495
0.087918073 0.033362783 1.495
0.090516374 0.033362783 1.495
0.093114667 0.033362783 1.495
0.09571296 0.033362783 1.495
0.09831126 0.033362783 1.495
0.10090955 0.033362783 1.495
0.10350785 0.033362783 1.495
0.10610615 0.033362783 1.495
0.10892258 0.033429734 1.498
0.11152609 0.033429734 1.498
0.1141296 0.033429734 1.498
0.11649933 0.033362783 1.495
0.11909763 0.033362783 1.495
0.12169592 0.033362783 1.495
0.12429421 0.033362783 1.495
0.12689251 0.033362783 1.495
0.12949081 0.033362783 1.495
0.13208911 0.033362783 1.495
0.13468739 0.033362783 1.495
0.13728569 0.033362783 1.495
0.139884 0.033362783 1.495
-0.13060032 0.036033243 1.498
-0.12799682 0.036033243 1.498
-0.1253933 0.036033243 1.498
-0.12278979 0.036033243 1.498
-0.12018628 0.036033243 1.498
-0.11758278 0.036033243 1.498
-0.11497927 0.036033243 1.498
-0.11237576 0.036033243 1.498
-0.10977224 0.036033243 1.498
-0.091547675 0.036033243 1.498
-0.088944167 0.036033243 1.498
-0.086340658 0.036033243 1.498
-0.08373715 0.036033243 1.498
-0.081133634 0.036033243 1.498
-0.078530125 0.036033243 1.498
-0.075926617 0.036033243 1.498
-0.073323108 0.036033243 1.498
-0.0707196 0.036033243 1.498
-0.068116091 0.036033243 1.498
-0.065512575 0.036033243 1.498
-0.062909067 0.036033243 1.498
-0.060305558 0.036033243 1.498
-0.05770205 0.036033243 1.498
-0.055098537 0.036033243 1.498
-0.052495029 0.036033243 1.498
-0.04989152 0.036033243 1.498
-0.047288008 0.036033243 1.498
-0.0446845 0.036033243 1.498
-0.042080991 0.036033243 1.498
-0.029063441 0.036033243 1.498
-0.02645993 0.036033243 1.498
-0.023856422 0.036033243 1.498
-0.021252912 0.036033243 1.498
-0.016045893 0.036033243 1.498
-0.013442382 0.036033243 1.498
-0.010838872 0.036033243 1.498
-0.0082353624 0.036033243 1.498
-0.0056318524 0.036033243 1.498
-0.0030283427 0.036033243 1.498
-0.00042483292 0.036033243 1.498
0.012592716 0.036033243 1.498
0.015196226 0.036033243 1.498
0.017799735 0.036033243 1.498
0.041231323 0.036033243 1.498
0.043834835 0.036033243 1.498
0.046438344 0.036033243 1.498
0.049041852 0.036033243 1.498
0.051645365 0.036033243 1.498
0.054248873 0.036033243 1.498
0.077680461 0.036033243 1.498
0.08028397 0.036033243 1.498
0.082887478 0.036033243 1.498
0.08531978 0.03596108 1.495
0.087918073 0.03596108 1.495
0.090516374 0.03596108 1.495
0.093114667 0.03596108 1.495
0.09571296 0.03596108 1.495
0.09831126 0.03596108 1.495
0.10090955 0.03596108 1.495
0.10350785 0.03596108 1.495
0.10610615 0.03596108 1.495
0.10870444 0.03596108 1.495
0.11130274 0.03596108 1.495
0.11390103 0.03596108 1.495
0.11649933 0.03596108 1.495
0.11909763 0.03596108 1.495
0.12169592 0.03596108 1.495
0.12429421 0.03596108 1.495
0.12689251 0.03596108 1.495
0.12949081 0.03596108 1.495
0.13208911 0.03596108 1.495
0.13468739 0.03596108 1.495
0.13728569 0.03596108 1.495
0.139884 0.03596108 1.495
0.14248228 0.03596108 1.495
0.14508058 0.03596108 1.495
0.14767888 0.03596108 1.495
-0.13060032 0.038636751 1.498
-0.12799682 0.038636751 1.498
-0.1253933 0.038636751 1.498
-0.12278979 0.038636751 1.498
-0.12018628 0.038636751 1.498
-0.11758278 0.038636751 1.498
-0.11497927 0.038636751 1.498
-0.11237576 0.038636751 1.498
-0.10977224 0.038636751 1.498
-0.094151184 0.038636751 1.498
-0.091547675 0.038636751 1.498
-0.088944167 0.038636751 1.498
-0.086340658 0.038636751 1.498
-0.08373715 0.038636751 1.498
-0.081133634 0.038636751 1.498
-0.078530125 0.038636751 1.498
-0.075926617 0.038636751 1.498
-0.073323108 0.038636751 1.498
-0.0707196 0.038636751 1.498
-0.068116091 0.038636751 1.498
-0.065512575 0.038636751 1.498
-0.062909067 0.038636751 1.498
-0.060305558 0.038636751 1.498
-0.05770205 0.038636751 1.498
-0.055098537 0.038636751 1.498
-0.052495029 0.038636751 1.498
-0.04989152 0.038636751 1.498
-0.047288008 0.038636751 1.498
-0.0446845 0.038636751 1.498
-0.042080991 0.038636751 1.498
-0.02645993 0.038636751 1.498
-0.013442382 0.038636751 1.498
-0.010838872 0.038636751 1.498
-0.0082353624 0.038636751 1.498
-0.0056318524 0.038636751 1.498
-0.0030283427 0.038636751 1.498
-0.00042483292 0.038636751 1.498
0.012592716 0.038636751 1.498
0.015196226 0.038636751 1.498
0.017799735 0.038636751 1.498
0.020403245 0.038636751 1.498
0.023006756 0.038636751 1.498
0.041231323 0.038636751 1.498
0.043834835 0.038636751 1.498
0.046438344 0.038636751 1.498
0.049041852 0.038636751 1.498
0.051645365 0.038636751 1.498
0.054248873 0.038636751 1.498
0.08028397 0.038636751 1.498
0.082887478 0.038636751 1.498
0.085490994 0.038636751 1.498
0.087918073 0.038559373 1.495
0.090516374 0.038559373 1.495
0.093114667 0.038559373 1.495
0.09571296 0.038559373 1.495
0.09831126 0.038559373 1.495
0.10090955 0.038559373 1.495
0.10350785 0.038559373 1.495
0.10610615 0.038559373 1.495
0.10870444 0.038559373 1.495
0.11130274 0.038559373 1.495
0.11390103 0.038559373 1.495
0.11649933 0.038559373 1.495
0.11909763 0.038559373 1.495
0.12169592 0.038559373 1.495
0.12429421 0.038559373 1.495
0.12689251 0.038559373 1.495
0.12949081 0.038559373 1.495
0.13208911 0.038559373 1.495
0.13468739 0.038559373 1.495
0.13728569 0.038559373 1.495
0.139884 0.038559373 1.495
0.14248228 0.038559373 1.495
0.14508058 0.038559373 1.495
0.14767888 0.038559373 1.495
-0.12799682 0.041240264 1.498
-0.1253933 0.041240264 1.498
-0.12278979 0.041240264 1.498
-0.12018628 0.041240264 1.498
-0.11758278 0.041240264 1.498
-0.11497927 0.041240264 1.498
-0.11237576 0.041240264 1.498
-0.10977224 0.041240264 1.498
-0.094151184 0.041240264 1.498
-0.091547675 0.041240264 1.498
-0.088944167 0.041240264 1.498
-0.086340658 0.041240264 1.498
-0.08373715 0.041240264 1.498
-0.081133634 0.041240264 1.498
-0.078530125 0.041240264 1.498
-0.075926617 0.041240264 1.498
-0.073323108 0.041240264 1.498
-0.0707196 0.041240264 1.498
-0.068116091 0.041240264 1.498
-0.065512575 0.041240264 1.498
-0.062909067 0.041240264 1.498
-0.060305558 0.041240264 1.498
-0.05770205 0.041240264 1.498
-0.055098537 0.041240264 1.498
-0.052495029 0.041240264 1.498
-0.04989152 0.041240264 1.498
-0.047288008 0.041240264 1.498
-0.0446845 0.041240264 1.498
-0.042080991 0.041240264 1.498
-0.02645993 0.041240264 1.498
-0.010838872 0.041240264 1.498
-0.0082353624 0.041240264 1.498
-0.0056318524 0.041240264 1.498
-0.0030283427 0.041240264 1.498
-0.00042483292 0.041240264 1.498
0.015196226 0.041240264 1.498
0.017799735 0.041240264 1.498
0.020403245 0.041240264 1.498
0.023006756 0.041240264 1.498
0.025610264 0.041240264 1.498
0.041231323 0.041240264 1.498
0.043834835 0.041240264 1.498
0.046438344 0.041240264 1.498
0.049041852 0.041240264 1.498
0.051645365 0.041240264 1.498
0.082887478 0.041240264 1.498
0.085490994 0.041240264 1.498
0.088094503 0.041240264 1.498
0.090516374 0.04115767 1.495
0.093114667 0.04115767 1.495
0.09571296 0.04115767 1.495
0.09831126 0.04115767 1.495
0.10090955 0.04115767 1.495
0.10350785 0.04115767 1.495
0.10610615 0.04115767 1.495
0.10870444 0.04115767 1.495
0.11130274 0.04115767 1.495
0.11390103 0.04115767 1.495
0.11649933 0.04115767 1.495
0.11909763 0.04115767 1.495
0.12169592 0.04115767 1.495
0.12429421 0.04115767 1.495
0.12689251 0.04115767 1.495
0.12949081 0.04115767 1.495
0.13208911 0.04115767 1.495
0.13468739 0.04115767 1.495
0.13728569 0.04115767 1.495
0.139884 0.04115767 1.495
0.14248228 0.04115767 1.495
0.14508058 0.04115767 1.495
0.14767888 0.04115767 1.495
-0.13060032 0.043843772 1.498
-0.12799682 0.043843772 1.498
-0.1253933 0.043843772 1.498
-0.12278979 0.043843772 1.498
-0.12018628 0.043843772 1.498
-0.11758278 0.043843772 1.498
-0.11497927 0.043843772 1.498
-0.11237576 0.043843772 1.498
-0.10977224 0.043843772 1.498
-0.0967547 0.043843772 1.498
-0.094151184 0.043843772 1.498
-0.091547675 0.043843772 1.498
-0.088944167 0.043843772 1.498
-0.086340658 0.043843772 1.498
-0.08373715 0.043843772 1.498
-0.081133634 0.043843772 1.498
-0.078530125 0.043843772 1.498
-0.075926617 0.043843772 1.498
-0.073323108 0.043843772 1.498
-0.0707196 0.043843772 1.498
-0.068116091 0.043843772 1.498
-0.065512575 0.043843772 1.498
-0.062909067 0.043843772 1.498
-0.060305558 0.043843772 1.498
-0.05770205 0.043843772 1.498
-0.055098537 0.043843772 1.498
-0.052495029 0.043843772 1.498
-0.04989152 0.043843772 1.498
-0.047288008 0.043843772 1.498
-0.0446845 0.043843772 1.498
-0.042080991 0.043843772 1.498
-0.02645993 0.043843772 1.498
-0.010838872 0.043843772 1.498
-0.0082353624 0.043843772 1.498
-0.0056318524 0.043843772 1.498
-0.0030283427 0.043843772 1.498
-0.00042483292 0.043843772 1.498
0.015196226 0.043843772 1.498
0.017799735 0.043843772 1.498
0.020403245 0.043843772 1.498
0.023006756 0.043843772 1.498
0.025610264 0.043843772 1.498
0.028213775 0.043843772 1.498
0.041231323 0.043843772 1.498
0.043834835 0.043843772 1.498
0.046438344 0.043843772 1.498
0.049041852 0.043843772 1.498
0.051645365 0.043843772 1.498
0.088094503 0.043843772 1.498
0.090516374 0.043755967 1.495
0.093114667 0.043755967 1.495
0.09571296 0.043755967 1.495
0.09831126 0.043755967 1.495
0.10090955 0.043755967 1.495
0.10350785 0.043755967 1.495
0.10610615 0.043755967 1.495
0.10870444 0.043755967 1.495
0.11130274 0.043755967 1.495
0.11390103 0.043755967 1.495
0.11649933 0.043755967 1.495
0.11909763 0.043755967 1.495
0.12169592 0.043755967 1.495
0.12429421 0.043755967 1.495
0.12689251 0.043755967 1.495
0.12949081 0.043755967 1.495
0.13208911 0.043755967 1.495
0.13468739 0.043755967 1.495
0.13728569 0.043755967 1.495
0.139884 0.043755967 1.495
0.14248228 0.043755967 1.495
0.14508058 0.043755967 1.495
0.14767888 0.043755967 1.495
-0.12799682 0.046447281 1.498
-0.1253933 0.046447281 1.498
-0.12278979 0.046447281 1.498
-0.12018628 0.046447281 1.498
-0.11758278 0.046447281 1.498
-0.11497927 0.046447281 1.498
-0.11237576 0.046447281 1.498
-0.0967547 0.046447281 1.498
-0.094151184 0.046447281 1.498
-0.091547675 0.046447281 1.498
-0.088944167 0.046447281 1.498
-0.086340658 0.046447281 1.498
-0.08373715 0.046447281 1.498
-0.081133634 0.046447281 1.498
-0.068116091 0.046447281 1.498
-0.065512575 0.046447281 1.498
-0.062909067 0.046447281 1.498
-0.060305558 0.046447281 1.498
-0.05770205 0.046447281 1.498
-0.055098537 0.046447281 1.498
-0.052495029 0.046447281 1.498
-0.04989152 0.046447281 1.498
-0.047288008 0.046447281 1.498
-0.0446845 0.046447281 1.498
-0.042080991 0.046447281 1.498
-0.039477479 0.046447281 1.498
-0.02645993 0.046447281 1.498
-0.023856422 0.046447281 1.498
-0.010838872 0.046447281 1.498
-0.0082353624 0.046447281 1.498
-0.0056318524 0.046447281 1.498
-0.0030283427 0.046447281 1.498
-0.00042483292 0.046447281 1.498
0.015196226 0.046447281 1.498
0.017799735 0.046447281 1.498
0.020403245 0.046447281 1.498
0.023006756 0.046447281 1.498
0.025610264 0.046447281 1.498
0.028213775 0.046447281 1.498
0.088094503 0.046447281 1.498
0.090698011 0.046447281 1.498
0.09330152 0.046447281 1.498
0.09571296 0.046354264 1.495
0.09831126 0.046354264 1.495
0.10090955 0.046354264 1.495
0.10350785 0.046354264 1.495
0.10610615 0.046354264 1.495
0.10870444 0.046354264 1.495
0.11130274 0.046354264 1.495
0.11390103 0.046354264 1.495
0.11649933 0.046354264 1.495
0.11909763 0.046354264 1.495
0.12169592 0.046354264 1.495
0.12429421 0.046354264 1.495
0.12689251 0.046354264 1.495
0.12949081 0.046354264 1.495
0.13208911 0.046354264 1.495
0.13468739 0.046354264 1.495
0.13728569 0.046354264 1.495
0.139884 0.046354264 1.495
0.14248228 0.046354264 1.495
0.14508058 0.046354264 1.495
0.14767888 0.046354264 1.495
-0.13060032 0.049050793 1.498
-0.12799682 0.049050793 1.498
-0.1253933 0.049050793 1.498
-0.12278979 0.049050793 1.498
-0.12018628 0.049050793 1.498
-0.11758278 0.049050793 1.498
-0.11497927 0.049050793 1.498
-0.11237576 0.049050793 1.498
-0.0967547 0.049050793 1.498
-0.094151184 0.049050793 1.498
-0.091547675 0.049050793 1.498
-0.088944167 0.049050793 1.498
-0.086340658 0.049050793 1.498
-0.08373715 0.049050793 1.498
-0.065512575 0.049050793 1.498
-0.062909067 0.049050793 1.498
-0.060305558 0.049050793 1.498
-0.05770205 0.049050793 1.498
-0.055098537 0.049050793 1.498
-0.052495029 0.049050793 1.498
-0.04989152 0.049050793 1.498
-0.047288008 0.049050793 1.498
-0.0446845 0.049050793 1.498
-0.042080991 0.049050793 1.498
-0.039477479 0.049050793 1.498
-0.03687397 0.049050793 1.498
-0.029063441 0.049050793 1.498
-0.02645993 0.049050793 1.498
-0.023856422 0.049050793 1.498
-0.010838872 0.049050793 1.498
-0.0082353624 0.049050793 1.498
-0.0056318524 0.049050793 1.498
-0.0030283427 0.049050793 1.498
-0.00042483292 0.049050793 1.498
0.015196226 0.049050793 1.498
0.017799735 0.049050793 1.498
0.020403245 0.049050793 1.498
0.023006756 0.049050793 1.498
0.025610264 0.049050793 1.498
0.028213775 0.049050793 1.498
0.056852382 0.049050793 1.498
0.059455894 0.049050793 1.498
0.090698011 0.049050793 1.498
0.09330152 0.049050793 1.498
0.095905028 0.049050793 1.498
0.09831126 0.048952557 1.495
0.10090955 0.048952557 1.495
0.10350785 0.048952557 1.495
0.10610615 0.048952557 1.495
0.10870444 0.048952557 1.495
0.11130274 0.048952557 1.495
0.11390103 0.048952557 1.495
0.11649933 0.048952557 1.495
0.11909763 0.048952557 1.495
0.12169592 0.048952557 1.495
0.12429421 0.048952557 1.495
0.12689251 0.048952557 1.495
0.12949081 0.048952557 1.495
0.13208911 0.048952557 1.495
0.13468739 0.048952557 1.495
0.13728569 0.048952557 1.495
0.139884 0.048952557 1.495
0.14248228 0.048952557 1.495
0.14508058 0.048952557 1.495
0.14767888 0.048952557 1.495
-0.13580735 0.051654302 1.498
-0.13060032 0.051654302 1.498
-0.12799682 0.051654302 1.498
-0.1253933 0.051654302 1.498
-0.12278979 0.051654302 1.498
-0.12018628 0.051654302 1.498
-0.11758278 0.051654302 1.498
-0.11497927 0.051654302 1.498
-0.11237576 0.051654302 1.498
-0.0967547 0.051654302 1.498
-0.094151184 0.051654302 1.498
-0.091547675 0.051654302 1.498
-0.088944167 0.051654302 1.498
-0.062909067 0.051654302 1.498
-0.060305558 0.051654302 1.498
-0.05770205 0.051654302 1.498
-0.047288008 0.051654302 1.498
-0.0446845 0.051654302 1.498
-0.042080991 0.051654302 1.498
-0.039477479 0.051654302 1.498
-0.03687397 0.051654302 1.498
-0.034270462 0.051654302 1.498
-0.031666949 0.051654302 1.498
-0.029063441 0.051654302 1.498
-0.02645993 0.051654302 1.498
-0.023856422 0.051654302 1.498
-0.010838872 0.051654302 1.498
-0.0082353624 0.051654302 1.498
-0.0056318524 0.051654302 1.498
-0.0030283427 0.051654302 1.498
-0.00042483292 0.051654302 1.498
0.015196226 0.051654302 1.498
0.017799735 0.051654302 1.498
0.020403245 0.051654302 1.498
0.023006756 0.051654302 1.498
0.025610264 0.051654302 1.498
0.028213775 0.051654302 1.498
0.030817285 0.051654302 1.498
0.038627815 0.051654302 1.498
0.041231323 0.051654302 1.498
0.056852382 0.051654302 1.498
0.059455894 0.051654302 1.498
0.062059402 0.051654302 1.498
0.09330152 0.051654302 1.498
0.095905028 0.051654302 1.498
0.09831126 0.051550854 1.495
0.10090955 0.051550854 1.495
0.10350785 0.051550854 1.495
0.10610615 0.051550854 1.495
0.10870444 0.051550854 1.495
0.11130274 0.051550854 1.495
0.11390103 0.051550854 1.495
0.11649933 0.051550854 1.495
0.11909763 0.051550854 1.495
0.12169592 0.051550854 1.495
0.12429421 0.051550854 1.495
0.12689251 0.051550854 1.495
0.12949081 0.051550854 1.495
0.13208911 0.051550854 1.495
0.13468739 0.051550854 1.495
0.13728569 0.051550854 1.495
0.139884 0.051550854 1.495
0.14248228 0.051550854 1.495
0.14508058 0.051550854 1.495
0.14767888 0.051550854 1.495
-0.13841085 0.05425781 1.498
-0.13580735 0.05425781 1.498
-0.13320383 0.05425781 1.498
-0.13060032 0.05425781 1.498
-0.12799682 0.05425781 1.498
-0.1253933 0.05425781 1.498
-0.12278979 0.05425781 1.498
-0.12018628 0.05425781 1.498
-0.11758278 0.05425781 1.498
-0.11497927 0.05425781 1.498
-0.11237576 0.05425781 1.498
-0.0967547 0.05425781 1.498
-0.094151184 0.05425781 1.498
-0.091547675 0.05425781 1.498
-0.060305558 0.05425781 1.498
-0.05770205 0.05425781 1.498
-0.0446845 0.05425781 1.498
-0.042080991 0.05425781 1.498
-0.039477479 0.05425781 1.498
-0.03687397 0.05425781 1.498
-0.034270462 0.05425781 1.498
-0.031666949 0.05425781 1.498
-0.029063441 0.05425781 1.498
-0.02645993 0.05425781 1.498
-0.023856422 0.05425781 1.498
-0.013442382 0.05425781 1.498
-0.010838872 0.05425781 1.498
-0.0082353624 0.05425781 1.498
-0.0056318524 0.05425781 1.498
-0.0030283427 0.05425781 1.498
-0.00042483292 0.05425781 1.498
0.023006756 0.05425781 1.498
0.025610264 0.05425781 1.498
0.028213775 0.05425781 1.498
0.030817285 0.05425781 1.498
0.033420794 0.05425781 1.498
0.036024306 0.05425781 1.498
0.038627815 0.05425781 1.498
0.041231323 0.05425781 1.498
0.043834835 0.05425781 1.498
0.056852382 0.05425781 1.498
0.059455894 0.05425781 1.498
0.062059402 0.05425781 1.498
0.064662911 0.05425781 1.498
0.09330152 0.05425781 1.498
0.095905028 0.05425781 1.498
0.098508537 0.05425781 1.498
0.10350785 0.054149151 1.495
0.10610615 0.054149151 1.495
0.10870444 0.054149151 1.495
0.11130274 0.054149151 1.495
0.11390103 0.054149151 1.495
0.11649933 0.054149151 1.495
0.11909763 0.054149151 1.495
0.12169592 0.054149151 1.495
0.12429421 0.054149151 1.495
0.12689251 0.054149151 1.495
-0.14101437 0.056861322 1.498
-0.13841085 0.056861322 1.498
-0.13580735 0.056861322 1.498
-0.13320383 0.056861322 1.498
-0.13060032 0.056861322 1.498
-0.12799682 0.056861322 1.498
-0.1253933 0.056861322 1.498
-0.12278979 0.056861322 1.498
-0.12018628 0.056861322 1.498
-0.11758278 0.056861322 1.498
-0.11497927 0.056861322 1.498
-0.11237576 0.056861322 1.498
-0.099358208 0.056861322 1.498
-0.0967547 0.056861322 1.498
-0.094151184 0.056861322 1.498
-0.091547675 0.056861322 1.498
-0.060305558 0.056861322 1.498
-0.042080991 0.056861322 1.498
-0.039477479 0.056861322 1.498
-0.03687397 0.056861322 1.498
-0.034270462 0.056861322 1.498
-0.031666949 0.056861322 1.498
-0.029063441 0.056861322 1.498
-0.02645993 0.056861322 1.498
-0.023856422 0.056861322 1.498
-0.021252912 0.056861322 1.498
-0.013442382 0.056861322 1.498
-0.010838872 0.056861322 1.498
-0.0082353624 0.056861322 1.498
-0.0056318524 0.056861322 1.498
-0.0030283427 0.056861322 1.498
0.025610264 0.056861322 1.498
0.028213775 0.056861322 1.498
0.030817285 0.056861322 1.498
0.033420794 0.056861322 1.498
0.036024306 0.056861322 1.498
0.038627815 0.056861322 1.498
0.041231323 0.056861322 1.498
0.043834835 0.056861322 1.498
0.056852382 0.056861322 1.498
0.059455894 0.056861322 1.498
0.062059402 0.056861322 1.498
0.064662911 0.056861322 1.498
0.095905028 0.056861322 1.498
0.11649933 0.056747444 1.495
0.11909763 0.056747444 1.495
0.12169592 0.056747444 1.495
-0.14361787 0.059464831 1.498
-0.14101437 0.059464831 1.498
-0.13841085 0.059464831 1.498
-0.13580735 0.059464831 1.498
-0.13320383 0.059464831 1.498
-0.13060032 0.059464831 1.498
-0.12799682 0.059464831 1.498
-0.1253933 0.059464831 1.498
-0.12278979 0.059464831 1.498
-0.12018628 0.059464831 1.498
-0.11758278 0.059464831 1.498
-0.11497927 0.059464831 1.498
-0.0967547 0.059464831 1.498
-0.094151184 0.059464831 1.498
-0.091547675 0.059464831 1.498
-0.060305558 0.059464831 1.498
-0.039477479 0.059464831 1.498
-0.03687397 0.059464831 1.498
-0.034270462 0.059464831 1.498
-0.031666949 0.059464831 1.498
-0.029063441 0.059464831 1.498
-0.02645993 0.059464831 1.498
-0.023856422 0.059464831 1.498
-0.021252912 0.059464831 1.498
-0.018649401 0.059464831 1.498
-0.013442382 0.059464831 1.498
-0.010838872 0.059464831 1.498
-0.0082353624 0.059464831 1.498
-0.0056318524 0.059464831 1.498
0.025610264 0.059464831 1.498
0.028213775 0.059464831 1.498
0.030817285 0.059464831 1.498
0.033420794 0.059464831 1.498
0.036024306 0.059464831 1.498
0.038627815 0.059464831 1.498
0.041231323 0.059464831 1.498
0.043834835 0.059464831 1.498
0.046438344 0.059464831 1.498
0.056852382 0.059464831 1.498
0.059455894 0.059464831 1.498
0.062059402 0.059464831 1.498
0.064662911 0.059464831 1.498
0.06726642 0.059464831 1.498
-0.14101437 0.062068339 1.498
-0.13841085 0.062068339 1.498
-0.13580735 0.062068339 1.498
-0.13320383 0.062068339 1.498
-0.13060032 0.062068339 1.498
-0.12799682 0.062068339 1.498
-0.1253933 0.062068339 1.498
-0.12278979 0.062068339 1.498
-0.12018628 0.062068339 1.498
-0.11758278 0.062068339 1.498
-0.11497927 0.062068339 1.498
-0.0967547 0.062068339 1.498
-0.094151184 0.062068339 1.498
-0.091547675 0.062068339 1.498
-0.062909067 0.062068339 1.498
-0.060305558 0.062068339 1.498
-0.039477479 0.062068339 1.498
-0.03687397 0.062068339 1.498
-0.034270462 0.062068339 1.498
-0.031666949 0.062068339 1.498
-0.029063441 0.062068339 1.498
-0.02645993 0.062068339 1.498
-0.023856422 0.062068339 1.498
-0.021252912 0.062068339 1.498
-0.018649401 0.062068339 1.498
-0.016045893 0.062068339 1.498
-0.013442382 0.062068339 1.498
0.023006756 0.062068339 1.498
0.025610264 0.062068339 1.498
0.028213775 0.062068339 1.498
0.030817285 0.062068339 1.498
0.033420794 0.062068339 1.498
0.036024306 0.062068339 1.498
0.038627815 0.062068339 1.498
0.041231323 0.062068339 1.498
0.043834835 0.062068339 1.498
0.046438344 0.062068339 1.498
0.059455894 0.062068339 1.498
0.062059402 0.062068339 1.498
0.064662911 0.062068339 1.498
0.06726642 0.062068339 1.498
-0.14101437 0.064671852 1.498
-0.13841085 0.064671852 1.498
-0.13580735 0.064671852 1.498
-0.13320383 0.064671852 1.498
-0.13060032 0.064671852 1.498
-0.12799682 0.064671852 1.498
-0.1253933 0.064671852 1.498
-0.12278979 0.064671852 1.498
-0.12018628 0.064671852 1.498
-0.11758278 0.064671852 1.498
-0.0967547 0.064671852 1.498
-0.094151184 0.064671852 1.498
-0.091547675 0.064671852 1.498
-0.088944167 0.064671852 1.498
-0.065512575 0.064671852 1.498
-0.062909067 0.064671852 1.498
-0.060305558 0.064671852 1.498
-0.034270462 0.064671852 1.498
-0.031666949 0.064671852 1.498
-0.029063441 0.064671852 1.498
-0.02645993 0.064671852 1.498
-0.023856422 0.064671852 1.498
-0.021252912 0.064671852 1.498
-0.018649401 0.064671852 1.498
-0.016045893 0.064671852 1.498
0.012592716 0.064671852 1.498
0.015196226 0.064671852 1.498
0.017799735 0.064671852 1.498
0.020403245 0.064671852 1.498
0.023006756 0.064671852 1.498
0.025610264 0.064671852 1.498
0.028213775 0.064671852 1.498
0.030817285 0.064671852 1.498
0.033420794 0.064671852 1.498
0.036024306 0.064671852 1.498
0.038627815 0.064671852 1.498
0.041231323 0.064671852 1.498
0.043834835 0.064671852 1.498
0.046438344 0.064671852 1.498
0.059455894 0.064671852 1.498
0.062059402 0.064671852 1.498
0.064662911 0.064671852 1.498
0.06726642 0.064671852 1.498
0.069869936 0.064671852 1.498
-0.14101437 0.06727536 1.498
-0.13841085 0.06727536 1.498
-0.13580735 0.06727536 1.498
-0.13320383 0.06727536 1.498
-0.13060032 0.06727536 1.498
-0.12799682 0.06727536 1.498
-0.1253933 0.06727536 1.498
-0.12278979 0.06727536 1.498
-0.12018628 0.06727536 1.498
-0.11758278 0.06727536 1.498
-0.0967547 0.06727536 1.498
-0.094151184 0.06727536 1.498
-0.091547675 0.06727536 1.498
-0.088944167 0.06727536 1.498
-0.068116091 0.06727536 1.498
-0.065512575 0.06727536 1.498
-0.062909067 0.06727536 1.498
-0.060305558 0.06727536 1.498
-0.03687397 0.06727536 1.498
-0.034270462 0.06727536 1.498
-0.031666949 0.06727536 1.498
-0.029063441 0.06727536 1.498
-0.02645993 0.06727536 1.498
-0.023856422 0.06727536 1.498
-0.021252912 0.06727536 1.498
-0.018649401 0.06727536 1.498
-0.016045893 0.06727536 1.498
0.0073856968 0.06727536 1.498
0.0099892067 0.06727536 1.498
0.012592716 0.06727536 1.498
0.015196226 0.06727536 1.498
0.017799735 0.06727536 1.498
0.020403245 0.06727536 1.498
0.023006756 0.06727536 1.498
0.025610264 0.06727536 1.498
0.028213775 0.06727536 1.498
0.030817285 0.06727536 1.498
0.033420794 0.06727536 1.498
0.036024306 0.06727536 1.498
0.038627815 0.06727536 1.498
0.041231323 0.06727536 1.498
0.043834835 0.06727536 1.498
0.046438344 0.06727536 1.498
0.049041852 0.06727536 1.498
0.062059402 0.06727536 1.498
0.064662911 0.06727536 1.498
0.06726642 0.06727536 1.498
0.069869936 0.06727536 1.498
0.072473444 0.06727536 1.498
0.077680461 0.06727536 1.498
0.08028397 0.06727536 1.498
-0.14101437 0.069878869 1.498
-0.13841085 0.069878869 1.498
-0.13580735 0.069878869 1.498
-0.13320383 0.069878869 1.498
-0.13060032 0.069878869 1.498
-0.12799682 0.069878869 1.498
-0.1253933 0.069878869 1.498
-0.12278979 0.069878869 1.498
-0.12018628 0.069878869 1.498
-0.11758278 0.069878869 1.498
-0.11497927 0.069878869 1.498
-0.099358208 0.069878869 1.498
-0.0967547 0.069878869 1.498
-0.094151184 0.069878869 1.498
-0.091547675 0.069878869 1.498
-0.088944167 0.069878869 1.498
-0.068116091 0.069878869 1.498
-0.065512575 0.069878869 1.498
-0.062909067 0.069878869 1.498
-0.039477479 0.069878869 1.498
-0.03687397 0.069878869 1.498
-0.034270462 0.069878869 1.498
-0.031666949 0.069878869 1.498
-0.029063441 0.069878869 1.498
-0.02645993 0.069878869 1.498
-0.023856422 0.069878869 1.498
-0.021252912 0.069878869 1.498
-0.018649401 0.069878869 1.498
-0.016045893 0.069878869 1.498
0.0047821868 0.069878869 1.498
0.0073856968 0.069878869 1.498
0.0099892067 0.069878869 1.498
0.012592716 0.069878869 1.498
0.015196226 0.069878869 1.498
0.017799735 0.069878869 1.498
0.020403245 0.069878869 1.498
0.023006756 0.069878869 1.498
0.025610264 0.069878869 1.498
0.028213775 0.069878869 1.498
0.030817285 0.069878869 1.498
0.033420794 0.069878869 1.498
0.036024306 0.069878869 1.498
0.038627815 0.069878869 1.498
0.041231323 0.069878869 1.498
0.043834835 0.069878869 1.498
0.046438344 0.069878869 1.498
0.049041852 0.069878869 1.498
0.062059402 0.069878869 1.498
0.064662911 0.069878869 1.498
0.06726642 0.069878869 1.498
0.069869936 0.069878869 1.498
0.072473444 0.069878869 1.498
0.075076953 0.069878869 1.498
0.077680461 0.069878869 1.498
0.087918073 0.069738925 1.495
0.090516374 0.069738925 1.495
-0.14101437 0.072482377 1.498
-0.13841085 0.072482377 1.498
-0.13580735 0.072482377 1.498
-0.13320383 0.072482377 1.498
-0.13060032 0.072482377 1.498
-0.12799682 0.072482377 1.498
-0.1253933 0.072482377 1.498
-0.12278979 0.072482377 1.498
-0.12018628 0.072482377 1.498
-0.11758278 0.072482377 1.498
-0.11497927 0.072482377 1.498
-0.11237576 0.072482377 1.498
-0.10716873 0.072482377 1.498
-0.10456523 0.072482377 1.498
-0.10196172 0.072482377 1.498
-0.099358208 0.072482377 1.498
-0.0967547 0.072482377 1.498
-0.094151184 0.072482377 1.498
-0.091547675 0.072482377 1.498
-0.088944167 0.072482377 1.498
-0.0707196 0.072482377 1.498
-0.068116091 0.072482377 1.498
-0.065512575 0.072482377 1.498
-0.062909067 0.072482377 1.498
-0.039477479 0.072482377 1.498
-0.03687397 0.072482377 1.498
-0.034270462 0.072482377 1.498
-0.031666949 0.072482377 1.498
-0.029063441 0.072482377 1.498
-0.02645993 0.072482377 1.498
-0.023856422 0.072482377 1.498
-0.021252912 0.072482377 1.498
-0.018649401 0.072482377 1.498
-0.016045893 0.072482377 1.498
-0.00042483292 0.072482377 1.498
0.0021786769 0.072482377 1.498
0.0047821868 0.072482377 1.498
0.0073856968 0.072482377 1.498
0.0099892067 0.072482377 1.498
0.012592716 0.072482377 1.498
0.017799735 0.072482377 1.498
0.020403245 0.072482377 1.498
0.023006756 0.072482377 1.498
0.025610264 0.072482377 1.498
0.028213775 0.072482377 1.498
0.030817285 0.072482377 1.498
0.033420794 0.072482377 1.498
0.036024306 0.072482377 1.498
0.038550455 0.072337218 1.495
0.041148752 0.072337218 1.495
0.043747045 0.072337218 1.495
0.046345342 0.072337218 1.495
0.049041852 0.072482377 1.498
0.051645365 0.072482377 1.498
0.062059402 0.072482377 1.498
0.064662911 0.072482377 1.498
0.06726642 0.072482377 1.498
0.069869936 0.072482377 1.498
0.072473444 0.072482377 1.498
0.075076953 0.072482377 1.498
0.077524893 0.072337218 1.495
0.080123186 0.072337218 1.495
0.082721487 0.072337218 1.495
0.08531978 0.072337218 1.495
0.087918073 0.072337218 1.495
0.090516374 0.072337218 1.495
0.093114667 0.072337218 1.495
0.09571296 0.072337218 1.495
0.12949081 0.072337218 1.495
0.13208911 0.072337218 1.495
0.13468739 0.072337218 1.495
0.13728569 0.072337218 1.495
0.139884 0.072337218 1.495
0.14248228 0.072337218 1.495
0.14508058 0.072337218 1.495
0.14767888 0.072337218 1.495
-0.13841085 0.075085893 1.498
-0.13580735 0.075085893 1.498
-0.13320383 0.075085893 1.498
-0.13060032 0.075085893 1.498
-0.12799682 0.075085893 1.498
-0.1253933 0.075085893 1.498
-0.12278979 0.075085893 1.498
-0.12018628 0.075085893 1.498
-0.11758278 0.075085893 1.498
-0.11497927 0.075085893 1.498
-0.11237576 0.075085893 1.498
-0.10977224 0.075085893 1.498
-0.10716873 0.075085893 1.498
-0.10456523 0.075085893 1.498
-0.10196172 0.075085893 1.498
-0.099358208 0.075085893 1.498
-0.0967547 0.075085893 1.498
-0.094151184 0.075085893 1.498
-0.091547675 0.075085893 1.498
-0.088944167 0.075085893 1.498
-0.086340658 0.075085893 1.498
-0.08373715 0.075085893 1.498
-0.075926617 0.075085893 1.498
-0.073323108 0.075085893 1.498
-0.0707196 0.075085893 1.498
-0.068116091 0.075085893 1.498
-0.065512575 0.075085893 1.498
-0.062909067 0.075085893 1.498
-0.0446845 0.075085893 1.498
-0.042080991 0.075085893 1.498
-0.039477479 0.075085893 1.498
-0.03687397 0.075085893 1.498
-0.034270462 0.075085893 1.498
-0.031666949 0.075085893 1.498
-0.029063441 0.075085893 1.498
-0.02645993 0.075085893 1.498
-0.023856422 0.075085893 1.498
-0.021252912 0.075085893 1.498
-0.018649401 0.075085893 1.498
-0.016045893 0.075085893 1.498
-0.013442382 0.075085893 1.498
-0.0030283427 0.075085893 1.498
-0.00042483292 0.075085893 1.498
0.0021786769 0.075085893 1.498
0.0047821868 0.075085893 1.498
0.0073856968 0.075085893 1.498
0.0099892067 0.075085893 1.498
0.012592716 0.075085893 1.498
0.015196226 0.075085893 1.498
0.017799735 0.075085893 1.498
0.020403245 0.075085893 1.498
0.023006756 0.075085893 1.498
0.025610264 0.075085893 1.498
0.028213775 0.075085893 1.498
0.030817285 0.075085893 1.498
0.033420794 0.075085893 1.498
0.035952158 0.074935518 1.495
0.038550455 0.074935518 1.495
0.041148752 0.074935518 1.495
0.043747045 0.074935518 1.495
0.046345342 0.074935518 1.495
0.049041852 0.075085893 1.498
0.051645365 0.075085893 1.498
0.054248873 0.075085893 1.498
0.064662911 0.075085893 1.498
0.06726642 0.075085893 1.498
0.069869936 0.075085893 1.498
0.077524893 0.074935518 1.495
0.080123186 0.074935518 1.495
0.082721487 0.074935518 1.495
0.093114667 0.074935518 1.495
0.09571296 0.074935518 1.495
0.09831126 0.074935518 1.495
0.10090955 0.074935518 1.495
0.12429421 0.074935518 1.495
0.12689251 0.074935518 1.495
0.12949081 0.074935518 1.495
0.13208911 0.074935518 1.495
0.13468739 0.074935518 1.495
0.13728569 0.074935518 1.495
0.139884 0.074935518 1.495
0.14248228 0.074935518 1.495
0.14508058 0.074935518 1.495
0.14767888 0.074935518 1.495
-0.13320383 0.077689402 1.498
-0.13060032 0.077689402 1.498
-0.12799682 0.077689402 1.498
-0.1253933 0.077689402 1.498
-0.12278979 0.077689402 1.498
-0.12018628 0.077689402 1.498
-0.11758278 0.077689402 1.498
-0.11497927 0.077689402 1.498
-0.11237576 0.077689402 1.498
-0.10977224 0.077689402 1.498
-0.10716873 0.077689402 1.498
-0.10456523 0.077689402 1.498
-0.10196172 0.077689402 1.498
-0.099358208 0.077689402 1.498
-0.0967547 0.077689402 1.498
-0.094151184 0.077689402 1.498
-0.091547675 0.077689402 1.498
-0.088944167 0.077689402 1.498
-0.086340658 0.077689402 1.498
-0.08373715 0.077689402 1.498
-0.081133634 0.077689402 1.498
-0.078530125 0.077689402 1.498
-0.075926617 0.077689402 1.498
-0.073323108 0.077689402 1.498
-0.0707196 0.077689402 1.498
-0.068116091 0.077689402 1.498
-0.065512575 0.077689402 1.498
-0.047288008 0.077689402 1.498
-0.0446845 0.077689402 1.498
-0.042080991 0.077689402 1.498
-0.039477479 0.077689402 1.498
-0.03687397 0.077689402 1.498
-0.02645993 0.077689402 1.498
-0.023856422 0.077689402 1.498
-0.021252912 0.077689402 1.498
-0.018649401 0.077689402 1.498
-0.016045893 0.077689402 1.498
-0.013442382 0.077689402 1.498
-0.0082353624 0.077689402 1.498
-0.0056318524 0.077689402 1.498
-0.0030283427 0.077689402 1.498
-0.00042483292 0.077689402 1.498
0.0021786769 0.077689402 1.498
0.0047821868 0.077689402 1.498
0.0073856968 0.077689402 1.498
0.0099892067 0.077689402 1.498
0.012592716 0.077689402 1.498
0.015196226 0.077689402 1.498
0.017799735 0.077689402 1.498
0.020403245 0.077689402 1.498
0.023006756 0.077689402 1.498
0.025610264 0.077689402 1.498
0.028213775 0.077689402 1.498
0.030817285 0.077689402 1.498
0.033420794 0.077689402 1.498
0.035952158 0.077533811 1.495
0.038550455 0.077533811 1.495
0.041148752 0.077533811 1.495
0.043747045 0.077533811 1.495
0.046345342 0.077533811 1.495
0.048943639 0.077533811 1.495
0.051645365 0.077689402 1.498
0.054248873 0.077689402 1.498
0.06726642 0.077689402 1.498
0.0749266 0.077533811 1.495
0.077524893 0.077533811 1.495
0.080123186 0.077533811 1.495
0.09831126 0.077533811 1.495
0.10090955 0.077533811 1.495
0.10350785 0.077533811 1.495
0.10610615 0.077533811 1.495
0.12429421 0.077533811 1.495
0.12689251 0.077533811 1.495
0.12949081 0.077533811 1.495
0.139884 0.077533811 1.495
0.14248228 0.077533811 1.495
0.14508058 0.077533811 1.495
0.14767888 0.077533811 1.495
-0.13320383 0.08029291 1.498
-0.13060032 0.08029291 1.498
-0.12799682 0.08029291 1.498
-0.1253933 0.08029291 1.498
-0.12278979 0.08029291 1.498
-0.12018628 0.08029291 1.498
-0.11758278 0.08029291 1.498
-0.11497927 0.08029291 1.498
-0.11237576 0.08029291 1.498
-0.10977224 0.08029291 1.498
-0.10716873 0.08029291 1.498
-0.10456523 0.08029291 1.498
-0.10196172 0.08029291 1.498
-0.099358208 0.08029291 1.498
-0.0967547 0.08029291 1.498
-0.094151184 0.08029291 1.498
-0.091547675 0.08029291 1.498
-0.088944167 0.08029291 1.498
-0.086340658 0.08029291 1.498
-0.08373715 0.08029291 1.498
-0.081133634 0.08029291 1.498
-0.078530125 0.08029291 1.498
-0.075926617 0.08029291 1.498
-0.073323108 0.08029291 1.498
-0.0707196 0.08029291 1.498
-0.068116091 0.08029291 1.498
-0.065512575 0.08029291 1.498
-0.062909067 0.08029291 1.498
-0.04989152 0.08029291 1.498
-0.047288008 0.08029291 1.498
-0.0446845 0.08029291 1.498
-0.042080991 0.08029291 1.498
-0.039477479 0.08029291 1.498
-0.03687397 0.08029291 1.498
-0.029063441 0.08029291 1.498
-0.02645993 0.08029291 1.498
-0.023856422 0.08029291 1.498
-0.021252912 0.08029291 1.498
-0.018649401 0.08029291 1.498
-0.016045893 0.08029291 1.498
-0.013442382 0.08029291 1.498
-0.010838872 0.08029291 1.498
-0.0082353624 0.08029291 1.498
-0.0056318524 0.08029291 1.498
-0.0030283427 0.08029291 1.498
-0.00042483292 0.08029291 1.498
0.0021786769 0.08029291 1.498
0.0047821868 0.08029291 1.498
0.0073856968 0.08029291 1.498
0.0099892067 0.08029291 1.498
0.012592716 0.08029291 1.498
0.015196226 0.08029291 1.498
0.017799735 0.08029291 1.498
0.025610264 0.08029291 1.498
0.028213775 0.08029291 1.498
0.030817285 0.08029291 1.498
0.033420794 0.08029291 1.498
0.035952158 0.080132104 1.495
0.038550455 0.080132104 1.495
0.041148752 0.080132104 1.495
0.043747045 0.080132104 1.495
0.046345342 0.080132104 1.495
0.049041852 0.08029291 1.498
0.051645365 0.08029291 1.498
0.054248873 0.08029291 1.498
0.0749266 0.080132104 1.495
0.077524893 0.080132104 1.495
0.080123186 0.080132104 1.495
0.10090955 0.080132104 1.495
0.10350785 0.080132104 1.495
0.10610615 0.080132104 1.495
0.10870444 0.080132104 1.495
0.12169592 0.080132104 1.495
0.12429421 0.080132104 1.495
0.12689251 0.080132104 1.495
0.14248228 0.080132104 1.495
0.14508058 0.080132104 1.495
0.14767888 0.080132104 1.495
-0.13060032 0.082896419 1.498
-0.12799682 0.082896419 1.498
-0.1253933 0.082896419 1.498
-0.12278979 0.082896419 1.498
-0.12018628 0.082896419 1.498
-0.11758278 0.082896419 1.498
-0.11497927 0.082896419 1.498
-0.11237576 0.082896419 1.498
-0.10977224 0.082896419 1.498
-0.10716873 0.082896419 1.498
-0.10456523 0.082896419 1.498
-0.10196172 0.082896419 1.498
-0.099358208 0.082896419 1.498
-0.0967547 0.082896419 1.498
-0.094151184 0.082896419 1.498
-0.091547675 0.082896419 1.498
-0.088944167 0.082896419 1.498
-0.086340658 0.082896419 1.498
-0.08373715 0.082896419 1.498
-0.081133634 0.082896419 1.498
-0.078530125 0.082896419 1.498
-0.075926617 0.082896419 1.498
-0.073323108 0.082896419 1.498
-0.0707196 0.082896419 1.498
-0.068116091 0.082896419 1.498
-0.065512575 0.082896419 1.498
-0.062909067 0.082896419 1.498
-0.060305558 0.082896419 1.498
-0.055098537 0.082896419 1.498
-0.052495029 0.082896419 1.498
-0.04989152 0.082896419 1.498
-0.047288008 0.082896419 1.498
-0.0446845 0.082896419 1.498
-0.042080991 0.082896419 1.498
-0.039477479 0.082896419 1.498
-0.029063441 0.082896419 1.498
-0.02645993 0.082896419 1.498
-0.023856422 0.082896419 1.498
-0.021252912 0.082896419 1.498
-0.018649401 0.082896419 1.498
-0.016045893 0.082896419 1.498
-0.013442382 0.082896419 1.498
-0.010838872 0.082896419 1.498
-0.0082353624 0.082896419 1.498
-0.0056318524 0.082896419 1.498
-0.0030283427 0.082896419 1.498
-0.00042483292 0.082896419 1.498
0.0021786769 0.082896419 1.498
0.0047821868 0.082896419 1.498
0.0073856968 0.082896419 1.498
0.0099892067 0.082896419 1.498
0.012592716 0.082896419 1.498
0.015196226 0.082896419 1.498
0.028213775 0.082896419 1.498
0.030817285 0.082896419 1.498
0.033420794 0.082896419 1.498
0.036024306 0.082896419 1.498
0.038627815 0.082896419 1.498
0.041231323 0.082896419 1.498
0.043834835 0.082896419 1.498
0.046438344 0.082896419 1.498
0.049041852 0.082896419 1.498
0.051645365 0.082896419 1.498
0.077524893 0.082730405 1.495
0.080123186 0.082730405 1.495
0.082721487 0.082730405 1.495
0.10350785 0.082730405 1.495
0.10610615 0.082730405 1.495
0.10870444 0.082730405 1.495
0.11130274 0.082730405 1.495
0.11390103 0.082730405 1.495
0.11649933 0.082730405 1.495
0.11909763 0.082730405 1.495
0.12169592 0.082730405 1.495
0.12429421 0.082730405 1.495
0.14508058 0.082730405 1.495
0.14767888 0.082730405 1.495
-0.13320383 0.085499927 1.498
-0.13060032 0.085499927 1.498
-0.12799682 0.085499927 1.498
-0.1253933 0.085499927 1.498
-0.12278979 0.085499927 1.498
-0.12018628 0.085499927 1.498
-0.11758278 0.085499927 1.498
-0.11497927 0.085499927 1.498
-0.11237576 0.085499927 1.498
-0.10977224 0.085499927 1.498
-0.10716873 0.085499927 1.498
-0.10196172 0.085499927 1.498
-0.099358208 0.085499927 1.498
-0.094151184 0.085499927 1.498
-0.091547675 0.085499927 1.498
-0.088944167 0.085499927 1.498
-0.086340658 0.085499927 1.498
-0.08373715 0.085499927 1.498
-0.081133634 0.085499927 1.498
-0.078530125 0.085499927 1.498
-0.075926617 0.085499927 1.498
-0.073323108 0.085499927 1.498
-0.0707196 0.085499927 1.498
-0.068116091 0.085499927 1.498
-0.065512575 0.085499927 1.498
-0.062909067 0.085499927 1.498
-0.060305558 0.085499927 1.498
-0.05770205 0.085499927 1.498
-0.055098537 0.085499927 1.498
-0.052495029 0.085499927 1.498
-0.04989152 0.085499927 1.498
-0.047288008 0.085499927 1.498
-0.042080991 0.085499927 1.498
-0.039477479 0.085499927 1.498
-0.034270462 0.085499927 1.498
-0.031666949 0.085499927 1.498
-0.029063441 0.085499927 1.498
-0.02645993 0.085499927 1.498
-0.023856422 0.085499927 1.498
-0.021252912 0.085499927 1.498
-0.018649401 0.085499927 1.498
-0.013442382 0.085499927 1.498
-0.010838872 0.085499927 1.498
-0.0082353624 0.085499927 1.498
-0.0056318524 0.085499927 1.498
-0.0030283427 0.085499927 1.498
-0.00042483292 0.085499927 1.498
0.0021786769 0.085499927 1.498
0.0047821868 0.085499927 1.498
0.0073856968 0.085499927 1.498
0.0099892067 0.085499927 1.498
0.012592716 0.085499927 1.498
0.015196226 0.085499927 1.498
0.030817285 0.085499927 1.498
0.033420794 0.085499927 1.498
0.036024306 0.085499927 1.498
0.038627815 0.085499927 1.498
0.041231323 0.085499927 1.498
0.043834835 0.085499927 1.498
0.046438344 0.085499927 1.498
0.049041852 0.085499927 1.498
0.080123186 0.085328698 1.495
0.082721487 0.085328698 1.495
0.10610615 0.085328698 1.495
0.10870444 0.085328698 1.495
0.11130274 0.085328698 1.495
0.11390103 0.085328698 1.495
0.11649933 0.085328698 1.495
0.11909763 0.085328698 1.495
0.12169592 0.085328698 1.495
0.12429421 0.085328698 1.495
0.14508058 0.085328698 1.495
0.14767888 0.085328698 1.495
-0.13580735 0.088103436 1.498
-0.13320383 0.088103436 1.498
-0.13060032 0.088103436 1.498
-0.12799682 0.088103436 1.498
-0.1253933 0.088103436 1.498
-0.12278979 0.088103436 1.498
-0.12018628 0.088103436 1.498
-0.11758278 0.088103436 1.498
-0.11497927 0.088103436 1.498
-0.11237576 0.088103436 1.498
-0.10977224 0.088103436 1.498
-0.086340658 0.088103436 1.498
-0.08373715 0.088103436 1.498
-0.081133634 0.088103436 1.498
-0.078530125 0.088103436 1.498
-0.075926617 0.088103436 1.498
-0.073323108 0.088103436 1.498
-0.0707196 0.088103436 1.498
-0.068116091 0.088103436 1.498
-0.065512575 0.088103436 1.498
-0.062909067 0.088103436 1.498
-0.060305558 0.088103436 1.498
-0.05770205 0.088103436 1.498
-0.055098537 0.088103436 1.498
-0.052495029 0.088103436 1.498
-0.04989152 0.088103436 1.498
-0.047288008 0.088103436 1.498
-0.039477479 0.088103436 1.498
-0.03687397 0.088103436 1.498
-0.034270462 0.088103436 1.498
-0.031666949 0.088103436 1.498
-0.029063441 0.088103436 1.498
-0.02645993 0.088103436 1.498
-0.023856422 0.088103436 1.498
-0.0056318524 0.088103436 1.498
-0.0030283427 0.088103436 1.498
-0.00042483292 0.088103436 1.498
0.0021786769 0.088103436 1.498
0.0047821868 0.088103436 1.498
0.0073856968 0.088103436 1.498
0.0099892067 0.088103436 1.498
0.012592716 0.088103436 1.498
0.030817285 0.088103436 1.498
0.033420794 0.088103436 1.498
0.036024306 0.088103436 1.498
0.038627815 0.088103436 1.498
0.041231323 0.088103436 1.498
0.043834835 0.088103436 1.498
0.046438344 0.088103436 1.498
0.049041852 0.088103436 1.498
0.082721487 0.087926999 1.495
0.08531978 0.087926999 1.495
0.10870444 0.087926999 1.495
0.11130274 0.087926999 1.495
0.11390103 0.087926999 1.495
0.11649933 0.087926999 1.495
0.11909763 0.087926999 1.495
0.12169592 0.087926999 1.495
0.14248228 0.087926999 1.495
0.14508058 0.087926999 1.495
0.14767888 0.087926999 1.495
-0.13580735 0.090706952 1.498
-0.13320383 0.090706952 1.498
-0.13060032 0.090706952 1.498
-0.12799682 0.090706952 1.498
-0.1253933 0.090706952 1.498
-0.11497927 0.090706952 1.498
-0.11237576 0.090706952 1.498
-0.10977224 0.090706952 1.498
-0.086340658 0.090706952 1.498
-0.08373715 0.090706952 1.498
-0.081133634 0.090706952 1.498
-0.078530125 0.090706952 1.498
-0.075926617 0.090706952 1.498
-0.073323108 0.090706952 1.498
-0.0707196 0.090706952 1.498
-0.068116091 0.090706952 1.498
-0.065512575 0.090706952 1.498
-0.062909067 0.090706952 1.498
-0.060305558 0.090706952 1.498
-0.05770205 0.090706952 1.498
-0.034270462 0.090706952 1.498
-0.031666949 0.090706952 1.498
-0.029063441 0.090706952 1.498
-0.02645993 0.090706952 1.498
-0.0030283427 0.090706952 1.498
-0.00042483292 0.090706952 1.498
0.0021786769 0.090706952 1.498
0.0047821868 0.090706952 1.498
0.0073856968 0.090706952 1.498
0.0099892067 0.090706952 1.498
0.012592716 0.090706952 1.498
0.030817285 0.090706952 1.498
0.033420794 0.090706952 1.498
0.036024306 0.090706952 1.498
0.038627815 0.090706952 1.498
0.041231323 0.090706952 1.498
0.043834835 0.090706952 1.498
0.046438344 0.090706952 1.498
0.049041852 0.090706952 1.498
0.082721487 0.090525292 1.495
0.08531978 0.090525292 1.495
0.11130274 0.090525292 1.495
0.11390103 0.090525292 1.495
0.11649933 0.090525292 1.495
0.11909763 0.090525292 1.495
0.12169592 0.090525292 1.495
0.14248228 0.090525292 1.495
0.14508058 0.090525292 1.495
0.14767888 0.090525292 1.495
-0.13841085 0.09331046 1.498
-0.13580735 0.09331046 1.498
-0.13320383 0.09331046 1.498
-0.13060032 0.09331046 1.498
-0.12799682 0.09331046 1.498
-0.1253933 0.09331046 1.498
-0.11497927 0.09331046 1.498
-0.11237576 0.09331046 1.498
-0.10977224 0.09331046 1.498
-0.086340658 0.09331046 1.498
-0.08373715 0.09331046 1.498
-0.081133634 0.09331046 1.498
-0.078530125 0.09331046 1.498
-0.075926617 0.09331046 1.498
-0.073323108 0.09331046 1.498
-0.0707196 0.09331046 1.498
-0.068116091 0.09331046 1.498
-0.034270462 0.09331046 1.498
-0.031666949 0.09331046 1.498
-0.029063441 0.09331046 1.498
-0.02645993 0.09331046 1.498
-0.00042483292 0.09331046 1.498
0.0021786769 0.09331046 1.498
0.0047821868 0.09331046 1.498
0.0073856968 0.09331046 1.498
0.0099892067 0.09331046 1.498
0.012592716 0.09331046 1.498
0.015196226 0.09331046 1.498
0.017799735 0.09331046 1.498
0.020403245 0.09331046 1.498
0.028213775 0.09331046 1.498
0.030817285 0.09331046 1.498
0.033420794 0.09331046 1.498
0.036024306 0.09331046 1.498
0.038627815 0.09331046 1.498
0.041231323 0.09331046 1.498
0.043834835 0.09331046 1.498
0.046438344 0.09331046 1.498
0.08531978 0.093123585 1.495
0.087918073 0.093123585 1.495
0.11390103 0.093123585 1.495
0.11649933 0.093123585 1.495
0.11909763 0.093123585 1.495
0.12169592 0.093123585 1.495
0.14248228 0.093123585 1.495
0.14508058 0.093123585 1.495
0.14767888 0.093123585 1.495
-0.13841085 0.095913969 1.498
-0.13580735 0.095913969 1.498
-0.13320383 0.095913969 1.498
-0.13060032 0.095913969 1.498
-0.12799682 0.095913969 1.498
-0.1253933 0.095913969 1.498
-0.11497927 0.095913969 1.498
-0.11237576 0.095913969 1.498
-0.10977224 0.095913969 1.498
-0.10716873 0.095913969 1.498
-0.086340658 0.095913969 1.498
-0.08373715 0.095913969 1.498
-0.081133634 0.095913969 1.498
-0.078530125 0.095913969 1.498
-0.075926617 0.095913969 1.498
-0.073323108 0.095913969 1.498
-0.0707196 0.095913969 1.498
-0.034270462 0.095913969 1.498
-0.031666949 0.095913969 1.498
-0.029063441 0.095913969 1.498
-0.02645993 0.095913969 1.498
-0.00042483292 0.095913969 1.498
0.0021786769 0.095913969 1.498
0.0047821868 0.095913969 1.498
0.0073856968 0.095913969 1.498
0.0099892067 0.095913969 1.498
0.012592716 0.095913969 1.498
0.015196226 0.095913969 1.498
0.017799735 0.095913969 1.498
0.020403245 0.095913969 1.498
0.023006756 0.095913969 1.498
0.025610264 0.095913969 1.498
0.028213775 0.095913969 1.498
0.030817285 0.095913969 1.498
0.033420794 0.095913969 1.498
0.036024306 0.095913969 1.498
0.038627815 0.095913969 1.498
0.041231323 0.095913969 1.498
0.043834835 0.095913969 1.498
0.08531978 0.095721886 1.495
0.087918073 0.095721886 1.495
0.090516374 0.095721886 1.495
0.11390103 0.095721886 1.495
0.11649933 0.095721886 1.495
0.11909763 0.095721886 1.495
0.12169592 0.095721886 1.495
0.139884 0.095721886 1.495
0.14248228 0.095721886 1.495
0.14508058 0.095721886 1.495
0.14767888 0.095721886 1.495
-0.13841085 0.098517478 1.498
-0.13580735 0.098517478 1.498
-0.13320383 0.098517478 1.498
-0.13060032 0.098517478 1.498
-0.12799682 0.098517478 1.498
-0.1253933 0.098517478 1.498
-0.11497927 0.098517478 1.498
-0.11237576 0.098517478 1.498
-0.10977224 0.098517478 1.498
-0.10716873 0.098517478 1.498
-0.10456523 0.098517478 1.498
-0.10196172 0.098517478 1.498
-0.099358208 0.098517478 1.498
-0.086340658 0.098517478 1.498
-0.08373715 0.098517478 1.498
-0.081133634 0.098517478 1.498
-0.078530125 0.098517478 1.498
-0.075926617 0.098517478 1.498
-0.073323108 0.098517478 1.498
-0.0707196 0.098517478 1.498
-0.034270462 0.098517478 1.498
-0.031666949 0.098517478 1.498
-0.029063441 0.098517478 1.498
-0.02645993 0.098517478 1.498
-0.0030283427 0.098517478 1.498
-0.00042483292 0.098517478 1.498
0.0021786769 0.098517478 1.498
0.0047821868 0.098517478 1.498
0.0073856968 0.098517478 1.498
0.0099892067 0.098517478 1.498
0.012592716 0.098517478 1.498
0.015196226 0.098517478 1.498
0.017799735 0.098517478 1.498
0.020403245 0.098517478 1.498
0.023006756 0.098517478 1.498
0.025610264 0.098517478 1.498
0.028213775 0.098517478 1.498
0.030817285 0.098517478 1.498
0.033420794 0.098517478 1.498
0.035952158 0.098320179 1.495
0.038550455 0.098320179 1.495
0.087918073 0.098320179 1.495
0.090516374 0.098320179 1.495
0.093114667 0.098320179 1.495
0.11130274 0.098320179 1.495
0.11390103 0.098320179 1.495
0.11649933 0.098320179 1.495
0.11909763 0.098320179 1.495
0.12169592 0.098320179 1.495
0.12429421 0.098320179 1.495
0.12689251 0.098320179 1.495
0.12949081 0.098320179 1.495
0.13208911 0.098320179 1.495
0.13468739 0.098320179 1.495
0.13728569 0.098320179 1.495
0.139884 0.098320179 1.495
0.14248228 0.098320179 1.495
0.14508058 0.098320179 1.495
0.14767888 0.098320179 1.495
-0.13841085 0.10112099 1.498
-0.13580735 0.10112099 1.498
-0.13320383 0.10112099 1.498
-0.13060032 0.10112099 1.498
-0.12799682 0.10112099 1.498
-0.1253933 0.10112099 1.498
-0.11497927 0.10112099 1.498
-0.11237576 0.10112099 1.498
-0.10977224 0.10112099 1.498
-0.10716873 0.10112099 1.498
-0.10456523 0.10112099 1.498
-0.10196172 0.10112099 1.498
-0.099358208 0.10112099 1.498
-0.0967547 0.10112099 1.498
-0.094151184 0.10112099 1.498
-0.091547675 0.10112099 1.498
-0.088944167 0.10112099 1.498
-0.086340658 0.10112099 1.498
-0.08373715 0.10112099 1.498
-0.081133634 0.10112099 1.498
-0.078530125 0.10112099 1.498
-0.075926617 0.10112099 1.498
-0.073323108 0.10112099 1.498
-0.0707196 0.10112099 1.498
-0.034270462 0.10112099 1.498
-0.031666949 0.10112099 1.498
-0.029063441 0.10112099 1.498
-0.02645993 0.10112099 1.498
-0.0030283427 0.10112099 1.498
-0.00042483292 0.10112099 1.498
0.0021786769 0.10112099 1.498
0.0047821868 0.10112099 1.498
0.0073856968 0.10112099 1.498
0.0099892067 0.10112099 1.498
0.012592716 0.10112099 1.498
0.015196226 0.10112099 1.498
0.017799735 0.10112099 1.498
0.020403245 0.10112099 1.498
0.023006756 0.10112099 1.498
0.025610264 0.10112099 1.498
0.028213775 0.10112099 1.498
0.030817285 0.10112099 1.498
0.033420794 0.10112099 1.498
0.035952158 0.10091847 1.495
0.038550455 0.10091847 1.495
0.090516374 0.10091847 1.495
0.093114667 0.10091847 1.495
0.09571296 0.10091847 1.495
0.09831126 0.10091847 1.495
0.10870444 0.10091847 1.495
0.11130274 0.10091847 1.495
0.11390103 0.10091847 1.495
0.11649933 0.10091847 1.495
0.11909763 0.10091847 1.495
0.12169592 0.10091847 1.495
0.12429421 0.10091847 1.495
0.12689251 0.10091847 1.495
0.12949081 0.10091847 1.495
0.13208911 0.10091847 1.495
0.13468739 0.10091847 1.495
0.13728569 0.10091847 1.495
0.139884 0.10091847 1.495
0.14248228 0.10091847 1.495
0.14508058 0.10091847 1.495
0.14767888 0.10091847 1.495
-0.13841085 0.10372449 1.498
-0.13580735 0.10372449 1.498
-0.13320383 0.10372449 1.498
-0.13060032 0.10372449 1.498
-0.12799682 0.10372449 1.498
-0.1253933 0.10372449 1.498
-0.11497927 0.10372449 1.498
-0.11237576 0.10372449 1.498
-0.10977224 0.10372449 1.498
-0.10716873 0.10372449 1.498
-0.10456523 0.10372449 1.498
-0.10196172 0.10372449 1.498
-0.099358208 0.10372449 1.498
-0.0967547 0.10372449 1.498
-0.094151184 0.10372449 1.498
-0.091547675 0.10372449 1.498
-0.088944167 0.10372449 1.498
-0.086340658 0.10372449 1.498
-0.08373715 0.10372449 1.498
-0.081133634 0.10372449 1.498
-0.078530125 0.10372449 1.498
-0.075926617 0.10372449 1.498
-0.073323108 0.10372449 1.498
-0.0707196 0.10372449 1.498
-0.03687397 0.10372449 1.498
-0.034270462 0.10372449 1.498
-0.031666949 0.10372449 1.498
-0.029063441 0.10372449 1.498
-0.02645993 0.10372449 1.498
-0.0082353624 0.10372449 1.498
-0.0056318524 0.10372449 1.498
-0.0030283427 0.10372449 1.498
-0.00042483292 0.10372449 1.498
0.0021786769 0.10372449 1.498
0.0047821868 0.10372449 1.498
0.0073856968 0.10372449 1.498
0.0099892067 0.10372449 1.498
0.012592716 0.10372449 1.498
0.015196226 0.10372449 1.498
0.017799735 0.10372449 1.498
0.020403245 0.10372449 1.498
0.023006756 0.10372449 1.498
0.025610264 0.10372449 1.498
0.028213775 0.10372449 1.498
0.030755568 0.10351677 1.495
0.033353865 0.10351677 1.495
0.035952158 0.10351677 1.495
0.038550455 0.10351677 1.495
0.09571296 0.10351677 1.495
0.09831126 0.10351677 1.495
0.10090955 0.10351677 1.495
0.10350785 0.10351677 1.495
0.10610615 0.10351677 1.495
0.10870444 0.10351677 1.495
0.11130274 0.10351677 1.495
0.11390103 0.10351677 1.495
0.11649933 0.10351677 1.495
0.11909763 0.10351677 1.495
0.12169592 0.10351677 1.495
0.12429421 0.10351677 1.495
0.12689251 0.10351677 1.495
0.12949081 0.10351677 1.495
0.13208911 0.10351677 1.495
0.13468739 0.10351677 1.495
0.13728569 0.10351677 1.495
0.139884 0.10351677 1.495
0.14248228 0.10351677 1.495
0.14508058 0.10351677 1.495
0.14767888 0.10351677 1.495
-0.13841085 0.10632801 1.498
-0.13580735 0.10632801 1.498
-0.13320383 0.10632801 1.498
-0.13060032 0.10632801 1.498
-0.12799682 0.10632801 1.498
-0.1253933 0.10632801 1.498
-0.11497927 0.10632801 1.498
-0.11237576 0.10632801 1.498
-0.10977224 0.10632801 1.498
-0.10716873 0.10632801 1.498
-0.10456523 0.10632801 1.498
-0.10196172 0.10632801 1.498
-0.099358208 0.10632801 1.498
-0.0967547 0.10632801 1.498
-0.094151184 0.10632801 1.498
-0.091547675 0.10632801 1.498
-0.088944167 0.10632801 1.498
-0.086340658 0.10632801 1.498
-0.08373715 0.10632801 1.498
-0.081133634 0.10632801 1.498
-0.078530125 0.10632801 1.498
-0.075926617 0.10632801 1.498
-0.073323108 0.10632801 1.498
-0.0707196 0.10632801 1.498
-0.068116091 0.10632801 1.498
-0.03687397 0.10632801 1.498
-0.034270462 0.10632801 1.498
-0.031666949 0.10632801 1.498
-0.029063441 0.10632801 1.498
-0.0082353624 0.10632801 1.498
-0.0056318524 0.10632801 1.498
-0.0030283427 0.10632801 1.498
-0.00042483292 0.10632801 1.498
0.0021786769 0.10632801 1.498
0.0047821868 0.10632801 1.498
0.0073856968 0.10632801 1.498
0.0099892067 0.10632801 1.498
0.012592716 0.10632801 1.498
0.015196226 0.10632801 1.498
0.017799735 0.10632801 1.498
0.020403245 0.10632801 1.498
0.023006756 0.10632801 1.498
0.025610264 0.10632801 1.498
0.028157271 0.10611507 1.495
0.030755568 0.10611507 1.495
0.033353865 0.10611507 1.495
0.035952158 0.10611507 1.495
0.038550455 0.10611507 1.495
0.041148752 0.10611507 1.495
0.043747045 0.10611507 1.495
0.054140229 0.10611507 1.495
0.061935116 0.10611507 1.495
0.09831126 0.10611507 1.495
0.10090955 0.10611507 1.495
0.10350785 0.10611507 1.495
0.10610615 0.10611507 1.495
0.10870444 0.10611507 1.495
0.11130274 0.10611507 1.495
0.11390103 0.10611507 1.495
0.11649933 0.10611507 1.495
0.11909763 0.10611507 1.495
0.12169592 0.10611507 1.495
0.12429421 0.10611507 1.495
0.12689251 0.10611507 1.495
0.12949081 0.10611507 1.495
0.13208911 0.10611507 1.495
0.13468739 0.10611507 1.495
0.13728569 0.10611507 1.495
0.139884 0.10611507 1.495
0.14248228 0.10611507 1.495
0.14508058 0.10611507 1.495
0.14767888 0.10611507 1.495
-0.13841085 0.10893152 1.498
-0.13580735 0.10893152 1.498
-0.13320383 0.10893152 1.498
-0.13060032 0.10893152 1.498
-0.12799682 0.10893152 1.498
-0.1253933 0.10893152 1.498
-0.12278979 0.10893152 1.498
-0.12018628 0.10893152 1.498
-0.11758278 0.10893152 1.498
-0.11497927 0.10893152 1.498
-0.11237576 0.10893152 1.498
-0.10977224 0.10893152 1.498
-0.10716873 0.10893152 1.498
-0.10456523 0.10893152 1.498
-0.10196172 0.10893152 1.498
-0.099358208 0.10893152 1.498
-0.0967547 0.10893152 1.498
-0.094151184 0.10893152 1.498
-0.091547675 0.10893152 1.498
-0.088944167 0.10893152 1.498
-0.086340658 0.10893152 1.498
-0.08373715 0.10893152 1.498
-0.081133634 0.10893152 1.498
-0.078530125 0.10893152 1.498
-0.075926617 0.10893152 1.498
-0.073323108 0.10893152 1.498
-0.0707196 0.10893152 1.498
-0.068116091 0.10893152 1.498
-0.065512575 0.10893152 1.498
-0.03687397 0.10893152 1.498
-0.034270462 0.10893152 1.498
-0.031666949 0.10893152 1.498
-0.029063441 0.10893152 1.498
-0.0056318524 0.10893152 1.498
-0.0030283427 0.10893152 1.498
-0.00042483292 0.10893152 1.498
0.0021786769 0.10893152 1.498
0.0047821868 0.10893152 1.498
0.0073856968 0.10893152 1.498
0.0099892067 0.10893152 1.498
0.012592716 0.10893152 1.498
0.015196226 0.10893152 1.498
0.017799735 0.10893152 1.498
0.020403245 0.10893152 1.498
0.023006756 0.10893152 1.498
0.025610264 0.10893152 1.498
0.028157271 0.10871336 1.495
0.030755568 0.10871336 1.495
0.033353865 0.10871336 1.495
0.035952158 0.10871336 1.495
0.038550455 0.10871336 1.495
0.041148752 0.10871336 1.495
0.043747045 0.10871336 1.495
0.046345342 0.10871336 1.495
0.051541936 0.10871336 1.495
0.054140229 0.10871336 1.495
0.056738526 0.10871336 1.495
0.059336822 0.10871336 1.495
0.061935116 0.10871336 1.495
0.064533412 0.10871336 1.495
0.067131706 0.10871336 1.495
0.10090955 0.10871336 1.495
0.10350785 0.10871336 1.495
0.10610615 0.10871336 1.495
0.10870444 0.10871336 1.495
0.11130274 0.10871336 1.495
0.11390103 0.10871336 1.495
0.11649933 0.10871336 1.495
0.11909763 0.10871336 1.495
0.12169592 0.10871336 1.495
0.12429421 0.10871336 1.495
0.12689251 0.10871336 1.495
0.12949081 0.10871336 1.495
0.13208911 0.10871336 1.495
0.13468739 0.10871336 1.495
0.13728569 0.10871336 1.495
0.139884 0.10871336 1.495
0.14248228 0.10871336 1.495
0.14508058 0.10871336 1.495
0.14767888 0.10871336 1.495
-0.13841085 0.11153503 1.498
-0.13580735 0.11153503 1.498
-0.13320383 0.11153503 1.498
-0.13060032 0.11153503 1.498
-0.12799682 0.11153503 1.498
-0.1253933 0.11153503 1.498
-0.12278979 0.11153503 1.498
-0.12018628 0.11153503 1.498
-0.11758278 0.11153503 1.498
-0.11497927 0.11153503 1.498
-0.11237576 0.11153503 1.498
-0.10977224 0.11153503 1.498
-0.10716873 0.11153503 1.498
-0.10456523 0.11153503 1.498
-0.10196172 0.11153503 1.498
-0.099358208 0.11153503 1.498
-0.0967547 0.11153503 1.498
-0.094151184 0.11153503 1.498
-0.091547675 0.11153503 1.498
-0.086340658 0.11153503 1.498
-0.075926617 0.11153503 1.498
-0.073323108 0.11153503 1.498
-0.0707196 0.11153503 1.498
-0.068116091 0.11153503 1.498
-0.065512575 0.11153503 1.498
-0.062909067 0.11153503 1.498
-0.039398421 0.11131166 1.495
-0.03687397 0.11153503 1.498
-0.034270462 0.11153503 1.498
-0.031666949 0.11153503 1.498
-0.029063441 0.11153503 1.498
-0.02645993 0.11153503 1.498
-0.023856422 0.11153503 1.498
-0.021252912 0.11153503 1.498
-0.0030283427 0.11153503 1.498
0.0073856968 0.11153503 1.498
0.0099892067 0.11153503 1.498
0.012592716 0.11153503 1.498
0.015196226 0.11153503 1.498
0.017799735 0.11153503 1.498
0.020362385 0.11131166 1.495
0.02296068 0.11131166 1.495
0.028157271 0.11131166 1.495
0.030755568 0.11131166 1.495
0.033353865 0.11131166 1.495
0.035952158 0.11131166 1.495
0.038550455 0.11131166 1.495
0.041148752 0.11131166 1.495
0.043747045 0.11131166 1.495
0.046345342 0.11131166 1.495
0.051541936 0.11131166 1.495
0.054140229 0.11131166 1.495
0.056738526 0.11131166 1.495
0.059336822 0.11131166 1.495
0.061935116 0.11131166 1.495
0.064533412 0.11131166 1.495
0.067131706 0.11131166 1.495
0.069730006 0.11131166 1.495
0.10090955 0.11131166 1.495
0.10350785 0.11131166 1.495
0.10610615 0.11131166 1.495
0.10870444 0.11131166 1.495
0.11130274 0.11131166 1.495
0.11390103 0.11131166 1.495
0.11649933 0.11131166 1.495
0.11909763 0.11131166 1.495
0.12169592 0.11131166 1.495
0.12429421 0.11131166 1.495
0.12689251 0.11131166 1.495
0.12949081 0.11131166 1.495
0.13208911 0.11131166 1.495
0.13468739 0.11131166 1.495
0.13728569 0.11131166 1.495
0.139884 0.11131166 1.495
0.14248228 0.11131166 1.495
0.14508058 0.11131166 1.495
0.14767888 0.11131166 1.495
-0.13580735 0.11413854 1.498
-0.13320383 0.11413854 1.498
-0.13060032 0.11413854 1.498
-0.12799682 0.11413854 1.498
-0.1253933 0.11413854 1.498
-0.12278979 0.11413854 1.498
-0.12018628 0.11413854 1.498
-0.11758278 0.11413854 1.498
-0.11497927 0.11413854 1.498
-0.11237576 0.11413854 1.498
-0.10977224 0.11413854 1.498
-0.10716873 0.11413854 1.498
-0.10456523 0.11413854 1.498
-0.10196172 0.11413854 1.498
-0.099358208 0.11413854 1.498
-0.0967547 0.11413854 1.498
-0.094151184 0.11413854 1.498
-0.091547675 0.11413854 1.498
-0.086340658 0.11413854 1.498
-0.073323108 0.11413854 1.498
-0.0707196 0.11413854 1.498
-0.068116091 0.11413854 1.498
-0.065512575 0.11413854 1.498
-0.062909067 0.11413854 1.498
-0.060305558 0.11413854 1.498
-0.044595011 0.11390995 1.495
-0.041996714 0.11390995 1.495
-0.039477479 0.11413854 1.498
-0.03687397 0.11413854 1.498
-0.034270462 0.11413854 1.498
-0.031666949 0.11413854 1.498
-0.029063441 0.11413854 1.498
-0.02645993 0.11413854 1.498
-0.023856422 0.11413854 1.498
-0.021252912 0.11413854 1.498
0.0099892067 0.11413854 1.498
0.012592716 0.11413854 1.498
0.015196226 0.11413854 1.498
0.017799735 0.11413854 1.498
0.020362385 0.11390995 1.495
0.02296068 0.11390995 1.495
0.028157271 0.11390995 1.495
0.030755568 0.11390995 1.495
0.033353865 0.11390995 1.495
0.035952158 0.11390995 1.495
0.038550455 0.11390995 1.495
0.041148752 0.11390995 1.495
0.043747045 0.11390995 1.495
0.046345342 0.11390995 1.495
0.048943639 0.11390995 1.495
0.051541936 0.11390995 1.495
0.054140229 0.11390995 1.495
0.056738526 0.11390995 1.495
0.059336822 0.11390995 1.495
0.061935116 0.11390995 1.495
0.064533412 0.11390995 1.495
0.067131706 0.11390995 1.495
0.069730006 0.11390995 1.495
0.072328299 0.11390995 1.495
0.0749266 0.11390995 1.495
0.10350785 0.11390995 1.495
0.10610615 0.11390995 1.495
0.10870444 0.11390995 1.495
0.11130274 0.11390995 1.495
0.11390103 0.11390995 1.495
0.11649933 0.11390995 1.495
0.11909763 0.11390995 1.495
0.12169592 0.11390995 1.495
0.12429421 0.11390995 1.495
0.12689251 0.11390995 1.495
0.12949081 0.11390995 1.495
0.13208911 0.11390995 1.495
0.13468739 0.11390995 1.495
0.13728569 0.11390995 1.495
0.139884 0.11390995 1.495
0.14248228 0.11390995 1.495
0.14508058 0.11390995 1.495
0.14767888 0.11390995 1.495
-0.13841085 0.11674204 1.498
-0.13580735 0.11674204 1.498
-0.13320383 0.11674204 1.498
-0.13060032 0.11674204 1.498
-0.12799682 0.11674204 1.498
-0.1253933 0.11674204 1.498
-0.12278979 0.11674204 1.498
-0.12018628 0.11674204 1.498
-0.11758278 0.11674204 1.498
-0.11497927 0.11674204 1.498
-0.11237576 0.11674204 1.498
-0.10977224 0.11674204 1.498
-0.10716873 0.11674204 1.498
-0.10456523 0.11674204 1.498
-0.10196172 0.11674204 1.498
-0.099358208 0.11674204 1.498
-0.0967547 0.11674204 1.498
-0.094151184 0.11674204 1.498
-0.091547675 0.11674204 1.498
-0.088944167 0.11674204 1.498
-0.086340658 0.11674204 1.498
-0.0707196 0.11674204 1.498
-0.068116091 0.11674204 1.498
-0.065512575 0.11674204 1.498
-0.062909067 0.11674204 1.498
-0.060305558 0.11674204 1.498
-0.047193307 0.11650825 1.495
-0.044595011 0.11650825 1.495
-0.041996714 0.11650825 1.495
-0.039398421 0.11650825 1.495
-0.03687397 0.11674204 1.498
-0.034270462 0.11674204 1.498
-0.031666949 0.11674204 1.498
-0.029063441 0.11674204 1.498
-0.02645993 0.11674204 1.498
-0.023856422 0.11674204 1.498
-0.021252912 0.11674204 1.498
-0.018649401 0.11674204 1.498
-0.013442382 0.11674204 1.498
-0.010838872 0.11674204 1.498
0.012592716 0.11674204 1.498
0.015196226 0.11674204 1.498
0.020362385 0.11650825 1.495
0.028157271 0.11650825 1.495
0.030755568 0.11650825 1.495
0.033353865 0.11650825 1.495
0.035952158 0.11650825 1.495
0.038550455 0.11650825 1.495
0.041148752 0.11650825 1.495
0.043747045 0.11650825 1.495
0.046345342 0.11650825 1.495
0.048943639 0.11650825 1.495
0.051541936 0.11650825 1.495
0.054140229 0.11650825 1.495
0.056738526 0.11650825 1.495
0.059336822 0.11650825 1.495
0.061935116 0.11650825 1.495
0.064533412 0.11650825 1.495
0.067131706 0.11650825 1.495
0.069730006 0.11650825 1.495
0.072328299 0.11650825 1.495
0.0749266 0.11650825 1.495
0.077524893 0.11650825 1.495
0.10350785 0.11650825 1.495
0.10610615 0.11650825 1.495
0.11130274 0.11650825 1.495
0.11390103 0.11650825 1.495
0.11649933 0.11650825 1.495
0.11909763 0.11650825 1.495
0.12169592 0.11650825 1.495
0.12429421 0.11650825 1.495
0.12689251 0.11650825 1.495
0.12949081 0.11650825 1.495
0.13208911 0.11650825 1.495
0.13468739 0.11650825 1.495
0.13728569 0.11650825 1.495
0.139884 0.11650825 1.495
0.14248228 0.11650825 1.495
0.14508058 0.11650825 1.495
0.14997561 0.11627445 1.492
-0.13841085 0.11934555 1.498
-0.13580735 0.11934555 1.498
-0.13320383 0.11934555 1.498
-0.13060032 0.11934555 1.498
-0.12799682 0.11934555 1.498
-0.1253933 0.11934555 1.498
-0.12278979 0.11934555 1.498
-0.12018628 0.11934555 1.498
-0.11758278 0.11934555 1.498
-0.11497927 0.11934555 1.498
-0.11237576 0.11934555 1.498
-0.10977224 0.11934555 1.498
-0.10716873 0.11934555 1.498
-0.10456523 0.11934555 1.498
-0.10196172 0.11934555 1.498
-0.099358208 0.11934555 1.498
-0.0967547 0.11934555 1.498
-0.094151184 0.11934555 1.498
-0.091547675 0.11934555 1.498
-0.088944167 0.11934555 1.498
-0.086340658 0.11934555 1.498
-0.068116091 0.11934555 1.498
-0.065512575 0.11934555 1.498
-0.062909067 0.11934555 1.498
-0.060305558 0.11934555 1.498
-0.05770205 0.11934555 1.498
-0.049791604 0.11910655 1.495
-0.047193307 0.11910655 1.495
-0.044595011 0.11910655 1.495
-0.041996714 0.11910655 1.495
-0.039398421 0.11910655 1.495
-0.03687397 0.11934555 1.498
-0.034270462 0.11934555 1.498
-0.031666949 0.11934555 1.498
-0.029063441 0.11934555 1.498
-0.02645993 0.11934555 1.498
-0.023856422 0.11934555 1.498
-0.021252912 0.11934555 1.498
-0.018649401 0.11934555 1.498
-0.016045893 0.11934555 1.498
-0.013442382 0.11934555 1.498
-0.010838872 0.11934555 1.498
-0.0082353624 0.11934555 1.498
-0.0056318524 0.11934555 1.498
-0.0030283427 0.11934555 1.498
0.012592716 0.11934555 1.498
0.020362385 0.11910655 1.495
0.028157271 0.11910655 1.495
0.030755568 0.11910655 1.495
0.033353865 0.11910655 1.495
0.035952158 0.11910655 1.495
0.038550455 0.11910655 1.495
0.041148752 0.11910655 1.495
0.043747045 0.11910655 1.495
0.046345342 0.11910655 1.495
0.048943639 0.11910655 1.495
0.051541936 0.11910655 1.495
0.054140229 0.11910655 1.495
0.056738526 0.11910655 1.495
0.059336822 0.11910655 1.495
0.067131706 0.11910655 1.495
0.069730006 0.11910655 1.495
0.072328299 0.11910655 1.495
0.0749266 0.11910655 1.495
0.077524893 0.11910655 1.495
0.080123186 0.11910655 1.495
0.11390103 0.11910655 1.495
0.11649933 0.11910655 1.495
0.11909763 0.11910655 1.495
0.12169592 0.11910655 1.495
0.12429421 0.11910655 1.495
0.12689251 0.11910655 1.495
0.12949081 0.11910655 1.495
0.13208911 0.11910655 1.495
0.13468739 0.11910655 1.495
0.13728569 0.11910655 1.495
0.139884 0.11910655 1.495
0.14248228 0.11910655 1.495
0.14508058 0.11910655 1.495
0.14738253 0.11886753 1.492
0.14997561 0.11886753 1.492
-0.13841085 0.12194907 1.498
-0.13580735 0.12194907 1.498
-0.13320383 0.12194907 1.498
-0.13060032 0.12194907 1.498
-0.12799682 0.12194907 1.498
-0.1253933 0.12194907 1.498
-0.12278979 0.12194907 1.498
-0.12018628 0.12194907 1.498
-0.11758278 0.12194907 1.498
-0.11497927 0.12194907 1.498
-0.11237576 0.12194907 1.498
-0.10977224 0.12194907 1.498
-0.10716873 0.12194907 1.498
-0.10456523 0.12194907 1.498
-0.10196172 0.12194907 1.498
-0.099358208 0.12194907 1.498
-0.0967547 0.12194907 1.498
-0.094151184 0.12194907 1.498
-0.091547675 0.12194907 1.498
-0.088944167 0.12194907 1.498
-0.086340658 0.12194907 1.498
-0.08373715 0.12194907 1.498
-0.0707196 0.12194907 1.498
-0.068116091 0.12194907 1.498
-0.065512575 0.12194907 1.498
-0.062909067 0.12194907 1.498
-0.060305558 0.12194907 1.498
-0.05770205 0.12194907 1.498
-0.054988194 0.12170484 1.495
-0.052389897 0.12170484 1.495
-0.049791604 0.12170484 1.495
-0.047193307 0.12170484 1.495
-0.044595011 0.12170484 1.495
-0.041996714 0.12170484 1.495
-0.039477479 0.12194907 1.498
-0.03687397 0.12194907 1.498
-0.034270462 0.12194907 1.498
-0.031666949 0.12194907 1.498
-0.029063441 0.12194907 1.498
-0.02645993 0.12194907 1.498
-0.023808645 0.12170484 1.495
-0.021210348 0.12170484 1.495
-0.018612053 0.12170484 1.495
-0.016045893 0.12194907 1.498
-0.013442382 0.12194907 1.498
-0.010838872 0.12194907 1.498
-0.0082353624 0.12194907 1.498
-0.0056318524 0.12194907 1.498
-0.0030283427 0.12194907 1.498
0.020362385 0.12170484 1.495
0.025558976 0.12170484 1.495
0.028157271 0.12170484 1.495
0.030755568 0.12170484 1.495
0.033353865 0.12170484 1.495
0.035952158 0.12170484 1.495
0.038550455 0.12170484 1.495
0.041148752 0.12170484 1.495
0.043747045 0.12170484 1.495
0.046345342 0.12170484 1.495
0.048943639 0.12170484 1.495
0.051541936 0.12170484 1.495
0.0749266 0.12170484 1.495
0.077524893 0.12170484 1.495
0.080123186 0.12170484 1.495
0.082721487 0.12170484 1.495
0.11390103 0.12170484 1.495
0.11649933 0.12170484 1.495
0.11909763 0.12170484 1.495
0.12169592 0.12170484 1.495
0.12429421 0.12170484 1.495
0.12689251 0.12170484 1.495
0.12949081 0.12170484 1.495
0.13208911 0.12170484 1.495
0.13468739 0.12170484 1.495
0.13728569 0.12170484 1.495
0.139884 0.12170484 1.495
0.14248228 0.12170484 1.495
0.14508058 0.12170484 1.495
0.14738253 0.12146062 1.492
0.14997561 0.12146062 1.492
-0.13580735 0.12455258 1.498
-0.13320383 0.12455258 1.498
-0.13060032 0.12455258 1.498
-0.12799682 0.12455258 1.498
-0.1253933 0.12455258 1.498
-0.12278979 0.12455258 1.498
-0.12018628 0.12455258 1.498
-0.11758278 0.12455258 1.498
-0.11497927 0.12455258 1.498
-0.11237576 0.12455258 1.498
-0.10977224 0.12455258 1.498
-0.10716873 0.12455258 1.498
-0.10456523 0.12455258 1.498
-0.10196172 0.12455258 1.498
-0.099358208 0.12455258 1.498
-0.0967547 0.12455258 1.498
-0.094151184 0.12455258 1.498
-0.091547675 0.12455258 1.498
-0.088944167 0.12455258 1.498
-0.086340658 0.12455258 1.498
-0.08373715 0.12455258 1.498
-0.081133634 0.12455258 1.498
-0.078530125 0.12455258 1.498
-0.073323108 0.12455258 1.498
-0.0707196 0.12455258 1.498
-0.068116091 0.12455258 1.498
-0.065512575 0.12455258 1.498
-0.062909067 0.12455258 1.498
-0.057586491 0.12430314 1.495
-0.054988194 0.12430314 1.495
-0.052389897 0.12430314 1.495
-0.049791604 0.12430314 1.495
-0.047193307 0.12430314 1.495
-0.044595011 0.12430314 1.495
-0.041996714 0.12430314 1.495
-0.039398421 0.12430314 1.495
-0.036800124 0.12430314 1.495
-0.034270462 0.12455258 1.498
-0.03160353 0.12430314 1.495
-0.029005237 0.12430314 1.495
-0.02640694 0.12430314 1.495
-0.023808645 0.12430314 1.495
-0.021210348 0.12430314 1.495
-0.018612053 0.12430314 1.495
-0.016045893 0.12455258 1.498
-0.013442382 0.12455258 1.498
-0.010838872 0.12455258 1.498
-0.0082353624 0.12455258 1.498
-0.0056318524 0.12455258 1.498
-0.0030283427 0.12455258 1.498
0.020362385 0.12430314 1.495
0.02296068 0.12430314 1.495
0.025558976 0.12430314 1.495
0.028157271 0.12430314 1.495
0.030755568 0.12430314 1.495
0.033353865 0.12430314 1.495
0.035952158 0.12430314 1.495
0.038550455 0.12430314 1.495
0.041148752 0.12430314 1.495
0.043747045 0.12430314 1.495
0.046345342 0.12430314 1.495
0.048943639 0.12430314 1.495
0.051541936 0.12430314 1.495
0.0749266 0.12430314 1.495
0.077524893 0.12430314 1.495
0.080123186 0.12430314 1.495
0.082721487 0.12430314 1.495
0.08531978 0.12430314 1.495
0.11130274 0.12430314 1.495
0.11390103 0.12430314 1.495
0.11649933 0.12430314 1.495
0.11909763 0.12430314 1.495
0.12169592 0.12430314 1.495
0.12429421 0.12430314 1.495
0.12689251 0.12430314 1.495
0.12949081 0.12430314 1.495
0.13208911 0.12430314 1.495
0.13468739 0.12430314 1.495
0.13728569 0.12430314 1.495
0.139884 0.12430314 1.495
0.14248228 0.12430314 1.495
0.14508058 0.12430314 1.495
0.14767888 0.12430314 1.495
0.14997561 0.12405369 1.492
-0.13580735 0.12715609 1.498
-0.13320383 0.12715609 1.498
-0.13060032 0.12715609 1.498
-0.12799682 0.12715609 1.498
-0.1253933 0.12715609 1.498
-0.12278979 0.12715609 1.498
-0.12018628 0.12715609 1.498
-0.11758278 0.12715609 1.498
-0.11497927 0.12715609 1.498
-0.11237576 0.12715609 1.498
-0.10977224 0.12715609 1.498
-0.10716873 0.12715609 1.498
-0.10456523 0.12715609 1.498
-0.10196172 0.12715609 1.498
-0.099358208 0.12715609 1.498
-0.0967547 0.12715609 1.498
-0.094151184 0.12715609 1.498
-0.091547675 0.12715609 1.498
-0.088944167 0.12715609 1.498
-0.086340658 0.12715609 1.498
-0.08373715 0.12715609 1.498
-0.081133634 0.12715609 1.498
-0.078530125 0.12715609 1.498
-0.075926617 0.12715609 1.498
-0.073323108 0.12715609 1.498
-0.0707196 0.12715609 1.498
-0.068116091 0.12715609 1.498
-0.065512575 0.12715609 1.498
-0.062909067 0.12715609 1.498
-0.060184784 0.12690143 1.495
-0.057586491 0.12690143 1.495
-0.054988194 0.12690143 1.495
-0.052389897 0.12690143 1.495
-0.049791604 0.12690143 1.495
-0.047193307 0.12690143 1.495
-0.044595011 0.12690143 1.495
-0.041996714 0.12690143 1.495
-0.039398421 0.12690143 1.495
-0.036800124 0.12690143 1.495
-0.034201827 0.12690143 1.495
-0.03160353 0.12690143 1.495
-0.029005237 0.12690143 1.495
-0.02640694 0.12690143 1.495
-0.023808645 0.12690143 1.495
-0.021210348 0.12690143 1.495
-0.018612053 0.12690143 1.495
-0.016013756 0.12690143 1.495
-0.013415461 0.12690143 1.495
-0.010838872 0.12715609 1.498
-0.0082353624 0.12715609 1.498
-0.0056318524 0.12715609 1.498
-0.0030283427 0.12715609 1.498
0.020362385 0.12690143 1.495
0.02296068 0.12690143 1.495
0.025558976 0.12690143 1.495
0.028157271 0.12690143 1.495
0.030755568 0.12690143 1.495
0.033353865 0.12690143 1.495
0.035952158 0.12690143 1.495
0.038550455 0.12690143 1.495
0.041148752 0.12690143 1.495
0.043747045 0.12690143 1.495
0.046345342 0.12690143 1.495
0.048943639 0.12690143 1.495
0.0749266 0.12690143 1.495
0.077524893 0.12690143 1.495
0.080123186 0.12690143 1.495
0.082721487 0.12690143 1.495
0.08531978 0.12690143 1.495
0.10870444 0.12690143 1.495
0.11130274 0.12690143 1.495
0.11390103 0.12690143 1.495
0.11649933 0.12690143 1.495
0.11909763 0.12690143 1.495
0.12169592 0.12690143 1.495
0.12429421 0.12690143 1.495
0.12689251 0.12690143 1.495
0.12949081 0.12690143 1.495
0.13208911 0.12690143 1.495
0.13468739 0.12690143 1.495
0.13728569 0.12690143 1.495
0.139884 0.12690143 1.495
0.14248228 0.12690143 1.495
0.14508058 0.12690143 1.495
0.14767888 0.12690143 1.495
-0.13060032 0.12975959 1.498
-0.12799682 0.12975959 1.498
-0.1253933 0.12975959 1.498
-0.12278979 0.12975959 1.498
-0.12018628 0.12975959 1.498
-0.11758278 0.12975959 1.498
-0.11497927 0.12975959 1.498
-0.11237576 0.12975959 1.498
-0.10977224 0.12975959 1.498
-0.10716873 0.12975959 1.498
-0.10456523 0.12975959 1.498
-0.0967547 0.12975959 1.498
-0.094151184 0.12975959 1.498
-0.091547675 0.12975959 1.498
-0.088944167 0.12975959 1.498
-0.086340658 0.12975959 1.498
-0.08373715 0.12975959 1.498
-0.081133634 0.12975959 1.498
-0.078530125 0.12975959 1.498
-0.075926617 0.12975959 1.498
-0.073323108 0.12975959 1.498
-0.0707196 0.12975959 1.498
-0.068116091 0.12975959 1.498
-0.065512575 0.12975959 1.498
-0.062783085 0.12949973 1.495
-0.060184784 0.12949973 1.495
-0.057586491 0.12949973 1.495
-0.054988194 0.12949973 1.495
-0.052389897 0.12949973 1.495
-0.049791604 0.12949973 1.495
-0.047193307 0.12949973 1.495
-0.044595011 0.12949973 1.495
-0.041996714 0.12949973 1.495
-0.039398421 0.12949973 1.495
-0.036800124 0.12949973 1.495
-0.034201827 0.12949973 1.495
-0.03160353 0.12949973 1.495
-0.029005237 0.12949973 1.495
-0.02640694 0.12949973 1.495
-0.023808645 0.12949973 1.495
-0.021210348 0.12949973 1.495
-0.018612053 0.12949973 1.495
-0.016013756 0.12949973 1.495
-0.013442382 0.12975959 1.498
-0.010838872 0.12975959 1.498
-0.0082353624 0.12975959 1.498
-0.0056318524 0.12975959 1.498
0.017764088 0.12949973 1.495
0.020362385 0.12949973 1.495
0.02296068 0.12949973 1.495
0.025558976 0.12949973 1.495
0.028157271 0.12949973 1.495
0.030755568 0.12949973 1.495
0.033353865 0.12949973 1.495
0.035952158 0.12949973 1.495
0.038550455 0.12949973 1.495
0.041148752 0.12949973 1.495
0.043747045 0.12949973 1.495
0.046345342 0.12949973 1.495
0.048943639 0.12949973 1.495
0.0749266 0.12949973 1.495
0.077524893 0.12949973 1.495
0.080123186 0.12949973 1.495
0.082721487 0.12949973 1.495
0.10610615 0.12949973 1.495
0.10870444 0.12949973 1.495
0.11130274 0.12949973 1.495
0.11390103 0.12949973 1.495
0.11649933 0.12949973 1.495
0.11909763 0.12949973 1.495
0.12169592 0.12949973 1.495
0.12429421 0.12949973 1.495
0.12689251 0.12949973 1.495
0.12949081 0.12949973 1.495
0.13208911 0.12949973 1.495
0.13468739 0.12949973 1.495
0.13728569 0.12949973 1.495
0.139884 0.12949973 1.495
0.14248228 0.12949973 1.495
0.14508058 0.12949973 1.495
0.14767888 0.12949973 1.495
-0.12278979 0.13236311 1.498
-0.12018628 0.13236311 1.498
-0.11758278 0.13236311 1.498
-0.11497927 0.13236311 1.498
-0.11237576 0.13236311 1.498
-0.10977224 0.13236311 1.498
-0.10716873 0.13236311 1.498
-0.086340658 0.13236311 1.498
-0.08373715 0.13236311 1.498
-0.081133634 0.13236311 1.498
-0.078530125 0.13236311 1.498
-0.075926617 0.13236311 1.498
-0.073323108 0.13236311 1.498
-0.0707196 0.13236311 1.498
-0.067979671 0.13209802 1.495
-0.065381378 0.13209802 1.495
-0.062783085 0.13209802 1.495
-0.060184784 0.13209802 1.495
-0.057586491 0.13209802 1.495
-0.054988194 0.13209802 1.495
-0.052389897 0.13209802 1.495
-0.049791604 0.13209802 1.495
-0.047193307 0.13209802 1.495
-0.044595011 0.13209802 1.495
-0.041996714 0.13209802 1.495
-0.039398421 0.13209802 1.495
-0.036800124 0.13209802 1.495
-0.034201827 0.13209802 1.495
-0.03160353 0.13209802 1.495
-0.029005237 0.13209802 1.495
-0.02640694 0.13209802 1.495
-0.023808645 0.13209802 1.495
-0.021210348 0.13209802 1.495
-0.018612053 0.13209802 1.495
-0.016013756 0.13209802 1.495
-0.013442382 0.13236311 1.498
-0.010838872 0.13236311 1.498
-0.0082353624 0.13236311 1.498
-0.0056318524 0.13236311 1.498
0.017764088 0.13209802 1.495
0.020362385 0.13209802 1.495
0.02296068 0.13209802 1.495
0.025558976 0.13209802 1.495
0.028157271 0.13209802 1.495
0.030755568 0.13209802 1.495
0.033353865 0.13209802 1.495
0.035952158 0.13209802 1.495
0.038550455 0.13209802 1.495
0.041148752 0.13209802 1.495
0.043747045 0.13209802 1.495
0.046345342 0.13209802 1.495
0.0749266 0.13209802 1.495
0.077524893 0.13209802 1.495
0.080123186 0.13209802 1.495
0.10610615 0.13209802 1.495
0.10870444 0.13209802 1.495
0.11130274 0.13209802 1.495
0.11390103 0.13209802 1.495
0.11649933 0.13209802 1.495
0.12429421 0.13209802 1.495
0.12689251 0.13209802 1.495
0.12949081 0.13209802 1.495
0.13208911 0.13209802 1.495
0.13468739 0.13209802 1.495
0.13728569 0.13209802 1.495
0.139884 0.13209802 1.495
0.14248228 0.13209802 1.495
0.14508058 0.13209802 1.495
0.14767888 0.13209802 1.495
-0.11497927 0.13496661 1.498
-0.11237576 0.13496661 1.498
-0.10977224 0.13496661 1.498
-0.10716873 0.13496661 1.498
-0.10456523 0.13496661 1.498
-0.073176265 0.13469632 1.495
-0.070577972 0.13469632 1.495
-0.067979671 0.13469632 1.495
-0.065381378 0.13469632 1.495
-0.062783085 0.13469632 1.495
-0.060184784 0.13469632 1.495
-0.057586491 0.13469632 1.495
-0.054988194 0.13469632 1.495
-0.052389897 0.13469632 1.495
-0.047193307 0.13469632 1.495
-0.044595011 0.13469632 1.495
-0.041996714 0.13469632 1.495
-0.039398421 0.13469632 1.495
-0.036800124 0.13469632 1.495
-0.034201827 0.13469632 1.495
-0.03160353 0.13469632 1.495
-0.029005237 0.13469632 1.495
-0.02640694 0.13469632 1.495
-0.023808645 0.13469632 1.495
-0.021210348 0.13469632 1.495
-0.018612053 0.13469632 1.495
-0.016013756 0.13469632 1.495
-0.013415461 0.13469632 1.495
-0.010838872 0.13496661 1.498
-0.0082353624 0.13496661 1.498
0.015165793 0.13469632 1.495
0.017764088 0.13469632 1.495
0.020362385 0.13469632 1.495
0.02296068 0.13469632 1.495
0.025558976 0.13469632 1.495
0.028157271 0.13469632 1.495
0.030755568 0.13469632 1.495
0.033353865 0.13469632 1.495
0.035952158 0.13469632 1.495
0.038550455 0.13469632 1.495
0.041148752 0.13469632 1.495
0.043747045 0.13469632 1.495
0.0749266 0.13469632 1.495
0.077524893 0.13469632 1.495
0.080123186 0.13469632 1.495
0.10350785 0.13469632 1.495
0.10610615 0.13469632 1.495
0.10870444 0.13469632 1.495
0.11130274 0.13469632 1.495
0.11390103 0.13469632 1.495
0.12429421 0.13469632 1.495
0.12689251 0.13469632 1.495
0.12949081 0.13469632 1.495
0.13208911 0.13469632 1.495
0.13468739 0.13469632 1.495
0.13728569 0.13469632 1.495
0.139884 0.13469632 1.495
0.14248228 0.13469632 1.495
0.14508058 0.13469632 1.495
0.14767888 0.13469632 1.495
-0.11237576 0.13757013 1.498
-0.10977224 0.13757013 1.498
-0.10716873 0.13757013 1.498
-0.10456523 0.13757013 1.498
-0.075774558 0.13729462 1.495
-0.073176265 0.13729462 1.495
-0.070577972 0.13729462 1.495
-0.067979671 0.13729462 1.495
-0.065381378 0.13729462 1.495
-0.062783085 0.13729462 1.495
-0.060184784 0.13729462 1.495
-0.057586491 0.13729462 1.495
-0.054988194 0.13729462 1.495
-0.052389897 0.13729462 1.495
-0.047193307 0.13729462 1.495
-0.044595011 0.13729462 1.495
-0.041996714 0.13729462 1.495
-0.039398421 0.13729462 1.495
-0.036800124 0.13729462 1.495
-0.034201827 0.13729462 1.495
-0.03160353 0.13729462 1.495
-0.029005237 0.13729462 1.495
-0.02640694 0.13729462 1.495
-0.023808645 0.13729462 1.495
-0.021210348 0.13729462 1.495
-0.018612053 0.13729462 1.495
-0.016013756 0.13729462 1.495
-0.013415461 0.13729462 1.495
0.015165793 0.13729462 1.495
0.017764088 0.13729462 1.495
0.020362385 0.13729462 1.495
0.02296068 0.13729462 1.495
0.025558976 0.13729462 1.495
0.041148752 0.13729462 1.495
0.0749266 0.13729462 1.495
0.077524893 0.13729462 1.495
0.080123186 0.13729462 1.495
0.10350785 0.13729462 1.495
0.10610615 0.13729462 1.495
0.10870444 0.13729462 1.495
0.11130274 0.13729462 1.495
0.12145171 0.13701911 1.492
0.12429421 0.13729462 1.495
0.12689251 0.13729462 1.495
0.12949081 0.13729462 1.495
0.13208911 0.13729462 1.495
0.13468739 0.13729462 1.495
0.13728569 0.13729462 1.495
0.139884 0.13729462 1.495
0.14248228 0.13729462 1.495
0.14508058 0.13729462 1.495
0.14767888 0.13729462 1.495
-0.10977224 0.14017363 1.498
-0.10716873 0.14017363 1.498
-0.10456523 0.14017363 1.498
-0.078372858 0.13989291 1.495
-0.075774558 0.13989291 1.495
-0.073176265 0.13989291 1.495
-0.070577972 0.13989291 1.495
-0.067979671 0.13989291 1.495
-0.065381378 0.13989291 1.495
-0.062783085 0.13989291 1.495
-0.060184784 0.13989291 1.495
-0.057586491 0.13989291 1.495
-0.054988194 0.13989291 1.495
-0.052389897 0.13989291 1.495
-0.047193307 0.13989291 1.495
-0.044595011 0.13989291 1.495
-0.041996714 0.13989291 1.495
-0.039398421 0.13989291 1.495
-0.036800124 0.13989291 1.495
-0.034201827 0.13989291 1.495
-0.03160353 0.13989291 1.495
-0.029005237 0.13989291 1.495
-0.02640694 0.13989291 1.495
-0.023808645 0.13989291 1.495
-0.021210348 0.13989291 1.495
-0.018612053 0.13989291 1.495
-0.016013756 0.13989291 1.495
-0.013415461 0.13989291 1.495
-0.010817165 0.13989291 1.495
0.015165793 0.13989291 1.495
0.017764088 0.13989291 1.495
0.020362385 0.13989291 1.495
0.02296068 0.13989291 1.495
0.0749266 0.13989291 1.495
0.077524893 0.13989291 1.495
0.080123186 0.13989291 1.495
0.10350785 0.13989291 1.495
0.10610615 0.13989291 1.495
0.10870444 0.13989291 1.495
0.11885864 0.13961218 1.492
0.12145171 0.13961218 1.492
0.12429421 0.13989291 1.495
0.12689251 0.13989291 1.495
0.12949081 0.13989291 1.495
0.13208911 0.13989291 1.495
0.13468739 0.13989291 1.495
0.13728569 0.13989291 1.495
0.139884 0.13989291 1.495
0.14248228 0.13989291 1.495
0.14508058 0.13989291 1.495
0.14767888 0.13989291 1.495
-0.10716873 0.14277714 1.498
-0.10456523 0.14277714 1.498
-0.10196172 0.14277714 1.498
-0.083569445 0.14249121 1.495
-0.080971152 0.14249121 1.495
-0.078372858 0.14249121 1.495
-0.075774558 0.14249121 1.495
-0.073176265 0.14249121 1.495
-0.070577972 0.14249121 1.495
-0.067979671 0.14249121 1.495
-0.065381378 0.14249121 1.495
-0.062783085 0.14249121 1.495
-0.060184784 0.14249121 1.495
-0.057586491 0.14249121 1.495
-0.054988194 0.14249121 1.495
-0.052389897 0.14249121 1.495
-0.049791604 0.14249121 1.495
-0.047193307 0.14249121 1.495
-0.044595011 0.14249121 1.495
-0.041996714 0.14249121 1.495
-0.039398421 0.14249121 1.495
-0.036800124 0.14249121 1.495
-0.034270462 0.14277714 1.498
-0.031666949 0.14277714 1.498
-0.029005237 0.14249121 1.495
-0.02640694 0.14249121 1.495
-0.023808645 0.14249121 1.495
-0.021210348 0.14249121 1.495
-0.018612053 0.14249121 1.495
-0.016013756 0.14249121 1.495
-0.013415461 0.14249121 1.495
-0.010817165 0.14249121 1.495
-0.0082188696 0.14249121 1.495
0.015165793 0.14249121 1.495
0.017764088 0.14249121 1.495
0.020362385 0.14249121 1.495
0.0749266 0.14249121 1.495
0.077524893 0.14249121 1.495
0.080123186 0.14249121 1.495
0.10350785 0.14249121 1.495
0.10610615 0.14249121 1.495
0.11367247 0.14220527 1.492
0.11626555 0.14220527 1.492
0.11885864 0.14220527 1.492
0.12145171 0.14220527 1.492
0.12429421 0.14249121 1.495
0.12689251 0.14249121 1.495
0.12949081 0.14249121 1.495
0.13208911 0.14249121 1.495
0.13468739 0.14249121 1.495
0.13728569 0.14249121 1.495
0.139884 0.14249121 1.495
0.14248228 0.14249121 1.495
0.14508058 0.14249121 1.495
0.14767888 0.14249121 1.495
-0.10456523 0.14538066 1.498
-0.10196172 0.14538066 1.498
-0.099358208 0.14538066 1.498
-0.086167745 0.14508951 1.495
-0.083569445 0.14508951 1.495
-0.080971152 0.14508951 1.495
-0.078372858 0.14508951 1.495
-0.075774558 0.14508951 1.495
-0.073176265 0.14508951 1.495
-0.070577972 0.14508951 1.495
-0.067979671 0.14508951 1.495
-0.065381378 0.14508951 1.495
-0.062783085 0.14508951 1.495
-0.060184784 0.14508951 1.495
-0.057586491 0.14508951 1.495
-0.054988194 0.14508951 1.495
-0.052389897 0.14508951 1.495
-0.049791604 0.14508951 1.495
-0.047193307 0.14508951 1.495
-0.044595011 0.14508951 1.495
-0.041996714 0.14508951 1.495
-0.039398421 0.14508951 1.495
-0.03687397 0.14538066 1.498
-0.034270462 0.14538066 1.498
-0.031666949 0.14538066 1.498
-0.029063441 0.14538066 1.498
-0.02640694 0.14508951 1.495
-0.023808645 0.14508951 1.495
-0.021210348 0.14508951 1.495
-0.018612053 0.14508951 1.495
-0.016013756 0.14508951 1.495
-0.013415461 0.14508951 1.495
-0.010817165 0.14508951 1.495
-0.0082188696 0.14508951 1.495
-0.0056205736 0.14508951 1.495
0.015165793 0.14508951 1.495
0.017764088 0.14508951 1.495
0.0749266 0.14508951 1.495
0.077524893 0.14508951 1.495
0.080123186 0.14508951 1.495
0.10090955 0.14508951 1.495
0.10350785 0.14508951 1.495
0.11107939 0.14479835 1.492
0.11367247 0.14479835 1.492
0.11626555 0.14479835 1.492
0.11885864 0.14479835 1.492
0.12169592 0.14508951 1.495
0.12429421 0.14508951 1.495
0.12689251 0.14508951 1.495
0.12949081 0.14508951 1.495
0.13208911 0.14508951 1.495
0.13468739 0.14508951 1.495
0.13728569 0.14508951 1.495
0.139884 0.14508951 1.495
0.14248228 0.14508951 1.495
0.14508058 0.14508951 1.495
0.14767888 0.14508951 1.495
-0.10456523 0.14798416 1.498
-0.10196172 0.14798416 1.498
-0.099358208 0.14798416 1.498
-0.0967547 0.14798416 1.498
-0.088766038 0.14768779 1.495
-0.086167745 0.14768779 1.495
-0.083569445 0.14768779 1.495
-0.080971152 0.14768779 1.495
-0.078372858 0.14768779 1.495
-0.075774558 0.14768779 1.495
-0.073176265 0.14768779 1.495
-0.070577972 0.14768779 1.495
-0.067979671 0.14768779 1.495
-0.065381378 0.14768779 1.495
-0.062783085 0.14768779 1.495
-0.060184784 0.14768779 1.495
-0.057586491 0.14768779 1.495
-0.054988194 0.14768779 1.495
-0.052389897 0.14768779 1.495
-0.049791604 0.14768779 1.495
-0.047193307 0.14768779 1.495
-0.044595011 0.14768779 1.495
-0.041996714 0.14768779 1.495
-0.039477479 0.14798416 1.498
-0.03687397 0.14798416 1.498
-0.034270462 0.14798416 1.498
-0.031666949 0.14798416 1.498
-0.029063441 0.14798416 1.498
-0.02645993 0.14798416 1.498
-0.023808645 0.14768779 1.495
-0.021210348 0.14768779 1.495
-0.018612053 0.14768779 1.495
-0.016013756 0.14768779 1.495
-0.013415461 0.14768779 1.495
-0.010817165 0.14768779 1.495
-0.0082188696 0.14768779 1.495
-0.0056205736 0.14768779 1.495
-0.003022278 0.14768779 1.495
0.012567497 0.14768779 1.495
0.015165793 0.14768779 1.495
0.017764088 0.14768779 1.495
0.0749266 0.14768779 1.495
0.077524893 0.14768779 1.495
0.080123186 0.14768779 1.495
0.09831126 0.14768779 1.495
0.10090955 0.14768779 1.495
0.10350785 0.14768779 1.495
0.1084863 0.14739144 1.492
0.11107939 0.14739144 1.492
0.11367247 0.14739144 1.492
0.11626555 0.14739144 1.492
0.11885864 0.14739144 1.492
0.12169592 0.14768779 1.495
0.12429421 0.14768779 1.495
0.12689251 0.14768779 1.495
0.12949081 0.14768779 1.495
0.13208911 0.14768779 1.495
0.13468739 0.14768779 1.495
0.13728569 0.14768779 1.495
0.139884 0.14768779 1.495
0.14248228 0.14768779 1.495
0.14508058 0.14768779 1.495
0.14767888 0.14768779 1.495
0.10589322 0.14998451 1.492
0.1084863 0.14998451 1.492
0.11107939 0.14998451 1.492
0.11367247 0.14998451 1.492
0.11626555 0.14998451 1.492
