# .PCD v0.7 - Point Cloud Data file format
VERSION 0.7
FIELDS x y z
SIZE 4 4 4
TYPE F F F
COUNT 1 1 1
WIDTH 23581
HEIGHT 1
VIEWPOINT 0 0 0 1 0 0 0
POINTS 23581
DATA ascii
-0.19882105 -0.1988121 1.502
-0.19621059 -0.1988121 1.502
-0.19360013 -0.1988121 1.502
-0.19098967 -0.1988121 1.502
-0.18837921 -0.1988121 1.502
-0.18576875 -0.1988121 1.502
-0.18315829 -0.1988121 1.502
-0.18054782 -0.1988121 1.502
-0.17793736 -0.1988121 1.502
-0.1753269 -0.1988121 1.502
-0.17271644 -0.1988121 1.502
-0.17010598 -0.1988121 1.502
-0.16749552 -0.1988121 1.502
-0.16444595 -0.19828264 1.498
-0.16184244 -0.19828264 1.498
-0.15923893 -0.19828264 1.498
-0.15663542 -0.19828264 1.498
-0.15403192 -0.19828264 1.498
-0.1514284 -0.19828264 1.498
-0.14882489 -0.19828264 1.498
-0.14622138 -0.19828264 1.498
-0.14400136 -0.1988121 1.502
-0.1413909 -0.1988121 1.502
-0.13878043 -0.1988121 1.502
-0.13616997 -0.1988121 1.502
-0.13355951 -0.1988121 1.502
-0.13094905 -0.1988121 1.502
-0.12859493 -0.1992092 1.505
-0.12597924 -0.1992092 1.505
-0.12336358 -0.1992092 1.505
-0.1205072 -0.1988121 1.502
-0.11789674 -0.1988121 1.502
-0.11497927 -0.19828264 1.498
-0.11237576 -0.19828264 1.498
-0.10977224 -0.19828264 1.498
-0.10716873 -0.19828264 1.498
-0.10435581 -0.19788554 1.495
-0.10175752 -0.19788554 1.495
-0.099159226 -0.19788554 1.495
-0.096560925 -0.19788554 1.495
-0.093962632 -0.19788554 1.495
-0.091364339 -0.19788554 1.495
-0.088766038 -0.19788554 1.495
-0.086167745 -0.19788554 1.495
-0.083569445 -0.19788554 1.495
-0.080971152 -0.19788554 1.495
-0.078372858 -0.19788554 1.495
-0.075774558 -0.19788554 1.495
-0.073176265 -0.19788554 1.495
-0.070577972 -0.19788554 1.495
-0.067979671 -0.19788554 1.495
-0.065381378 -0.19788554 1.495
-0.062783085 -0.19788554 1.495
-0.060184784 -0.19788554 1.495
-0.057586491 -0.19788554 1.495
-0.055098537 -0.19828264 1.498
-0.052495029 -0.19828264 1.498
-0.05002474 -0.1988121 1.502
-0.047414277 -0.1988121 1.502
-0.044803817 -0.1988121 1.502
-0.042193353 -0.1988121 1.502
-0.039582893 -0.1988121 1.502
-0.03697243 -0.1988121 1.502
-0.03436197 -0.1988121 1.502
-0.031751506 -0.1988121 1.502
-0.029141046 -0.1988121 1.502
-0.026530584 -0.1988121 1.502
-0.023920123 -0.1988121 1.502
-0.021309661 -0.1988121 1.502
-0.018649401 -0.19828264 1.498
-0.016045893 -0.19828264 1.498
-0.013442382 -0.19828264 1.498
-0.010838872 -0.19828264 1.498
-0.0082353624 -0.19828264 1.498
-0.0056318524 -0.19828264 1.498
-0.0030283427 -0.19828264 1.498
-0.00042483292 -0.19828264 1.498
0.0021786769 -0.19828264 1.498
0.0047821868 -0.19828264 1.498
0.0073856968 -0.19828264 1.498
0.0099892067 -0.19828264 1.498
0.012626342 -0.1988121 1.502
0.015236803 -0.1988121 1.502
0.017847264 -0.1988121 1.502
0.020498587 -0.1992092 1.505
0.023114264 -0.1992092 1.505
0.025729939 -0.1992092 1.505
0.028345615 -0.1992092 1.505
0.03096129 -0.1992092 1.505
0.033510033 -0.1988121 1.502
0.036120497 -0.1988121 1.502
0.038730957 -0.1988121 1.502
0.04134142 -0.1988121 1.502
0.04395188 -0.1988121 1.502
0.046562344 -0.1988121 1.502
0.049041852 -0.19828264 1.498
0.051645365 -0.19828264 1.498
0.054248873 -0.19828264 1.498
0.056852382 -0.19828264 1.498
0.059455894 -0.19828264 1.498
0.062059402 -0.19828264 1.498
0.064662911 -0.19828264 1.498
0.06726642 -0.19828264 1.498
0.069869936 -0.19828264 1.498
0.072473444 -0.19828264 1.498
0.075076953 -0.19828264 1.498
0.077680461 -0.19828264 1.498
0.08028397 -0.19828264 1.498
0.082887478 -0.19828264 1.498
0.085490994 -0.19828264 1.498
0.088094503 -0.19828264 1.498
0.090698011 -0.19828264 1.498
0.09330152 -0.19828264 1.498
0.095905028 -0.19828264 1.498
0.098508537 -0.19828264 1.498
0.10111205 -0.19828264 1.498
0.10371556 -0.19828264 1.498
0.10610615 -0.19788554 1.495
0.10870444 -0.19788554 1.495
0.11130274 -0.19788554 1.495
0.11390103 -0.19788554 1.495
0.11649933 -0.19788554 1.495
0.11909763 -0.19788554 1.495
0.12169592 -0.19788554 1.495
0.12429421 -0.19788554 1.495
0.12689251 -0.19788554 1.495
0.12949081 -0.19788554 1.495
0.13208911 -0.19788554 1.495
0.13468739 -0.19788554 1.495
0.13728569 -0.19788554 1.495
0.139884 -0.19788554 1.495
0.14248228 -0.19788554 1.495
0.14508058 -0.19788554 1.495
0.14797522 -0.19828264 1.498
0.15057874 -0.19828264 1.498
0.15318225 -0.19828264 1.498
0.15620174 -0.1988121 1.502
0.1588122 -0.1988121 1.502
0.16142265 -0.1988121 1.502
0.16403311 -0.1988121 1.502
0.16664357 -0.1988121 1.502
0.16925405 -0.1988121 1.502
0.17140682 -0.19828264 1.498
0.17401032 -0.19828264 1.498
0.17661384 -0.19828264 1.498
0.17921734 -0.19828264 1.498
0.18182085 -0.19828264 1.498
0.18442437 -0.19828264 1.498
0.18702787 -0.19828264 1.498
0.18963139 -0.19828264 1.498
0.19223489 -0.19828264 1.498
0.1948384 -0.19828264 1.498
0.19744192 -0.19828264 1.498
-0.19882105 -0.19620164 1.502
-0.19621059 -0.19620164 1.502
-0.19360013 -0.19620164 1.502
-0.19098967 -0.19620164 1.502
-0.18837921 -0.19620164 1.502
-0.18576875 -0.19620164 1.502
-0.18315829 -0.19620164 1.502
-0.18054782 -0.19620164 1.502
-0.17793736 -0.19620164 1.502
-0.1753269 -0.19620164 1.502
-0.17271644 -0.19620164 1.502
-0.17010598 -0.19620164 1.502
-0.16749552 -0.19620164 1.502
-0.16488506 -0.19620164 1.502
-0.16184244 -0.19567913 1.498
-0.15923893 -0.19567913 1.498
-0.15663542 -0.19567913 1.498
-0.15403192 -0.19567913 1.498
-0.1514284 -0.19567913 1.498
-0.14882489 -0.19567913 1.498
-0.14622138 -0.19567913 1.498
-0.14400136 -0.19620164 1.502
-0.1413909 -0.19620164 1.502
-0.13878043 -0.19620164 1.502
-0.13616997 -0.19620164 1.502
-0.13355951 -0.19620164 1.502
-0.13094905 -0.19620164 1.502
-0.12859493 -0.19659352 1.505
-0.12572813 -0.19620164 1.502
-0.12311767 -0.19620164 1.502
-0.1205072 -0.19620164 1.502
-0.11789674 -0.19620164 1.502
-0.11497927 -0.19567913 1.498
-0.11237576 -0.19567913 1.498
-0.10977224 -0.19567913 1.498
-0.10716873 -0.19567913 1.498
-0.10435581 -0.19528724 1.495
-0.10175752 -0.19528724 1.495
-0.099159226 -0.19528724 1.495
-0.096560925 -0.19528724 1.495
-0.093962632 -0.19528724 1.495
-0.091364339 -0.19528724 1.495
-0.088766038 -0.19528724 1.495
-0.086167745 -0.19528724 1.495
-0.083569445 -0.19528724 1.495
-0.080971152 -0.19528724 1.495
-0.078372858 -0.19528724 1.495
-0.075774558 -0.19528724 1.495
-0.073176265 -0.19528724 1.495
-0.070577972 -0.19528724 1.495
-0.067979671 -0.19528724 1.495
-0.065381378 -0.19528724 1.495
-0.062783085 -0.19528724 1.495
-0.060184784 -0.19528724 1.495
-0.057586491 -0.19528724 1.495
-0.054988194 -0.19528724 1.495
-0.052495029 -0.19567913 1.498
-0.04989152 -0.19567913 1.498
-0.047414277 -0.19620164 1.502
-0.044803817 -0.19620164 1.502
-0.042193353 -0.19620164 1.502
-0.039582893 -0.19620164 1.502
-0.03697243 -0.19620164 1.502
-0.03436197 -0.19620164 1.502
-0.031751506 -0.19620164 1.502
-0.029141046 -0.19620164 1.502
-0.026530584 -0.19620164 1.502
-0.023920123 -0.19620164 1.502
-0.021309661 -0.19620164 1.502
-0.018699199 -0.19620164 1.502
-0.016045893 -0.19567913 1.498
-0.013442382 -0.19567913 1.498
-0.010838872 -0.19567913 1.498
-0.0082353624 -0.19567913 1.498
-0.0056318524 -0.19567913 1.498
-0.0030283427 -0.19567913 1.498
-0.00042483292 -0.19567913 1.498
0.0021786769 -0.19567913 1.498
0.0047821868 -0.19567913 1.498
0.0073856968 -0.19567913 1.498
0.0099892067 -0.19567913 1.498
0.012626342 -0.19620164 1.502
0.015236803 -0.19620164 1.502
0.017847264 -0.19620164 1.502
0.020457726 -0.19620164 1.502
0.023114264 -0.19659352 1.505
0.025729939 -0.19659352 1.505
0.028345615 -0.19659352 1.505
0.030899573 -0.19620164 1.502
0.033510033 -0.19620164 1.502
0.036120497 -0.19620164 1.502
0.038730957 -0.19620164 1.502
0.04134142 -0.19620164 1.502
0.04395188 -0.19620164 1.502
0.046562344 -0.19620164 1.502
0.049041852 -0.19567913 1.498
0.051645365 -0.19567913 1.498
0.054248873 -0.19567913 1.498
0.056852382 -0.19567913 1.498
0.059455894 -0.19567913 1.498
0.062059402 -0.19567913 1.498
0.064662911 -0.19567913 1.498
0.067131706 -0.19528724 1.495
0.069730006 -0.19528724 1.495
0.072328299 -0.19528724 1.495
0.0749266 -0.19528724 1.495
0.077524893 -0.19528724 1.495
0.08028397 -0.19567913 1.498
0.082887478 -0.19567913 1.498
0.085490994 -0.19567913 1.498
0.088094503 -0.19567913 1.498
0.090698011 -0.19567913 1.498
0.09330152 -0.19567913 1.498
0.095905028 -0.19567913 1.498
0.098508537 -0.19567913 1.498
0.10111205 -0.19567913 1.498
0.10371556 -0.19567913 1.498
0.10631907 -0.19567913 1.498
0.10870444 -0.19528724 1.495
0.11130274 -0.19528724 1.495
0.11390103 -0.19528724 1.495
0.11649933 -0.19528724 1.495
0.11909763 -0.19528724 1.495
0.12169592 -0.19528724 1.495
0.12429421 -0.19528724 1.495
0.12689251 -0.19528724 1.495
0.12923096 -0.19489537 1.492
0.13182405 -0.19489537 1.492
0.13468739 -0.19528724 1.495
0.13728569 -0.19528724 1.495
0.139884 -0.19528724 1.495
0.14248228 -0.19528724 1.495
0.14508058 -0.19528724 1.495
0.14767888 -0.19528724 1.495
0.15027718 -0.19528724 1.495
0.15318225 -0.19567913 1.498
0.15620174 -0.19620164 1.502
0.1588122 -0.19620164 1.502
0.16142265 -0.19620164 1.502
0.16403311 -0.19620164 1.502
0.16664357 -0.19620164 1.502
0.16925405 -0.19620164 1.502
0.17186451 -0.19620164 1.502
0.17401032 -0.19567913 1.498
0.17661384 -0.19567913 1.498
0.17921734 -0.19567913 1.498
0.18182085 -0.19567913 1.498
0.18442437 -0.19567913 1.498
0.18702787 -0.19567913 1.498
0.18963139 -0.19567913 1.498
0.19223489 -0.19567913 1.498
0.1948384 -0.19567913 1.498
0.19744192 -0.19567913 1.498
-0.19882105 -0.19359118 1.502
-0.19621059 -0.19359118 1.502
-0.19360013 -0.19359118 1.502
-0.19098967 -0.19359118 1.502
-0.18837921 -0.19359118 1.502
-0.18576875 -0.19359118 1.502
-0.18315829 -0.19359118 1.502
-0.18054782 -0.19359118 1.502
-0.17793736 -0.19359118 1.502
-0.1753269 -0.19359118 1.502
-0.17271644 -0.19359118 1.502
-0.17010598 -0.19359118 1.502
-0.16749552 -0.19359118 1.502
-0.16488506 -0.19359118 1.502
-0.16184244 -0.19307563 1.498
-0.15923893 -0.19307563 1.498
-0.15663542 -0.19307563 1.498
-0.15403192 -0.19307563 1.498
-0.1514284 -0.19307563 1.498
-0.14882489 -0.19307563 1.498
-0.14661182 -0.19359118 1.502
-0.14400136 -0.19359118 1.502
-0.1413909 -0.19359118 1.502
-0.13878043 -0.19359118 1.502
-0.13616997 -0.19359118 1.502
-0.13355951 -0.19359118 1.502
-0.13094905 -0.19359118 1.502
-0.12859493 -0.19397785 1.505
-0.12572813 -0.19359118 1.502
-0.12311767 -0.19359118 1.502
-0.1205072 -0.19359118 1.502
-0.11789674 -0.19359118 1.502
-0.11528628 -0.19359118 1.502
-0.11237576 -0.19307563 1.498
-0.10977224 -0.19307563 1.498
-0.10716873 -0.19307563 1.498
-0.10435581 -0.19268896 1.495
-0.10175752 -0.19268896 1.495
-0.099159226 -0.19268896 1.495
-0.096560925 -0.19268896 1.495
-0.093962632 -0.19268896 1.495
-0.091364339 -0.19268896 1.495
-0.088766038 -0.19268896 1.495
-0.086167745 -0.19268896 1.495
-0.083569445 -0.19268896 1.495
-0.080971152 -0.19268896 1.495
-0.078372858 -0.19268896 1.495
-0.075774558 -0.19268896 1.495
-0.073176265 -0.19268896 1.495
-0.070577972 -0.19268896 1.495
-0.067979671 -0.19268896 1.495
-0.065381378 -0.19268896 1.495
-0.062783085 -0.19268896 1.495
-0.060184784 -0.19268896 1.495
-0.057586491 -0.19268896 1.495
-0.055098537 -0.19307563 1.498
-0.052495029 -0.19307563 1.498
-0.04989152 -0.19307563 1.498
-0.047414277 -0.19359118 1.502
-0.044803817 -0.19359118 1.502
-0.042193353 -0.19359118 1.502
-0.039582893 -0.19359118 1.502
-0.03697243 -0.19359118 1.502
-0.03436197 -0.19359118 1.502
-0.031751506 -0.19359118 1.502
-0.029141046 -0.19359118 1.502
-0.026530584 -0.19359118 1.502
-0.023920123 -0.19359118 1.502
-0.021309661 -0.19359118 1.502
-0.018699199 -0.19359118 1.502
-0.016045893 -0.19307563 1.498
-0.013442382 -0.19307563 1.498
-0.010838872 -0.19307563 1.498
-0.0082353624 -0.19307563 1.498
-0.0056318524 -0.19307563 1.498
-0.0030283427 -0.19307563 1.498
-0.00042483292 -0.19307563 1.498
0.0021786769 -0.19307563 1.498
0.0047821868 -0.19307563 1.498
0.007405418 -0.19359118 1.502
0.01001588 -0.19359118 1.502
0.012626342 -0.19359118 1.502
0.015236803 -0.19359118 1.502
0.017847264 -0.19359118 1.502
0.020457726 -0.19359118 1.502
0.023114264 -0.19397785 1.505
0.025729939 -0.19397785 1.505
0.028289111 -0.19359118 1.502
0.030899573 -0.19359118 1.502
0.033510033 -0.19359118 1.502
0.036120497 -0.19359118 1.502
0.038730957 -0.19359118 1.502
0.04134142 -0.19359118 1.502
0.04395188 -0.19359118 1.502
0.046562344 -0.19359118 1.502
0.049041852 -0.19307563 1.498
0.051645365 -0.19307563 1.498
0.054248873 -0.19307563 1.498
0.056852382 -0.19307563 1.498
0.059455894 -0.19307563 1.498
0.062059402 -0.19307563 1.498
0.064662911 -0.19307563 1.498
0.06726642 -0.19307563 1.498
0.069730006 -0.19268896 1.495
0.072328299 -0.19268896 1.495
0.0749266 -0.19268896 1.495
0.077524893 -0.19268896 1.495
0.080123186 -0.19268896 1.495
0.082887478 -0.19307563 1.498
0.085490994 -0.19307563 1.498
0.088094503 -0.19307563 1.498
0.090698011 -0.19307563 1.498
0.09330152 -0.19307563 1.498
0.095905028 -0.19307563 1.498
0.098508537 -0.19307563 1.498
0.10111205 -0.19307563 1.498
0.10371556 -0.19307563 1.498
0.10631907 -0.19307563 1.498
0.10870444 -0.19268896 1.495
0.11130274 -0.19268896 1.495
0.11390103 -0.19268896 1.495
0.11649933 -0.19268896 1.495
0.11909763 -0.19268896 1.495
0.12169592 -0.19268896 1.495
0.12429421 -0.19268896 1.495
0.12663788 -0.19230229 1.492
0.12923096 -0.19230229 1.492
0.13182405 -0.19230229 1.492
0.13468739 -0.19268896 1.495
0.13728569 -0.19268896 1.495
0.139884 -0.19268896 1.495
0.14248228 -0.19268896 1.495
0.14508058 -0.19268896 1.495
0.14767888 -0.19268896 1.495
0.15027718 -0.19268896 1.495
0.15318225 -0.19307563 1.498
0.15620174 -0.19359118 1.502
0.1588122 -0.19359118 1.502
0.16142265 -0.19359118 1.502
0.16403311 -0.19359118 1.502
0.16664357 -0.19359118 1.502
0.16925405 -0.19359118 1.502
0.17186451 -0.19359118 1.502
0.17401032 -0.19307563 1.498
0.17661384 -0.19307563 1.498
0.17921734 -0.19307563 1.498
0.18182085 -0.19307563 1.498
0.18442437 -0.19307563 1.498
0.18702787 -0.19307563 1.498
0.18963139 -0.19307563 1.498
0.19223489 -0.19307563 1.498
0.1948384 -0.19307563 1.498
0.19744192 -0.19307563 1.498
-0.19921817 -0.19136216 1.505
-0.19660249 -0.19136216 1.505
-0.19360013 -0.1909807 1.502
-0.19098967 -0.1909807 1.502
-0.18837921 -0.1909807 1.502
-0.18576875 -0.1909807 1.502
-0.18315829 -0.1909807 1.502
-0.18054782 -0.1909807 1.502
-0.17793736 -0.1909807 1.502
-0.1753269 -0.1909807 1.502
-0.17271644 -0.1909807 1.502
-0.17010598 -0.1909807 1.502
-0.16749552 -0.1909807 1.502
-0.16488506 -0.1909807 1.502
-0.1622746 -0.1909807 1.502
-0.15966412 -0.1909807 1.502
-0.15705366 -0.1909807 1.502
-0.1544432 -0.1909807 1.502
-0.1514284 -0.19047211 1.498
-0.14922228 -0.1909807 1.502
-0.14661182 -0.1909807 1.502
-0.14400136 -0.1909807 1.502
-0.1413909 -0.1909807 1.502
-0.13878043 -0.1909807 1.502
-0.13616997 -0.1909807 1.502
-0.13355951 -0.1909807 1.502
-0.13121061 -0.19136216 1.505
-0.12859493 -0.19136216 1.505
-0.12572813 -0.1909807 1.502
-0.12311767 -0.1909807 1.502
-0.1205072 -0.1909807 1.502
-0.11789674 -0.1909807 1.502
-0.11528628 -0.1909807 1.502
-0.11237576 -0.19047211 1.498
-0.10977224 -0.19047211 1.498
-0.10716873 -0.19047211 1.498
-0.10456523 -0.19047211 1.498
-0.10196172 -0.19047211 1.498
-0.099159226 -0.19009066 1.495
-0.096560925 -0.19009066 1.495
-0.093962632 -0.19009066 1.495
-0.091364339 -0.19009066 1.495
-0.088766038 -0.19009066 1.495
-0.086167745 -0.19009066 1.495
-0.083569445 -0.19009066 1.495
-0.080971152 -0.19009066 1.495
-0.078372858 -0.19009066 1.495
-0.075774558 -0.19009066 1.495
-0.073323108 -0.19047211 1.498
-0.070577972 -0.19009066 1.495
-0.067979671 -0.19009066 1.495
-0.065381378 -0.19009066 1.495
-0.062783085 -0.19009066 1.495
-0.060184784 -0.19009066 1.495
-0.05770205 -0.19047211 1.498
-0.055098537 -0.19047211 1.498
-0.052495029 -0.19047211 1.498
-0.04989152 -0.19047211 1.498
-0.047414277 -0.1909807 1.502
-0.044803817 -0.1909807 1.502
-0.042193353 -0.1909807 1.502
-0.039582893 -0.1909807 1.502
-0.03697243 -0.1909807 1.502
-0.03436197 -0.1909807 1.502
-0.031751506 -0.1909807 1.502
-0.029141046 -0.1909807 1.502
-0.026530584 -0.1909807 1.502
-0.023920123 -0.1909807 1.502
-0.021309661 -0.1909807 1.502
-0.018699199 -0.1909807 1.502
-0.016088737 -0.1909807 1.502
-0.013478275 -0.1909807 1.502
-0.010838872 -0.19047211 1.498
-0.0082353624 -0.19047211 1.498
-0.0056318524 -0.19047211 1.498
-0.0030283427 -0.19047211 1.498
-0.00042483292 -0.19047211 1.498
0.0021786769 -0.19047211 1.498
0.0047821868 -0.19047211 1.498
0.007405418 -0.1909807 1.502
0.01001588 -0.1909807 1.502
0.012626342 -0.1909807 1.502
0.015236803 -0.1909807 1.502
0.017847264 -0.1909807 1.502
0.020457726 -0.1909807 1.502
0.023068188 -0.1909807 1.502
0.02567865 -0.1909807 1.502
0.028289111 -0.1909807 1.502
0.030899573 -0.1909807 1.502
0.033510033 -0.1909807 1.502
0.036120497 -0.1909807 1.502
0.038730957 -0.1909807 1.502
0.04134142 -0.1909807 1.502
0.04395188 -0.1909807 1.502
0.046562344 -0.1909807 1.502
0.049041852 -0.19047211 1.498
0.051645365 -0.19047211 1.498
0.054248873 -0.19047211 1.498
0.056852382 -0.19047211 1.498
0.059455894 -0.19047211 1.498
0.062059402 -0.19047211 1.498
0.064662911 -0.19047211 1.498
0.06726642 -0.19047211 1.498
0.069730006 -0.19009066 1.495
0.072328299 -0.19009066 1.495
0.0749266 -0.19009066 1.495
0.077524893 -0.19009066 1.495
0.08028397 -0.19047211 1.498
0.082887478 -0.19047211 1.498
0.085490994 -0.19047211 1.498
0.088094503 -0.19047211 1.498
0.090698011 -0.19047211 1.498
0.09330152 -0.19047211 1.498
0.095905028 -0.19047211 1.498
0.098508537 -0.19047211 1.498
0.10111205 -0.19047211 1.498
0.10371556 -0.19047211 1.498
0.10631907 -0.19047211 1.498
0.10892258 -0.19047211 1.498
0.11130274 -0.19009066 1.495
0.11390103 -0.19009066 1.495
0.11649933 -0.19009066 1.495
0.11909763 -0.19009066 1.495
0.12169592 -0.19009066 1.495
0.12429421 -0.19009066 1.495
0.12663788 -0.1897092 1.492
0.12923096 -0.1897092 1.492
0.13182405 -0.1897092 1.492
0.13468739 -0.19009066 1.495
0.13728569 -0.19009066 1.495
0.139884 -0.19009066 1.495
0.14248228 -0.19009066 1.495
0.14508058 -0.19009066 1.495
0.14767888 -0.19009066 1.495
0.15027718 -0.19009066 1.495
0.15318225 -0.19047211 1.498
0.15620174 -0.1909807 1.502
0.1588122 -0.1909807 1.502
0.16142265 -0.1909807 1.502
0.16403311 -0.1909807 1.502
0.16664357 -0.1909807 1.502
0.16925405 -0.1909807 1.502
0.17186451 -0.1909807 1.502
0.17447497 -0.1909807 1.502
0.17661384 -0.19047211 1.498
0.17921734 -0.19047211 1.498
0.18182085 -0.19047211 1.498
0.18442437 -0.19047211 1.498
0.18702787 -0.19047211 1.498
0.18963139 -0.19047211 1.498
0.19223489 -0.19047211 1.498
0.1948384 -0.19047211 1.498
0.19744192 -0.19047211 1.498
-0.19921817 -0.18874648 1.505
-0.19660249 -0.18874648 1.505
-0.19398682 -0.18874648 1.505
-0.19098967 -0.18837024 1.502
-0.18837921 -0.18837024 1.502
-0.18576875 -0.18837024 1.502
-0.18315829 -0.18837024 1.502
-0.18054782 -0.18837024 1.502
-0.17793736 -0.18837024 1.502
-0.1753269 -0.18837024 1.502
-0.17271644 -0.18837024 1.502
-0.17010598 -0.18837024 1.502
-0.16749552 -0.18837024 1.502
-0.16488506 -0.18837024 1.502
-0.1622746 -0.18837024 1.502
-0.15966412 -0.18837024 1.502
-0.15705366 -0.18837024 1.502
-0.1544432 -0.18837024 1.502
-0.15183274 -0.18837024 1.502
-0.14922228 -0.18837024 1.502
-0.14661182 -0.18837024 1.502
-0.14400136 -0.18837024 1.502
-0.1413909 -0.18837024 1.502
-0.13878043 -0.18837024 1.502
-0.13616997 -0.18837024 1.502
-0.13382629 -0.18874648 1.505
-0.13121061 -0.18874648 1.505
-0.12859493 -0.18874648 1.505
-0.12597924 -0.18874648 1.505
-0.12311767 -0.18837024 1.502
-0.1205072 -0.18837024 1.502
-0.11789674 -0.18837024 1.502
-0.11528628 -0.18837024 1.502
-0.11267582 -0.18837024 1.502
-0.11006536 -0.18837024 1.502
-0.10716873 -0.1878686 1.498
-0.10456523 -0.1878686 1.498
-0.10196172 -0.1878686 1.498
-0.099358208 -0.1878686 1.498
-0.0967547 -0.1878686 1.498
-0.094151184 -0.1878686 1.498
-0.091547675 -0.1878686 1.498
-0.088944167 -0.1878686 1.498
-0.086340658 -0.1878686 1.498
-0.08373715 -0.1878686 1.498
-0.081133634 -0.1878686 1.498
-0.078530125 -0.1878686 1.498
-0.075926617 -0.1878686 1.498
-0.073323108 -0.1878686 1.498
-0.0707196 -0.1878686 1.498
-0.068116091 -0.1878686 1.498
-0.065512575 -0.1878686 1.498
-0.062909067 -0.1878686 1.498
-0.060305558 -0.1878686 1.498
-0.05770205 -0.1878686 1.498
-0.055098537 -0.1878686 1.498
-0.052495029 -0.1878686 1.498
-0.05002474 -0.18837024 1.502
-0.047414277 -0.18837024 1.502
-0.044803817 -0.18837024 1.502
-0.042193353 -0.18837024 1.502
-0.039582893 -0.18837024 1.502
-0.03697243 -0.18837024 1.502
-0.03436197 -0.18837024 1.502
-0.031751506 -0.18837024 1.502
-0.029141046 -0.18837024 1.502
-0.026583575 -0.18874648 1.505
-0.023920123 -0.18837024 1.502
-0.021309661 -0.18837024 1.502
-0.018699199 -0.18837024 1.502
-0.016088737 -0.18837024 1.502
-0.013478275 -0.18837024 1.502
-0.010867815 -0.18837024 1.502
-0.0082573527 -0.18837024 1.502
-0.0056468905 -0.18837024 1.502
-0.0030364289 -0.18837024 1.502
-0.00042483292 -0.1878686 1.498
0.0021844944 -0.18837024 1.502
0.0047949562 -0.18837024 1.502
0.007405418 -0.18837024 1.502
0.01001588 -0.18837024 1.502
0.012626342 -0.18837024 1.502
0.015236803 -0.18837024 1.502
0.017847264 -0.18837024 1.502
0.020498587 -0.18874648 1.505
0.023114264 -0.18874648 1.505
0.025729939 -0.18874648 1.505
0.028345615 -0.18874648 1.505
0.030899573 -0.18837024 1.502
0.033510033 -0.18837024 1.502
0.036120497 -0.18837024 1.502
0.038730957 -0.18837024 1.502
0.041423991 -0.18874648 1.505
0.04395188 -0.18837024 1.502
0.046562344 -0.18837024 1.502
0.049041852 -0.1878686 1.498
0.051645365 -0.1878686 1.498
0.054248873 -0.1878686 1.498
0.056852382 -0.1878686 1.498
0.059455894 -0.1878686 1.498
0.062059402 -0.1878686 1.498
0.064662911 -0.1878686 1.498
0.06726642 -0.1878686 1.498
0.069730006 -0.18749236 1.495
0.072328299 -0.18749236 1.495
0.0749266 -0.18749236 1.495
0.077680461 -0.1878686 1.498
0.08028397 -0.1878686 1.498
0.082887478 -0.1878686 1.498
0.085490994 -0.1878686 1.498
0.088094503 -0.1878686 1.498
0.090698011 -0.1878686 1.498
0.09330152 -0.1878686 1.498
0.095905028 -0.1878686 1.498
0.098508537 -0.1878686 1.498
0.10111205 -0.1878686 1.498
0.10371556 -0.1878686 1.498
0.10631907 -0.1878686 1.498
0.10892258 -0.1878686 1.498
0.11130274 -0.18749236 1.495
0.11390103 -0.18749236 1.495
0.11649933 -0.18749236 1.495
0.11909763 -0.18749236 1.495
0.12169592 -0.18749236 1.495
0.12429421 -0.18749236 1.495
0.12663788 -0.18711612 1.492
0.12923096 -0.18711612 1.492
0.13182405 -0.18711612 1.492
0.13468739 -0.18749236 1.495
0.13728569 -0.18749236 1.495
0.139884 -0.18749236 1.495
0.14248228 -0.18749236 1.495
0.14508058 -0.18749236 1.495
0.14767888 -0.18749236 1.495
0.15057874 -0.1878686 1.498
0.15359128 -0.18837024 1.502
0.15620174 -0.18837024 1.502
0.1588122 -0.18837024 1.502
0.16142265 -0.18837024 1.502
0.16403311 -0.18837024 1.502
0.16664357 -0.18837024 1.502
0.16925405 -0.18837024 1.502
0.17186451 -0.18837024 1.502
0.17447497 -0.18837024 1.502
0.17708543 -0.18837024 1.502
0.17969589 -0.18837024 1.502
0.18182085 -0.1878686 1.498
0.18442437 -0.1878686 1.498
0.18702787 -0.1878686 1.498
0.18963139 -0.1878686 1.498
0.19223489 -0.1878686 1.498
0.1948384 -0.1878686 1.498
0.19744192 -0.1878686 1.498
-0.19921817 -0.18613081 1.505
-0.19660249 -0.18613081 1.505
-0.19398682 -0.18613081 1.505
-0.19137114 -0.18613081 1.505
-0.18837921 -0.18575978 1.502
-0.18576875 -0.18575978 1.502
-0.18315829 -0.18575978 1.502
-0.18054782 -0.18575978 1.502
-0.17793736 -0.18575978 1.502
-0.1753269 -0.18575978 1.502
-0.17271644 -0.18575978 1.502
-0.17010598 -0.18575978 1.502
-0.16749552 -0.18575978 1.502
-0.16488506 -0.18575978 1.502
-0.1622746 -0.18575978 1.502
-0.15966412 -0.18575978 1.502
-0.15705366 -0.18575978 1.502
-0.1544432 -0.18575978 1.502
-0.15183274 -0.18575978 1.502
-0.14952034 -0.18613081 1.505
-0.14661182 -0.18575978 1.502
-0.14400136 -0.18575978 1.502
-0.1413909 -0.18575978 1.502
-0.13878043 -0.18575978 1.502
-0.13616997 -0.18575978 1.502
-0.13382629 -0.18613081 1.505
-0.13121061 -0.18613081 1.505
-0.12859493 -0.18613081 1.505
-0.12597924 -0.18613081 1.505
-0.12311767 -0.18575978 1.502
-0.1205072 -0.18575978 1.502
-0.11789674 -0.18575978 1.502
-0.11528628 -0.18575978 1.502
-0.11267582 -0.18575978 1.502
-0.11006536 -0.18575978 1.502
-0.10716873 -0.18526509 1.498
-0.10456523 -0.18526509 1.498
-0.10196172 -0.18526509 1.498
-0.099358208 -0.18526509 1.498
-0.0967547 -0.18526509 1.498
-0.094151184 -0.18526509 1.498
-0.091547675 -0.18526509 1.498
-0.088944167 -0.18526509 1.498
-0.086340658 -0.18526509 1.498
-0.08373715 -0.18526509 1.498
-0.081133634 -0.18526509 1.498
-0.078530125 -0.18526509 1.498
-0.075926617 -0.18526509 1.498
-0.073323108 -0.18526509 1.498
-0.0707196 -0.18526509 1.498
-0.068116091 -0.18526509 1.498
-0.065512575 -0.18526509 1.498
-0.062909067 -0.18526509 1.498
-0.060305558 -0.18526509 1.498
-0.057856124 -0.18575978 1.502
-0.055245664 -0.18575978 1.502
-0.0526352 -0.18575978 1.502
-0.05002474 -0.18575978 1.502
-0.047414277 -0.18575978 1.502
-0.044803817 -0.18575978 1.502
-0.042193353 -0.18575978 1.502
-0.039582893 -0.18575978 1.502
-0.03697243 -0.18575978 1.502
-0.03436197 -0.18575978 1.502
-0.031751506 -0.18575978 1.502
-0.029141046 -0.18575978 1.502
-0.026583575 -0.18613081 1.505
-0.023920123 -0.18575978 1.502
-0.021309661 -0.18575978 1.502
-0.018699199 -0.18575978 1.502
-0.016088737 -0.18575978 1.502
-0.013478275 -0.18575978 1.502
-0.010867815 -0.18575978 1.502
-0.0082573527 -0.18575978 1.502
-0.0056468905 -0.18575978 1.502
-0.0030364289 -0.18575978 1.502
-0.0004259673 -0.18575978 1.502
0.0021844944 -0.18575978 1.502
0.0047949562 -0.18575978 1.502
0.007405418 -0.18575978 1.502
0.01001588 -0.18575978 1.502
0.012626342 -0.18575978 1.502
0.015236803 -0.18575978 1.502
0.017847264 -0.18575978 1.502
0.020498587 -0.18613081 1.505
0.023114264 -0.18613081 1.505
0.025729939 -0.18613081 1.505
0.028345615 -0.18613081 1.505
0.03096129 -0.18613081 1.505
0.033576965 -0.18613081 1.505
0.036192641 -0.18613081 1.505
0.038808316 -0.18613081 1.505
0.041423991 -0.18613081 1.505
0.04403967 -0.18613081 1.505
0.046562344 -0.18575978 1.502
0.049041852 -0.18526509 1.498
0.051645365 -0.18526509 1.498
0.054248873 -0.18526509 1.498
0.056852382 -0.18526509 1.498
0.059455894 -0.18526509 1.498
0.062059402 -0.18526509 1.498
0.064662911 -0.18526509 1.498
0.06726642 -0.18526509 1.498
0.069869936 -0.18526509 1.498
0.072473444 -0.18526509 1.498
0.075076953 -0.18526509 1.498
0.077680461 -0.18526509 1.498
0.08028397 -0.18526509 1.498
0.083108805 -0.18575978 1.502
0.085719265 -0.18575978 1.502
0.088329732 -0.18575978 1.502
0.090940192 -0.18575978 1.502
0.093550652 -0.18575978 1.502
0.096161112 -0.18575978 1.502
0.09877158 -0.18575978 1.502
0.10138204 -0.18575978 1.502
0.1039925 -0.18575978 1.502
0.10631907 -0.18526509 1.498
0.10892258 -0.18526509 1.498
0.11152609 -0.18526509 1.498
0.11390103 -0.18489407 1.495
0.11649933 -0.18489407 1.495
0.11909763 -0.18489407 1.495
0.12169592 -0.18489407 1.495
0.12429421 -0.18489407 1.495
0.12689251 -0.18489407 1.495
0.12949081 -0.18489407 1.495
0.13208911 -0.18489407 1.495
0.13468739 -0.18489407 1.495
0.13728569 -0.18489407 1.495
0.139884 -0.18489407 1.495
0.14248228 -0.18489407 1.495
0.14508058 -0.18489407 1.495
0.14767888 -0.18489407 1.495
0.15057874 -0.18526509 1.498
0.15359128 -0.18575978 1.502
0.15620174 -0.18575978 1.502
0.1588122 -0.18575978 1.502
0.16142265 -0.18575978 1.502
0.16403311 -0.18575978 1.502
0.16664357 -0.18575978 1.502
0.16925405 -0.18575978 1.502
0.17186451 -0.18575978 1.502
0.17447497 -0.18575978 1.502
0.17708543 -0.18575978 1.502
0.17969589 -0.18575978 1.502
0.18182085 -0.18526509 1.498
0.18442437 -0.18526509 1.498
0.18702787 -0.18526509 1.498
0.18925162 -0.18489407 1.495
0.19223489 -0.18526509 1.498
0.1948384 -0.18526509 1.498
0.1970465 -0.18489407 1.495
0.19964479 -0.18489407 1.495
-0.19921817 -0.18351513 1.505
-0.19660249 -0.18351513 1.505
-0.19398682 -0.18351513 1.505
-0.19137114 -0.18351513 1.505
-0.18837921 -0.18314932 1.502
-0.18576875 -0.18314932 1.502
-0.18315829 -0.18314932 1.502
-0.18054782 -0.18314932 1.502
-0.17793736 -0.18314932 1.502
-0.1753269 -0.18314932 1.502
-0.17271644 -0.18314932 1.502
-0.17010598 -0.18314932 1.502
-0.16749552 -0.18314932 1.502
-0.16488506 -0.18314932 1.502
-0.1622746 -0.18314932 1.502
-0.15966412 -0.18314932 1.502
-0.15705366 -0.18314932 1.502
-0.1544432 -0.18314932 1.502
-0.15213601 -0.18351513 1.505
-0.14952034 -0.18351513 1.505
-0.14690466 -0.18351513 1.505
-0.14428899 -0.18351513 1.505
-0.1413909 -0.18314932 1.502
-0.13878043 -0.18314932 1.502
-0.13616997 -0.18314932 1.502
-0.13382629 -0.18351513 1.505
-0.13121061 -0.18351513 1.505
-0.12859493 -0.18351513 1.505
-0.12597924 -0.18351513 1.505
-0.12311767 -0.18314932 1.502
-0.1205072 -0.18314932 1.502
-0.11789674 -0.18314932 1.502
-0.11528628 -0.18314932 1.502
-0.11267582 -0.18314932 1.502
-0.11006536 -0.18314932 1.502
-0.1074549 -0.18314932 1.502
-0.10456523 -0.18266158 1.498
-0.10196172 -0.18266158 1.498
-0.099358208 -0.18266158 1.498
-0.0967547 -0.18266158 1.498
-0.094151184 -0.18266158 1.498
-0.091547675 -0.18266158 1.498
-0.088944167 -0.18266158 1.498
-0.086340658 -0.18266158 1.498
-0.08373715 -0.18266158 1.498
-0.081133634 -0.18266158 1.498
-0.078530125 -0.18266158 1.498
-0.075926617 -0.18266158 1.498
-0.073323108 -0.18266158 1.498
-0.0707196 -0.18266158 1.498
-0.068116091 -0.18266158 1.498
-0.065687507 -0.18314932 1.502
-0.062909067 -0.18266158 1.498
-0.060466588 -0.18314932 1.502
-0.057856124 -0.18314932 1.502
-0.055245664 -0.18314932 1.502
-0.0526352 -0.18314932 1.502
-0.05002474 -0.18314932 1.502
-0.047414277 -0.18314932 1.502
-0.044893306 -0.18351513 1.505
-0.04227763 -0.18351513 1.505
-0.039661955 -0.18351513 1.505
-0.03704628 -0.18351513 1.505
-0.034430601 -0.18351513 1.505
-0.031814925 -0.18351513 1.505
-0.02919925 -0.18351513 1.505
-0.026583575 -0.18351513 1.505
-0.023920123 -0.18314932 1.502
-0.021309661 -0.18314932 1.502
-0.018699199 -0.18314932 1.502
-0.016088737 -0.18314932 1.502
-0.013478275 -0.18314932 1.502
-0.010867815 -0.18314932 1.502
-0.0082573527 -0.18314932 1.502
-0.0056468905 -0.18314932 1.502
-0.0030364289 -0.18314932 1.502
-0.0004259673 -0.18314932 1.502
0.0021844944 -0.18314932 1.502
0.0047949562 -0.18314932 1.502
0.007405418 -0.18314932 1.502
0.01001588 -0.18314932 1.502
0.012626342 -0.18314932 1.502
0.015267236 -0.18351513 1.505
0.017882911 -0.18351513 1.505
0.020498587 -0.18351513 1.505
0.023114264 -0.18351513 1.505
0.025729939 -0.18351513 1.505
0.028345615 -0.18351513 1.505
0.03096129 -0.18351513 1.505
0.033576965 -0.18351513 1.505
0.036192641 -0.18351513 1.505
0.038808316 -0.18351513 1.505
0.041423991 -0.18351513 1.505
0.04403967 -0.18351513 1.505
0.046562344 -0.18314932 1.502
0.049041852 -0.18266158 1.498
0.051645365 -0.18266158 1.498
0.054248873 -0.18266158 1.498
0.056852382 -0.18266158 1.498
0.059455894 -0.18266158 1.498
0.062059402 -0.18266158 1.498
0.064662911 -0.18266158 1.498
0.06726642 -0.18266158 1.498
0.069869936 -0.18266158 1.498
0.072473444 -0.18266158 1.498
0.075076953 -0.18266158 1.498
0.077680461 -0.18266158 1.498
0.080498345 -0.18314932 1.502
0.083108805 -0.18314932 1.502
0.085719265 -0.18314932 1.502
0.088329732 -0.18314932 1.502
0.090940192 -0.18314932 1.502
0.093550652 -0.18314932 1.502
0.096161112 -0.18314932 1.502
0.09877158 -0.18314932 1.502
0.10138204 -0.18314932 1.502
0.1039925 -0.18314932 1.502
0.10631907 -0.18266158 1.498
0.10892258 -0.18266158 1.498
0.11152609 -0.18266158 1.498
0.1141296 -0.18266158 1.498
0.11673311 -0.18266158 1.498
0.11933662 -0.18266158 1.498
0.12169592 -0.18229577 1.495
0.12429421 -0.18229577 1.495
0.12689251 -0.18229577 1.495
0.12949081 -0.18229577 1.495
0.13208911 -0.18229577 1.495
0.13468739 -0.18229577 1.495
0.13728569 -0.18229577 1.495
0.139884 -0.18229577 1.495
0.14248228 -0.18229577 1.495
0.14508058 -0.18229577 1.495
0.14767888 -0.18229577 1.495
0.15057874 -0.18266158 1.498
0.15359128 -0.18314932 1.502
0.15620174 -0.18314932 1.502
0.1588122 -0.18314932 1.502
0.16142265 -0.18314932 1.502
0.16403311 -0.18314932 1.502
0.16664357 -0.18314932 1.502
0.16925405 -0.18314932 1.502
0.17220777 -0.18351513 1.505
0.17447497 -0.18314932 1.502
0.17708543 -0.18314932 1.502
0.17969589 -0.18314932 1.502
0.18182085 -0.18266158 1.498
0.18442437 -0.18266158 1.498
0.18702787 -0.18266158 1.498
0.18925162 -0.18229577 1.495
0.1918499 -0.18229577 1.495
0.1944482 -0.18229577 1.495
0.1970465 -0.18229577 1.495
0.19964479 -0.18229577 1.495
-0.19921817 -0.18089946 1.505
-0.19660249 -0.18089946 1.505
-0.19398682 -0.18089946 1.505
-0.19137114 -0.18089946 1.505
-0.18837921 -0.18053886 1.502
-0.18576875 -0.18053886 1.502
-0.18315829 -0.18053886 1.502
-0.18054782 -0.18053886 1.502
-0.17793736 -0.18053886 1.502
-0.1753269 -0.18053886 1.502
-0.17271644 -0.18053886 1.502
-0.16965297 -0.18005808 1.498
-0.16704947 -0.18005808 1.498
-0.16444595 -0.18005808 1.498
-0.16184244 -0.18005808 1.498
-0.15966412 -0.18053886 1.502
-0.15705366 -0.18053886 1.502
-0.15475169 -0.18089946 1.505
-0.15213601 -0.18089946 1.505
-0.14952034 -0.18089946 1.505
-0.14690466 -0.18089946 1.505
-0.14428899 -0.18089946 1.505
-0.1413909 -0.18053886 1.502
-0.13878043 -0.18053886 1.502
-0.13616997 -0.18053886 1.502
-0.13382629 -0.18089946 1.505
-0.13121061 -0.18089946 1.505
-0.12859493 -0.18089946 1.505
-0.12597924 -0.18089946 1.505
-0.12311767 -0.18053886 1.502
-0.1205072 -0.18053886 1.502
-0.11789674 -0.18053886 1.502
-0.11528628 -0.18053886 1.502
-0.11267582 -0.18053886 1.502
-0.11006536 -0.18053886 1.502
-0.1074549 -0.18053886 1.502
-0.10456523 -0.18005808 1.498
-0.10196172 -0.18005808 1.498
-0.099358208 -0.18005808 1.498
-0.0967547 -0.18005808 1.498
-0.094151184 -0.18005808 1.498
-0.091547675 -0.18005808 1.498
-0.088944167 -0.18005808 1.498
-0.086340658 -0.18005808 1.498
-0.08373715 -0.18005808 1.498
-0.081133634 -0.18005808 1.498
-0.078530125 -0.18005808 1.498
-0.075926617 -0.18005808 1.498
-0.073323108 -0.18005808 1.498
-0.0707196 -0.18005808 1.498
-0.068297975 -0.18053886 1.502
-0.065687507 -0.18053886 1.502
-0.063077047 -0.18053886 1.502
-0.060466588 -0.18053886 1.502
-0.057856124 -0.18053886 1.502
-0.055245664 -0.18053886 1.502
-0.0526352 -0.18053886 1.502
-0.05002474 -0.18053886 1.502
-0.047508981 -0.18089946 1.505
-0.044893306 -0.18089946 1.505
-0.04227763 -0.18089946 1.505
-0.039661955 -0.18089946 1.505
-0.03704628 -0.18089946 1.505
-0.034430601 -0.18089946 1.505
-0.031814925 -0.18089946 1.505
-0.02919925 -0.18089946 1.505
-0.026583575 -0.18089946 1.505
-0.023967899 -0.18089946 1.505
-0.021309661 -0.18053886 1.502
-0.018699199 -0.18053886 1.502
-0.016088737 -0.18053886 1.502
-0.013478275 -0.18053886 1.502
-0.010867815 -0.18053886 1.502
-0.0082573527 -0.18053886 1.502
-0.0056468905 -0.18053886 1.502
-0.0030364289 -0.18053886 1.502
-0.0004259673 -0.18053886 1.502
0.0021844944 -0.18053886 1.502
0.0047949562 -0.18053886 1.502
0.007405418 -0.18053886 1.502
0.01001588 -0.18053886 1.502
0.012651561 -0.18089946 1.505
0.015267236 -0.18089946 1.505
0.017882911 -0.18089946 1.505
0.020498587 -0.18089946 1.505
0.023114264 -0.18089946 1.505
0.025729939 -0.18089946 1.505
0.028345615 -0.18089946 1.505
0.03096129 -0.18089946 1.505
0.033576965 -0.18089946 1.505
0.036192641 -0.18089946 1.505
0.038808316 -0.18089946 1.505
0.041423991 -0.18089946 1.505
0.04403967 -0.18089946 1.505
0.046562344 -0.18053886 1.502
0.049041852 -0.18005808 1.498
0.051645365 -0.18005808 1.498
0.054248873 -0.18005808 1.498
0.056852382 -0.18005808 1.498
0.059455894 -0.18005808 1.498
0.062059402 -0.18005808 1.498
0.064662911 -0.18005808 1.498
0.06726642 -0.18005808 1.498
0.069869936 -0.18005808 1.498
0.072473444 -0.18005808 1.498
0.075076953 -0.18005808 1.498
0.077887885 -0.18053886 1.502
0.080498345 -0.18053886 1.502
0.083108805 -0.18053886 1.502
0.085890479 -0.18089946 1.505
0.088506155 -0.18089946 1.505
0.09112183 -0.18089946 1.505
0.093550652 -0.18053886 1.502
0.096161112 -0.18053886 1.502
0.09877158 -0.18053886 1.502
0.10138204 -0.18053886 1.502
0.1039925 -0.18053886 1.502
0.10660296 -0.18053886 1.502
0.10892258 -0.18005808 1.498
0.11152609 -0.18005808 1.498
0.1141296 -0.18005808 1.498
0.11673311 -0.18005808 1.498
0.11933662 -0.18005808 1.498
0.12194013 -0.18005808 1.498
0.12429421 -0.17969747 1.495
0.12689251 -0.17969747 1.495
0.12949081 -0.17969747 1.495
0.13208911 -0.17969747 1.495
0.13468739 -0.17969747 1.495
0.13728569 -0.17969747 1.495
0.139884 -0.17969747 1.495
0.14248228 -0.17969747 1.495
0.14508058 -0.17969747 1.495
0.14797522 -0.18005808 1.498
0.15057874 -0.18005808 1.498
0.15359128 -0.18053886 1.502
0.15620174 -0.18053886 1.502
0.1588122 -0.18053886 1.502
0.16142265 -0.18053886 1.502
0.16403311 -0.18053886 1.502
0.16664357 -0.18053886 1.502
0.1695921 -0.18089946 1.505
0.17220777 -0.18089946 1.505
0.17482345 -0.18089946 1.505
0.17708543 -0.18053886 1.502
0.17969589 -0.18053886 1.502
0.18182085 -0.18005808 1.498
0.18442437 -0.18005808 1.498
0.18702787 -0.18005808 1.498
0.18925162 -0.17969747 1.495
0.1918499 -0.17969747 1.495
0.1944482 -0.17969747 1.495
0.1970465 -0.17969747 1.495
0.19964479 -0.17969747 1.495
-0.19921817 -0.17828378 1.505
-0.19660249 -0.17828378 1.505
-0.19398682 -0.17828378 1.505
-0.19137114 -0.17828378 1.505
-0.18837921 -0.1779284 1.502
-0.18576875 -0.1779284 1.502
-0.18315829 -0.1779284 1.502
-0.18054782 -0.1779284 1.502
-0.17793736 -0.1779284 1.502
-0.1753269 -0.1779284 1.502
-0.17225648 -0.17745456 1.498
-0.16965297 -0.17745456 1.498
-0.16704947 -0.17745456 1.498
-0.16444595 -0.17745456 1.498
-0.16184244 -0.17745456 1.498
-0.15966412 -0.1779284 1.502
-0.15705366 -0.1779284 1.502
-0.1544432 -0.1779284 1.502
-0.15213601 -0.17828378 1.505
-0.14952034 -0.17828378 1.505
-0.14690466 -0.17828378 1.505
-0.14428899 -0.17828378 1.505
-0.1413909 -0.1779284 1.502
-0.13878043 -0.1779284 1.502
-0.13616997 -0.1779284 1.502
-0.13355951 -0.1779284 1.502
-0.13121061 -0.17828378 1.505
-0.12833859 -0.1779284 1.502
-0.12572813 -0.1779284 1.502
-0.12311767 -0.1779284 1.502
-0.1205072 -0.1779284 1.502
-0.11789674 -0.1779284 1.502
-0.11528628 -0.1779284 1.502
-0.11267582 -0.1779284 1.502
-0.11006536 -0.1779284 1.502
-0.1074549 -0.1779284 1.502
-0.10456523 -0.17745456 1.498
-0.10196172 -0.17745456 1.498
-0.099358208 -0.17745456 1.498
-0.0967547 -0.17745456 1.498
-0.094151184 -0.17745456 1.498
-0.091547675 -0.17745456 1.498
-0.088944167 -0.17745456 1.498
-0.086340658 -0.17745456 1.498
-0.08373715 -0.17745456 1.498
-0.081133634 -0.17745456 1.498
-0.078530125 -0.17745456 1.498
-0.076129355 -0.1779284 1.502
-0.073518895 -0.1779284 1.502
-0.070908435 -0.1779284 1.502
-0.068297975 -0.1779284 1.502
-0.065687507 -0.1779284 1.502
-0.063077047 -0.1779284 1.502
-0.060466588 -0.1779284 1.502
-0.057856124 -0.1779284 1.502
-0.055245664 -0.1779284 1.502
-0.0526352 -0.1779284 1.502
-0.050124656 -0.17828378 1.505
-0.047508981 -0.17828378 1.505
-0.044893306 -0.17828378 1.505
-0.04227763 -0.17828378 1.505
-0.039661955 -0.17828378 1.505
-0.03704628 -0.17828378 1.505
-0.034430601 -0.17828378 1.505
-0.031814925 -0.17828378 1.505
-0.02919925 -0.17828378 1.505
-0.026583575 -0.17828378 1.505
-0.023920123 -0.1779284 1.502
-0.021309661 -0.1779284 1.502
-0.018699199 -0.1779284 1.502
-0.016088737 -0.1779284 1.502
-0.013478275 -0.1779284 1.502
-0.010867815 -0.1779284 1.502
-0.0082573527 -0.1779284 1.502
-0.0056468905 -0.1779284 1.502
-0.0030364289 -0.1779284 1.502
-0.0004259673 -0.1779284 1.502
0.0021844944 -0.1779284 1.502
0.0047949562 -0.1779284 1.502
0.007405418 -0.1779284 1.502
0.010035885 -0.17828378 1.505
0.012651561 -0.17828378 1.505
0.015267236 -0.17828378 1.505
0.017882911 -0.17828378 1.505
0.020498587 -0.17828378 1.505
0.023114264 -0.17828378 1.505
0.025729939 -0.17828378 1.505
0.028345615 -0.17828378 1.505
0.03096129 -0.17828378 1.505
0.033576965 -0.17828378 1.505
0.036192641 -0.17828378 1.505
0.038808316 -0.17828378 1.505
0.041423991 -0.17828378 1.505
0.04403967 -0.17828378 1.505
0.046562344 -0.1779284 1.502
0.049041852 -0.17745456 1.498
0.051645365 -0.17745456 1.498
0.054248873 -0.17745456 1.498
0.056852382 -0.17745456 1.498
0.059455894 -0.17745456 1.498
0.062059402 -0.17745456 1.498
0.064662911 -0.17745456 1.498
0.06726642 -0.17745456 1.498
0.069869936 -0.17745456 1.498
0.072473444 -0.17745456 1.498
0.075076953 -0.17745456 1.498
0.077887885 -0.1779284 1.502
0.080498345 -0.1779284 1.502
0.083108805 -0.1779284 1.502
0.085890479 -0.17828378 1.505
0.088506155 -0.17828378 1.505
0.09112183 -0.17828378 1.505
0.093737505 -0.17828378 1.505
0.096353181 -0.17828378 1.505
0.098968856 -0.17828378 1.505
0.10138204 -0.1779284 1.502
0.1039925 -0.1779284 1.502
0.10660296 -0.1779284 1.502
0.10892258 -0.17745456 1.498
0.11152609 -0.17745456 1.498
0.1141296 -0.17745456 1.498
0.11673311 -0.17745456 1.498
0.11933662 -0.17745456 1.498
0.12194013 -0.17745456 1.498
0.12429421 -0.17709918 1.495
0.12689251 -0.17709918 1.495
0.12949081 -0.17709918 1.495
0.13208911 -0.17709918 1.495
0.13468739 -0.17709918 1.495
0.13728569 -0.17709918 1.495
0.139884 -0.17709918 1.495
0.14248228 -0.17709918 1.495
0.14508058 -0.17709918 1.495
0.14767888 -0.17709918 1.495
0.15057874 -0.17745456 1.498
0.15359128 -0.1779284 1.502
0.15620174 -0.1779284 1.502
0.1588122 -0.1779284 1.502
0.16142265 -0.1779284 1.502
0.16403311 -0.1779284 1.502
0.16664357 -0.1779284 1.502
0.1695921 -0.17828378 1.505
0.17220777 -0.17828378 1.505
0.17482345 -0.17828378 1.505
0.17743912 -0.17828378 1.505
0.17969589 -0.1779284 1.502
0.18230635 -0.1779284 1.502
0.18442437 -0.17745456 1.498
0.18702787 -0.17745456 1.498
0.18963139 -0.17745456 1.498
0.19223489 -0.17745456 1.498
0.1948384 -0.17745456 1.498
0.1970465 -0.17709918 1.495
0.19964479 -0.17709918 1.495
-0.19921817 -0.17566811 1.505
-0.19660249 -0.17566811 1.505
-0.19398682 -0.17566811 1.505
-0.19137114 -0.17566811 1.505
-0.18837921 -0.17531794 1.502
-0.18576875 -0.17531794 1.502
-0.18315829 -0.17531794 1.502
-0.18054782 -0.17531794 1.502
-0.17793736 -0.17531794 1.502
-0.17485999 -0.17485106 1.498
-0.17225648 -0.17485106 1.498
-0.16965297 -0.17485106 1.498
-0.16704947 -0.17485106 1.498
-0.16444595 -0.17485106 1.498
-0.16184244 -0.17485106 1.498
-0.15966412 -0.17531794 1.502
-0.15705366 -0.17531794 1.502
-0.1544432 -0.17531794 1.502
-0.15213601 -0.17566811 1.505
-0.14952034 -0.17566811 1.505
-0.14690466 -0.17566811 1.505
-0.14400136 -0.17531794 1.502
-0.1413909 -0.17531794 1.502
-0.13878043 -0.17531794 1.502
-0.13616997 -0.17531794 1.502
-0.13355951 -0.17531794 1.502
-0.13094905 -0.17531794 1.502
-0.12833859 -0.17531794 1.502
-0.12572813 -0.17531794 1.502
-0.12311767 -0.17531794 1.502
-0.1205072 -0.17531794 1.502
-0.11789674 -0.17531794 1.502
-0.11528628 -0.17531794 1.502
-0.11267582 -0.17531794 1.502
-0.11006536 -0.17531794 1.502
-0.10716873 -0.17485106 1.498
-0.10456523 -0.17485106 1.498
-0.10196172 -0.17485106 1.498
-0.099358208 -0.17485106 1.498
-0.0967547 -0.17485106 1.498
-0.094151184 -0.17485106 1.498
-0.091547675 -0.17485106 1.498
-0.088944167 -0.17485106 1.498
-0.086340658 -0.17485106 1.498
-0.083960742 -0.17531794 1.502
-0.081350282 -0.17531794 1.502
-0.078739822 -0.17531794 1.502
-0.076129355 -0.17531794 1.502
-0.073518895 -0.17531794 1.502
-0.070908435 -0.17531794 1.502
-0.068297975 -0.17531794 1.502
-0.065687507 -0.17531794 1.502
-0.063077047 -0.17531794 1.502
-0.060466588 -0.17531794 1.502
-0.057856124 -0.17531794 1.502
-0.055356007 -0.17566811 1.505
-0.052740332 -0.17566811 1.505
-0.050124656 -0.17566811 1.505
-0.047508981 -0.17566811 1.505
-0.044893306 -0.17566811 1.505
-0.04227763 -0.17566811 1.505
-0.039661955 -0.17566811 1.505
-0.03704628 -0.17566811 1.505
-0.034430601 -0.17566811 1.505
-0.031814925 -0.17566811 1.505
-0.02919925 -0.17566811 1.505
-0.026583575 -0.17566811 1.505
-0.023920123 -0.17531794 1.502
-0.021309661 -0.17531794 1.502
-0.018699199 -0.17531794 1.502
-0.016088737 -0.17531794 1.502
-0.013478275 -0.17531794 1.502
-0.010867815 -0.17531794 1.502
-0.0082573527 -0.17531794 1.502
-0.0056468905 -0.17531794 1.502
-0.0030364289 -0.17531794 1.502
-0.0004259673 -0.17531794 1.502
0.0021844944 -0.17531794 1.502
0.0047949562 -0.17531794 1.502
0.0074202088 -0.17566811 1.505
0.010035885 -0.17566811 1.505
0.012651561 -0.17566811 1.505
0.015267236 -0.17566811 1.505
0.017882911 -0.17566811 1.505
0.020498587 -0.17566811 1.505
0.023114264 -0.17566811 1.505
0.025729939 -0.17566811 1.505
0.028345615 -0.17566811 1.505
0.03096129 -0.17566811 1.505
0.033576965 -0.17566811 1.505
0.036192641 -0.17566811 1.505
0.038808316 -0.17566811 1.505
0.041423991 -0.17566811 1.505
0.04403967 -0.17566811 1.505
0.046562344 -0.17531794 1.502
0.049041852 -0.17485106 1.498
0.051645365 -0.17485106 1.498
0.054248873 -0.17485106 1.498
0.056852382 -0.17485106 1.498
0.059455894 -0.17485106 1.498
0.062059402 -0.17485106 1.498
0.064662911 -0.17485106 1.498
0.06726642 -0.17485106 1.498
0.069869936 -0.17485106 1.498
0.072473444 -0.17485106 1.498
0.075076953 -0.17485106 1.498
0.077887885 -0.17531794 1.502
0.080498345 -0.17531794 1.502
0.083108805 -0.17531794 1.502
0.085890479 -0.17566811 1.505
0.088506155 -0.17566811 1.505
0.09112183 -0.17566811 1.505
0.093737505 -0.17566811 1.505
0.096353181 -0.17566811 1.505
0.098968856 -0.17566811 1.505
0.10138204 -0.17531794 1.502
0.1039925 -0.17531794 1.502
0.10660296 -0.17531794 1.502
0.10892258 -0.17485106 1.498
0.11152609 -0.17485106 1.498
0.1141296 -0.17485106 1.498
0.11673311 -0.17485106 1.498
0.11933662 -0.17485106 1.498
0.12194013 -0.17485106 1.498
0.12429421 -0.17450088 1.495
0.12689251 -0.17450088 1.495
0.12949081 -0.17450088 1.495
0.13208911 -0.17450088 1.495
0.13468739 -0.17450088 1.495
0.13728569 -0.17450088 1.495
0.139884 -0.17450088 1.495
0.14248228 -0.17450088 1.495
0.14508058 -0.17450088 1.495
0.14767888 -0.17450088 1.495
0.15027718 -0.17450088 1.495
0.15318225 -0.17485106 1.498
0.15620174 -0.17531794 1.502
0.1588122 -0.17531794 1.502
0.16142265 -0.17531794 1.502
0.16403311 -0.17531794 1.502
0.16664357 -0.17531794 1.502
0.16925405 -0.17531794 1.502
0.17220777 -0.17566811 1.505
0.17482345 -0.17566811 1.505
0.17743912 -0.17566811 1.505
0.17969589 -0.17531794 1.502
0.18230635 -0.17531794 1.502
0.18491681 -0.17531794 1.502
0.18702787 -0.17485106 1.498
0.18963139 -0.17485106 1.498
0.19223489 -0.17485106 1.498
0.1948384 -0.17485106 1.498
0.19744192 -0.17485106 1.498
-0.19921817 -0.17305243 1.505
-0.19660249 -0.17305243 1.505
-0.19398682 -0.17305243 1.505
-0.19137114 -0.17305243 1.505
-0.18837921 -0.17270748 1.502
-0.18576875 -0.17270748 1.502
-0.18315829 -0.17270748 1.502
-0.18054782 -0.17270748 1.502
-0.17793736 -0.17270748 1.502
-0.17485999 -0.17224754 1.498
-0.17225648 -0.17224754 1.498
-0.16965297 -0.17224754 1.498
-0.16704947 -0.17224754 1.498
-0.16444595 -0.17224754 1.498
-0.16184244 -0.17224754 1.498
-0.15923893 -0.17224754 1.498
-0.15705366 -0.17270748 1.502
-0.1544432 -0.17270748 1.502
-0.15183274 -0.17270748 1.502
-0.14952034 -0.17305243 1.505
-0.14661182 -0.17270748 1.502
-0.14400136 -0.17270748 1.502
-0.1413909 -0.17270748 1.502
-0.13878043 -0.17270748 1.502
-0.13616997 -0.17270748 1.502
-0.13355951 -0.17270748 1.502
-0.13094905 -0.17270748 1.502
-0.12833859 -0.17270748 1.502
-0.12572813 -0.17270748 1.502
-0.12311767 -0.17270748 1.502
-0.1205072 -0.17270748 1.502
-0.11789674 -0.17270748 1.502
-0.11528628 -0.17270748 1.502
-0.11267582 -0.17270748 1.502
-0.10977224 -0.17224754 1.498
-0.10716873 -0.17224754 1.498
-0.10456523 -0.17224754 1.498
-0.10196172 -0.17224754 1.498
-0.099358208 -0.17224754 1.498
-0.0967547 -0.17224754 1.498
-0.094151184 -0.17224754 1.498
-0.091547675 -0.17224754 1.498
-0.088944167 -0.17224754 1.498
-0.086571202 -0.17270748 1.502
-0.083960742 -0.17270748 1.502
-0.081350282 -0.17270748 1.502
-0.078739822 -0.17270748 1.502
-0.076129355 -0.17270748 1.502
-0.073518895 -0.17270748 1.502
-0.070908435 -0.17270748 1.502
-0.068297975 -0.17270748 1.502
-0.065687507 -0.17270748 1.502
-0.063077047 -0.17270748 1.502
-0.060466588 -0.17270748 1.502
-0.057971682 -0.17305243 1.505
-0.055356007 -0.17305243 1.505
-0.052740332 -0.17305243 1.505
-0.050124656 -0.17305243 1.505
-0.047603685 -0.17339739 1.508
-0.044982795 -0.17339739 1.508
-0.042361904 -0.17339739 1.508
-0.039661955 -0.17305243 1.505
-0.037120126 -0.17339739 1.508
-0.034430601 -0.17305243 1.505
-0.031814925 -0.17305243 1.505
-0.02919925 -0.17305243 1.505
-0.026583575 -0.17305243 1.505
-0.023920123 -0.17270748 1.502
-0.021309661 -0.17270748 1.502
-0.018699199 -0.17270748 1.502
-0.016088737 -0.17270748 1.502
-0.013478275 -0.17270748 1.502
-0.010867815 -0.17270748 1.502
-0.0082573527 -0.17270748 1.502
-0.0056468905 -0.17270748 1.502
-0.0030364289 -0.17270748 1.502
-0.0004259673 -0.17270748 1.502
0.0021844944 -0.17270748 1.502
0.0047949562 -0.17270748 1.502
0.0074202088 -0.17305243 1.505
0.010035885 -0.17305243 1.505
0.012651561 -0.17305243 1.505
0.015267236 -0.17305243 1.505
0.017882911 -0.17305243 1.505
0.020498587 -0.17305243 1.505
0.023114264 -0.17305243 1.505
0.025729939 -0.17305243 1.505
0.028345615 -0.17305243 1.505
0.03096129 -0.17305243 1.505
0.033576965 -0.17305243 1.505
0.036192641 -0.17305243 1.505
0.038808316 -0.17305243 1.505
0.041423991 -0.17305243 1.505
0.04403967 -0.17305243 1.505
0.046562344 -0.17270748 1.502
0.049041852 -0.17224754 1.498
0.051645365 -0.17224754 1.498
0.054248873 -0.17224754 1.498
0.056852382 -0.17224754 1.498
0.059455894 -0.17224754 1.498
0.062059402 -0.17224754 1.498
0.064662911 -0.17224754 1.498
0.06726642 -0.17224754 1.498
0.069869936 -0.17224754 1.498
0.072473444 -0.17224754 1.498
0.075076953 -0.17224754 1.498
0.077887885 -0.17270748 1.502
0.080498345 -0.17270748 1.502
0.083108805 -0.17270748 1.502
0.085890479 -0.17305243 1.505
0.088506155 -0.17305243 1.505
0.09112183 -0.17305243 1.505
0.093737505 -0.17305243 1.505
0.096353181 -0.17305243 1.505
0.098968856 -0.17305243 1.505
0.10158453 -0.17305243 1.505
0.1039925 -0.17270748 1.502
0.10660296 -0.17270748 1.502
0.10892258 -0.17224754 1.498
0.11152609 -0.17224754 1.498
0.1141296 -0.17224754 1.498
0.11673311 -0.17224754 1.498
0.11933662 -0.17224754 1.498
0.12169592 -0.17190258 1.495
0.12429421 -0.17190258 1.495
0.12689251 -0.17190258 1.495
0.12949081 -0.17190258 1.495
0.13208911 -0.17190258 1.495
0.13468739 -0.17190258 1.495
0.13728569 -0.17190258 1.495
0.139884 -0.17190258 1.495
0.14248228 -0.17190258 1.495
0.14508058 -0.17190258 1.495
0.14767888 -0.17190258 1.495
0.15027718 -0.17190258 1.495
0.15318225 -0.17224754 1.498
0.15620174 -0.17270748 1.502
0.1588122 -0.17270748 1.502
0.16142265 -0.17270748 1.502
0.16403311 -0.17270748 1.502
0.16664357 -0.17270748 1.502
0.16925405 -0.17270748 1.502
0.17220777 -0.17305243 1.505
0.17482345 -0.17305243 1.505
0.17743912 -0.17305243 1.505
0.17969589 -0.17270748 1.502
0.18230635 -0.17270748 1.502
0.18491681 -0.17270748 1.502
0.18752727 -0.17270748 1.502
0.19013773 -0.17270748 1.502
0.1927482 -0.17270748 1.502
0.1948384 -0.17224754 1.498
0.19744192 -0.17224754 1.498
-0.19921817 -0.17043675 1.505
-0.19660249 -0.17043675 1.505
-0.19398682 -0.17043675 1.505
-0.19137114 -0.17043675 1.505
-0.18837921 -0.17009702 1.502
-0.18576875 -0.17009702 1.502
-0.18315829 -0.17009702 1.502
-0.18054782 -0.17009702 1.502
-0.17793736 -0.17009702 1.502
-0.17485999 -0.16964403 1.498
-0.17225648 -0.16964403 1.498
-0.16965297 -0.16964403 1.498
-0.16704947 -0.16964403 1.498
-0.16444595 -0.16964403 1.498
-0.16184244 -0.16964403 1.498
-0.15966412 -0.17009702 1.502
-0.15705366 -0.17009702 1.502
-0.1544432 -0.17009702 1.502
-0.15183274 -0.17009702 1.502
-0.14922228 -0.17009702 1.502
-0.14661182 -0.17009702 1.502
-0.14400136 -0.17009702 1.502
-0.1413909 -0.17009702 1.502
-0.13878043 -0.17009702 1.502
-0.13616997 -0.17009702 1.502
-0.13355951 -0.17009702 1.502
-0.13094905 -0.17009702 1.502
-0.12833859 -0.17009702 1.502
-0.12572813 -0.17009702 1.502
-0.12311767 -0.17009702 1.502
-0.1205072 -0.17009702 1.502
-0.11789674 -0.17009702 1.502
-0.11528628 -0.17009702 1.502
-0.11237576 -0.16964403 1.498
-0.10977224 -0.16964403 1.498
-0.10716873 -0.16964403 1.498
-0.10456523 -0.16964403 1.498
-0.10196172 -0.16964403 1.498
-0.099358208 -0.16964403 1.498
-0.0967547 -0.16964403 1.498
-0.094151184 -0.16964403 1.498
-0.091547675 -0.16964403 1.498
-0.089181662 -0.17009702 1.502
-0.086571202 -0.17009702 1.502
-0.083960742 -0.17009702 1.502
-0.081350282 -0.17009702 1.502
-0.078739822 -0.17009702 1.502
-0.076129355 -0.17009702 1.502
-0.073518895 -0.17009702 1.502
-0.070908435 -0.17009702 1.502
-0.068297975 -0.17009702 1.502
-0.065687507 -0.17009702 1.502
-0.063077047 -0.17009702 1.502
-0.060466588 -0.17009702 1.502
-0.057971682 -0.17043675 1.505
-0.055356007 -0.17043675 1.505
-0.052845463 -0.1707765 1.508
-0.050224572 -0.1707765 1.508
-0.047603685 -0.1707765 1.508
-0.044982795 -0.1707765 1.508
-0.042361904 -0.1707765 1.508
-0.039741013 -0.1707765 1.508
-0.037120126 -0.1707765 1.508
-0.034499235 -0.1707765 1.508
-0.031814925 -0.17043675 1.505
-0.02919925 -0.17043675 1.505
-0.026583575 -0.17043675 1.505
-0.023920123 -0.17009702 1.502
-0.021309661 -0.17009702 1.502
-0.018699199 -0.17009702 1.502
-0.016088737 -0.17009702 1.502
-0.013478275 -0.17009702 1.502
-0.010867815 -0.17009702 1.502
-0.0082573527 -0.17009702 1.502
-0.0056468905 -0.17009702 1.502
-0.0030424937 -0.17043675 1.505
-0.0004259673 -0.17009702 1.502
0.0021844944 -0.17009702 1.502
0.0048045334 -0.17043675 1.505
0.0074202088 -0.17043675 1.505
0.010035885 -0.17043675 1.505
0.012651561 -0.17043675 1.505
0.015267236 -0.17043675 1.505
0.017882911 -0.17043675 1.505
0.020498587 -0.17043675 1.505
0.023114264 -0.17043675 1.505
0.025729939 -0.17043675 1.505
0.028345615 -0.17043675 1.505
0.03096129 -0.17043675 1.505
0.033576965 -0.17043675 1.505
0.036192641 -0.17043675 1.505
0.038808316 -0.17043675 1.505
0.041423991 -0.17043675 1.505
0.04395188 -0.17009702 1.502
0.046562344 -0.17009702 1.502
0.049041852 -0.16964403 1.498
0.051645365 -0.16964403 1.498
0.054248873 -0.16964403 1.498
0.056852382 -0.16964403 1.498
0.059455894 -0.16964403 1.498
0.062059402 -0.16964403 1.498
0.064662911 -0.16964403 1.498
0.06726642 -0.16964403 1.498
0.069869936 -0.16964403 1.498
0.072473444 -0.16964403 1.498
0.075076953 -0.16964403 1.498
0.077680461 -0.16964403 1.498
0.080498345 -0.17009702 1.502
0.083108805 -0.17009702 1.502
0.085890479 -0.17043675 1.505
0.088506155 -0.17043675 1.505
0.09112183 -0.17043675 1.505
0.093737505 -0.17043675 1.505
0.096353181 -0.17043675 1.505
0.098968856 -0.17043675 1.505
0.10158453 -0.17043675 1.505
0.1039925 -0.17009702 1.502
0.10660296 -0.17009702 1.502
0.10892258 -0.16964403 1.498
0.11152609 -0.16964403 1.498
0.1141296 -0.16964403 1.498
0.11673311 -0.16964403 1.498
0.11909763 -0.1693043 1.495
0.12169592 -0.1693043 1.495
0.12429421 -0.1693043 1.495
0.12689251 -0.1693043 1.495
0.12949081 -0.1693043 1.495
0.13208911 -0.1693043 1.495
0.13468739 -0.1693043 1.495
0.13728569 -0.1693043 1.495
0.139884 -0.1693043 1.495
0.14248228 -0.1693043 1.495
0.14508058 -0.1693043 1.495
0.14767888 -0.1693043 1.495
0.15027718 -0.1693043 1.495
0.15318225 -0.16964403 1.498
0.15620174 -0.17009702 1.502
0.1588122 -0.17009702 1.502
0.16142265 -0.17009702 1.502
0.16403311 -0.17009702 1.502
0.16664357 -0.17009702 1.502
0.16925405 -0.17009702 1.502
0.17220777 -0.17043675 1.505
0.17482345 -0.17043675 1.505
0.17743912 -0.17043675 1.505
0.1800548 -0.17043675 1.505
0.18230635 -0.17009702 1.502
0.18491681 -0.17009702 1.502
0.18752727 -0.17009702 1.502
0.19013773 -0.17009702 1.502
0.1927482 -0.17009702 1.502
0.19535866 -0.17009702 1.502
0.19744192 -0.16964403 1.498
-0.19921817 -0.16782108 1.505
-0.19660249 -0.16782108 1.505
-0.19398682 -0.16782108 1.505
-0.19137114 -0.16782108 1.505
-0.18875547 -0.16782108 1.505
-0.18576875 -0.16748655 1.502
-0.18315829 -0.16748655 1.502
-0.18054782 -0.16748655 1.502
-0.17793736 -0.16748655 1.502
-0.17485999 -0.16704053 1.498
-0.17225648 -0.16704053 1.498
-0.16965297 -0.16704053 1.498
-0.16704947 -0.16704053 1.498
-0.16444595 -0.16704053 1.498
-0.16184244 -0.16704053 1.498
-0.15966412 -0.16748655 1.502
-0.15705366 -0.16748655 1.502
-0.1544432 -0.16748655 1.502
-0.15183274 -0.16748655 1.502
-0.14922228 -0.16748655 1.502
-0.14661182 -0.16748655 1.502
-0.14400136 -0.16748655 1.502
-0.1413909 -0.16748655 1.502
-0.13841085 -0.16704053 1.498
-0.13580735 -0.16704053 1.498
-0.13320383 -0.16704053 1.498
-0.13060032 -0.16704053 1.498
-0.12799682 -0.16704053 1.498
-0.1253933 -0.16704053 1.498
-0.12278979 -0.16704053 1.498
-0.12018628 -0.16704053 1.498
-0.11758278 -0.16704053 1.498
-0.11497927 -0.16704053 1.498
-0.11237576 -0.16704053 1.498
-0.10977224 -0.16704053 1.498
-0.10716873 -0.16704053 1.498
-0.10456523 -0.16704053 1.498
-0.10196172 -0.16704053 1.498
-0.099358208 -0.16704053 1.498
-0.0967547 -0.16704053 1.498
-0.094151184 -0.16704053 1.498
-0.091792129 -0.16748655 1.502
-0.089181662 -0.16748655 1.502
-0.086571202 -0.16748655 1.502
-0.083960742 -0.16748655 1.502
-0.081350282 -0.16748655 1.502
-0.078739822 -0.16748655 1.502
-0.076129355 -0.16748655 1.502
-0.073518895 -0.16748655 1.502
-0.070908435 -0.16748655 1.502
-0.068297975 -0.16748655 1.502
-0.065687507 -0.16748655 1.502
-0.063077047 -0.16748655 1.502
-0.060466588 -0.16748655 1.502
-0.057971682 -0.16782108 1.505
-0.055356007 -0.16782108 1.505
-0.052845463 -0.16815561 1.508
-0.050224572 -0.16815561 1.508
-0.047603685 -0.16815561 1.508
-0.044982795 -0.16815561 1.508
-0.042361904 -0.16815561 1.508
-0.039741013 -0.16815561 1.508
-0.037120126 -0.16815561 1.508
-0.034499235 -0.16815561 1.508
-0.031814925 -0.16782108 1.505
-0.02919925 -0.16782108 1.505
-0.026530584 -0.16748655 1.502
-0.023920123 -0.16748655 1.502
-0.021309661 -0.16748655 1.502
-0.018699199 -0.16748655 1.502
-0.016088737 -0.16748655 1.502
-0.013478275 -0.16748655 1.502
-0.010867815 -0.16748655 1.502
-0.0082573527 -0.16748655 1.502
-0.0056581697 -0.16782108 1.505
-0.0030424937 -0.16782108 1.505
-0.00042681812 -0.16782108 1.505
0.0021888576 -0.16782108 1.505
0.0048045334 -0.16782108 1.505
0.0074202088 -0.16782108 1.505
0.010035885 -0.16782108 1.505
0.012651561 -0.16782108 1.505
0.015267236 -0.16782108 1.505
0.017882911 -0.16782108 1.505
0.020498587 -0.16782108 1.505
0.023114264 -0.16782108 1.505
0.025729939 -0.16782108 1.505
0.028345615 -0.16782108 1.505
0.03096129 -0.16782108 1.505
0.033576965 -0.16782108 1.505
0.036192641 -0.16782108 1.505
0.038808316 -0.16782108 1.505
0.041423991 -0.16782108 1.505
0.04395188 -0.16748655 1.502
0.046562344 -0.16748655 1.502
0.049041852 -0.16704053 1.498
0.051645365 -0.16704053 1.498
0.054248873 -0.16704053 1.498
0.056852382 -0.16704053 1.498
0.059455894 -0.16704053 1.498
0.062059402 -0.16704053 1.498
0.064533412 -0.166706 1.495
0.067131706 -0.166706 1.495
0.069730006 -0.166706 1.495
0.072328299 -0.166706 1.495
0.075076953 -0.16704053 1.498
0.077680461 -0.16704053 1.498
0.080498345 -0.16748655 1.502
0.083108805 -0.16748655 1.502
0.085719265 -0.16748655 1.502
0.088506155 -0.16782108 1.505
0.09112183 -0.16782108 1.505
0.093737505 -0.16782108 1.505
0.096353181 -0.16782108 1.505
0.098968856 -0.16782108 1.505
0.10158453 -0.16782108 1.505
0.1039925 -0.16748655 1.502
0.10631907 -0.16704053 1.498
0.10892258 -0.16704053 1.498
0.11152609 -0.16704053 1.498
0.1141296 -0.16704053 1.498
0.11649933 -0.166706 1.495
0.11909763 -0.166706 1.495
0.12169592 -0.166706 1.495
0.12429421 -0.166706 1.495
0.12689251 -0.166706 1.495
0.12949081 -0.166706 1.495
0.13208911 -0.166706 1.495
0.13468739 -0.166706 1.495
0.13728569 -0.166706 1.495
0.139884 -0.166706 1.495
0.14248228 -0.166706 1.495
0.14508058 -0.166706 1.495
0.14767888 -0.166706 1.495
0.15027718 -0.166706 1.495
0.15318225 -0.16704053 1.498
0.15578575 -0.16704053 1.498
0.15838927 -0.16704053 1.498
0.16142265 -0.16748655 1.502
0.16403311 -0.16748655 1.502
0.16664357 -0.16748655 1.502
0.16925405 -0.16748655 1.502
0.17220777 -0.16782108 1.505
0.17482345 -0.16782108 1.505
0.17743912 -0.16782108 1.505
0.1800548 -0.16782108 1.505
0.18267047 -0.16782108 1.505
0.18491681 -0.16748655 1.502
0.18752727 -0.16748655 1.502
0.19013773 -0.16748655 1.502
0.1927482 -0.16748655 1.502
0.19535866 -0.16748655 1.502
0.19796912 -0.16748655 1.502
-0.19921817 -0.1652054 1.505
-0.19660249 -0.1652054 1.505
-0.19398682 -0.1652054 1.505
-0.19137114 -0.1652054 1.505
-0.18875547 -0.1652054 1.505
-0.18576875 -0.16487609 1.502
-0.18315829 -0.16487609 1.502
-0.18054782 -0.16487609 1.502
-0.17793736 -0.16487609 1.502
-0.1753269 -0.16487609 1.502
-0.17225648 -0.16443701 1.498
-0.16965297 -0.16443701 1.498
-0.16704947 -0.16443701 1.498
-0.16444595 -0.16443701 1.498
-0.16184244 -0.16443701 1.498
-0.15923893 -0.16443701 1.498
-0.15705366 -0.16487609 1.502
-0.1544432 -0.16487609 1.502
-0.15183274 -0.16487609 1.502
-0.14922228 -0.16487609 1.502
-0.14622138 -0.16443701 1.498
-0.14361787 -0.16443701 1.498
-0.14101437 -0.16443701 1.498
-0.13841085 -0.16443701 1.498
-0.13580735 -0.16443701 1.498
-0.13320383 -0.16443701 1.498
-0.13060032 -0.16443701 1.498
-0.12799682 -0.16443701 1.498
-0.1253933 -0.16443701 1.498
-0.12278979 -0.16443701 1.498
-0.12018628 -0.16443701 1.498
-0.11758278 -0.16443701 1.498
-0.11497927 -0.16443701 1.498
-0.11237576 -0.16443701 1.498
-0.10977224 -0.16443701 1.498
-0.10716873 -0.16443701 1.498
-0.10456523 -0.16443701 1.498
-0.10196172 -0.16443701 1.498
-0.099358208 -0.16443701 1.498
-0.0967547 -0.16443701 1.498
-0.094151184 -0.16443701 1.498
-0.091792129 -0.16487609 1.502
-0.089181662 -0.16487609 1.502
-0.086571202 -0.16487609 1.502
-0.083960742 -0.16487609 1.502
-0.081350282 -0.16487609 1.502
-0.078530125 -0.16443701 1.498
-0.075926617 -0.16443701 1.498
-0.073323108 -0.16443701 1.498
-0.0707196 -0.16443701 1.498
-0.068116091 -0.16443701 1.498
-0.065687507 -0.16487609 1.502
-0.063077047 -0.16487609 1.502
-0.060466588 -0.16487609 1.502
-0.057856124 -0.16487609 1.502
-0.055356007 -0.1652054 1.505
-0.052845463 -0.16553472 1.508
-0.050224572 -0.16553472 1.508
-0.047603685 -0.16553472 1.508
-0.044982795 -0.16553472 1.508
-0.042361904 -0.16553472 1.508
-0.039741013 -0.16553472 1.508
-0.037120126 -0.16553472 1.508
-0.034430601 -0.1652054 1.505
-0.031814925 -0.1652054 1.505
-0.029141046 -0.16487609 1.502
-0.026530584 -0.16487609 1.502
-0.023920123 -0.16487609 1.502
-0.021309661 -0.16487609 1.502
-0.018699199 -0.16487609 1.502
-0.016088737 -0.16487609 1.502
-0.013478275 -0.16487609 1.502
-0.010867815 -0.16487609 1.502
-0.0082573527 -0.16487609 1.502
-0.0056581697 -0.1652054 1.505
-0.0030424937 -0.1652054 1.505
-0.00042681812 -0.1652054 1.505
0.0021888576 -0.1652054 1.505
0.0048045334 -0.1652054 1.505
0.0074202088 -0.1652054 1.505
0.010035885 -0.1652054 1.505
0.012651561 -0.1652054 1.505
0.015267236 -0.1652054 1.505
0.017882911 -0.1652054 1.505
0.020498587 -0.1652054 1.505
0.023114264 -0.1652054 1.505
0.025729939 -0.1652054 1.505
0.028345615 -0.1652054 1.505
0.03096129 -0.1652054 1.505
0.033576965 -0.1652054 1.505
0.036192641 -0.1652054 1.505
0.038808316 -0.1652054 1.505
0.04134142 -0.16487609 1.502
0.04395188 -0.16487609 1.502
0.046562344 -0.16487609 1.502
0.049041852 -0.16443701 1.498
0.051645365 -0.16443701 1.498
0.054248873 -0.16443701 1.498
0.056852382 -0.16443701 1.498
0.059455894 -0.16443701 1.498
0.061935116 -0.1641077 1.495
0.064533412 -0.1641077 1.495
0.067131706 -0.1641077 1.495
0.069730006 -0.1641077 1.495
0.072328299 -0.1641077 1.495
0.075076953 -0.16443701 1.498
0.077680461 -0.16443701 1.498
0.08028397 -0.16443701 1.498
0.083108805 -0.16487609 1.502
0.085719265 -0.16487609 1.502
0.088329732 -0.16487609 1.502
0.090940192 -0.16487609 1.502
0.093737505 -0.1652054 1.505
0.096353181 -0.1652054 1.505
0.09877158 -0.16487609 1.502
0.10138204 -0.16487609 1.502
0.1039925 -0.16487609 1.502
0.10631907 -0.16443701 1.498
0.10892258 -0.16443701 1.498
0.11152609 -0.16443701 1.498
0.1141296 -0.16443701 1.498
0.11649933 -0.1641077 1.495
0.11909763 -0.1641077 1.495
0.12169592 -0.1641077 1.495
0.12429421 -0.1641077 1.495
0.12689251 -0.1641077 1.495
0.12949081 -0.1641077 1.495
0.13208911 -0.1641077 1.495
0.13468739 -0.1641077 1.495
0.13728569 -0.1641077 1.495
0.139884 -0.1641077 1.495
0.14248228 -0.1641077 1.495
0.14508058 -0.1641077 1.495
0.14767888 -0.1641077 1.495
0.15027718 -0.1641077 1.495
0.15318225 -0.16443701 1.498
0.15578575 -0.16443701 1.498
0.15838927 -0.16443701 1.498
0.16142265 -0.16487609 1.502
0.16403311 -0.16487609 1.502
0.16664357 -0.16487609 1.502
0.16925405 -0.16487609 1.502
0.17220777 -0.1652054 1.505
0.17482345 -0.1652054 1.505
0.17743912 -0.1652054 1.505
0.1800548 -0.1652054 1.505
0.18267047 -0.1652054 1.505
0.18528616 -0.1652054 1.505
0.18790184 -0.1652054 1.505
0.19013773 -0.16487609 1.502
0.1927482 -0.16487609 1.502
0.19535866 -0.16487609 1.502
0.19796912 -0.16487609 1.502
-0.19921817 -0.16258973 1.505
-0.19660249 -0.16258973 1.505
-0.19398682 -0.16258973 1.505
-0.19137114 -0.16258973 1.505
-0.18875547 -0.16258973 1.505
-0.18576875 -0.16226563 1.502
-0.18315829 -0.16226563 1.502
-0.18054782 -0.16226563 1.502
-0.17793736 -0.16226563 1.502
-0.1753269 -0.16226563 1.502
-0.17225648 -0.16183351 1.498
-0.16965297 -0.16183351 1.498
-0.16704947 -0.16183351 1.498
-0.16444595 -0.16183351 1.498
-0.16184244 -0.16183351 1.498
-0.15923893 -0.16183351 1.498
-0.15663542 -0.16183351 1.498
-0.1544432 -0.16226563 1.502
-0.15183274 -0.16226563 1.502
-0.14922228 -0.16226563 1.502
-0.14622138 -0.16183351 1.498
-0.14361787 -0.16183351 1.498
-0.14101437 -0.16183351 1.498
-0.13841085 -0.16183351 1.498
-0.13580735 -0.16183351 1.498
-0.13320383 -0.16183351 1.498
-0.13060032 -0.16183351 1.498
-0.12799682 -0.16183351 1.498
-0.1253933 -0.16183351 1.498
-0.12278979 -0.16183351 1.498
-0.12018628 -0.16183351 1.498
-0.11758278 -0.16183351 1.498
-0.11497927 -0.16183351 1.498
-0.11237576 -0.16183351 1.498
-0.10977224 -0.16183351 1.498
-0.10716873 -0.16183351 1.498
-0.10456523 -0.16183351 1.498
-0.10196172 -0.16183351 1.498
-0.099358208 -0.16183351 1.498
-0.0967547 -0.16183351 1.498
-0.094151184 -0.16183351 1.498
-0.091792129 -0.16226563 1.502
-0.089181662 -0.16226563 1.502
-0.086571202 -0.16226563 1.502
-0.083960742 -0.16226563 1.502
-0.081350282 -0.16226563 1.502
-0.078530125 -0.16183351 1.498
-0.075926617 -0.16183351 1.498
-0.073323108 -0.16183351 1.498
-0.0707196 -0.16183351 1.498
-0.068116091 -0.16183351 1.498
-0.065512575 -0.16183351 1.498
-0.062909067 -0.16183351 1.498
-0.060466588 -0.16226563 1.502
-0.057856124 -0.16226563 1.502
-0.055356007 -0.16258973 1.505
-0.052845463 -0.16291383 1.508
-0.050224572 -0.16291383 1.508
-0.047603685 -0.16291383 1.508
-0.044982795 -0.16291383 1.508
-0.042361904 -0.16291383 1.508
-0.039741013 -0.16291383 1.508
-0.037120126 -0.16291383 1.508
-0.034430601 -0.16258973 1.505
-0.031751506 -0.16226563 1.502
-0.029141046 -0.16226563 1.502
-0.026530584 -0.16226563 1.502
-0.023920123 -0.16226563 1.502
-0.021309661 -0.16226563 1.502
-0.018699199 -0.16226563 1.502
-0.016088737 -0.16226563 1.502
-0.013478275 -0.16226563 1.502
-0.010867815 -0.16226563 1.502
-0.0082738455 -0.16258973 1.505
-0.0056581697 -0.16258973 1.505
-0.0030424937 -0.16258973 1.505
-0.00042681812 -0.16258973 1.505
0.0021888576 -0.16258973 1.505
0.0048045334 -0.16258973 1.505
0.0074202088 -0.16258973 1.505
0.010035885 -0.16258973 1.505
0.012651561 -0.16258973 1.505
0.015267236 -0.16258973 1.505
0.017882911 -0.16258973 1.505
0.020498587 -0.16258973 1.505
0.023114264 -0.16258973 1.505
0.025729939 -0.16258973 1.505
0.028345615 -0.16258973 1.505
0.03096129 -0.16258973 1.505
0.033576965 -0.16258973 1.505
0.036192641 -0.16258973 1.505
0.038730957 -0.16226563 1.502
0.04134142 -0.16226563 1.502
0.04395188 -0.16226563 1.502
0.046438344 -0.16183351 1.498
0.049041852 -0.16183351 1.498
0.051645365 -0.16183351 1.498
0.054248873 -0.16183351 1.498
0.056852382 -0.16183351 1.498
0.059336822 -0.16150941 1.495
0.061935116 -0.16150941 1.495
0.064533412 -0.16150941 1.495
0.067131706 -0.16150941 1.495
0.069730006 -0.16150941 1.495
0.072328299 -0.16150941 1.495
0.0749266 -0.16150941 1.495
0.077680461 -0.16183351 1.498
0.08028397 -0.16183351 1.498
0.083108805 -0.16226563 1.502
0.085719265 -0.16226563 1.502
0.088329732 -0.16226563 1.502
0.090940192 -0.16226563 1.502
0.093550652 -0.16226563 1.502
0.096161112 -0.16226563 1.502
0.09877158 -0.16226563 1.502
0.10138204 -0.16226563 1.502
0.1039925 -0.16226563 1.502
0.10631907 -0.16183351 1.498
0.10892258 -0.16183351 1.498
0.11152609 -0.16183351 1.498
0.1141296 -0.16183351 1.498
0.11649933 -0.16150941 1.495
0.11909763 -0.16150941 1.495
0.12169592 -0.16150941 1.495
0.12429421 -0.16150941 1.495
0.12689251 -0.16150941 1.495
0.12949081 -0.16150941 1.495
0.13208911 -0.16150941 1.495
0.13468739 -0.16150941 1.495
0.13728569 -0.16150941 1.495
0.139884 -0.16150941 1.495
0.14248228 -0.16150941 1.495
0.14508058 -0.16150941 1.495
0.14767888 -0.16150941 1.495
0.15027718 -0.16150941 1.495
0.15318225 -0.16183351 1.498
0.15578575 -0.16183351 1.498
0.15838927 -0.16183351 1.498
0.16099277 -0.16183351 1.498
0.16359629 -0.16183351 1.498
0.16664357 -0.16226563 1.502
0.16925405 -0.16226563 1.502
0.17186451 -0.16226563 1.502
0.17482345 -0.16258973 1.505
0.17743912 -0.16258973 1.505
0.1800548 -0.16258973 1.505
0.18267047 -0.16258973 1.505
0.18528616 -0.16258973 1.505
0.18790184 -0.16258973 1.505
0.19051751 -0.16258973 1.505
0.1927482 -0.16226563 1.502
0.19535866 -0.16226563 1.502
0.19796912 -0.16226563 1.502
-0.19961528 -0.16029294 1.508
-0.19660249 -0.15997405 1.505
-0.19398682 -0.15997405 1.505
-0.19137114 -0.15997405 1.505
-0.18875547 -0.15997405 1.505
-0.18613979 -0.15997405 1.505
-0.18315829 -0.15965517 1.502
-0.18054782 -0.15965517 1.502
-0.17793736 -0.15965517 1.502
-0.1753269 -0.15965517 1.502
-0.17271644 -0.15965517 1.502
-0.16965297 -0.15922999 1.498
-0.16704947 -0.15922999 1.498
-0.16444595 -0.15922999 1.498
-0.16184244 -0.15922999 1.498
-0.15923893 -0.15922999 1.498
-0.15663542 -0.15922999 1.498
-0.15403192 -0.15922999 1.498
-0.1514284 -0.15922999 1.498
-0.14882489 -0.15922999 1.498
-0.14622138 -0.15922999 1.498
-0.14361787 -0.15922999 1.498
-0.14101437 -0.15922999 1.498
-0.13841085 -0.15922999 1.498
-0.13580735 -0.15922999 1.498
-0.13320383 -0.15922999 1.498
-0.13060032 -0.15922999 1.498
-0.12799682 -0.15922999 1.498
-0.1253933 -0.15922999 1.498
-0.12278979 -0.15922999 1.498
-0.12018628 -0.15922999 1.498
-0.11758278 -0.15922999 1.498
-0.11497927 -0.15922999 1.498
-0.11237576 -0.15922999 1.498
-0.10977224 -0.15922999 1.498
-0.10716873 -0.15922999 1.498
-0.10456523 -0.15922999 1.498
-0.10196172 -0.15922999 1.498
-0.099358208 -0.15922999 1.498
-0.0967547 -0.15922999 1.498
-0.094402589 -0.15965517 1.502
-0.091792129 -0.15965517 1.502
-0.089181662 -0.15965517 1.502
-0.086571202 -0.15965517 1.502
-0.083960742 -0.15965517 1.502
-0.081350282 -0.15965517 1.502
-0.078530125 -0.15922999 1.498
-0.075926617 -0.15922999 1.498
-0.073323108 -0.15922999 1.498
-0.0707196 -0.15922999 1.498
-0.068116091 -0.15922999 1.498
-0.065512575 -0.15922999 1.498
-0.062909067 -0.15922999 1.498
-0.060305558 -0.15922999 1.498
-0.057856124 -0.15965517 1.502
-0.055245664 -0.15965517 1.502
-0.052740332 -0.15997405 1.505
-0.050224572 -0.16029294 1.508
-0.047603685 -0.16029294 1.508
-0.044982795 -0.16029294 1.508
-0.042361904 -0.16029294 1.508
-0.039741013 -0.16029294 1.508
-0.03704628 -0.15997405 1.505
-0.034430601 -0.15997405 1.505
-0.031751506 -0.15965517 1.502
-0.029141046 -0.15965517 1.502
-0.026530584 -0.15965517 1.502
-0.023920123 -0.15965517 1.502
-0.021309661 -0.15965517 1.502
-0.018699199 -0.15965517 1.502
-0.016088737 -0.15965517 1.502
-0.013478275 -0.15965517 1.502
-0.010889521 -0.15997405 1.505
-0.0082738455 -0.15997405 1.505
-0.0056581697 -0.15997405 1.505
-0.0030424937 -0.15997405 1.505
-0.00042681812 -0.15997405 1.505
0.0021888576 -0.15997405 1.505
0.0048045334 -0.15997405 1.505
0.0074202088 -0.15997405 1.505
0.010035885 -0.15997405 1.505
0.012651561 -0.15997405 1.505
0.015267236 -0.15997405 1.505
0.017882911 -0.15997405 1.505
0.020498587 -0.15997405 1.505
0.023114264 -0.15997405 1.505
0.025729939 -0.15997405 1.505
0.028289111 -0.15965517 1.502
0.030899573 -0.15965517 1.502
0.033510033 -0.15965517 1.502
0.036120497 -0.15965517 1.502
0.038730957 -0.15965517 1.502
0.04134142 -0.15965517 1.502
0.04395188 -0.15965517 1.502
0.046438344 -0.15922999 1.498
0.049041852 -0.15922999 1.498
0.051645365 -0.15922999 1.498
0.054248873 -0.15922999 1.498
0.056738526 -0.15891111 1.495
0.059336822 -0.15891111 1.495
0.061935116 -0.15891111 1.495
0.064533412 -0.15891111 1.495
0.067131706 -0.15891111 1.495
0.069730006 -0.15891111 1.495
0.072328299 -0.15891111 1.495
0.0749266 -0.15891111 1.495
0.077524893 -0.15891111 1.495
0.08028397 -0.15922999 1.498
0.082887478 -0.15922999 1.498
0.085490994 -0.15922999 1.498
0.088329732 -0.15965517 1.502
0.090940192 -0.15965517 1.502
0.093550652 -0.15965517 1.502
0.096161112 -0.15965517 1.502
0.09877158 -0.15965517 1.502
0.10138204 -0.15965517 1.502
0.10371556 -0.15922999 1.498
0.10631907 -0.15922999 1.498
0.10892258 -0.15922999 1.498
0.11152609 -0.15922999 1.498
0.11390103 -0.15891111 1.495
0.11649933 -0.15891111 1.495
0.11909763 -0.15891111 1.495
0.12169592 -0.15891111 1.495
0.12429421 -0.15891111 1.495
0.12689251 -0.15891111 1.495
0.12949081 -0.15891111 1.495
0.13208911 -0.15891111 1.495
0.13468739 -0.15891111 1.495
0.13728569 -0.15891111 1.495
0.139884 -0.15891111 1.495
0.14248228 -0.15891111 1.495
0.14508058 -0.15891111 1.495
0.14767888 -0.15891111 1.495
0.15027718 -0.15891111 1.495
0.15287547 -0.15891111 1.495
0.15578575 -0.15922999 1.498
0.15838927 -0.15922999 1.498
0.16099277 -0.15922999 1.498
0.16359629 -0.15922999 1.498
0.16619979 -0.15922999 1.498
0.16925405 -0.15965517 1.502
0.17186451 -0.15965517 1.502
0.17482345 -0.15997405 1.505
0.17743912 -0.15997405 1.505
0.1800548 -0.15997405 1.505
0.18267047 -0.15997405 1.505
0.18528616 -0.15997405 1.505
0.18790184 -0.15997405 1.505
0.19051751 -0.15997405 1.505
0.1927482 -0.15965517 1.502
0.19535866 -0.15965517 1.502
0.19796912 -0.15965517 1.502
-0.19961528 -0.15767205 1.508
-0.19699439 -0.15767205 1.508
-0.19398682 -0.15735838 1.505
-0.19137114 -0.15735838 1.505
-0.18875547 -0.15735838 1.505
-0.18613979 -0.15735838 1.505
-0.18315829 -0.15704471 1.502
-0.18054782 -0.15704471 1.502
-0.17793736 -0.15704471 1.502
-0.1753269 -0.15704471 1.502
-0.17271644 -0.15704471 1.502
-0.17010598 -0.15704471 1.502
-0.16704947 -0.15662648 1.498
-0.16444595 -0.15662648 1.498
-0.16184244 -0.15662648 1.498
-0.15923893 -0.15662648 1.498
-0.15663542 -0.15662648 1.498
-0.15403192 -0.15662648 1.498
-0.1514284 -0.15662648 1.498
-0.14882489 -0.15662648 1.498
-0.14622138 -0.15662648 1.498
-0.14361787 -0.15662648 1.498
-0.14101437 -0.15662648 1.498
-0.13841085 -0.15662648 1.498
-0.13580735 -0.15662648 1.498
-0.13320383 -0.15662648 1.498
-0.13060032 -0.15662648 1.498
-0.12799682 -0.15662648 1.498
-0.1253933 -0.15662648 1.498
-0.12278979 -0.15662648 1.498
-0.12018628 -0.15662648 1.498
-0.11758278 -0.15662648 1.498
-0.11497927 -0.15662648 1.498
-0.11237576 -0.15662648 1.498
-0.10977224 -0.15662648 1.498
-0.10716873 -0.15662648 1.498
-0.10456523 -0.15662648 1.498
-0.10196172 -0.15662648 1.498
-0.099358208 -0.15662648 1.498
-0.0967547 -0.15662648 1.498
-0.094402589 -0.15704471 1.502
-0.091792129 -0.15704471 1.502
-0.089181662 -0.15704471 1.502
-0.086744115 -0.15735838 1.505
-0.084128439 -0.15735838 1.505
-0.081350282 -0.15704471 1.502
-0.078739822 -0.15704471 1.502
-0.075926617 -0.15662648 1.498
-0.073323108 -0.15662648 1.498
-0.0707196 -0.15662648 1.498
-0.068116091 -0.15662648 1.498
-0.065512575 -0.15662648 1.498
-0.062909067 -0.15662648 1.498
-0.060305558 -0.15662648 1.498
-0.057856124 -0.15704471 1.502
-0.055245664 -0.15704471 1.502
-0.052740332 -0.15735838 1.505
-0.050224572 -0.15767205 1.508
-0.047603685 -0.15767205 1.508
-0.044982795 -0.15767205 1.508
-0.042361904 -0.15767205 1.508
-0.039741013 -0.15767205 1.508
-0.03704628 -0.15735838 1.505
-0.034430601 -0.15735838 1.505
-0.031751506 -0.15704471 1.502
-0.029141046 -0.15704471 1.502
-0.026530584 -0.15704471 1.502
-0.023920123 -0.15704471 1.502
-0.021309661 -0.15704471 1.502
-0.018699199 -0.15704471 1.502
-0.016088737 -0.15704471 1.502
-0.013478275 -0.15704471 1.502
-0.010867815 -0.15704471 1.502
-0.0082738455 -0.15735838 1.505
-0.0056581697 -0.15735838 1.505
-0.0030424937 -0.15735838 1.505
-0.00042681812 -0.15735838 1.505
0.0021888576 -0.15735838 1.505
0.0048045334 -0.15735838 1.505
0.0074202088 -0.15735838 1.505
0.010035885 -0.15735838 1.505
0.012651561 -0.15735838 1.505
0.015267236 -0.15735838 1.505
0.017882911 -0.15735838 1.505
0.020498587 -0.15735838 1.505
0.023068188 -0.15704471 1.502
0.02567865 -0.15704471 1.502
0.028289111 -0.15704471 1.502
0.030899573 -0.15704471 1.502
0.033510033 -0.15704471 1.502
0.036120497 -0.15704471 1.502
0.038730957 -0.15704471 1.502
0.04134142 -0.15704471 1.502
0.04395188 -0.15704471 1.502
0.046438344 -0.15662648 1.498
0.049041852 -0.15662648 1.498
0.051645365 -0.15662648 1.498
0.054248873 -0.15662648 1.498
0.056738526 -0.15631281 1.495
0.059336822 -0.15631281 1.495
0.061935116 -0.15631281 1.495
0.064533412 -0.15631281 1.495
0.067131706 -0.15631281 1.495
0.069730006 -0.15631281 1.495
0.072328299 -0.15631281 1.495
0.0749266 -0.15631281 1.495
0.077524893 -0.15631281 1.495
0.08028397 -0.15662648 1.498
0.082887478 -0.15662648 1.498
0.085490994 -0.15662648 1.498
0.088094503 -0.15662648 1.498
0.090698011 -0.15662648 1.498
0.093550652 -0.15704471 1.502
0.096161112 -0.15704471 1.502
0.09877158 -0.15704471 1.502
0.10138204 -0.15704471 1.502
0.10371556 -0.15662648 1.498
0.10631907 -0.15662648 1.498
0.10892258 -0.15662648 1.498
0.11130274 -0.15631281 1.495
0.11390103 -0.15631281 1.495
0.11649933 -0.15631281 1.495
0.11909763 -0.15631281 1.495
0.12169592 -0.15631281 1.495
0.12429421 -0.15631281 1.495
0.12689251 -0.15631281 1.495
0.12949081 -0.15631281 1.495
0.13208911 -0.15631281 1.495
0.13468739 -0.15631281 1.495
0.13728569 -0.15631281 1.495
0.139884 -0.15631281 1.495
0.14248228 -0.15631281 1.495
0.14508058 -0.15631281 1.495
0.14767888 -0.15631281 1.495
0.15027718 -0.15631281 1.495
0.15287547 -0.15631281 1.495
0.15578575 -0.15662648 1.498
0.15838927 -0.15662648 1.498
0.16099277 -0.15662648 1.498
0.16359629 -0.15662648 1.498
0.16619979 -0.15662648 1.498
0.16925405 -0.15704471 1.502
0.17186451 -0.15704471 1.502
0.17482345 -0.15735838 1.505
0.17743912 -0.15735838 1.505
0.1800548 -0.15735838 1.505
0.18267047 -0.15735838 1.505
0.18528616 -0.15735838 1.505
0.18790184 -0.15735838 1.505
0.19051751 -0.15735838 1.505
0.1927482 -0.15704471 1.502
0.19535866 -0.15704471 1.502
0.19796912 -0.15704471 1.502
-0.19961528 -0.15505117 1.508
-0.19699439 -0.15505117 1.508
-0.1943735 -0.15505117 1.508
-0.19137114 -0.1547427 1.505
-0.18875547 -0.1547427 1.505
-0.18613979 -0.1547427 1.505
-0.18315829 -0.15443425 1.502
-0.18054782 -0.15443425 1.502
-0.17793736 -0.15443425 1.502
-0.1753269 -0.15443425 1.502
-0.17271644 -0.15443425 1.502
-0.17010598 -0.15443425 1.502
-0.16704947 -0.15402298 1.498
-0.16444595 -0.15402298 1.498
-0.16184244 -0.15402298 1.498
-0.15966412 -0.15443425 1.502
-0.15663542 -0.15402298 1.498
-0.15403192 -0.15402298 1.498
-0.1514284 -0.15402298 1.498
-0.14882489 -0.15402298 1.498
-0.14622138 -0.15402298 1.498
-0.14361787 -0.15402298 1.498
-0.14101437 -0.15402298 1.498
-0.13841085 -0.15402298 1.498
-0.13616997 -0.15443425 1.502
-0.13320383 -0.15402298 1.498
-0.13060032 -0.15402298 1.498
-0.12799682 -0.15402298 1.498
-0.1253933 -0.15402298 1.498
-0.12278979 -0.15402298 1.498
-0.12018628 -0.15402298 1.498
-0.11758278 -0.15402298 1.498
-0.11497927 -0.15402298 1.498
-0.11237576 -0.15402298 1.498
-0.10977224 -0.15402298 1.498
-0.10716873 -0.15402298 1.498
-0.10456523 -0.15402298 1.498
-0.10196172 -0.15402298 1.498
-0.099358208 -0.15402298 1.498
-0.097013049 -0.15443425 1.502
-0.094402589 -0.15443425 1.502
-0.091792129 -0.15443425 1.502
-0.08935979 -0.1547427 1.505
-0.086744115 -0.1547427 1.505
-0.084128439 -0.1547427 1.505
-0.081350282 -0.15443425 1.502
-0.078739822 -0.15443425 1.502
-0.075926617 -0.15402298 1.498
-0.073323108 -0.15402298 1.498
-0.0707196 -0.15402298 1.498
-0.068116091 -0.15402298 1.498
-0.065512575 -0.15402298 1.498
-0.062909067 -0.15402298 1.498
-0.060466588 -0.15443425 1.502
-0.057856124 -0.15443425 1.502
-0.055356007 -0.1547427 1.505
-0.052740332 -0.1547427 1.505
-0.050224572 -0.15505117 1.508
-0.047603685 -0.15505117 1.508
-0.044982795 -0.15505117 1.508
-0.042361904 -0.15505117 1.508
-0.039741013 -0.15505117 1.508
-0.03704628 -0.1547427 1.505
-0.034430601 -0.1547427 1.505
-0.031751506 -0.15443425 1.502
-0.029141046 -0.15443425 1.502
-0.026530584 -0.15443425 1.502
-0.023920123 -0.15443425 1.502
-0.021309661 -0.15443425 1.502
-0.018649401 -0.15402298 1.498
-0.016088737 -0.15443425 1.502
-0.013478275 -0.15443425 1.502
-0.010867815 -0.15443425 1.502
-0.0082573527 -0.15443425 1.502
-0.0056468905 -0.15443425 1.502
-0.0030364289 -0.15443425 1.502
-0.0004259673 -0.15443425 1.502
0.0021888576 -0.1547427 1.505
0.0048045334 -0.1547427 1.505
0.0074202088 -0.1547427 1.505
0.010035885 -0.1547427 1.505
0.012651561 -0.1547427 1.505
0.015267236 -0.1547427 1.505
0.017882911 -0.1547427 1.505
0.020498587 -0.1547427 1.505
0.023068188 -0.15443425 1.502
0.02567865 -0.15443425 1.502
0.028289111 -0.15443425 1.502
0.030899573 -0.15443425 1.502
0.033510033 -0.15443425 1.502
0.036120497 -0.15443425 1.502
0.038730957 -0.15443425 1.502
0.04134142 -0.15443425 1.502
0.043834835 -0.15402298 1.498
0.046438344 -0.15402298 1.498
0.049041852 -0.15402298 1.498
0.051645365 -0.15402298 1.498
0.054140229 -0.15371452 1.495
0.056738526 -0.15371452 1.495
0.059336822 -0.15371452 1.495
0.061935116 -0.15371452 1.495
0.064533412 -0.15371452 1.495
0.067131706 -0.15371452 1.495
0.069730006 -0.15371452 1.495
0.072328299 -0.15371452 1.495
0.0749266 -0.15371452 1.495
0.077524893 -0.15371452 1.495
0.080123186 -0.15371452 1.495
0.082887478 -0.15402298 1.498
0.085490994 -0.15402298 1.498
0.088094503 -0.15402298 1.498
0.090698011 -0.15402298 1.498
0.09330152 -0.15402298 1.498
0.095905028 -0.15402298 1.498
0.098508537 -0.15402298 1.498
0.10111205 -0.15402298 1.498
0.10371556 -0.15402298 1.498
0.10631907 -0.15402298 1.498
0.10892258 -0.15402298 1.498
0.11130274 -0.15371452 1.495
0.11390103 -0.15371452 1.495
0.11649933 -0.15371452 1.495
0.11909763 -0.15371452 1.495
0.12169592 -0.15371452 1.495
0.12429421 -0.15371452 1.495
0.12663788 -0.15340605 1.492
0.12949081 -0.15371452 1.495
0.13208911 -0.15371452 1.495
0.13468739 -0.15371452 1.495
0.13728569 -0.15371452 1.495
0.139884 -0.15371452 1.495
0.14248228 -0.15371452 1.495
0.14508058 -0.15371452 1.495
0.14767888 -0.15371452 1.495
0.15027718 -0.15371452 1.495
0.15287547 -0.15371452 1.495
0.15578575 -0.15402298 1.498
0.15838927 -0.15402298 1.498
0.16099277 -0.15402298 1.498
0.16359629 -0.15402298 1.498
0.16664357 -0.15443425 1.502
0.16925405 -0.15443425 1.502
0.17186451 -0.15443425 1.502
0.17447497 -0.15443425 1.502
0.17743912 -0.1547427 1.505
0.1800548 -0.1547427 1.505
0.18267047 -0.1547427 1.505
0.18528616 -0.1547427 1.505
0.18790184 -0.1547427 1.505
0.19051751 -0.1547427 1.505
0.1927482 -0.15443425 1.502
0.19535866 -0.15443425 1.502
0.19796912 -0.15443425 1.502
-0.19961528 -0.15243028 1.508
-0.19699439 -0.15243028 1.508
-0.1943735 -0.15243028 1.508
-0.19175261 -0.15243028 1.508
-0.18875547 -0.15212703 1.505
-0.18613979 -0.15212703 1.505
-0.18315829 -0.15182379 1.502
-0.18054782 -0.15182379 1.502
-0.17793736 -0.15182379 1.502
-0.1753269 -0.15182379 1.502
-0.17271644 -0.15182379 1.502
-0.17010598 -0.15182379 1.502
-0.16749552 -0.15182379 1.502
-0.16444595 -0.15141946 1.498
-0.16184244 -0.15141946 1.498
-0.15966412 -0.15182379 1.502
-0.15705366 -0.15182379 1.502
-0.15403192 -0.15141946 1.498
-0.1514284 -0.15141946 1.498
-0.14882489 -0.15141946 1.498
-0.14622138 -0.15141946 1.498
-0.14361787 -0.15141946 1.498
-0.14101437 -0.15141946 1.498
-0.13878043 -0.15182379 1.502
-0.13616997 -0.15182379 1.502
-0.13355951 -0.15182379 1.502
-0.13060032 -0.15141946 1.498
-0.12799682 -0.15141946 1.498
-0.12572813 -0.15182379 1.502
-0.12278979 -0.15141946 1.498
-0.1205072 -0.15182379 1.502
-0.11789674 -0.15182379 1.502
-0.11497927 -0.15141946 1.498
-0.11237576 -0.15141946 1.498
-0.10977224 -0.15141946 1.498
-0.10716873 -0.15141946 1.498
-0.10456523 -0.15141946 1.498
-0.10223398 -0.15182379 1.502
-0.099623509 -0.15182379 1.502
-0.097013049 -0.15182379 1.502
-0.094402589 -0.15182379 1.502
-0.091975465 -0.15212703 1.505
-0.08935979 -0.15212703 1.505
-0.086744115 -0.15212703 1.505
-0.084128439 -0.15212703 1.505
-0.081512764 -0.15212703 1.505
-0.078739822 -0.15182379 1.502
-0.076129355 -0.15182379 1.502
-0.073323108 -0.15141946 1.498
-0.0707196 -0.15141946 1.498
-0.068116091 -0.15141946 1.498
-0.065512575 -0.15141946 1.498
-0.062909067 -0.15141946 1.498
-0.060466588 -0.15182379 1.502
-0.057856124 -0.15182379 1.502
-0.055356007 -0.15212703 1.505
-0.052740332 -0.15212703 1.505
-0.050224572 -0.15243028 1.508
-0.047603685 -0.15243028 1.508
-0.044982795 -0.15243028 1.508
-0.042361904 -0.15243028 1.508
-0.039741013 -0.15243028 1.508
-0.03704628 -0.15212703 1.505
-0.034430601 -0.15212703 1.505
-0.031751506 -0.15182379 1.502
-0.029141046 -0.15182379 1.502
-0.026530584 -0.15182379 1.502
-0.023856422 -0.15141946 1.498
-0.021252912 -0.15141946 1.498
-0.018649401 -0.15141946 1.498
-0.016045893 -0.15141946 1.498
-0.013478275 -0.15182379 1.502
-0.010867815 -0.15182379 1.502
-0.0082573527 -0.15182379 1.502
-0.0056468905 -0.15182379 1.502
-0.0030364289 -0.15182379 1.502
-0.0004259673 -0.15182379 1.502
0.0021844944 -0.15182379 1.502
0.0047949562 -0.15182379 1.502
0.0074202088 -0.15212703 1.505
0.010035885 -0.15212703 1.505
0.012651561 -0.15212703 1.505
0.015267236 -0.15212703 1.505
0.017847264 -0.15182379 1.502
0.020457726 -0.15182379 1.502
0.023068188 -0.15182379 1.502
0.02567865 -0.15182379 1.502
0.028289111 -0.15182379 1.502
0.030899573 -0.15182379 1.502
0.033510033 -0.15182379 1.502
0.036120497 -0.15182379 1.502
0.038730957 -0.15182379 1.502
0.04134142 -0.15182379 1.502
0.043834835 -0.15141946 1.498
0.046438344 -0.15141946 1.498
0.049041852 -0.15141946 1.498
0.051645365 -0.15141946 1.498
0.054140229 -0.15111622 1.495
0.056738526 -0.15111622 1.495
0.059336822 -0.15111622 1.495
0.061935116 -0.15111622 1.495
0.064533412 -0.15111622 1.495
0.067131706 -0.15111622 1.495
0.069730006 -0.15111622 1.495
0.072183162 -0.15081297 1.492
0.0749266 -0.15111622 1.495
0.077524893 -0.15111622 1.495
0.080123186 -0.15111622 1.495
0.082887478 -0.15141946 1.498
0.085490994 -0.15141946 1.498
0.088094503 -0.15141946 1.498
0.090698011 -0.15141946 1.498
0.09330152 -0.15141946 1.498
0.095905028 -0.15141946 1.498
0.098508537 -0.15141946 1.498
0.10111205 -0.15141946 1.498
0.10371556 -0.15141946 1.498
0.10610615 -0.15111622 1.495
0.10870444 -0.15111622 1.495
0.11130274 -0.15111622 1.495
0.11390103 -0.15111622 1.495
0.11649933 -0.15111622 1.495
0.11909763 -0.15111622 1.495
0.12169592 -0.15111622 1.495
0.12429421 -0.15111622 1.495
0.12663788 -0.15081297 1.492
0.12949081 -0.15111622 1.495
0.13208911 -0.15111622 1.495
0.13468739 -0.15111622 1.495
0.13728569 -0.15111622 1.495
0.139884 -0.15111622 1.495
0.14248228 -0.15111622 1.495
0.14508058 -0.15111622 1.495
0.14767888 -0.15111622 1.495
0.15027718 -0.15111622 1.495
0.15287547 -0.15111622 1.495
0.15578575 -0.15141946 1.498
0.15838927 -0.15141946 1.498
0.16099277 -0.15141946 1.498
0.16359629 -0.15141946 1.498
0.16664357 -0.15182379 1.502
0.16925405 -0.15182379 1.502
0.17186451 -0.15182379 1.502
0.17447497 -0.15182379 1.502
0.17743912 -0.15212703 1.505
0.1800548 -0.15212703 1.505
0.18267047 -0.15212703 1.505
0.18528616 -0.15212703 1.505
0.18790184 -0.15212703 1.505
0.19013773 -0.15182379 1.502
0.1927482 -0.15182379 1.502
0.19535866 -0.15182379 1.502
0.19796912 -0.15182379 1.502
-0.19961528 -0.14980939 1.508
-0.19699439 -0.14980939 1.508
-0.1943735 -0.14980939 1.508
-0.19175261 -0.14980939 1.508
-0.18875547 -0.14951135 1.505
-0.18613979 -0.14951135 1.505
-0.18315829 -0.14921333 1.502
-0.18054782 -0.14921333 1.502
-0.17793736 -0.14921333 1.502
-0.1753269 -0.14921333 1.502
-0.17271644 -0.14921333 1.502
-0.17010598 -0.14921333 1.502
-0.16749552 -0.14921333 1.502
-0.16444595 -0.14881596 1.498
-0.1622746 -0.14921333 1.502
-0.15966412 -0.14921333 1.502
-0.15705366 -0.14921333 1.502
-0.15403192 -0.14881596 1.498
-0.1514284 -0.14881596 1.498
-0.14882489 -0.14881596 1.498
-0.14622138 -0.14881596 1.498
-0.14361787 -0.14881596 1.498
-0.14101437 -0.14881596 1.498
-0.13878043 -0.14921333 1.502
-0.13616997 -0.14921333 1.502
-0.13355951 -0.14921333 1.502
-0.13060032 -0.14881596 1.498
-0.12833859 -0.14921333 1.502
-0.12572813 -0.14921333 1.502
-0.12311767 -0.14921333 1.502
-0.1205072 -0.14921333 1.502
-0.11789674 -0.14921333 1.502
-0.11528628 -0.14921333 1.502
-0.11237576 -0.14881596 1.498
-0.10977224 -0.14881596 1.498
-0.10716873 -0.14881596 1.498
-0.10484444 -0.14921333 1.502
-0.10223398 -0.14921333 1.502
-0.099623509 -0.14921333 1.502
-0.097013049 -0.14921333 1.502
-0.094591141 -0.14951135 1.505
-0.092158809 -0.14980939 1.508
-0.08935979 -0.14951135 1.505
-0.086744115 -0.14951135 1.505
-0.084128439 -0.14951135 1.505
-0.081512764 -0.14951135 1.505
-0.078897089 -0.14951135 1.505
-0.076129355 -0.14921333 1.502
-0.073323108 -0.14881596 1.498
-0.0707196 -0.14881596 1.498
-0.068116091 -0.14881596 1.498
-0.065512575 -0.14881596 1.498
-0.062909067 -0.14881596 1.498
-0.060466588 -0.14921333 1.502
-0.057856124 -0.14921333 1.502
-0.055356007 -0.14951135 1.505
-0.052740332 -0.14951135 1.505
-0.050224572 -0.14980939 1.508
-0.047603685 -0.14980939 1.508
-0.044982795 -0.14980939 1.508
-0.042361904 -0.14980939 1.508
-0.039741013 -0.14980939 1.508
-0.03704628 -0.14951135 1.505
-0.034430601 -0.14951135 1.505
-0.031751506 -0.14921333 1.502
-0.029141046 -0.14921333 1.502
-0.02645993 -0.14881596 1.498
-0.023856422 -0.14881596 1.498
-0.021252912 -0.14881596 1.498
-0.018649401 -0.14881596 1.498
-0.016045893 -0.14881596 1.498
-0.013442382 -0.14881596 1.498
-0.010867815 -0.14921333 1.502
-0.0082573527 -0.14921333 1.502
-0.0056468905 -0.14921333 1.502
-0.0030364289 -0.14921333 1.502
-0.0004259673 -0.14921333 1.502
0.0021844944 -0.14921333 1.502
0.0047949562 -0.14921333 1.502
0.007405418 -0.14921333 1.502
0.010035885 -0.14951135 1.505
0.012651561 -0.14951135 1.505
0.015236803 -0.14921333 1.502
0.017847264 -0.14921333 1.502
0.020457726 -0.14921333 1.502
0.023068188 -0.14921333 1.502
0.02567865 -0.14921333 1.502
0.028289111 -0.14921333 1.502
0.030899573 -0.14921333 1.502
0.033510033 -0.14921333 1.502
0.036120497 -0.14921333 1.502
0.038730957 -0.14921333 1.502
0.04134142 -0.14921333 1.502
0.043834835 -0.14881596 1.498
0.046438344 -0.14881596 1.498
0.049041852 -0.14881596 1.498
0.051645365 -0.14881596 1.498
0.054140229 -0.14851792 1.495
0.056738526 -0.14851792 1.495
0.059336822 -0.14851792 1.495
0.061935116 -0.14851792 1.495
0.064533412 -0.14851792 1.495
0.067131706 -0.14851792 1.495
0.069730006 -0.14851792 1.495
0.072183162 -0.1482199 1.492
0.0749266 -0.14851792 1.495
0.077524893 -0.14851792 1.495
0.080123186 -0.14851792 1.495
0.082887478 -0.14881596 1.498
0.085490994 -0.14881596 1.498
0.088094503 -0.14881596 1.498
0.090698011 -0.14881596 1.498
0.09330152 -0.14881596 1.498
0.095905028 -0.14881596 1.498
0.098508537 -0.14881596 1.498
0.10111205 -0.14881596 1.498
0.10350785 -0.14851792 1.495
0.10610615 -0.14851792 1.495
0.10870444 -0.14851792 1.495
0.11130274 -0.14851792 1.495
0.11390103 -0.14851792 1.495
0.11649933 -0.14851792 1.495
0.11909763 -0.14851792 1.495
0.12169592 -0.14851792 1.495
0.1240448 -0.1482199 1.492
0.12663788 -0.1482199 1.492
0.12923096 -0.1482199 1.492
0.13182405 -0.1482199 1.492
0.13468739 -0.14851792 1.495
0.13728569 -0.14851792 1.495
0.139884 -0.14851792 1.495
0.14248228 -0.14851792 1.495
0.14508058 -0.14851792 1.495
0.14767888 -0.14851792 1.495
0.15027718 -0.14851792 1.495
0.15287547 -0.14851792 1.495
0.15578575 -0.14881596 1.498
0.15838927 -0.14881596 1.498
0.16099277 -0.14881596 1.498
0.16403311 -0.14921333 1.502
0.16664357 -0.14921333 1.502
0.16925405 -0.14921333 1.502
0.17186451 -0.14921333 1.502
0.17447497 -0.14921333 1.502
0.17743912 -0.14951135 1.505
0.1800548 -0.14951135 1.505
0.18267047 -0.14951135 1.505
0.18528616 -0.14951135 1.505
0.18752727 -0.14921333 1.502
0.19013773 -0.14921333 1.502
0.1927482 -0.14921333 1.502
0.19535866 -0.14921333 1.502
0.19744192 -0.14881596 1.498
-0.19961528 -0.1471885 1.508
-0.19699439 -0.1471885 1.508
-0.1943735 -0.1471885 1.508
-0.19175261 -0.1471885 1.508
-0.18913172 -0.1471885 1.508
-0.18613979 -0.14689568 1.505
-0.18315829 -0.14660285 1.502
-0.18054782 -0.14660285 1.502
-0.17793736 -0.14660285 1.502
-0.1753269 -0.14660285 1.502
-0.17271644 -0.14660285 1.502
-0.17010598 -0.14660285 1.502
-0.16749552 -0.14660285 1.502
-0.16444595 -0.14621244 1.498
-0.1622746 -0.14660285 1.502
-0.15966412 -0.14660285 1.502
-0.15705366 -0.14660285 1.502
-0.15403192 -0.14621244 1.498
-0.1514284 -0.14621244 1.498
-0.14882489 -0.14621244 1.498
-0.14622138 -0.14621244 1.498
-0.14361787 -0.14621244 1.498
-0.14101437 -0.14621244 1.498
-0.13841085 -0.14621244 1.498
-0.13616997 -0.14660285 1.502
-0.13355951 -0.14660285 1.502
-0.13094905 -0.14660285 1.502
-0.12833859 -0.14660285 1.502
-0.12572813 -0.14660285 1.502
-0.12311767 -0.14660285 1.502
-0.1205072 -0.14660285 1.502
-0.11789674 -0.14660285 1.502
-0.11528628 -0.14660285 1.502
-0.11267582 -0.14660285 1.502
-0.11006536 -0.14660285 1.502
-0.1074549 -0.14660285 1.502
-0.10484444 -0.14660285 1.502
-0.10223398 -0.14660285 1.502
-0.099623509 -0.14660285 1.502
-0.097013049 -0.14660285 1.502
-0.094591141 -0.14689568 1.505
-0.092158809 -0.1471885 1.508
-0.089537919 -0.1471885 1.508
-0.086917028 -0.1471885 1.508
-0.084128439 -0.14689568 1.505
-0.081512764 -0.14689568 1.505
-0.078897089 -0.14689568 1.505
-0.076129355 -0.14660285 1.502
-0.073518895 -0.14660285 1.502
-0.0707196 -0.14621244 1.498
-0.068116091 -0.14621244 1.498
-0.065512575 -0.14621244 1.498
-0.062909067 -0.14621244 1.498
-0.060466588 -0.14660285 1.502
-0.057856124 -0.14660285 1.502
-0.055356007 -0.14689568 1.505
-0.052740332 -0.14689568 1.505
-0.050124656 -0.14689568 1.505
-0.047603685 -0.1471885 1.508
-0.044982795 -0.1471885 1.508
-0.042361904 -0.1471885 1.508
-0.039661955 -0.14689568 1.505
-0.03704628 -0.14689568 1.505
-0.034430601 -0.14689568 1.505
-0.031751506 -0.14660285 1.502
-0.029063441 -0.14621244 1.498
-0.02645993 -0.14621244 1.498
-0.023856422 -0.14621244 1.498
-0.021252912 -0.14621244 1.498
-0.018649401 -0.14621244 1.498
-0.016045893 -0.14621244 1.498
-0.013442382 -0.14621244 1.498
-0.010867815 -0.14660285 1.502
-0.0082573527 -0.14660285 1.502
-0.0056468905 -0.14660285 1.502
-0.0030364289 -0.14660285 1.502
-0.0004259673 -0.14660285 1.502
0.0021844944 -0.14660285 1.502
0.0047949562 -0.14660285 1.502
0.007405418 -0.14660285 1.502
0.010035885 -0.14689568 1.505
0.012651561 -0.14689568 1.505
0.015236803 -0.14660285 1.502
0.017847264 -0.14660285 1.502
0.020457726 -0.14660285 1.502
0.023068188 -0.14660285 1.502
0.02567865 -0.14660285 1.502
0.028289111 -0.14660285 1.502
0.030899573 -0.14660285 1.502
0.033510033 -0.14660285 1.502
0.036120497 -0.14660285 1.502
0.038730957 -0.14660285 1.502
0.04134142 -0.14660285 1.502
0.04395188 -0.14660285 1.502
0.046438344 -0.14621244 1.498
0.049041852 -0.14621244 1.498
0.051645365 -0.14621244 1.498
0.054140229 -0.14591962 1.495
0.056738526 -0.14591962 1.495
0.059336822 -0.14591962 1.495
0.061935116 -0.14591962 1.495
0.064533412 -0.14591962 1.495
0.067131706 -0.14591962 1.495
0.069730006 -0.14591962 1.495
0.072328299 -0.14591962 1.495
0.0749266 -0.14591962 1.495
0.077524893 -0.14591962 1.495
0.080123186 -0.14591962 1.495
0.082721487 -0.14591962 1.495
0.085490994 -0.14621244 1.498
0.088094503 -0.14621244 1.498
0.090698011 -0.14621244 1.498
0.09330152 -0.14621244 1.498
0.095905028 -0.14621244 1.498
0.098508537 -0.14621244 1.498
0.10111205 -0.14621244 1.498
0.10350785 -0.14591962 1.495
0.10610615 -0.14591962 1.495
0.10870444 -0.14591962 1.495
0.11130274 -0.14591962 1.495
0.11390103 -0.14591962 1.495
0.11649933 -0.14591962 1.495
0.11909763 -0.14591962 1.495
0.12169592 -0.14591962 1.495
0.12429421 -0.14591962 1.495
0.12663788 -0.14562681 1.492
0.12949081 -0.14591962 1.495
0.13208911 -0.14591962 1.495
0.13468739 -0.14591962 1.495
0.13728569 -0.14591962 1.495
0.139884 -0.14591962 1.495
0.14248228 -0.14591962 1.495
0.14508058 -0.14591962 1.495
0.14767888 -0.14591962 1.495
0.15027718 -0.14591962 1.495
0.15318225 -0.14621244 1.498
0.15578575 -0.14621244 1.498
0.15838927 -0.14621244 1.498
0.16142265 -0.14660285 1.502
0.16403311 -0.14660285 1.502
0.16664357 -0.14660285 1.502
0.16925405 -0.14660285 1.502
0.17186451 -0.14660285 1.502
0.17447497 -0.14660285 1.502
0.17708543 -0.14660285 1.502
0.17969589 -0.14660285 1.502
0.18230635 -0.14660285 1.502
0.18491681 -0.14660285 1.502
0.18752727 -0.14660285 1.502
0.19013773 -0.14660285 1.502
0.19223489 -0.14621244 1.498
0.1948384 -0.14621244 1.498
0.19744192 -0.14621244 1.498
-0.19961528 -0.14456761 1.508
-0.19699439 -0.14456761 1.508
-0.1943735 -0.14456761 1.508
-0.19175261 -0.14456761 1.508
-0.18913172 -0.14456761 1.508
-0.18613979 -0.14428 1.505
-0.18315829 -0.14399239 1.502
-0.18054782 -0.14399239 1.502
-0.17793736 -0.14399239 1.502
-0.1753269 -0.14399239 1.502
-0.17271644 -0.14399239 1.502
-0.16965297 -0.14360894 1.498
-0.16704947 -0.14360894 1.498
-0.16444595 -0.14360894 1.498
-0.16184244 -0.14360894 1.498
-0.15966412 -0.14399239 1.502
-0.15705366 -0.14399239 1.502
-0.15403192 -0.14360894 1.498
-0.1514284 -0.14360894 1.498
-0.14882489 -0.14360894 1.498
-0.14622138 -0.14360894 1.498
-0.14361787 -0.14360894 1.498
-0.14101437 -0.14360894 1.498
-0.13841085 -0.14360894 1.498
-0.13616997 -0.14399239 1.502
-0.13355951 -0.14399239 1.502
-0.13094905 -0.14399239 1.502
-0.12833859 -0.14399239 1.502
-0.12572813 -0.14399239 1.502
-0.12311767 -0.14399239 1.502
-0.1205072 -0.14399239 1.502
-0.11789674 -0.14399239 1.502
-0.11528628 -0.14399239 1.502
-0.11267582 -0.14399239 1.502
-0.11006536 -0.14399239 1.502
-0.1074549 -0.14399239 1.502
-0.10484444 -0.14399239 1.502
-0.10223398 -0.14399239 1.502
-0.099623509 -0.14399239 1.502
-0.097206816 -0.14428 1.505
-0.0947797 -0.14456761 1.508
-0.092158809 -0.14456761 1.508
-0.089537919 -0.14456761 1.508
-0.086917028 -0.14456761 1.508
-0.084296137 -0.14456761 1.508
-0.081512764 -0.14428 1.505
-0.078897089 -0.14428 1.505
-0.076281413 -0.14428 1.505
-0.073518895 -0.14399239 1.502
-0.0707196 -0.14360894 1.498
-0.068116091 -0.14360894 1.498
-0.065512575 -0.14360894 1.498
-0.062909067 -0.14360894 1.498
-0.060466588 -0.14399239 1.502
-0.057856124 -0.14399239 1.502
-0.055356007 -0.14428 1.505
-0.052740332 -0.14428 1.505
-0.050124656 -0.14428 1.505
-0.047508981 -0.14428 1.505
-0.044893306 -0.14428 1.505
-0.04227763 -0.14428 1.505
-0.039661955 -0.14428 1.505
-0.03704628 -0.14428 1.505
-0.03436197 -0.14399239 1.502
-0.031751506 -0.14399239 1.502
-0.029063441 -0.14360894 1.498
-0.02645993 -0.14360894 1.498
-0.023856422 -0.14360894 1.498
-0.021252912 -0.14360894 1.498
-0.018649401 -0.14360894 1.498
-0.016045893 -0.14360894 1.498
-0.013442382 -0.14360894 1.498
-0.010867815 -0.14399239 1.502
-0.0082573527 -0.14399239 1.502
-0.0056468905 -0.14399239 1.502
-0.0030364289 -0.14399239 1.502
-0.0004259673 -0.14399239 1.502
0.0021844944 -0.14399239 1.502
0.0047949562 -0.14399239 1.502
0.007405418 -0.14399239 1.502
0.010035885 -0.14428 1.505
0.012651561 -0.14428 1.505
0.015236803 -0.14399239 1.502
0.017847264 -0.14399239 1.502
0.020457726 -0.14399239 1.502
0.023068188 -0.14399239 1.502
0.02567865 -0.14399239 1.502
0.028289111 -0.14399239 1.502
0.030899573 -0.14399239 1.502
0.033510033 -0.14399239 1.502
0.036120497 -0.14399239 1.502
0.038730957 -0.14399239 1.502
0.04134142 -0.14399239 1.502
0.04395188 -0.14399239 1.502
0.046438344 -0.14360894 1.498
0.049041852 -0.14360894 1.498
0.051645365 -0.14360894 1.498
0.054248873 -0.14360894 1.498
0.056738526 -0.14332134 1.495
0.059336822 -0.14332134 1.495
0.061935116 -0.14332134 1.495
0.064533412 -0.14332134 1.495
0.067131706 -0.14332134 1.495
0.069730006 -0.14332134 1.495
0.072328299 -0.14332134 1.495
0.0749266 -0.14332134 1.495
0.077524893 -0.14332134 1.495
0.080123186 -0.14332134 1.495
0.082721487 -0.14332134 1.495
0.08531978 -0.14332134 1.495
0.088094503 -0.14360894 1.498
0.090698011 -0.14360894 1.498
0.09330152 -0.14360894 1.498
0.09571296 -0.14332134 1.495
0.098508537 -0.14360894 1.498
0.10090955 -0.14332134 1.495
0.10350785 -0.14332134 1.495
0.10610615 -0.14332134 1.495
0.10870444 -0.14332134 1.495
0.11130274 -0.14332134 1.495
0.11390103 -0.14332134 1.495
0.11649933 -0.14332134 1.495
0.11909763 -0.14332134 1.495
0.12169592 -0.14332134 1.495
0.12429421 -0.14332134 1.495
0.12689251 -0.14332134 1.495
0.12949081 -0.14332134 1.495
0.13208911 -0.14332134 1.495
0.13468739 -0.14332134 1.495
0.13728569 -0.14332134 1.495
0.139884 -0.14332134 1.495
0.14248228 -0.14332134 1.495
0.14508058 -0.14332134 1.495
0.14767888 -0.14332134 1.495
0.15057874 -0.14360894 1.498
0.15318225 -0.14360894 1.498
0.15578575 -0.14360894 1.498
0.1588122 -0.14399239 1.502
0.16142265 -0.14399239 1.502
0.16403311 -0.14399239 1.502
0.16664357 -0.14399239 1.502
0.16925405 -0.14399239 1.502
0.17186451 -0.14399239 1.502
0.17447497 -0.14399239 1.502
0.17708543 -0.14399239 1.502
0.17969589 -0.14399239 1.502
0.18230635 -0.14399239 1.502
0.18491681 -0.14399239 1.502
0.18702787 -0.14360894 1.498
0.18963139 -0.14360894 1.498
0.19223489 -0.14360894 1.498
0.1948384 -0.14360894 1.498
0.19744192 -0.14360894 1.498
-0.19961528 -0.14194672 1.508
-0.19699439 -0.14194672 1.508
-0.1943735 -0.14194672 1.508
-0.19175261 -0.14194672 1.508
-0.18913172 -0.14194672 1.508
-0.18613979 -0.14166433 1.505
-0.18352412 -0.14166433 1.505
-0.18054782 -0.14138193 1.502
-0.17793736 -0.14138193 1.502
-0.1753269 -0.14138193 1.502
-0.17271644 -0.14138193 1.502
-0.16965297 -0.14100543 1.498
-0.16704947 -0.14100543 1.498
-0.16444595 -0.14100543 1.498
-0.16184244 -0.14100543 1.498
-0.15966412 -0.14138193 1.502
-0.15705366 -0.14138193 1.502
-0.15403192 -0.14100543 1.498
-0.1514284 -0.14100543 1.498
-0.14882489 -0.14100543 1.498
-0.14622138 -0.14100543 1.498
-0.14361787 -0.14100543 1.498
-0.14101437 -0.14100543 1.498
-0.13841085 -0.14100543 1.498
-0.13616997 -0.14138193 1.502
-0.13355951 -0.14138193 1.502
-0.13094905 -0.14138193 1.502
-0.12833859 -0.14138193 1.502
-0.12597924 -0.14166433 1.505
-0.12336358 -0.14166433 1.505
-0.1205072 -0.14138193 1.502
-0.11789674 -0.14138193 1.502
-0.11528628 -0.14138193 1.502
-0.11267582 -0.14138193 1.502
-0.11006536 -0.14138193 1.502
-0.1074549 -0.14138193 1.502
-0.10484444 -0.14138193 1.502
-0.10223398 -0.14138193 1.502
-0.099623509 -0.14138193 1.502
-0.097206816 -0.14166433 1.505
-0.0947797 -0.14194672 1.508
-0.092158809 -0.14194672 1.508
-0.089537919 -0.14194672 1.508
-0.086917028 -0.14194672 1.508
-0.084296137 -0.14194672 1.508
-0.081512764 -0.14166433 1.505
-0.078897089 -0.14166433 1.505
-0.076281413 -0.14166433 1.505
-0.073518895 -0.14138193 1.502
-0.070908435 -0.14138193 1.502
-0.068116091 -0.14100543 1.498
-0.065512575 -0.14100543 1.498
-0.062909067 -0.14100543 1.498
-0.060466588 -0.14138193 1.502
-0.057856124 -0.14138193 1.502
-0.055356007 -0.14166433 1.505
-0.052740332 -0.14166433 1.505
-0.050124656 -0.14166433 1.505
-0.047508981 -0.14166433 1.505
-0.044893306 -0.14166433 1.505
-0.04227763 -0.14166433 1.505
-0.039661955 -0.14166433 1.505
-0.03704628 -0.14166433 1.505
-0.03436197 -0.14138193 1.502
-0.031751506 -0.14138193 1.502
-0.029063441 -0.14100543 1.498
-0.02645993 -0.14100543 1.498
-0.023856422 -0.14100543 1.498
-0.021252912 -0.14100543 1.498
-0.018649401 -0.14100543 1.498
-0.016045893 -0.14100543 1.498
-0.013478275 -0.14138193 1.502
-0.010867815 -0.14138193 1.502
-0.0082573527 -0.14138193 1.502
-0.0056468905 -0.14138193 1.502
-0.0030364289 -0.14138193 1.502
-0.0004259673 -0.14138193 1.502
0.0021844944 -0.14138193 1.502
0.0047949562 -0.14138193 1.502
0.007405418 -0.14138193 1.502
0.01001588 -0.14138193 1.502
0.012626342 -0.14138193 1.502
0.015236803 -0.14138193 1.502
0.017847264 -0.14138193 1.502
0.020457726 -0.14138193 1.502
0.023068188 -0.14138193 1.502
0.02567865 -0.14138193 1.502
0.028289111 -0.14138193 1.502
0.030899573 -0.14138193 1.502
0.033510033 -0.14138193 1.502
0.036120497 -0.14138193 1.502
0.038730957 -0.14138193 1.502
0.04134142 -0.14138193 1.502
0.04395188 -0.14138193 1.502
0.046562344 -0.14138193 1.502
0.049041852 -0.14100543 1.498
0.051645365 -0.14100543 1.498
0.054248873 -0.14100543 1.498
0.056852382 -0.14100543 1.498
0.059336822 -0.14072303 1.495
0.061935116 -0.14072303 1.495
0.064533412 -0.14072303 1.495
0.067131706 -0.14072303 1.495
0.069730006 -0.14072303 1.495
0.072328299 -0.14072303 1.495
0.0749266 -0.14072303 1.495
0.077524893 -0.14072303 1.495
0.080123186 -0.14072303 1.495
0.082721487 -0.14072303 1.495
0.08531978 -0.14072303 1.495
0.087918073 -0.14072303 1.495
0.090698011 -0.14100543 1.498
0.093114667 -0.14072303 1.495
0.09571296 -0.14072303 1.495
0.09831126 -0.14072303 1.495
0.10090955 -0.14072303 1.495
0.10350785 -0.14072303 1.495
0.10610615 -0.14072303 1.495
0.10892258 -0.14100543 1.498
0.11130274 -0.14072303 1.495
0.11390103 -0.14072303 1.495
0.11649933 -0.14072303 1.495
0.11909763 -0.14072303 1.495
0.12169592 -0.14072303 1.495
0.12429421 -0.14072303 1.495
0.12689251 -0.14072303 1.495
0.12949081 -0.14072303 1.495
0.13208911 -0.14072303 1.495
0.13468739 -0.14072303 1.495
0.13728569 -0.14072303 1.495
0.139884 -0.14072303 1.495
0.14248228 -0.14072303 1.495
0.14508058 -0.14072303 1.495
0.14767888 -0.14072303 1.495
0.15057874 -0.14100543 1.498
0.15318225 -0.14100543 1.498
0.15578575 -0.14100543 1.498
0.1588122 -0.14138193 1.502
0.16142265 -0.14138193 1.502
0.16403311 -0.14138193 1.502
0.16664357 -0.14138193 1.502
0.16925405 -0.14138193 1.502
0.17186451 -0.14138193 1.502
0.17447497 -0.14138193 1.502
0.17708543 -0.14138193 1.502
0.17969589 -0.14138193 1.502
0.18230635 -0.14138193 1.502
0.18442437 -0.14100543 1.498
0.18702787 -0.14100543 1.498
0.18963139 -0.14100543 1.498
0.19223489 -0.14100543 1.498
0.1948384 -0.14100543 1.498
0.19744192 -0.14100543 1.498
0.19964479 -0.14072303 1.495
-0.19961528 -0.13932583 1.508
-0.19699439 -0.13932583 1.508
-0.1943735 -0.13932583 1.508
-0.19175261 -0.13932583 1.508
-0.18913172 -0.13932583 1.508
-0.18613979 -0.13904865 1.505
-0.18352412 -0.13904865 1.505
-0.18054782 -0.13877147 1.502
-0.17793736 -0.13877147 1.502
-0.1753269 -0.13877147 1.502
-0.17271644 -0.13877147 1.502
-0.17010598 -0.13877147 1.502
-0.16749552 -0.13877147 1.502
-0.16444595 -0.13840191 1.498
-0.16184244 -0.13840191 1.498
-0.15966412 -0.13877147 1.502
-0.15705366 -0.13877147 1.502
-0.15403192 -0.13840191 1.498
-0.1514284 -0.13840191 1.498
-0.14882489 -0.13840191 1.498
-0.14622138 -0.13840191 1.498
-0.14361787 -0.13840191 1.498
-0.14101437 -0.13840191 1.498
-0.13878043 -0.13877147 1.502
-0.13616997 -0.13877147 1.502
-0.13355951 -0.13877147 1.502
-0.13121061 -0.13904865 1.505
-0.12859493 -0.13904865 1.505
-0.12597924 -0.13904865 1.505
-0.12336358 -0.13904865 1.505
-0.1207479 -0.13904865 1.505
-0.11789674 -0.13877147 1.502
-0.11528628 -0.13877147 1.502
-0.11267582 -0.13877147 1.502
-0.11006536 -0.13877147 1.502
-0.1074549 -0.13877147 1.502
-0.10484444 -0.13877147 1.502
-0.10223398 -0.13877147 1.502
-0.099623509 -0.13877147 1.502
-0.097206816 -0.13904865 1.505
-0.094591141 -0.13904865 1.505
-0.092158809 -0.13932583 1.508
-0.089537919 -0.13932583 1.508
-0.086917028 -0.13932583 1.508
-0.084296137 -0.13932583 1.508
-0.081512764 -0.13904865 1.505
-0.078897089 -0.13904865 1.505
-0.076281413 -0.13904865 1.505
-0.073665738 -0.13904865 1.505
-0.070908435 -0.13877147 1.502
-0.068116091 -0.13840191 1.498
-0.065512575 -0.13840191 1.498
-0.062909067 -0.13840191 1.498
-0.060466588 -0.13877147 1.502
-0.057856124 -0.13877147 1.502
-0.055356007 -0.13904865 1.505
-0.052740332 -0.13904865 1.505
-0.050124656 -0.13904865 1.505
-0.047508981 -0.13904865 1.505
-0.044893306 -0.13904865 1.505
-0.04227763 -0.13904865 1.505
-0.039661955 -0.13904865 1.505
-0.03704628 -0.13904865 1.505
-0.03436197 -0.13877147 1.502
-0.031751506 -0.13877147 1.502
-0.029063441 -0.13840191 1.498
-0.02645993 -0.13840191 1.498
-0.023856422 -0.13840191 1.498
-0.021252912 -0.13840191 1.498
-0.018649401 -0.13840191 1.498
-0.016045893 -0.13840191 1.498
-0.013478275 -0.13877147 1.502
-0.010867815 -0.13877147 1.502
-0.0082573527 -0.13877147 1.502
-0.0056468905 -0.13877147 1.502
-0.0030364289 -0.13877147 1.502
-0.0004259673 -0.13877147 1.502
0.0021844944 -0.13877147 1.502
0.0047949562 -0.13877147 1.502
0.007405418 -0.13877147 1.502
0.01001588 -0.13877147 1.502
0.012626342 -0.13877147 1.502
0.015236803 -0.13877147 1.502
0.017847264 -0.13877147 1.502
0.020457726 -0.13877147 1.502
0.023068188 -0.13877147 1.502
0.02567865 -0.13877147 1.502
0.028289111 -0.13877147 1.502
0.03096129 -0.13904865 1.505
0.033576965 -0.13904865 1.505
0.036120497 -0.13877147 1.502
0.038730957 -0.13877147 1.502
0.04134142 -0.13877147 1.502
0.04395188 -0.13877147 1.502
0.046562344 -0.13877147 1.502
0.049172804 -0.13877147 1.502
0.051645365 -0.13840191 1.498
0.054248873 -0.13840191 1.498
0.056852382 -0.13840191 1.498
0.059455894 -0.13840191 1.498
0.061935116 -0.13812473 1.495
0.064533412 -0.13812473 1.495
0.067131706 -0.13812473 1.495
0.069730006 -0.13812473 1.495
0.072328299 -0.13812473 1.495
0.0749266 -0.13812473 1.495
0.077524893 -0.13812473 1.495
0.080123186 -0.13812473 1.495
0.082721487 -0.13812473 1.495
0.08531978 -0.13812473 1.495
0.087918073 -0.13812473 1.495
0.090516374 -0.13812473 1.495
0.093114667 -0.13812473 1.495
0.09571296 -0.13812473 1.495
0.09831126 -0.13812473 1.495
0.10090955 -0.13812473 1.495
0.10350785 -0.13812473 1.495
0.10631907 -0.13840191 1.498
0.10892258 -0.13840191 1.498
0.11152609 -0.13840191 1.498
0.1141296 -0.13840191 1.498
0.11673311 -0.13840191 1.498
0.11933662 -0.13840191 1.498
0.12169592 -0.13812473 1.495
0.12429421 -0.13812473 1.495
0.12689251 -0.13812473 1.495
0.12949081 -0.13812473 1.495
0.13208911 -0.13812473 1.495
0.13468739 -0.13812473 1.495
0.13728569 -0.13812473 1.495
0.139884 -0.13812473 1.495
0.14248228 -0.13812473 1.495
0.14508058 -0.13812473 1.495
0.14767888 -0.13812473 1.495
0.15057874 -0.13840191 1.498
0.15318225 -0.13840191 1.498
0.15578575 -0.13840191 1.498
0.1588122 -0.13877147 1.502
0.16142265 -0.13877147 1.502
0.16403311 -0.13877147 1.502
0.16664357 -0.13877147 1.502
0.16925405 -0.13877147 1.502
0.17186451 -0.13877147 1.502
0.17447497 -0.13877147 1.502
0.17708543 -0.13877147 1.502
0.17969589 -0.13877147 1.502
0.18230635 -0.13877147 1.502
0.18442437 -0.13840191 1.498
0.18702787 -0.13840191 1.498
0.18963139 -0.13840191 1.498
0.19223489 -0.13840191 1.498
0.1948384 -0.13840191 1.498
0.1970465 -0.13812473 1.495
0.19964479 -0.13812473 1.495
-0.19961528 -0.13670494 1.508
-0.19699439 -0.13670494 1.508
-0.1943735 -0.13670494 1.508
-0.19175261 -0.13670494 1.508
-0.18875547 -0.13643298 1.505
-0.18613979 -0.13643298 1.505
-0.18352412 -0.13643298 1.505
-0.18054782 -0.13616101 1.502
-0.17793736 -0.13616101 1.502
-0.1753269 -0.13616101 1.502
-0.17271644 -0.13616101 1.502
-0.17010598 -0.13616101 1.502
-0.16749552 -0.13616101 1.502
-0.16488506 -0.13616101 1.502
-0.1622746 -0.13616101 1.502
-0.15966412 -0.13616101 1.502
-0.15705366 -0.13616101 1.502
-0.1544432 -0.13616101 1.502
-0.15183274 -0.13616101 1.502
-0.14922228 -0.13616101 1.502
-0.14622138 -0.13579841 1.498
-0.14400136 -0.13616101 1.502
-0.1413909 -0.13616101 1.502
-0.13878043 -0.13616101 1.502
-0.13616997 -0.13616101 1.502
-0.13382629 -0.13643298 1.505
-0.13121061 -0.13643298 1.505
-0.12859493 -0.13643298 1.505
-0.12597924 -0.13643298 1.505
-0.12336358 -0.13643298 1.505
-0.1207479 -0.13643298 1.505
-0.11813223 -0.13643298 1.505
-0.11551655 -0.13643298 1.505
-0.11267582 -0.13616101 1.502
-0.11006536 -0.13616101 1.502
-0.1074549 -0.13616101 1.502
-0.10484444 -0.13616101 1.502
-0.10223398 -0.13616101 1.502
-0.099623509 -0.13616101 1.502
-0.097206816 -0.13643298 1.505
-0.094591141 -0.13643298 1.505
-0.092158809 -0.13670494 1.508
-0.089537919 -0.13670494 1.508
-0.086917028 -0.13670494 1.508
-0.084296137 -0.13670494 1.508
-0.081512764 -0.13643298 1.505
-0.078897089 -0.13643298 1.505
-0.076281413 -0.13643298 1.505
-0.073518895 -0.13616101 1.502
-0.070908435 -0.13616101 1.502
-0.068116091 -0.13579841 1.498
-0.065512575 -0.13579841 1.498
-0.062909067 -0.13579841 1.498
-0.060466588 -0.13616101 1.502
-0.057856124 -0.13616101 1.502
-0.055356007 -0.13643298 1.505
-0.052740332 -0.13643298 1.505
-0.050124656 -0.13643298 1.505
-0.047508981 -0.13643298 1.505
-0.044893306 -0.13643298 1.505
-0.04227763 -0.13643298 1.505
-0.039661955 -0.13643298 1.505
-0.03704628 -0.13643298 1.505
-0.03436197 -0.13616101 1.502
-0.031751506 -0.13616101 1.502
-0.029141046 -0.13616101 1.502
-0.02645993 -0.13579841 1.498
-0.023856422 -0.13579841 1.498
-0.021252912 -0.13579841 1.498
-0.018649401 -0.13579841 1.498
-0.016045893 -0.13579841 1.498
-0.013442382 -0.13579841 1.498
-0.010867815 -0.13616101 1.502
-0.0082353624 -0.13579841 1.498
-0.0056318524 -0.13579841 1.498
-0.0030283427 -0.13579841 1.498
-0.00042483292 -0.13579841 1.498
0.0021786769 -0.13579841 1.498
0.0047821868 -0.13579841 1.498
0.0073856968 -0.13579841 1.498
0.01001588 -0.13616101 1.502
0.012626342 -0.13616101 1.502
0.015236803 -0.13616101 1.502
0.017847264 -0.13616101 1.502
0.020457726 -0.13616101 1.502
0.023068188 -0.13616101 1.502
0.02567865 -0.13616101 1.502
0.028345615 -0.13643298 1.505
0.03096129 -0.13643298 1.505
0.033576965 -0.13643298 1.505
0.036120497 -0.13616101 1.502
0.038730957 -0.13616101 1.502
0.04134142 -0.13616101 1.502
0.04395188 -0.13616101 1.502
0.046562344 -0.13616101 1.502
0.049172804 -0.13616101 1.502
0.051783267 -0.13616101 1.502
0.054248873 -0.13579841 1.498
0.056852382 -0.13579841 1.498
0.059455894 -0.13579841 1.498
0.062059402 -0.13579841 1.498
0.064662911 -0.13579841 1.498
0.06726642 -0.13579841 1.498
0.069730006 -0.13552645 1.495
0.072328299 -0.13552645 1.495
0.0749266 -0.13552645 1.495
0.077524893 -0.13552645 1.495
0.080123186 -0.13552645 1.495
0.082721487 -0.13552645 1.495
0.08531978 -0.13552645 1.495
0.087918073 -0.13552645 1.495
0.090516374 -0.13552645 1.495
0.093114667 -0.13552645 1.495
0.09571296 -0.13552645 1.495
0.09831126 -0.13552645 1.495
0.10090955 -0.13552645 1.495
0.10371556 -0.13579841 1.498
0.10631907 -0.13579841 1.498
0.10892258 -0.13579841 1.498
0.11152609 -0.13579841 1.498
0.1141296 -0.13579841 1.498
0.11673311 -0.13579841 1.498
0.11933662 -0.13579841 1.498
0.12194013 -0.13579841 1.498
0.12454364 -0.13579841 1.498
0.12689251 -0.13552645 1.495
0.12949081 -0.13552645 1.495
0.13208911 -0.13552645 1.495
0.13468739 -0.13552645 1.495
0.13728569 -0.13552645 1.495
0.139884 -0.13552645 1.495
0.14248228 -0.13552645 1.495
0.14508058 -0.13552645 1.495
0.14797522 -0.13579841 1.498
0.15057874 -0.13579841 1.498
0.15318225 -0.13579841 1.498
0.15578575 -0.13579841 1.498
0.1588122 -0.13616101 1.502
0.16142265 -0.13616101 1.502
0.16403311 -0.13616101 1.502
0.16664357 -0.13616101 1.502
0.16925405 -0.13616101 1.502
0.17186451 -0.13616101 1.502
0.17447497 -0.13616101 1.502
0.17708543 -0.13616101 1.502
0.17969589 -0.13616101 1.502
0.18230635 -0.13616101 1.502
0.18491681 -0.13616101 1.502
0.18702787 -0.13579841 1.498
0.18963139 -0.13579841 1.498
0.19223489 -0.13579841 1.498
0.1948384 -0.13579841 1.498
0.1970465 -0.13552645 1.495
0.19964479 -0.13552645 1.495
-0.19961528 -0.13408405 1.508
-0.19699439 -0.13408405 1.508
-0.1943735 -0.13408405 1.508
-0.19175261 -0.13408405 1.508
-0.18875547 -0.1338173 1.505
-0.18613979 -0.1338173 1.505
-0.18352412 -0.1338173 1.505
-0.18090844 -0.1338173 1.505
-0.17793736 -0.13355055 1.502
-0.1753269 -0.13355055 1.502
-0.17271644 -0.13355055 1.502
-0.17010598 -0.13355055 1.502
-0.16749552 -0.13355055 1.502
-0.16488506 -0.13355055 1.502
-0.1622746 -0.13355055 1.502
-0.15966412 -0.13355055 1.502
-0.15705366 -0.13355055 1.502
-0.1544432 -0.13355055 1.502
-0.15183274 -0.13355055 1.502
-0.14922228 -0.13355055 1.502
-0.14661182 -0.13355055 1.502
-0.14400136 -0.13355055 1.502
-0.1413909 -0.13355055 1.502
-0.13878043 -0.13355055 1.502
-0.13616997 -0.13355055 1.502
-0.13382629 -0.1338173 1.505
-0.13121061 -0.1338173 1.505
-0.12859493 -0.1338173 1.505
-0.12597924 -0.1338173 1.505
-0.12336358 -0.1338173 1.505
-0.1207479 -0.1338173 1.505
-0.11813223 -0.1338173 1.505
-0.11528628 -0.13355055 1.502
-0.11267582 -0.13355055 1.502
-0.11006536 -0.13355055 1.502
-0.1074549 -0.13355055 1.502
-0.10484444 -0.13355055 1.502
-0.10223398 -0.13355055 1.502
-0.099623509 -0.13355055 1.502
-0.097206816 -0.1338173 1.505
-0.094591141 -0.1338173 1.505
-0.091975465 -0.1338173 1.505
-0.08935979 -0.1338173 1.505
-0.086744115 -0.1338173 1.505
-0.084128439 -0.1338173 1.505
-0.081512764 -0.1338173 1.505
-0.078897089 -0.1338173 1.505
-0.076129355 -0.13355055 1.502
-0.073518895 -0.13355055 1.502
-0.070908435 -0.13355055 1.502
-0.068116091 -0.13319489 1.498
-0.065512575 -0.13319489 1.498
-0.062909067 -0.13319489 1.498
-0.060466588 -0.13355055 1.502
-0.057856124 -0.13355055 1.502
-0.055356007 -0.1338173 1.505
-0.052740332 -0.1338173 1.505
-0.050124656 -0.1338173 1.505
-0.047508981 -0.1338173 1.505
-0.044893306 -0.1338173 1.505
-0.04227763 -0.1338173 1.505
-0.039661955 -0.1338173 1.505
-0.03704628 -0.1338173 1.505
-0.03436197 -0.13355055 1.502
-0.031751506 -0.13355055 1.502
-0.029141046 -0.13355055 1.502
-0.02645993 -0.13319489 1.498
-0.023856422 -0.13319489 1.498
-0.021252912 -0.13319489 1.498
-0.018649401 -0.13319489 1.498
-0.016045893 -0.13319489 1.498
-0.013442382 -0.13319489 1.498
-0.010838872 -0.13319489 1.498
-0.0082353624 -0.13319489 1.498
-0.0056318524 -0.13319489 1.498
-0.0030283427 -0.13319489 1.498
-0.00042483292 -0.13319489 1.498
0.0021786769 -0.13319489 1.498
0.0047821868 -0.13319489 1.498
0.0073856968 -0.13319489 1.498
0.0099892067 -0.13319489 1.498
0.012592716 -0.13319489 1.498
0.015236803 -0.13355055 1.502
0.017847264 -0.13355055 1.502
0.020457726 -0.13355055 1.502
0.023114264 -0.1338173 1.505
0.025729939 -0.1338173 1.505
0.028345615 -0.1338173 1.505
0.03096129 -0.1338173 1.505
0.033576965 -0.1338173 1.505
0.036192641 -0.1338173 1.505
0.038808316 -0.1338173 1.505
0.04134142 -0.13355055 1.502
0.04395188 -0.13355055 1.502
0.046562344 -0.13355055 1.502
0.049172804 -0.13355055 1.502
0.051783267 -0.13355055 1.502
0.054393727 -0.13355055 1.502
0.056852382 -0.13319489 1.498
0.059455894 -0.13319489 1.498
0.062059402 -0.13319489 1.498
0.064662911 -0.13319489 1.498
0.06726642 -0.13319489 1.498
0.069869936 -0.13319489 1.498
0.072473444 -0.13319489 1.498
0.075076953 -0.13319489 1.498
0.077524893 -0.13292815 1.495
0.080123186 -0.13292815 1.495
0.082721487 -0.13292815 1.495
0.08531978 -0.13292815 1.495
0.087918073 -0.13292815 1.495
0.090516374 -0.13292815 1.495
0.093114667 -0.13292815 1.495
0.09571296 -0.13292815 1.495
0.09831126 -0.13292815 1.495
0.10090955 -0.13292815 1.495
0.10371556 -0.13319489 1.498
0.10631907 -0.13319489 1.498
0.10892258 -0.13319489 1.498
0.11152609 -0.13319489 1.498
0.1141296 -0.13319489 1.498
0.11673311 -0.13319489 1.498
0.11933662 -0.13319489 1.498
0.12194013 -0.13319489 1.498
0.12454364 -0.13319489 1.498
0.12714715 -0.13319489 1.498
0.12949081 -0.13292815 1.495
0.13208911 -0.13292815 1.495
0.13468739 -0.13292815 1.495
0.13728569 -0.13292815 1.495
0.139884 -0.13292815 1.495
0.14248228 -0.13292815 1.495
0.14537172 -0.13319489 1.498
0.14797522 -0.13319489 1.498
0.15057874 -0.13319489 1.498
0.15318225 -0.13319489 1.498
0.15578575 -0.13319489 1.498
0.1588122 -0.13355055 1.502
0.16142265 -0.13355055 1.502
0.16403311 -0.13355055 1.502
0.16664357 -0.13355055 1.502
0.16925405 -0.13355055 1.502
0.17186451 -0.13355055 1.502
0.17447497 -0.13355055 1.502
0.17708543 -0.13355055 1.502
0.17969589 -0.13355055 1.502
0.18230635 -0.13355055 1.502
0.18491681 -0.13355055 1.502
0.18752727 -0.13355055 1.502
0.18963139 -0.13319489 1.498
0.19223489 -0.13319489 1.498
0.1948384 -0.13319489 1.498
0.19744192 -0.13319489 1.498
0.19964479 -0.13292815 1.495
-0.19961528 -0.13146316 1.508
-0.19699439 -0.13146316 1.508
-0.1943735 -0.13146316 1.508
-0.19137114 -0.13120162 1.505
-0.18875547 -0.13120162 1.505
-0.18613979 -0.13120162 1.505
-0.18352412 -0.13120162 1.505
-0.18090844 -0.13120162 1.505
-0.17829277 -0.13120162 1.505
-0.1753269 -0.13094009 1.502
-0.17271644 -0.13094009 1.502
-0.17010598 -0.13094009 1.502
-0.16749552 -0.13094009 1.502
-0.16488506 -0.13094009 1.502
-0.1622746 -0.13094009 1.502
-0.15998304 -0.13120162 1.505
-0.15705366 -0.13094009 1.502
-0.1544432 -0.13094009 1.502
-0.15183274 -0.13094009 1.502
-0.14922228 -0.13094009 1.502
-0.14661182 -0.13094009 1.502
-0.14400136 -0.13094009 1.502
-0.1413909 -0.13094009 1.502
-0.13878043 -0.13094009 1.502
-0.13616997 -0.13094009 1.502
-0.13355951 -0.13094009 1.502
-0.13121061 -0.13120162 1.505
-0.12859493 -0.13120162 1.505
-0.12597924 -0.13120162 1.505
-0.12336358 -0.13120162 1.505
-0.1207479 -0.13120162 1.505
-0.11789674 -0.13094009 1.502
-0.11528628 -0.13094009 1.502
-0.11267582 -0.13094009 1.502
-0.11006536 -0.13094009 1.502
-0.1074549 -0.13094009 1.502
-0.10484444 -0.13094009 1.502
-0.10223398 -0.13094009 1.502
-0.099623509 -0.13094009 1.502
-0.097013049 -0.13094009 1.502
-0.094591141 -0.13120162 1.505
-0.091975465 -0.13120162 1.505
-0.08935979 -0.13120162 1.505
-0.086744115 -0.13120162 1.505
-0.084128439 -0.13120162 1.505
-0.081512764 -0.13120162 1.505
-0.078739822 -0.13094009 1.502
-0.076129355 -0.13094009 1.502
-0.073518895 -0.13094009 1.502
-0.070908435 -0.13094009 1.502
-0.068116091 -0.13059139 1.498
-0.065512575 -0.13059139 1.498
-0.062909067 -0.13059139 1.498
-0.060305558 -0.13059139 1.498
-0.057856124 -0.13094009 1.502
-0.055245664 -0.13094009 1.502
-0.0526352 -0.13094009 1.502
-0.05002474 -0.13094009 1.502
-0.047414277 -0.13094009 1.502
-0.044803817 -0.13094009 1.502
-0.04227763 -0.13120162 1.505
-0.039661955 -0.13120162 1.505
-0.03704628 -0.13120162 1.505
-0.03436197 -0.13094009 1.502
-0.031751506 -0.13094009 1.502
-0.029141046 -0.13094009 1.502
-0.02645993 -0.13059139 1.498
-0.023856422 -0.13059139 1.498
-0.021252912 -0.13059139 1.498
-0.018649401 -0.13059139 1.498
-0.016045893 -0.13059139 1.498
-0.013442382 -0.13059139 1.498
-0.010838872 -0.13059139 1.498
-0.0082353624 -0.13059139 1.498
-0.0056318524 -0.13059139 1.498
-0.0030283427 -0.13059139 1.498
-0.00042483292 -0.13059139 1.498
0.0021786769 -0.13059139 1.498
0.0047821868 -0.13059139 1.498
0.0073856968 -0.13059139 1.498
0.0099892067 -0.13059139 1.498
0.012592716 -0.13059139 1.498
0.015236803 -0.13094009 1.502
0.017847264 -0.13094009 1.502
0.020498587 -0.13120162 1.505
0.023114264 -0.13120162 1.505
0.025729939 -0.13120162 1.505
0.028345615 -0.13120162 1.505
0.03096129 -0.13120162 1.505
0.033576965 -0.13120162 1.505
0.036192641 -0.13120162 1.505
0.038808316 -0.13120162 1.505
0.041423991 -0.13120162 1.505
0.04395188 -0.13094009 1.502
0.046562344 -0.13094009 1.502
0.049172804 -0.13094009 1.502
0.051783267 -0.13094009 1.502
0.054393727 -0.13094009 1.502
0.057004191 -0.13094009 1.502
0.059614651 -0.13094009 1.502
0.062059402 -0.13059139 1.498
0.064662911 -0.13059139 1.498
0.06726642 -0.13059139 1.498
0.069869936 -0.13059139 1.498
0.072473444 -0.13059139 1.498
0.075076953 -0.13059139 1.498
0.077680461 -0.13059139 1.498
0.080123186 -0.13032985 1.495
0.082721487 -0.13032985 1.495
0.08531978 -0.13032985 1.495
0.087918073 -0.13032985 1.495
0.090516374 -0.13032985 1.495
0.093114667 -0.13032985 1.495
0.09571296 -0.13032985 1.495
0.09831126 -0.13032985 1.495
0.10090955 -0.13032985 1.495
0.10371556 -0.13059139 1.498
0.10631907 -0.13059139 1.498
0.10892258 -0.13059139 1.498
0.11152609 -0.13059139 1.498
0.1141296 -0.13059139 1.498
0.11673311 -0.13059139 1.498
0.11933662 -0.13059139 1.498
0.12194013 -0.13059139 1.498
0.12454364 -0.13059139 1.498
0.12714715 -0.13059139 1.498
0.12975065 -0.13059139 1.498
0.13208911 -0.13032985 1.495
0.13468739 -0.13032985 1.495
0.13728569 -0.13032985 1.495
0.139884 -0.13032985 1.495
0.14248228 -0.13032985 1.495
0.14508058 -0.13032985 1.495
0.14797522 -0.13059139 1.498
0.15057874 -0.13059139 1.498
0.15318225 -0.13059139 1.498
0.15578575 -0.13059139 1.498
0.1588122 -0.13094009 1.502
0.16142265 -0.13094009 1.502
0.16403311 -0.13094009 1.502
0.16664357 -0.13094009 1.502
0.16925405 -0.13094009 1.502
0.17186451 -0.13094009 1.502
0.17447497 -0.13094009 1.502
0.17708543 -0.13094009 1.502
0.17969589 -0.13094009 1.502
0.18230635 -0.13094009 1.502
0.18491681 -0.13094009 1.502
0.18752727 -0.13094009 1.502
0.18963139 -0.13059139 1.498
0.19223489 -0.13059139 1.498
0.1948384 -0.13059139 1.498
0.19744192 -0.13059139 1.498
0.19964479 -0.13032985 1.495
-0.19961528 -0.12884226 1.508
-0.19699439 -0.12884226 1.508
-0.1943735 -0.12884226 1.508
-0.19137114 -0.12858595 1.505
-0.18875547 -0.12858595 1.505
-0.18613979 -0.12858595 1.505
-0.18352412 -0.12858595 1.505
-0.18090844 -0.12858595 1.505
-0.17829277 -0.12858595 1.505
-0.17567709 -0.12858595 1.505
-0.17306142 -0.12858595 1.505
-0.17044574 -0.12858595 1.505
-0.16783006 -0.12858595 1.505
-0.16521439 -0.12858595 1.505
-0.16259871 -0.12858595 1.505
-0.15998304 -0.12858595 1.505
-0.15736736 -0.12858595 1.505
-0.1544432 -0.12832963 1.502
-0.15183274 -0.12832963 1.502
-0.14922228 -0.12832963 1.502
-0.14661182 -0.12832963 1.502
-0.14400136 -0.12832963 1.502
-0.14101437 -0.12798788 1.498
-0.13878043 -0.12832963 1.502
-0.13616997 -0.12832963 1.502
-0.13355951 -0.12832963 1.502
-0.13121061 -0.12858595 1.505
-0.12859493 -0.12858595 1.505
-0.12597924 -0.12858595 1.505
-0.12336358 -0.12858595 1.505
-0.1207479 -0.12858595 1.505
-0.11789674 -0.12832963 1.502
-0.11528628 -0.12832963 1.502
-0.11267582 -0.12832963 1.502
-0.11006536 -0.12832963 1.502
-0.1074549 -0.12832963 1.502
-0.10484444 -0.12832963 1.502
-0.10223398 -0.12832963 1.502
-0.099623509 -0.12832963 1.502
-0.097013049 -0.12832963 1.502
-0.094402589 -0.12832963 1.502
-0.091975465 -0.12858595 1.505
-0.08935979 -0.12858595 1.505
-0.086744115 -0.12858595 1.505
-0.084128439 -0.12858595 1.505
-0.081350282 -0.12832963 1.502
-0.078739822 -0.12832963 1.502
-0.076129355 -0.12832963 1.502
-0.073323108 -0.12798788 1.498
-0.0707196 -0.12798788 1.498
-0.068116091 -0.12798788 1.498
-0.065381378 -0.12773156 1.495
-0.062909067 -0.12798788 1.498
-0.060305558 -0.12798788 1.498
-0.057856124 -0.12832963 1.502
-0.055245664 -0.12832963 1.502
-0.0526352 -0.12832963 1.502
-0.05002474 -0.12832963 1.502
-0.047414277 -0.12832963 1.502
-0.044803817 -0.12832963 1.502
-0.042193353 -0.12832963 1.502
-0.039661955 -0.12858595 1.505
-0.03704628 -0.12858595 1.505
-0.034430601 -0.12858595 1.505
-0.031751506 -0.12832963 1.502
-0.029141046 -0.12832963 1.502
-0.026530584 -0.12832963 1.502
-0.023856422 -0.12798788 1.498
-0.021309661 -0.12832963 1.502
-0.018649401 -0.12798788 1.498
-0.016045893 -0.12798788 1.498
-0.013442382 -0.12798788 1.498
-0.010838872 -0.12798788 1.498
-0.0082353624 -0.12798788 1.498
-0.0056318524 -0.12798788 1.498
-0.0030283427 -0.12798788 1.498
-0.00042483292 -0.12798788 1.498
0.0021786769 -0.12798788 1.498
0.0047821868 -0.12798788 1.498
0.0073856968 -0.12798788 1.498
0.01001588 -0.12832963 1.502
0.012626342 -0.12832963 1.502
0.015236803 -0.12832963 1.502
0.017882911 -0.12858595 1.505
0.020498587 -0.12858595 1.505
0.023114264 -0.12858595 1.505
0.025729939 -0.12858595 1.505
0.028345615 -0.12858595 1.505
0.03096129 -0.12858595 1.505
0.033576965 -0.12858595 1.505
0.036192641 -0.12858595 1.505
0.038808316 -0.12858595 1.505
0.041423991 -0.12858595 1.505
0.04403967 -0.12858595 1.505
0.046655346 -0.12858595 1.505
0.049271021 -0.12858595 1.505
0.051886696 -0.12858595 1.505
0.054502372 -0.12858595 1.505
0.057118047 -0.12858595 1.505
0.059614651 -0.12832963 1.502
0.062059402 -0.12798788 1.498
0.064662911 -0.12798788 1.498
0.06726642 -0.12798788 1.498
0.069869936 -0.12798788 1.498
0.072473444 -0.12798788 1.498
0.075076953 -0.12798788 1.498
0.077680461 -0.12798788 1.498
0.080123186 -0.12773156 1.495
0.082721487 -0.12773156 1.495
0.08531978 -0.12773156 1.495
0.087918073 -0.12773156 1.495
0.090516374 -0.12773156 1.495
0.093114667 -0.12773156 1.495
0.09571296 -0.12773156 1.495
0.09831126 -0.12773156 1.495
0.10090955 -0.12773156 1.495
0.10371556 -0.12798788 1.498
0.10631907 -0.12798788 1.498
0.10892258 -0.12798788 1.498
0.11152609 -0.12798788 1.498
0.1141296 -0.12798788 1.498
0.11673311 -0.12798788 1.498
0.11933662 -0.12798788 1.498
0.12194013 -0.12798788 1.498
0.12454364 -0.12798788 1.498
0.12714715 -0.12798788 1.498
0.12975065 -0.12798788 1.498
0.13208911 -0.12773156 1.495
0.13468739 -0.12773156 1.495
0.13728569 -0.12773156 1.495
0.139884 -0.12773156 1.495
0.14248228 -0.12773156 1.495
0.14508058 -0.12773156 1.495
0.14797522 -0.12798788 1.498
0.15057874 -0.12798788 1.498
0.15318225 -0.12798788 1.498
0.15578575 -0.12798788 1.498
0.1588122 -0.12832963 1.502
0.16142265 -0.12832963 1.502
0.16403311 -0.12832963 1.502
0.16664357 -0.12832963 1.502
0.16925405 -0.12832963 1.502
0.17186451 -0.12832963 1.502
0.17447497 -0.12832963 1.502
0.17708543 -0.12832963 1.502
0.17969589 -0.12832963 1.502
0.18230635 -0.12832963 1.502
0.18491681 -0.12832963 1.502
0.18752727 -0.12832963 1.502
0.19013773 -0.12832963 1.502
0.19223489 -0.12798788 1.498
0.1948384 -0.12798788 1.498
0.19744192 -0.12798788 1.498
-0.19961528 -0.12622137 1.508
-0.19699439 -0.12622137 1.508
-0.19398682 -0.12597027 1.505
-0.19137114 -0.12597027 1.505
-0.18875547 -0.12597027 1.505
-0.18613979 -0.12597027 1.505
-0.18352412 -0.12597027 1.505
-0.18090844 -0.12597027 1.505
-0.17829277 -0.12597027 1.505
-0.17567709 -0.12597027 1.505
-0.17306142 -0.12597027 1.505
-0.17044574 -0.12597027 1.505
-0.16783006 -0.12597027 1.505
-0.16521439 -0.12597027 1.505
-0.16259871 -0.12597027 1.505
-0.15998304 -0.12597027 1.505
-0.15736736 -0.12597027 1.505
-0.15475169 -0.12597027 1.505
-0.15183274 -0.12571916 1.502
-0.14922228 -0.12571916 1.502
-0.14661182 -0.12571916 1.502
-0.14400136 -0.12571916 1.502
-0.14101437 -0.12538436 1.498
-0.13841085 -0.12538436 1.498
-0.13616997 -0.12571916 1.502
-0.13355951 -0.12571916 1.502
-0.13121061 -0.12597027 1.505
-0.12859493 -0.12597027 1.505
-0.12597924 -0.12597027 1.505
-0.12336358 -0.12597027 1.505
-0.1205072 -0.12571916 1.502
-0.11789674 -0.12571916 1.502
-0.11528628 -0.12571916 1.502
-0.11267582 -0.12571916 1.502
-0.11006536 -0.12571916 1.502
-0.1074549 -0.12571916 1.502
-0.10484444 -0.12571916 1.502
-0.10223398 -0.12571916 1.502
-0.099623509 -0.12571916 1.502
-0.097013049 -0.12571916 1.502
-0.094402589 -0.12571916 1.502
-0.091792129 -0.12571916 1.502
-0.089181662 -0.12571916 1.502
-0.086571202 -0.12571916 1.502
-0.083960742 -0.12571916 1.502
-0.081350282 -0.12571916 1.502
-0.078739822 -0.12571916 1.502
-0.075926617 -0.12538436 1.498
-0.073323108 -0.12538436 1.498
-0.0707196 -0.12538436 1.498
-0.067979671 -0.12513326 1.495
-0.065381378 -0.12513326 1.495
-0.062783085 -0.12513326 1.495
-0.060305558 -0.12538436 1.498
-0.057856124 -0.12571916 1.502
-0.055245664 -0.12571916 1.502
-0.0526352 -0.12571916 1.502
-0.05002474 -0.12571916 1.502
-0.047414277 -0.12571916 1.502
-0.044803817 -0.12571916 1.502
-0.042193353 -0.12571916 1.502
-0.039661955 -0.12597027 1.505
-0.03704628 -0.12597027 1.505
-0.034430601 -0.12597027 1.505
-0.031751506 -0.12571916 1.502
-0.029141046 -0.12571916 1.502
-0.026530584 -0.12571916 1.502
-0.023920123 -0.12571916 1.502
-0.021309661 -0.12571916 1.502
-0.018699199 -0.12571916 1.502
-0.016088737 -0.12571916 1.502
-0.013478275 -0.12571916 1.502
-0.010867815 -0.12571916 1.502
-0.0082573527 -0.12571916 1.502
-0.0056468905 -0.12571916 1.502
-0.0030364289 -0.12571916 1.502
-0.0004259673 -0.12571916 1.502
0.0021844944 -0.12571916 1.502
0.0047949562 -0.12571916 1.502
0.007405418 -0.12571916 1.502
0.01001588 -0.12571916 1.502
0.012626342 -0.12571916 1.502
0.015236803 -0.12571916 1.502
0.017882911 -0.12597027 1.505
0.020498587 -0.12597027 1.505
0.023114264 -0.12597027 1.505
0.025729939 -0.12597027 1.505
0.028345615 -0.12597027 1.505
0.03096129 -0.12597027 1.505
0.033576965 -0.12597027 1.505
0.036264788 -0.12622137 1.508
0.038885675 -0.12622137 1.508
0.041506566 -0.12622137 1.508
0.04403967 -0.12597027 1.505
0.046655346 -0.12597027 1.505
0.049271021 -0.12597027 1.505
0.051886696 -0.12597027 1.505
0.054502372 -0.12597027 1.505
0.057118047 -0.12597027 1.505
0.059733722 -0.12597027 1.505
0.062225115 -0.12571916 1.502
0.064662911 -0.12538436 1.498
0.06726642 -0.12538436 1.498
0.069869936 -0.12538436 1.498
0.072473444 -0.12538436 1.498
0.075076953 -0.12538436 1.498
0.077680461 -0.12538436 1.498
0.080123186 -0.12513326 1.495
0.082721487 -0.12513326 1.495
0.08531978 -0.12513326 1.495
0.087918073 -0.12513326 1.495
0.090516374 -0.12513326 1.495
0.093114667 -0.12513326 1.495
0.09571296 -0.12513326 1.495
0.09831126 -0.12513326 1.495
0.10090955 -0.12513326 1.495
0.10371556 -0.12538436 1.498
0.10631907 -0.12538436 1.498
0.10892258 -0.12538436 1.498
0.11152609 -0.12538436 1.498
0.1141296 -0.12538436 1.498
0.11673311 -0.12538436 1.498
0.11933662 -0.12538436 1.498
0.12194013 -0.12538436 1.498
0.12454364 -0.12538436 1.498
0.12714715 -0.12538436 1.498
0.12949081 -0.12513326 1.495
0.13208911 -0.12513326 1.495
0.13468739 -0.12513326 1.495
0.13728569 -0.12513326 1.495
0.139884 -0.12513326 1.495
0.14248228 -0.12513326 1.495
0.14537172 -0.12538436 1.498
0.14797522 -0.12538436 1.498
0.15057874 -0.12538436 1.498
0.15318225 -0.12538436 1.498
0.15578575 -0.12538436 1.498
0.1588122 -0.12571916 1.502
0.16142265 -0.12571916 1.502
0.16403311 -0.12571916 1.502
0.16664357 -0.12571916 1.502
0.1688033 -0.12538436 1.498
0.17140682 -0.12538436 1.498
0.17401032 -0.12538436 1.498
0.17708543 -0.12571916 1.502
0.17969589 -0.12571916 1.502
0.18230635 -0.12571916 1.502
0.18491681 -0.12571916 1.502
0.18752727 -0.12571916 1.502
0.19013773 -0.12571916 1.502
0.1927482 -0.12571916 1.502
0.1948384 -0.12538436 1.498
0.19744192 -0.12538436 1.498
-0.19961528 -0.12360049 1.508
-0.19699439 -0.12360049 1.508
-0.19398682 -0.1233546 1.505
-0.19137114 -0.1233546 1.505
-0.18875547 -0.1233546 1.505
-0.18613979 -0.1233546 1.505
-0.18352412 -0.1233546 1.505
-0.18090844 -0.1233546 1.505
-0.17829277 -0.1233546 1.505
-0.17567709 -0.1233546 1.505
-0.17306142 -0.1233546 1.505
-0.17044574 -0.1233546 1.505
-0.16783006 -0.1233546 1.505
-0.16521439 -0.1233546 1.505
-0.16259871 -0.1233546 1.505
-0.15998304 -0.1233546 1.505
-0.15736736 -0.1233546 1.505
-0.15475169 -0.1233546 1.505
-0.15183274 -0.12310871 1.502
-0.14922228 -0.12310871 1.502
-0.14661182 -0.12310871 1.502
-0.14400136 -0.12310871 1.502
-0.14101437 -0.12278086 1.498
-0.13841085 -0.12278086 1.498
-0.13616997 -0.12310871 1.502
-0.13355951 -0.12310871 1.502
-0.13094905 -0.12310871 1.502
-0.12859493 -0.1233546 1.505
-0.12597924 -0.1233546 1.505
-0.12336358 -0.1233546 1.505
-0.1205072 -0.12310871 1.502
-0.11789674 -0.12310871 1.502
-0.11528628 -0.12310871 1.502
-0.11267582 -0.12310871 1.502
-0.11006536 -0.12310871 1.502
-0.1074549 -0.12310871 1.502
-0.10484444 -0.12310871 1.502
-0.10223398 -0.12310871 1.502
-0.099623509 -0.12310871 1.502
-0.097013049 -0.12310871 1.502
-0.094402589 -0.12310871 1.502
-0.091792129 -0.12310871 1.502
-0.089181662 -0.12310871 1.502
-0.086571202 -0.12310871 1.502
-0.083960742 -0.12310871 1.502
-0.081350282 -0.12310871 1.502
-0.078530125 -0.12278086 1.498
-0.075926617 -0.12278086 1.498
-0.073323108 -0.12278086 1.498
-0.0707196 -0.12278086 1.498
-0.067979671 -0.12253497 1.495
-0.065381378 -0.12253497 1.495
-0.062783085 -0.12253497 1.495
-0.060305558 -0.12278086 1.498
-0.05770205 -0.12278086 1.498
-0.055098537 -0.12278086 1.498
-0.0526352 -0.12310871 1.502
-0.05002474 -0.12310871 1.502
-0.047414277 -0.12310871 1.502
-0.044803817 -0.12310871 1.502
-0.042193353 -0.12310871 1.502
-0.039661955 -0.1233546 1.505
-0.03704628 -0.1233546 1.505
-0.034430601 -0.1233546 1.505
-0.031751506 -0.12310871 1.502
-0.029141046 -0.12310871 1.502
-0.026530584 -0.12310871 1.502
-0.023920123 -0.12310871 1.502
-0.021309661 -0.12310871 1.502
-0.018699199 -0.12310871 1.502
-0.016088737 -0.12310871 1.502
-0.013478275 -0.12310871 1.502
-0.010867815 -0.12310871 1.502
-0.0082573527 -0.12310871 1.502
-0.0056468905 -0.12310871 1.502
-0.0030364289 -0.12310871 1.502
-0.00042681812 -0.1233546 1.505
0.0021888576 -0.1233546 1.505
0.0047949562 -0.12310871 1.502
0.007405418 -0.12310871 1.502
0.01001588 -0.12310871 1.502
0.012651561 -0.1233546 1.505
0.015267236 -0.1233546 1.505
0.017882911 -0.1233546 1.505
0.020498587 -0.1233546 1.505
0.023114264 -0.1233546 1.505
0.025729939 -0.1233546 1.505
0.028345615 -0.1233546 1.505
0.03096129 -0.1233546 1.505
0.033576965 -0.1233546 1.505
0.036264788 -0.12360049 1.508
0.038885675 -0.12360049 1.508
0.041506566 -0.12360049 1.508
0.044127457 -0.12360049 1.508
0.046655346 -0.1233546 1.505
0.049271021 -0.1233546 1.505
0.051990125 -0.12360049 1.508
0.054611016 -0.12360049 1.508
0.057231903 -0.12360049 1.508
0.059733722 -0.1233546 1.505
0.062225115 -0.12310871 1.502
0.064662911 -0.12278086 1.498
0.06726642 -0.12278086 1.498
0.069869936 -0.12278086 1.498
0.072473444 -0.12278086 1.498
0.075076953 -0.12278086 1.498
0.077680461 -0.12278086 1.498
0.080123186 -0.12253497 1.495
0.082721487 -0.12253497 1.495
0.08531978 -0.12253497 1.495
0.087918073 -0.12253497 1.495
0.090516374 -0.12253497 1.495
0.093114667 -0.12253497 1.495
0.09571296 -0.12253497 1.495
0.09831126 -0.12253497 1.495
0.10090955 -0.12253497 1.495
0.10371556 -0.12278086 1.498
0.10631907 -0.12278086 1.498
0.10892258 -0.12278086 1.498
0.11152609 -0.12278086 1.498
0.1141296 -0.12278086 1.498
0.11673311 -0.12278086 1.498
0.11933662 -0.12278086 1.498
0.12194013 -0.12278086 1.498
0.12454364 -0.12278086 1.498
0.12714715 -0.12278086 1.498
0.12949081 -0.12253497 1.495
0.13208911 -0.12253497 1.495
0.13468739 -0.12253497 1.495
0.13728569 -0.12253497 1.495
0.139884 -0.12253497 1.495
0.1427682 -0.12278086 1.498
0.14537172 -0.12278086 1.498
0.14797522 -0.12278086 1.498
0.15057874 -0.12278086 1.498
0.15318225 -0.12278086 1.498
0.15578575 -0.12278086 1.498
0.15838927 -0.12278086 1.498
0.16142265 -0.12310871 1.502
0.16403311 -0.12310871 1.502
0.16619979 -0.12278086 1.498
0.1688033 -0.12278086 1.498
0.17140682 -0.12278086 1.498
0.17401032 -0.12278086 1.498
0.17661384 -0.12278086 1.498
0.17969589 -0.12310871 1.502
0.18230635 -0.12310871 1.502
0.18491681 -0.12310871 1.502
0.18752727 -0.12310871 1.502
0.19013773 -0.12310871 1.502
0.1927482 -0.12310871 1.502
0.1948384 -0.12278086 1.498
0.19744192 -0.12278086 1.498
-0.19961528 -0.1209796 1.508
-0.19699439 -0.1209796 1.508
-0.19398682 -0.12073892 1.505
-0.19137114 -0.12073892 1.505
-0.18875547 -0.12073892 1.505
-0.18613979 -0.12073892 1.505
-0.18352412 -0.12073892 1.505
-0.18090844 -0.12073892 1.505
-0.17829277 -0.12073892 1.505
-0.17567709 -0.12073892 1.505
-0.17306142 -0.12073892 1.505
-0.17044574 -0.12073892 1.505
-0.16783006 -0.12073892 1.505
-0.16521439 -0.12073892 1.505
-0.16259871 -0.12073892 1.505
-0.15998304 -0.12073892 1.505
-0.15736736 -0.12073892 1.505
-0.15475169 -0.12073892 1.505
-0.15213601 -0.12073892 1.505
-0.14922228 -0.12049824 1.502
-0.14661182 -0.12049824 1.502
-0.14400136 -0.12049824 1.502
-0.1413909 -0.12049824 1.502
-0.13878043 -0.12049824 1.502
-0.13616997 -0.12049824 1.502
-0.13355951 -0.12049824 1.502
-0.13094905 -0.12049824 1.502
-0.12833859 -0.12049824 1.502
-0.12597924 -0.12073892 1.505
-0.12336358 -0.12073892 1.505
-0.1205072 -0.12049824 1.502
-0.11789674 -0.12049824 1.502
-0.11528628 -0.12049824 1.502
-0.11267582 -0.12049824 1.502
-0.11006536 -0.12049824 1.502
-0.1074549 -0.12049824 1.502
-0.10484444 -0.12049824 1.502
-0.10223398 -0.12049824 1.502
-0.099623509 -0.12049824 1.502
-0.097013049 -0.12049824 1.502
-0.094402589 -0.12049824 1.502
-0.091792129 -0.12049824 1.502
-0.089181662 -0.12049824 1.502
-0.086571202 -0.12049824 1.502
-0.083960742 -0.12049824 1.502
-0.081133634 -0.12017734 1.498
-0.078530125 -0.12017734 1.498
-0.075926617 -0.12017734 1.498
-0.073176265 -0.11993667 1.495
-0.070577972 -0.11993667 1.495
-0.067979671 -0.11993667 1.495
-0.065381378 -0.11993667 1.495
-0.062909067 -0.12017734 1.498
-0.060305558 -0.12017734 1.498
-0.05770205 -0.12017734 1.498
-0.055098537 -0.12017734 1.498
-0.0526352 -0.12049824 1.502
-0.05002474 -0.12049824 1.502
-0.047414277 -0.12049824 1.502
-0.044803817 -0.12049824 1.502
-0.042193353 -0.12049824 1.502
-0.039661955 -0.12073892 1.505
-0.03704628 -0.12073892 1.505
-0.034430601 -0.12073892 1.505
-0.031751506 -0.12049824 1.502
-0.029141046 -0.12049824 1.502
-0.026530584 -0.12049824 1.502
-0.023920123 -0.12049824 1.502
-0.021309661 -0.12049824 1.502
-0.018699199 -0.12049824 1.502
-0.016088737 -0.12049824 1.502
-0.013478275 -0.12049824 1.502
-0.010867815 -0.12049824 1.502
-0.0082573527 -0.12049824 1.502
-0.0056468905 -0.12049824 1.502
-0.0030424937 -0.12073892 1.505
-0.00042681812 -0.12073892 1.505
0.0021888576 -0.12073892 1.505
0.0048045334 -0.12073892 1.505
0.007405418 -0.12049824 1.502
0.01001588 -0.12049824 1.502
0.012651561 -0.12073892 1.505
0.015267236 -0.12073892 1.505
0.017882911 -0.12073892 1.505
0.020498587 -0.12073892 1.505
0.023114264 -0.12073892 1.505
0.025729939 -0.12073892 1.505
0.028345615 -0.12073892 1.505
0.03096129 -0.12073892 1.505
0.033576965 -0.12073892 1.505
0.036264788 -0.1209796 1.508
0.038885675 -0.1209796 1.508
0.041506566 -0.1209796 1.508
0.044127457 -0.1209796 1.508
0.046748348 -0.1209796 1.508
0.049369235 -0.1209796 1.508
0.051990125 -0.1209796 1.508
0.054611016 -0.1209796 1.508
0.057231903 -0.1209796 1.508
0.059733722 -0.12073892 1.505
0.062349398 -0.12073892 1.505
0.064662911 -0.12017734 1.498
0.06726642 -0.12017734 1.498
0.069869936 -0.12017734 1.498
0.072473444 -0.12017734 1.498
0.075076953 -0.12017734 1.498
0.077680461 -0.12017734 1.498
0.080123186 -0.11993667 1.495
0.082721487 -0.11993667 1.495
0.08531978 -0.11993667 1.495
0.087918073 -0.11993667 1.495
0.090516374 -0.11993667 1.495
0.093114667 -0.11993667 1.495
0.09571296 -0.11993667 1.495
0.09831126 -0.11993667 1.495
0.10090955 -0.11993667 1.495
0.10350785 -0.11993667 1.495
0.10631907 -0.12017734 1.498
0.10892258 -0.12017734 1.498
0.11152609 -0.12017734 1.498
0.1141296 -0.12017734 1.498
0.11673311 -0.12017734 1.498
0.11933662 -0.12017734 1.498
0.12194013 -0.12017734 1.498
0.12454364 -0.12017734 1.498
0.12714715 -0.12017734 1.498
0.12949081 -0.11993667 1.495
0.13208911 -0.11993667 1.495
0.13468739 -0.11993667 1.495
0.13728569 -0.11993667 1.495
0.139884 -0.11993667 1.495
0.1427682 -0.12017734 1.498
0.14537172 -0.12017734 1.498
0.14797522 -0.12017734 1.498
0.15057874 -0.12017734 1.498
0.15318225 -0.12017734 1.498
0.15578575 -0.12017734 1.498
0.15838927 -0.12017734 1.498
0.16099277 -0.12017734 1.498
0.16359629 -0.12017734 1.498
0.16619979 -0.12017734 1.498
0.1688033 -0.12017734 1.498
0.17140682 -0.12017734 1.498
0.17401032 -0.12017734 1.498
0.17661384 -0.12017734 1.498
0.17921734 -0.12017734 1.498
0.18230635 -0.12049824 1.502
0.18491681 -0.12049824 1.502
0.18752727 -0.12049824 1.502
0.19013773 -0.12049824 1.502
0.1927482 -0.12049824 1.502
0.19535866 -0.12049824 1.502
0.19744192 -0.12017734 1.498
-0.19961528 -0.11835871 1.508
-0.19699439 -0.11835871 1.508
-0.19398682 -0.11812325 1.505
-0.19137114 -0.11812325 1.505
-0.18875547 -0.11812325 1.505
-0.18613979 -0.11812325 1.505
-0.18352412 -0.11812325 1.505
-0.18090844 -0.11812325 1.505
-0.17829277 -0.11812325 1.505
-0.17567709 -0.11812325 1.505
-0.17306142 -0.11812325 1.505
-0.17044574 -0.11812325 1.505
-0.16783006 -0.11812325 1.505
-0.16521439 -0.11812325 1.505
-0.16259871 -0.11812325 1.505
-0.15998304 -0.11812325 1.505
-0.15736736 -0.11812325 1.505
-0.15475169 -0.11812325 1.505
-0.15213601 -0.11812325 1.505
-0.14952034 -0.11812325 1.505
-0.14690466 -0.11812325 1.505
-0.14400136 -0.11788778 1.502
-0.1413909 -0.11788778 1.502
-0.13878043 -0.11788778 1.502
-0.13616997 -0.11788778 1.502
-0.13355951 -0.11788778 1.502
-0.13094905 -0.11788778 1.502
-0.12833859 -0.11788778 1.502
-0.12572813 -0.11788778 1.502
-0.12311767 -0.11788778 1.502
-0.1205072 -0.11788778 1.502
-0.11789674 -0.11788778 1.502
-0.11528628 -0.11788778 1.502
-0.11267582 -0.11788778 1.502
-0.11006536 -0.11788778 1.502
-0.1074549 -0.11788778 1.502
-0.10484444 -0.11788778 1.502
-0.10223398 -0.11788778 1.502
-0.099623509 -0.11788778 1.502
-0.097013049 -0.11788778 1.502
-0.094402589 -0.11788778 1.502
-0.091792129 -0.11788778 1.502
-0.089181662 -0.11788778 1.502
-0.086571202 -0.11788778 1.502
-0.083960742 -0.11788778 1.502
-0.081133634 -0.11757383 1.498
-0.078530125 -0.11757383 1.498
-0.075774558 -0.11733837 1.495
-0.073176265 -0.11733837 1.495
-0.070577972 -0.11733837 1.495
-0.067979671 -0.11733837 1.495
-0.065381378 -0.11733837 1.495
-0.062909067 -0.11757383 1.498
-0.060305558 -0.11757383 1.498
-0.057856124 -0.11788778 1.502
-0.055245664 -0.11788778 1.502
-0.0526352 -0.11788778 1.502
-0.05002474 -0.11788778 1.502
-0.047414277 -0.11788778 1.502
-0.044803817 -0.11788778 1.502
-0.042193353 -0.11788778 1.502
-0.039661955 -0.11812325 1.505
-0.03704628 -0.11812325 1.505
-0.034430601 -0.11812325 1.505
-0.031751506 -0.11788778 1.502
-0.029141046 -0.11788778 1.502
-0.026530584 -0.11788778 1.502
-0.023920123 -0.11788778 1.502
-0.021352224 -0.11812325 1.505
-0.018736549 -0.11812325 1.505
-0.016088737 -0.11788778 1.502
-0.013478275 -0.11788778 1.502
-0.010867815 -0.11788778 1.502
-0.0082738455 -0.11812325 1.505
-0.0056581697 -0.11812325 1.505
-0.0030424937 -0.11812325 1.505
-0.00042681812 -0.11812325 1.505
0.0021888576 -0.11812325 1.505
0.0048045334 -0.11812325 1.505
0.0074202088 -0.11812325 1.505
0.010035885 -0.11812325 1.505
0.012651561 -0.11812325 1.505
0.015267236 -0.11812325 1.505
0.017882911 -0.11812325 1.505
0.020498587 -0.11812325 1.505
0.023114264 -0.11812325 1.505
0.025729939 -0.11812325 1.505
0.028345615 -0.11812325 1.505
0.03096129 -0.11812325 1.505
0.033576965 -0.11812325 1.505
0.036192641 -0.11812325 1.505
0.038808316 -0.11812325 1.505
0.041506566 -0.11835871 1.508
0.044127457 -0.11835871 1.508
0.046748348 -0.11835871 1.508
0.049369235 -0.11835871 1.508
0.051990125 -0.11835871 1.508
0.054611016 -0.11835871 1.508
0.057231903 -0.11835871 1.508
0.059733722 -0.11812325 1.505
0.062225115 -0.11788778 1.502
0.064662911 -0.11757383 1.498
0.06726642 -0.11757383 1.498
0.069869936 -0.11757383 1.498
0.072473444 -0.11757383 1.498
0.075076953 -0.11757383 1.498
0.077524893 -0.11733837 1.495
0.080123186 -0.11733837 1.495
0.082721487 -0.11733837 1.495
0.08531978 -0.11733837 1.495
0.087918073 -0.11733837 1.495
0.090516374 -0.11733837 1.495
0.093114667 -0.11733837 1.495
0.09571296 -0.11733837 1.495
0.09831126 -0.11733837 1.495
0.10090955 -0.11733837 1.495
0.10350785 -0.11733837 1.495
0.10610615 -0.11733837 1.495
0.10870444 -0.11733837 1.495
0.11130274 -0.11733837 1.495
0.1141296 -0.11757383 1.498
0.11649933 -0.11733837 1.495
0.11909763 -0.11733837 1.495
0.12194013 -0.11757383 1.498
0.12454364 -0.11757383 1.498
0.12689251 -0.11733837 1.495
0.12949081 -0.11733837 1.495
0.13208911 -0.11733837 1.495
0.13468739 -0.11733837 1.495
0.13728569 -0.11733837 1.495
0.1401647 -0.11757383 1.498
0.1427682 -0.11757383 1.498
0.14537172 -0.11757383 1.498
0.14797522 -0.11757383 1.498
0.15057874 -0.11757383 1.498
0.15318225 -0.11757383 1.498
0.15578575 -0.11757383 1.498
0.15838927 -0.11757383 1.498
0.16099277 -0.11757383 1.498
0.16359629 -0.11757383 1.498
0.16619979 -0.11757383 1.498
0.1688033 -0.11757383 1.498
0.17140682 -0.11757383 1.498
0.17401032 -0.11757383 1.498
0.17661384 -0.11757383 1.498
0.17969589 -0.11788778 1.502
0.18230635 -0.11788778 1.502
0.18491681 -0.11788778 1.502
0.18752727 -0.11788778 1.502
0.19013773 -0.11788778 1.502
0.1927482 -0.11788778 1.502
0.19535866 -0.11788778 1.502
0.19744192 -0.11757383 1.498
-0.19961528 -0.11573782 1.508
-0.19660249 -0.11550757 1.505
-0.19398682 -0.11550757 1.505
-0.19137114 -0.11550757 1.505
-0.18875547 -0.11550757 1.505
-0.18613979 -0.11550757 1.505
-0.18352412 -0.11550757 1.505
-0.18090844 -0.11550757 1.505
-0.17829277 -0.11550757 1.505
-0.17567709 -0.11550757 1.505
-0.17306142 -0.11550757 1.505
-0.17044574 -0.11550757 1.505
-0.16783006 -0.11550757 1.505
-0.16521439 -0.11550757 1.505
-0.16259871 -0.11550757 1.505
-0.15998304 -0.11550757 1.505
-0.15736736 -0.11550757 1.505
-0.15475169 -0.11550757 1.505
-0.15213601 -0.11550757 1.505
-0.14952034 -0.11550757 1.505
-0.14690466 -0.11550757 1.505
-0.14428899 -0.11550757 1.505
-0.1413909 -0.11527732 1.502
-0.13878043 -0.11527732 1.502
-0.13616997 -0.11527732 1.502
-0.13355951 -0.11527732 1.502
-0.13094905 -0.11527732 1.502
-0.12833859 -0.11527732 1.502
-0.12572813 -0.11527732 1.502
-0.12311767 -0.11527732 1.502
-0.1205072 -0.11527732 1.502
-0.11789674 -0.11527732 1.502
-0.11528628 -0.11527732 1.502
-0.11267582 -0.11527732 1.502
-0.11006536 -0.11527732 1.502
-0.1074549 -0.11527732 1.502
-0.10484444 -0.11527732 1.502
-0.10223398 -0.11527732 1.502
-0.099623509 -0.11527732 1.502
-0.097013049 -0.11527732 1.502
-0.094402589 -0.11527732 1.502
-0.091792129 -0.11527732 1.502
-0.089181662 -0.11527732 1.502
-0.086571202 -0.11527732 1.502
-0.083960742 -0.11527732 1.502
-0.081133634 -0.11497033 1.498
-0.078530125 -0.11497033 1.498
-0.075774558 -0.11474008 1.495
-0.073176265 -0.11474008 1.495
-0.070577972 -0.11474008 1.495
-0.067979671 -0.11474008 1.495
-0.065512575 -0.11497033 1.498
-0.062909067 -0.11497033 1.498
-0.060305558 -0.11497033 1.498
-0.057856124 -0.11527732 1.502
-0.055245664 -0.11527732 1.502
-0.0526352 -0.11527732 1.502
-0.05002474 -0.11527732 1.502
-0.047414277 -0.11527732 1.502
-0.044803817 -0.11527732 1.502
-0.042193353 -0.11527732 1.502
-0.039661955 -0.11550757 1.505
-0.03704628 -0.11550757 1.505
-0.034430601 -0.11550757 1.505
-0.031751506 -0.11527732 1.502
-0.029141046 -0.11527732 1.502
-0.026530584 -0.11527732 1.502
-0.023920123 -0.11527732 1.502
-0.021352224 -0.11550757 1.505
-0.018736549 -0.11550757 1.505
-0.016088737 -0.11527732 1.502
-0.013478275 -0.11527732 1.502
-0.010867815 -0.11527732 1.502
-0.0082738455 -0.11550757 1.505
-0.0056581697 -0.11550757 1.505
-0.0030424937 -0.11550757 1.505
-0.00042681812 -0.11550757 1.505
0.0021888576 -0.11550757 1.505
0.0048045334 -0.11550757 1.505
0.0074202088 -0.11550757 1.505
0.010035885 -0.11550757 1.505
0.012651561 -0.11550757 1.505
0.015267236 -0.11550757 1.505
0.017882911 -0.11550757 1.505
0.020498587 -0.11550757 1.505
0.023114264 -0.11550757 1.505
0.02567865 -0.11527732 1.502
0.028289111 -0.11527732 1.502
0.03096129 -0.11550757 1.505
0.033576965 -0.11550757 1.505
0.036192641 -0.11550757 1.505
0.038808316 -0.11550757 1.505
0.041423991 -0.11550757 1.505
0.04403967 -0.11550757 1.505
0.046655346 -0.11550757 1.505
0.049369235 -0.11573782 1.508
0.051990125 -0.11573782 1.508
0.054611016 -0.11573782 1.508
0.057231903 -0.11573782 1.508
0.059733722 -0.11550757 1.505
0.062225115 -0.11527732 1.502
0.064662911 -0.11497033 1.498
0.06726642 -0.11497033 1.498
0.069869936 -0.11497033 1.498
0.072473444 -0.11497033 1.498
0.075076953 -0.11497033 1.498
0.077524893 -0.11474008 1.495
0.080123186 -0.11474008 1.495
0.082721487 -0.11474008 1.495
0.08531978 -0.11474008 1.495
0.087918073 -0.11474008 1.495
0.090516374 -0.11474008 1.495
0.093114667 -0.11474008 1.495
0.09571296 -0.11474008 1.495
0.09831126 -0.11474008 1.495
0.10090955 -0.11474008 1.495
0.10350785 -0.11474008 1.495
0.10610615 -0.11474008 1.495
0.10870444 -0.11474008 1.495
0.11130274 -0.11474008 1.495
0.11390103 -0.11474008 1.495
0.11649933 -0.11474008 1.495
0.11909763 -0.11474008 1.495
0.12169592 -0.11474008 1.495
0.12429421 -0.11474008 1.495
0.12689251 -0.11474008 1.495
0.12949081 -0.11474008 1.495
0.13208911 -0.11474008 1.495
0.13495767 -0.11497033 1.498
0.13756119 -0.11497033 1.498
0.1401647 -0.11497033 1.498
0.1427682 -0.11497033 1.498
0.14575988 -0.11527732 1.502
0.14837036 -0.11527732 1.502
0.15057874 -0.11497033 1.498
0.15318225 -0.11497033 1.498
0.15578575 -0.11497033 1.498
0.15838927 -0.11497033 1.498
0.16099277 -0.11497033 1.498
0.16359629 -0.11497033 1.498
0.16619979 -0.11497033 1.498
0.1688033 -0.11497033 1.498
0.17140682 -0.11497033 1.498
0.17401032 -0.11497033 1.498
0.17661384 -0.11497033 1.498
0.17921734 -0.11497033 1.498
0.18230635 -0.11527732 1.502
0.18491681 -0.11527732 1.502
0.18752727 -0.11527732 1.502
0.19013773 -0.11527732 1.502
0.1927482 -0.11527732 1.502
0.19535866 -0.11527732 1.502
0.19744192 -0.11497033 1.498
-0.19921817 -0.11289189 1.505
-0.19660249 -0.11289189 1.505
-0.19398682 -0.11289189 1.505
-0.19137114 -0.11289189 1.505
-0.18875547 -0.11289189 1.505
-0.18613979 -0.11289189 1.505
-0.18352412 -0.11289189 1.505
-0.18090844 -0.11289189 1.505
-0.17829277 -0.11289189 1.505
-0.17567709 -0.11289189 1.505
-0.17306142 -0.11289189 1.505
-0.17044574 -0.11289189 1.505
-0.16783006 -0.11289189 1.505
-0.16521439 -0.11289189 1.505
-0.16259871 -0.11289189 1.505
-0.15998304 -0.11289189 1.505
-0.15736736 -0.11289189 1.505
-0.15475169 -0.11289189 1.505
-0.15213601 -0.11289189 1.505
-0.14952034 -0.11289189 1.505
-0.14690466 -0.11289189 1.505
-0.14428899 -0.11289189 1.505
-0.1413909 -0.11266686 1.502
-0.13878043 -0.11266686 1.502
-0.13616997 -0.11266686 1.502
-0.13355951 -0.11266686 1.502
-0.13094905 -0.11266686 1.502
-0.12833859 -0.11266686 1.502
-0.12572813 -0.11266686 1.502
-0.12311767 -0.11266686 1.502
-0.1205072 -0.11266686 1.502
-0.11789674 -0.11266686 1.502
-0.11528628 -0.11266686 1.502
-0.11267582 -0.11266686 1.502
-0.11006536 -0.11266686 1.502
-0.1074549 -0.11266686 1.502
-0.10484444 -0.11266686 1.502
-0.10223398 -0.11266686 1.502
-0.099623509 -0.11266686 1.502
-0.097013049 -0.11266686 1.502
-0.094402589 -0.11266686 1.502
-0.091792129 -0.11266686 1.502
-0.089181662 -0.11266686 1.502
-0.086571202 -0.11266686 1.502
-0.083960742 -0.11266686 1.502
-0.081133634 -0.11236682 1.498
-0.078530125 -0.11236682 1.498
-0.075774558 -0.11214178 1.495
-0.073176265 -0.11214178 1.495
-0.0707196 -0.11236682 1.498
-0.068116091 -0.11236682 1.498
-0.065512575 -0.11236682 1.498
-0.062909067 -0.11236682 1.498
-0.060466588 -0.11266686 1.502
-0.057856124 -0.11266686 1.502
-0.055245664 -0.11266686 1.502
-0.0526352 -0.11266686 1.502
-0.05002474 -0.11266686 1.502
-0.047414277 -0.11266686 1.502
-0.044803817 -0.11266686 1.502
-0.04227763 -0.11289189 1.505
-0.039661955 -0.11289189 1.505
-0.03704628 -0.11289189 1.505
-0.03436197 -0.11266686 1.502
-0.031751506 -0.11266686 1.502
-0.029141046 -0.11266686 1.502
-0.026530584 -0.11266686 1.502
-0.023920123 -0.11266686 1.502
-0.021352224 -0.11289189 1.505
-0.018736549 -0.11289189 1.505
-0.016088737 -0.11266686 1.502
-0.013478275 -0.11266686 1.502
-0.010867815 -0.11266686 1.502
-0.0082573527 -0.11266686 1.502
-0.0056581697 -0.11289189 1.505
-0.0030424937 -0.11289189 1.505
-0.00042681812 -0.11289189 1.505
0.0021888576 -0.11289189 1.505
0.0048045334 -0.11289189 1.505
0.0074202088 -0.11289189 1.505
0.010035885 -0.11289189 1.505
0.012651561 -0.11289189 1.505
0.015267236 -0.11289189 1.505
0.017882911 -0.11289189 1.505
0.020498587 -0.11289189 1.505
0.023068188 -0.11266686 1.502
0.02567865 -0.11266686 1.502
0.028289111 -0.11266686 1.502
0.030899573 -0.11266686 1.502
0.033510033 -0.11266686 1.502
0.036192641 -0.11289189 1.505
0.038808316 -0.11289189 1.505
0.041423991 -0.11289189 1.505
0.04403967 -0.11289189 1.505
0.046655346 -0.11289189 1.505
0.049271021 -0.11289189 1.505
0.051990125 -0.11311693 1.508
0.054611016 -0.11311693 1.508
0.057231903 -0.11311693 1.508
0.059733722 -0.11289189 1.505
0.062225115 -0.11266686 1.502
0.064662911 -0.11236682 1.498
0.06726642 -0.11236682 1.498
0.069869936 -0.11236682 1.498
0.072473444 -0.11236682 1.498
0.075076953 -0.11236682 1.498
0.077524893 -0.11214178 1.495
0.080123186 -0.11214178 1.495
0.082721487 -0.11214178 1.495
0.08531978 -0.11214178 1.495
0.087918073 -0.11214178 1.495
0.090516374 -0.11214178 1.495
0.093114667 -0.11214178 1.495
0.09571296 -0.11214178 1.495
0.09831126 -0.11214178 1.495
0.10090955 -0.11214178 1.495
0.10350785 -0.11214178 1.495
0.10610615 -0.11214178 1.495
0.10870444 -0.11214178 1.495
0.11130274 -0.11214178 1.495
0.11390103 -0.11214178 1.495
0.11649933 -0.11214178 1.495
0.11909763 -0.11214178 1.495
0.12169592 -0.11214178 1.495
0.12429421 -0.11214178 1.495
0.12689251 -0.11214178 1.495
0.12949081 -0.11214178 1.495
0.13235417 -0.11236682 1.498
0.13495767 -0.11236682 1.498
0.13756119 -0.11236682 1.498
0.1401647 -0.11236682 1.498
0.14314942 -0.11266686 1.502
0.14575988 -0.11266686 1.502
0.14837036 -0.11266686 1.502
0.15098082 -0.11266686 1.502
0.15318225 -0.11236682 1.498
0.15578575 -0.11236682 1.498
0.15838927 -0.11236682 1.498
0.16099277 -0.11236682 1.498
0.16359629 -0.11236682 1.498
0.16586696 -0.11214178 1.495
0.16846524 -0.11214178 1.495
0.17106354 -0.11214178 1.495
0.17401032 -0.11236682 1.498
0.17661384 -0.11236682 1.498
0.17921734 -0.11236682 1.498
0.18182085 -0.11236682 1.498
0.18491681 -0.11266686 1.502
0.18752727 -0.11266686 1.502
0.19013773 -0.11266686 1.502
0.1927482 -0.11266686 1.502
0.19535866 -0.11266686 1.502
0.19744192 -0.11236682 1.498
-0.19921817 -0.11027621 1.505
-0.19660249 -0.11027621 1.505
-0.19398682 -0.11027621 1.505
-0.19137114 -0.11027621 1.505
-0.18875547 -0.11027621 1.505
-0.18613979 -0.11027621 1.505
-0.18352412 -0.11027621 1.505
-0.18054782 -0.1100564 1.502
-0.17829277 -0.11027621 1.505
-0.17567709 -0.11027621 1.505
-0.17271644 -0.1100564 1.502
-0.17010598 -0.1100564 1.502
-0.16749552 -0.1100564 1.502
-0.16521439 -0.11027621 1.505
-0.16259871 -0.11027621 1.505
-0.15998304 -0.11027621 1.505
-0.15736736 -0.11027621 1.505
-0.15475169 -0.11027621 1.505
-0.15213601 -0.11027621 1.505
-0.14952034 -0.11027621 1.505
-0.14690466 -0.11027621 1.505
-0.14428899 -0.11027621 1.505
-0.1413909 -0.1100564 1.502
-0.13878043 -0.1100564 1.502
-0.13616997 -0.1100564 1.502
-0.13355951 -0.1100564 1.502
-0.13094905 -0.1100564 1.502
-0.12833859 -0.1100564 1.502
-0.12572813 -0.1100564 1.502
-0.12311767 -0.1100564 1.502
-0.1205072 -0.1100564 1.502
-0.11789674 -0.1100564 1.502
-0.11528628 -0.1100564 1.502
-0.11267582 -0.1100564 1.502
-0.11006536 -0.1100564 1.502
-0.1074549 -0.1100564 1.502
-0.10484444 -0.1100564 1.502
-0.10243817 -0.11027621 1.505
-0.099822491 -0.11027621 1.505
-0.097013049 -0.1100564 1.502
-0.094402589 -0.1100564 1.502
-0.091792129 -0.1100564 1.502
-0.089181662 -0.1100564 1.502
-0.086571202 -0.1100564 1.502
-0.083960742 -0.1100564 1.502
-0.081350282 -0.1100564 1.502
-0.078530125 -0.10976331 1.498
-0.075926617 -0.10976331 1.498
-0.073323108 -0.10976331 1.498
-0.0707196 -0.10976331 1.498
-0.068116091 -0.10976331 1.498
-0.065512575 -0.10976331 1.498
-0.063077047 -0.1100564 1.502
-0.060466588 -0.1100564 1.502
-0.057856124 -0.1100564 1.502
-0.055245664 -0.1100564 1.502
-0.0526352 -0.1100564 1.502
-0.05002474 -0.1100564 1.502
-0.047414277 -0.1100564 1.502
-0.044803817 -0.1100564 1.502
-0.04227763 -0.11027621 1.505
-0.039661955 -0.11027621 1.505
-0.03704628 -0.11027621 1.505
-0.03436197 -0.1100564 1.502
-0.031751506 -0.1100564 1.502
-0.029141046 -0.1100564 1.502
-0.026530584 -0.1100564 1.502
-0.023920123 -0.1100564 1.502
-0.021309661 -0.1100564 1.502
-0.018699199 -0.1100564 1.502
-0.016088737 -0.1100564 1.502
-0.013478275 -0.1100564 1.502
-0.010867815 -0.1100564 1.502
-0.0082573527 -0.1100564 1.502
-0.0056581697 -0.11027621 1.505
-0.0030424937 -0.11027621 1.505
-0.00042681812 -0.11027621 1.505
0.0021888576 -0.11027621 1.505
0.0048045334 -0.11027621 1.505
0.0074202088 -0.11027621 1.505
0.010035885 -0.11027621 1.505
0.012651561 -0.11027621 1.505
0.015267236 -0.11027621 1.505
0.017882911 -0.11027621 1.505
0.020457726 -0.1100564 1.502
0.023068188 -0.1100564 1.502
0.02567865 -0.1100564 1.502
0.028289111 -0.1100564 1.502
0.030899573 -0.1100564 1.502
0.033510033 -0.1100564 1.502
0.036120497 -0.1100564 1.502
0.038730957 -0.1100564 1.502
0.04134142 -0.1100564 1.502
0.04395188 -0.1100564 1.502
0.046655346 -0.11027621 1.505
0.049271021 -0.11027621 1.505
0.051886696 -0.11027621 1.505
0.054502372 -0.11027621 1.505
0.057118047 -0.11027621 1.505
0.059733722 -0.11027621 1.505
0.062225115 -0.1100564 1.502
0.064835578 -0.1100564 1.502
0.06726642 -0.10976331 1.498
0.069869936 -0.10976331 1.498
0.072473444 -0.10976331 1.498
0.075076953 -0.10976331 1.498
0.077524893 -0.10954349 1.495
0.080123186 -0.10954349 1.495
0.082721487 -0.10954349 1.495
0.08531978 -0.10954349 1.495
0.087918073 -0.10954349 1.495
0.090516374 -0.10954349 1.495
0.093114667 -0.10954349 1.495
0.09571296 -0.10954349 1.495
0.09831126 -0.10954349 1.495
0.10090955 -0.10954349 1.495
0.10350785 -0.10954349 1.495
0.10610615 -0.10954349 1.495
0.10870444 -0.10954349 1.495
0.11107939 -0.10932367 1.492
0.11367247 -0.10932367 1.492
0.11626555 -0.10932367 1.492
0.11909763 -0.10954349 1.495
0.12169592 -0.10954349 1.495
0.12429421 -0.10954349 1.495
0.12689251 -0.10954349 1.495
0.12949081 -0.10954349 1.495
0.13235417 -0.10976331 1.498
0.13495767 -0.10976331 1.498
0.13756119 -0.10976331 1.498
0.14053896 -0.1100564 1.502
0.14314942 -0.1100564 1.502
0.14575988 -0.1100564 1.502
0.14837036 -0.1100564 1.502
0.15098082 -0.1100564 1.502
0.15318225 -0.10976331 1.498
0.15578575 -0.10976331 1.498
0.15838927 -0.10976331 1.498
0.16099277 -0.10976331 1.498
0.16326866 -0.10954349 1.495
0.16586696 -0.10954349 1.495
0.16846524 -0.10954349 1.495
0.17106354 -0.10954349 1.495
0.17366184 -0.10954349 1.495
0.17626013 -0.10954349 1.495
0.17921734 -0.10976331 1.498
0.18182085 -0.10976331 1.498
0.18442437 -0.10976331 1.498
0.18752727 -0.1100564 1.502
0.19013773 -0.1100564 1.502
0.1927482 -0.1100564 1.502
0.19535866 -0.1100564 1.502
0.19744192 -0.10976331 1.498
-0.19921817 -0.10766054 1.505
-0.19660249 -0.10766054 1.505
-0.19398682 -0.10766054 1.505
-0.19137114 -0.10766054 1.505
-0.18875547 -0.10766054 1.505
-0.18613979 -0.10766054 1.505
-0.18352412 -0.10766054 1.505
-0.18054782 -0.10744593 1.502
-0.17793736 -0.10744593 1.502
-0.1753269 -0.10744593 1.502
-0.17271644 -0.10744593 1.502
-0.17010598 -0.10744593 1.502
-0.16749552 -0.10744593 1.502
-0.16488506 -0.10744593 1.502
-0.16259871 -0.10766054 1.505
-0.15998304 -0.10766054 1.505
-0.15736736 -0.10766054 1.505
-0.15475169 -0.10766054 1.505
-0.15213601 -0.10766054 1.505
-0.14952034 -0.10766054 1.505
-0.14690466 -0.10766054 1.505
-0.14400136 -0.10744593 1.502
-0.1413909 -0.10744593 1.502
-0.13878043 -0.10744593 1.502
-0.13616997 -0.10744593 1.502
-0.13355951 -0.10744593 1.502
-0.13094905 -0.10744593 1.502
-0.12833859 -0.10744593 1.502
-0.12572813 -0.10744593 1.502
-0.12311767 -0.10744593 1.502
-0.1205072 -0.10744593 1.502
-0.11758278 -0.1071598 1.498
-0.11528628 -0.10744593 1.502
-0.11267582 -0.10744593 1.502
-0.11006536 -0.10744593 1.502
-0.1074549 -0.10744593 1.502
-0.10484444 -0.10744593 1.502
-0.10243817 -0.10766054 1.505
-0.099822491 -0.10766054 1.505
-0.097206816 -0.10766054 1.505
-0.094402589 -0.10744593 1.502
-0.091792129 -0.10744593 1.502
-0.089181662 -0.10744593 1.502
-0.086571202 -0.10744593 1.502
-0.083960742 -0.10744593 1.502
-0.081350282 -0.10744593 1.502
-0.078530125 -0.1071598 1.498
-0.075926617 -0.1071598 1.498
-0.073323108 -0.1071598 1.498
-0.0707196 -0.1071598 1.498
-0.068116091 -0.1071598 1.498
-0.065687507 -0.10744593 1.502
-0.063077047 -0.10744593 1.502
-0.060466588 -0.10744593 1.502
-0.057856124 -0.10744593 1.502
-0.055245664 -0.10744593 1.502
-0.0526352 -0.10744593 1.502
-0.05002474 -0.10744593 1.502
-0.047414277 -0.10744593 1.502
-0.044803817 -0.10744593 1.502
-0.04227763 -0.10766054 1.505
-0.039661955 -0.10766054 1.505
-0.03704628 -0.10766054 1.505
-0.03436197 -0.10744593 1.502
-0.031751506 -0.10744593 1.502
-0.029141046 -0.10744593 1.502
-0.026530584 -0.10744593 1.502
-0.023920123 -0.10744593 1.502
-0.021309661 -0.10744593 1.502
-0.018699199 -0.10744593 1.502
-0.016088737 -0.10744593 1.502
-0.013478275 -0.10744593 1.502
-0.010867815 -0.10744593 1.502
-0.0082573527 -0.10744593 1.502
-0.0056468905 -0.10744593 1.502
-0.0030424937 -0.10766054 1.505
-0.00042681812 -0.10766054 1.505
0.0021888576 -0.10766054 1.505
0.0048045334 -0.10766054 1.505
0.0074202088 -0.10766054 1.505
0.010035885 -0.10766054 1.505
0.012651561 -0.10766054 1.505
0.015267236 -0.10766054 1.505
0.017847264 -0.10744593 1.502
0.020457726 -0.10744593 1.502
0.023068188 -0.10744593 1.502
0.025610264 -0.1071598 1.498
0.028213775 -0.1071598 1.498
0.030817285 -0.1071598 1.498
0.033420794 -0.1071598 1.498
0.036120497 -0.10744593 1.502
0.038730957 -0.10744593 1.502
0.04134142 -0.10744593 1.502
0.04395188 -0.10744593 1.502
0.046562344 -0.10744593 1.502
0.049172804 -0.10744593 1.502
0.051886696 -0.10766054 1.505
0.054502372 -0.10766054 1.505
0.057118047 -0.10766054 1.505
0.059733722 -0.10766054 1.505
0.062349398 -0.10766054 1.505
0.064835578 -0.10744593 1.502
0.067446038 -0.10744593 1.502
0.069869936 -0.1071598 1.498
0.072473444 -0.1071598 1.498
0.075076953 -0.1071598 1.498
0.077680461 -0.1071598 1.498
0.080123186 -0.10694519 1.495
0.082721487 -0.10694519 1.495
0.08531978 -0.10694519 1.495
0.087918073 -0.10694519 1.495
0.090516374 -0.10694519 1.495
0.093114667 -0.10694519 1.495
0.09571296 -0.10694519 1.495
0.09831126 -0.10694519 1.495
0.10090955 -0.10694519 1.495
0.10350785 -0.10694519 1.495
0.10610615 -0.10694519 1.495
0.1084863 -0.10673058 1.492
0.11107939 -0.10673058 1.492
0.11367247 -0.10673058 1.492
0.11626555 -0.10673058 1.492
0.11885864 -0.10673058 1.492
0.12169592 -0.10694519 1.495
0.12429421 -0.10694519 1.495
0.12689251 -0.10694519 1.495
0.12975065 -0.1071598 1.498
0.13235417 -0.1071598 1.498
0.13495767 -0.1071598 1.498
0.1379285 -0.10744593 1.502
0.14053896 -0.10744593 1.502
0.14314942 -0.10744593 1.502
0.14575988 -0.10744593 1.502
0.14837036 -0.10744593 1.502
0.15098082 -0.10744593 1.502
0.15318225 -0.1071598 1.498
0.15578575 -0.1071598 1.498
0.15838927 -0.1071598 1.498
0.16099277 -0.1071598 1.498
0.16326866 -0.10694519 1.495
0.16586696 -0.10694519 1.495
0.16846524 -0.10694519 1.495
0.17106354 -0.10694519 1.495
0.17366184 -0.10694519 1.495
0.17626013 -0.10694519 1.495
0.17885843 -0.10694519 1.495
0.18145673 -0.10694519 1.495
0.18405502 -0.10694519 1.495
0.18702787 -0.1071598 1.498
0.18963139 -0.1071598 1.498
0.19223489 -0.1071598 1.498
0.1948384 -0.1071598 1.498
0.19744192 -0.1071598 1.498
-0.19921817 -0.10504486 1.505
-0.19660249 -0.10504486 1.505
-0.19398682 -0.10504486 1.505
-0.19137114 -0.10504486 1.505
-0.18875547 -0.10504486 1.505
-0.18613979 -0.10504486 1.505
-0.18352412 -0.10504486 1.505
-0.18054782 -0.10483547 1.502
-0.17793736 -0.10483547 1.502
-0.1753269 -0.10483547 1.502
-0.17271644 -0.10483547 1.502
-0.17010598 -0.10483547 1.502
-0.16749552 -0.10483547 1.502
-0.16488506 -0.10483547 1.502
-0.1622746 -0.10483547 1.502
-0.15998304 -0.10504486 1.505
-0.15736736 -0.10504486 1.505
-0.15475169 -0.10504486 1.505
-0.15213601 -0.10504486 1.505
-0.14952034 -0.10504486 1.505
-0.14661182 -0.10483547 1.502
-0.14400136 -0.10483547 1.502
-0.1413909 -0.10483547 1.502
-0.13878043 -0.10483547 1.502
-0.13616997 -0.10483547 1.502
-0.13355951 -0.10483547 1.502
-0.13094905 -0.10483547 1.502
-0.12799682 -0.10455628 1.498
-0.1253933 -0.10455628 1.498
-0.12278979 -0.10455628 1.498
-0.12018628 -0.10455628 1.498
-0.11758278 -0.10455628 1.498
-0.11528628 -0.10483547 1.502
-0.11267582 -0.10483547 1.502
-0.11006536 -0.10483547 1.502
-0.1074549 -0.10483547 1.502
-0.10484444 -0.10483547 1.502
-0.10223398 -0.10483547 1.502
-0.099822491 -0.10504486 1.505
-0.097013049 -0.10483547 1.502
-0.094402589 -0.10483547 1.502
-0.091792129 -0.10483547 1.502
-0.089181662 -0.10483547 1.502
-0.086571202 -0.10483547 1.502
-0.083960742 -0.10483547 1.502
-0.081350282 -0.10483547 1.502
-0.078739822 -0.10483547 1.502
-0.076129355 -0.10483547 1.502
-0.073518895 -0.10483547 1.502
-0.070908435 -0.10483547 1.502
-0.068297975 -0.10483547 1.502
-0.065687507 -0.10483547 1.502
-0.063077047 -0.10483547 1.502
-0.060466588 -0.10483547 1.502
-0.057856124 -0.10483547 1.502
-0.055245664 -0.10483547 1.502
-0.0526352 -0.10483547 1.502
-0.05002474 -0.10483547 1.502
-0.047414277 -0.10483547 1.502
-0.044803817 -0.10483547 1.502
-0.042193353 -0.10483547 1.502
-0.039582893 -0.10483547 1.502
-0.03697243 -0.10483547 1.502
-0.03436197 -0.10483547 1.502
-0.031751506 -0.10483547 1.502
-0.029141046 -0.10483547 1.502
-0.026530584 -0.10483547 1.502
-0.023920123 -0.10483547 1.502
-0.021309661 -0.10483547 1.502
-0.018699199 -0.10483547 1.502
-0.016088737 -0.10483547 1.502
-0.013478275 -0.10483547 1.502
-0.010867815 -0.10483547 1.502
-0.0082573527 -0.10483547 1.502
-0.0056468905 -0.10483547 1.502
-0.0030424937 -0.10504486 1.505
-0.00042681812 -0.10504486 1.505
0.0021888576 -0.10504486 1.505
0.0048045334 -0.10504486 1.505
0.0074202088 -0.10504486 1.505
0.010035885 -0.10504486 1.505
0.012651561 -0.10504486 1.505
0.015267236 -0.10504486 1.505
0.017847264 -0.10483547 1.502
0.020403245 -0.10455628 1.498
0.023006756 -0.10455628 1.498
0.025610264 -0.10455628 1.498
0.028213775 -0.10455628 1.498
0.030817285 -0.10455628 1.498
0.033420794 -0.10455628 1.498
0.036024306 -0.10455628 1.498
0.038627815 -0.10455628 1.498
0.041231323 -0.10455628 1.498
0.04395188 -0.10483547 1.502
0.046562344 -0.10483547 1.502
0.049172804 -0.10483547 1.502
0.051886696 -0.10504486 1.505
0.054502372 -0.10504486 1.505
0.057118047 -0.10504486 1.505
0.059733722 -0.10504486 1.505
0.062349398 -0.10504486 1.505
0.064965077 -0.10504486 1.505
0.067446038 -0.10483547 1.502
0.070056498 -0.10483547 1.502
0.072473444 -0.10455628 1.498
0.075076953 -0.10455628 1.498
0.077680461 -0.10455628 1.498
0.08028397 -0.10455628 1.498
0.082887478 -0.10455628 1.498
0.08531978 -0.10434689 1.495
0.087918073 -0.10434689 1.495
0.090516374 -0.10434689 1.495
0.093114667 -0.10434689 1.495
0.09571296 -0.10434689 1.495
0.09831126 -0.10434689 1.495
0.10090955 -0.10434689 1.495
0.10350785 -0.10434689 1.495
0.10589322 -0.1041375 1.492
0.1084863 -0.1041375 1.492
0.11107939 -0.1041375 1.492
0.11367247 -0.1041375 1.492
0.11626555 -0.1041375 1.492
0.11885864 -0.1041375 1.492
0.12145171 -0.1041375 1.492
0.12429421 -0.10434689 1.495
0.12689251 -0.10434689 1.495
0.12975065 -0.10455628 1.498
0.13235417 -0.10455628 1.498
0.13531804 -0.10483547 1.502
0.1379285 -0.10483547 1.502
0.14053896 -0.10483547 1.502
0.14314942 -0.10483547 1.502
0.14575988 -0.10483547 1.502
0.14837036 -0.10483547 1.502
0.15098082 -0.10483547 1.502
0.15318225 -0.10455628 1.498
0.15578575 -0.10455628 1.498
0.15838927 -0.10455628 1.498
0.16099277 -0.10455628 1.498
0.16326866 -0.10434689 1.495
0.16586696 -0.10434689 1.495
0.16846524 -0.10434689 1.495
0.17106354 -0.10434689 1.495
0.17366184 -0.10434689 1.495
0.17626013 -0.10434689 1.495
0.17885843 -0.10434689 1.495
0.18145673 -0.10434689 1.495
0.18405502 -0.10434689 1.495
0.18665332 -0.10434689 1.495
0.18963139 -0.10455628 1.498
0.19223489 -0.10455628 1.498
0.1948384 -0.10455628 1.498
0.19744192 -0.10455628 1.498
-0.19961528 -0.10263337 1.508
-0.19699439 -0.10263337 1.508
-0.1943735 -0.10263337 1.508
-0.19175261 -0.10263337 1.508
-0.18875547 -0.10242919 1.505
-0.18613979 -0.10242919 1.505
-0.18352412 -0.10242919 1.505
-0.18054782 -0.10222501 1.502
-0.17793736 -0.10222501 1.502
-0.1753269 -0.10222501 1.502
-0.17271644 -0.10222501 1.502
-0.17010598 -0.10222501 1.502
-0.16749552 -0.10222501 1.502
-0.16488506 -0.10222501 1.502
-0.1622746 -0.10222501 1.502
-0.15998304 -0.10242919 1.505
-0.15736736 -0.10242919 1.505
-0.15475169 -0.10242919 1.505
-0.15213601 -0.10242919 1.505
-0.14952034 -0.10242919 1.505
-0.14661182 -0.10222501 1.502
-0.14400136 -0.10222501 1.502
-0.1413909 -0.10222501 1.502
-0.13878043 -0.10222501 1.502
-0.13616997 -0.10222501 1.502
-0.13355951 -0.10222501 1.502
-0.13094905 -0.10222501 1.502
-0.12799682 -0.10195278 1.498
-0.12572813 -0.10222501 1.502
-0.12278979 -0.10195278 1.498
-0.12018628 -0.10195278 1.498
-0.11758278 -0.10195278 1.498
-0.11528628 -0.10222501 1.502
-0.11267582 -0.10222501 1.502
-0.11006536 -0.10222501 1.502
-0.1074549 -0.10222501 1.502
-0.10484444 -0.10222501 1.502
-0.10243817 -0.10242919 1.505
-0.099822491 -0.10242919 1.505
-0.097206816 -0.10242919 1.505
-0.094591141 -0.10242919 1.505
-0.091975465 -0.10242919 1.505
-0.08935979 -0.10242919 1.505
-0.086571202 -0.10222501 1.502
-0.083960742 -0.10222501 1.502
-0.081350282 -0.10222501 1.502
-0.078739822 -0.10222501 1.502
-0.076129355 -0.10222501 1.502
-0.073518895 -0.10222501 1.502
-0.070908435 -0.10222501 1.502
-0.068297975 -0.10222501 1.502
-0.065687507 -0.10222501 1.502
-0.063077047 -0.10222501 1.502
-0.060466588 -0.10222501 1.502
-0.057971682 -0.10242919 1.505
-0.055245664 -0.10222501 1.502
-0.0526352 -0.10222501 1.502
-0.05002474 -0.10222501 1.502
-0.047414277 -0.10222501 1.502
-0.044803817 -0.10222501 1.502
-0.042193353 -0.10222501 1.502
-0.039582893 -0.10222501 1.502
-0.03697243 -0.10222501 1.502
-0.03436197 -0.10222501 1.502
-0.031751506 -0.10222501 1.502
-0.029141046 -0.10222501 1.502
-0.026530584 -0.10222501 1.502
-0.023920123 -0.10222501 1.502
-0.021309661 -0.10222501 1.502
-0.018699199 -0.10222501 1.502
-0.016088737 -0.10222501 1.502
-0.013478275 -0.10222501 1.502
-0.010838872 -0.10195278 1.498
-0.0082573527 -0.10222501 1.502
-0.0056468905 -0.10222501 1.502
-0.0030364289 -0.10222501 1.502
-0.0004259673 -0.10222501 1.502
0.0021888576 -0.10242919 1.505
0.0048045334 -0.10242919 1.505
0.0074202088 -0.10242919 1.505
0.01001588 -0.10222501 1.502
0.012626342 -0.10222501 1.502
0.015236803 -0.10222501 1.502
0.017799735 -0.10195278 1.498
0.020403245 -0.10195278 1.498
0.023006756 -0.10195278 1.498
0.025610264 -0.10195278 1.498
0.028157271 -0.1017486 1.495
0.030755568 -0.1017486 1.495
0.033353865 -0.1017486 1.495
0.036024306 -0.10195278 1.498
0.038627815 -0.10195278 1.498
0.041231323 -0.10195278 1.498
0.043834835 -0.10195278 1.498
0.046562344 -0.10222501 1.502
0.049172804 -0.10222501 1.502
0.051886696 -0.10242919 1.505
0.054502372 -0.10242919 1.505
0.057118047 -0.10242919 1.505
0.059733722 -0.10242919 1.505
0.062349398 -0.10242919 1.505
0.064965077 -0.10242919 1.505
0.067580752 -0.10242919 1.505
0.070056498 -0.10222501 1.502
0.072666958 -0.10222501 1.502
0.075076953 -0.10195278 1.498
0.077680461 -0.10195278 1.498
0.08028397 -0.10195278 1.498
0.082887478 -0.10195278 1.498
0.085490994 -0.10195278 1.498
0.087918073 -0.1017486 1.495
0.090516374 -0.1017486 1.495
0.093114667 -0.1017486 1.495
0.09571296 -0.1017486 1.495
0.09831126 -0.1017486 1.495
0.10090955 -0.1017486 1.495
0.10350785 -0.1017486 1.495
0.10589322 -0.10154442 1.492
0.1084863 -0.10154442 1.492
0.11107939 -0.10154442 1.492
0.11367247 -0.10154442 1.492
0.11626555 -0.10154442 1.492
0.11885864 -0.10154442 1.492
0.12145171 -0.10154442 1.492
0.12429421 -0.1017486 1.495
0.12714715 -0.10195278 1.498
0.12975065 -0.10195278 1.498
0.13270758 -0.10222501 1.502
0.13531804 -0.10222501 1.502
0.1379285 -0.10222501 1.502
0.14053896 -0.10222501 1.502
0.14314942 -0.10222501 1.502
0.14575988 -0.10222501 1.502
0.14837036 -0.10222501 1.502
0.15098082 -0.10222501 1.502
0.15318225 -0.10195278 1.498
0.15578575 -0.10195278 1.498
0.15838927 -0.10195278 1.498
0.16099277 -0.10195278 1.498
0.16326866 -0.1017486 1.495
0.16586696 -0.1017486 1.495
0.16846524 -0.1017486 1.495
0.17106354 -0.1017486 1.495
0.17366184 -0.1017486 1.495
0.17626013 -0.1017486 1.495
0.17885843 -0.1017486 1.495
0.18145673 -0.1017486 1.495
0.18405502 -0.1017486 1.495
0.18665332 -0.1017486 1.495
0.18925162 -0.1017486 1.495
0.19223489 -0.10195278 1.498
0.1948384 -0.10195278 1.498
0.19744192 -0.10195278 1.498
-0.19961528 -0.10001248 1.508
-0.19699439 -0.10001248 1.508
-0.1943735 -0.10001248 1.508
-0.19175261 -0.10001248 1.508
-0.18875547 -0.099813513 1.505
-0.18613979 -0.099813513 1.505
-0.18352412 -0.099813513 1.505
-0.18090844 -0.099813513 1.505
-0.17793736 -0.099614553 1.502
-0.1753269 -0.099614553 1.502
-0.17271644 -0.099614553 1.502
-0.17010598 -0.099614553 1.502
-0.16749552 -0.099614553 1.502
-0.16488506 -0.099614553 1.502
-0.1622746 -0.099614553 1.502
-0.15998304 -0.099813513 1.505
-0.15736736 -0.099813513 1.505
-0.15475169 -0.099813513 1.505
-0.15213601 -0.099813513 1.505
-0.14952034 -0.099813513 1.505
-0.14690466 -0.099813513 1.505
-0.14400136 -0.099614553 1.502
-0.1413909 -0.099614553 1.502
-0.13878043 -0.099614553 1.502
-0.13616997 -0.099614553 1.502
-0.13355951 -0.099614553 1.502
-0.13094905 -0.099614553 1.502
-0.12799682 -0.099349268 1.498
-0.12572813 -0.099614553 1.502
-0.12311767 -0.099614553 1.502
-0.12018628 -0.099349268 1.498
-0.11789674 -0.099614553 1.502
-0.11528628 -0.099614553 1.502
-0.11267582 -0.099614553 1.502
-0.11006536 -0.099614553 1.502
-0.1074549 -0.099614553 1.502
-0.10484444 -0.099614553 1.502
-0.10243817 -0.099813513 1.505
-0.099822491 -0.099813513 1.505
-0.097206816 -0.099813513 1.505
-0.094591141 -0.099813513 1.505
-0.091975465 -0.099813513 1.505
-0.08935979 -0.099813513 1.505
-0.086744115 -0.099813513 1.505
-0.084128439 -0.099813513 1.505
-0.081512764 -0.099813513 1.505
-0.078897089 -0.099813513 1.505
-0.076129355 -0.099614553 1.502
-0.073518895 -0.099614553 1.502
-0.070908435 -0.099614553 1.502
-0.068297975 -0.099614553 1.502
-0.065687507 -0.099614553 1.502
-0.063077047 -0.099614553 1.502
-0.060466588 -0.099614553 1.502
-0.057971682 -0.099813513 1.505
-0.055245664 -0.099614553 1.502
-0.0526352 -0.099614553 1.502
-0.05002474 -0.099614553 1.502
-0.047414277 -0.099614553 1.502
-0.044803817 -0.099614553 1.502
-0.042193353 -0.099614553 1.502
-0.039582893 -0.099614553 1.502
-0.03697243 -0.099614553 1.502
-0.03436197 -0.099614553 1.502
-0.031751506 -0.099614553 1.502
-0.029141046 -0.099614553 1.502
-0.026530584 -0.099614553 1.502
-0.023920123 -0.099614553 1.502
-0.021309661 -0.099614553 1.502
-0.018699199 -0.099614553 1.502
-0.016088737 -0.099614553 1.502
-0.013442382 -0.099349268 1.498
-0.010838872 -0.099349268 1.498
-0.0082573527 -0.099614553 1.502
-0.0056468905 -0.099614553 1.502
-0.0030364289 -0.099614553 1.502
-0.0004259673 -0.099614553 1.502
0.0021844944 -0.099614553 1.502
0.0047949562 -0.099614553 1.502
0.007405418 -0.099614553 1.502
0.01001588 -0.099614553 1.502
0.012592716 -0.099349268 1.498
0.015196226 -0.099349268 1.498
0.017799735 -0.099349268 1.498
0.020403245 -0.099349268 1.498
0.023006756 -0.099349268 1.498
0.025558976 -0.0991503 1.495
0.028157271 -0.0991503 1.495
0.030755568 -0.0991503 1.495
0.033353865 -0.0991503 1.495
0.035952158 -0.0991503 1.495
0.038550455 -0.0991503 1.495
0.041231323 -0.099349268 1.498
0.043834835 -0.099349268 1.498
0.046438344 -0.099349268 1.498
0.049172804 -0.099614553 1.502
0.051783267 -0.099614553 1.502
0.054502372 -0.099813513 1.505
0.057118047 -0.099813513 1.505
0.059733722 -0.099813513 1.505
0.062349398 -0.099813513 1.505
0.064965077 -0.099813513 1.505
0.067580752 -0.099813513 1.505
0.070056498 -0.099614553 1.502
0.072666958 -0.099614553 1.502
0.075076953 -0.099349268 1.498
0.077680461 -0.099349268 1.498
0.08028397 -0.099349268 1.498
0.082887478 -0.099349268 1.498
0.085490994 -0.099349268 1.498
0.088094503 -0.099349268 1.498
0.090516374 -0.0991503 1.495
0.093114667 -0.0991503 1.495
0.09571296 -0.0991503 1.495
0.09831126 -0.0991503 1.495
0.10090955 -0.0991503 1.495
0.10350785 -0.0991503 1.495
0.10589322 -0.09895134 1.492
0.1084863 -0.09895134 1.492
0.11107939 -0.09895134 1.492
0.11367247 -0.09895134 1.492
0.11626555 -0.09895134 1.492
0.11885864 -0.09895134 1.492
0.12169592 -0.0991503 1.495
0.12429421 -0.0991503 1.495
0.12714715 -0.099349268 1.498
0.13009712 -0.099614553 1.502
0.13270758 -0.099614553 1.502
0.13531804 -0.099614553 1.502
0.1379285 -0.099614553 1.502
0.14053896 -0.099614553 1.502
0.14314942 -0.099614553 1.502
0.14575988 -0.099614553 1.502
0.14837036 -0.099614553 1.502
0.15098082 -0.099614553 1.502
0.15318225 -0.099349268 1.498
0.15578575 -0.099349268 1.498
0.15838927 -0.099349268 1.498
0.16067035 -0.0991503 1.495
0.16326866 -0.0991503 1.495
0.16586696 -0.0991503 1.495
0.16846524 -0.0991503 1.495
0.17106354 -0.0991503 1.495
0.17366184 -0.0991503 1.495
0.17590643 -0.09895134 1.492
0.17849952 -0.09895134 1.492
0.18109259 -0.09895134 1.492
0.18405502 -0.0991503 1.495
0.18665332 -0.0991503 1.495
0.18925162 -0.0991503 1.495
0.19223489 -0.099349268 1.498
0.1948384 -0.099349268 1.498
0.19744192 -0.099349268 1.498
-0.19961528 -0.09739159 1.508
-0.19699439 -0.09739159 1.508
-0.1943735 -0.09739159 1.508
-0.19175261 -0.09739159 1.508
-0.18875547 -0.097197838 1.505
-0.18613979 -0.097197838 1.505
-0.18352412 -0.097197838 1.505
-0.18090844 -0.097197838 1.505
-0.17793736 -0.097004086 1.502
-0.1753269 -0.097004086 1.502
-0.17271644 -0.097004086 1.502
-0.17010598 -0.097004086 1.502
-0.16749552 -0.097004086 1.502
-0.16488506 -0.097004086 1.502
-0.1622746 -0.097004086 1.502
-0.15998304 -0.097197838 1.505
-0.15736736 -0.097197838 1.505
-0.15475169 -0.097197838 1.505
-0.15213601 -0.097197838 1.505
-0.14952034 -0.097197838 1.505
-0.14690466 -0.097197838 1.505
-0.14400136 -0.097004086 1.502
-0.1413909 -0.097004086 1.502
-0.13878043 -0.097004086 1.502
-0.13616997 -0.097004086 1.502
-0.13355951 -0.097004086 1.502
-0.13060032 -0.096745759 1.498
-0.12799682 -0.096745759 1.498
-0.1253933 -0.096745759 1.498
-0.12278979 -0.096745759 1.498
-0.12018628 -0.096745759 1.498
-0.11758278 -0.096745759 1.498
-0.11528628 -0.097004086 1.502
-0.11267582 -0.097004086 1.502
-0.11006536 -0.097004086 1.502
-0.1074549 -0.097004086 1.502
-0.10484444 -0.097004086 1.502
-0.10243817 -0.097197838 1.505
-0.099822491 -0.097197838 1.505
-0.097206816 -0.097197838 1.505
-0.094591141 -0.097197838 1.505
-0.091975465 -0.097197838 1.505
-0.08935979 -0.097197838 1.505
-0.086744115 -0.097197838 1.505
-0.084128439 -0.097197838 1.505
-0.081512764 -0.097197838 1.505
-0.078897089 -0.097197838 1.505
-0.076129355 -0.097004086 1.502
-0.073518895 -0.097004086 1.502
-0.070908435 -0.097004086 1.502
-0.068297975 -0.097004086 1.502
-0.065687507 -0.097004086 1.502
-0.063077047 -0.097004086 1.502
-0.060466588 -0.097004086 1.502
-0.057856124 -0.097004086 1.502
-0.055245664 -0.097004086 1.502
-0.0526352 -0.097004086 1.502
-0.05002474 -0.097004086 1.502
-0.047414277 -0.097004086 1.502
-0.044803817 -0.097004086 1.502
-0.042193353 -0.097004086 1.502
-0.039582893 -0.097004086 1.502
-0.03697243 -0.097004086 1.502
-0.03436197 -0.097004086 1.502
-0.031751506 -0.097004086 1.502
-0.029141046 -0.097004086 1.502
-0.026530584 -0.097004086 1.502
-0.023856422 -0.096745759 1.498
-0.021252912 -0.096745759 1.498
-0.018649401 -0.096745759 1.498
-0.016045893 -0.096745759 1.498
-0.013442382 -0.096745759 1.498
-0.010838872 -0.096745759 1.498
-0.0082353624 -0.096745759 1.498
-0.0056468905 -0.097004086 1.502
-0.0030364289 -0.097004086 1.502
-0.0004259673 -0.097004086 1.502
0.0021844944 -0.097004086 1.502
0.0047949562 -0.097004086 1.502
0.007405418 -0.097004086 1.502
0.0099892067 -0.096745759 1.498
0.012592716 -0.096745759 1.498
0.015196226 -0.096745759 1.498
0.017799735 -0.096745759 1.498
0.020403245 -0.096745759 1.498
0.02296068 -0.096552007 1.495
0.025558976 -0.096552007 1.495
0.028157271 -0.096552007 1.495
0.030755568 -0.096552007 1.495
0.033353865 -0.096552007 1.495
0.035952158 -0.096552007 1.495
0.038550455 -0.096552007 1.495
0.041148752 -0.096552007 1.495
0.043834835 -0.096745759 1.498
0.046438344 -0.096745759 1.498
0.049172804 -0.097004086 1.502
0.051783267 -0.097004086 1.502
0.054393727 -0.097004086 1.502
0.057118047 -0.097197838 1.505
0.059733722 -0.097197838 1.505
0.062349398 -0.097197838 1.505
0.064965077 -0.097197838 1.505
0.067580752 -0.097197838 1.505
0.070196427 -0.097197838 1.505
0.072666958 -0.097004086 1.502
0.075076953 -0.096745759 1.498
0.077680461 -0.096745759 1.498
0.08028397 -0.096745759 1.498
0.082887478 -0.096745759 1.498
0.085490994 -0.096745759 1.498
0.088094503 -0.096745759 1.498
0.090516374 -0.096552007 1.495
0.093114667 -0.096552007 1.495
0.09571296 -0.096552007 1.495
0.09831126 -0.096552007 1.495
0.10090955 -0.096552007 1.495
0.10350785 -0.096552007 1.495
0.10610615 -0.096552007 1.495
0.1084863 -0.096358255 1.492
0.11107939 -0.096358255 1.492
0.11367247 -0.096358255 1.492
0.11626555 -0.096358255 1.492
0.11909763 -0.096552007 1.495
0.12169592 -0.096552007 1.495
0.12429421 -0.096552007 1.495
0.12714715 -0.096745759 1.498
0.13009712 -0.097004086 1.502
0.13270758 -0.097004086 1.502
0.13558832 -0.097197838 1.505
0.13820399 -0.097197838 1.505
0.14081967 -0.097197838 1.505
0.14343534 -0.097197838 1.505
0.14575988 -0.097004086 1.502
0.14837036 -0.097004086 1.502
0.15098082 -0.097004086 1.502
0.15318225 -0.096745759 1.498
0.15578575 -0.096745759 1.498
0.15838927 -0.096745759 1.498
0.16067035 -0.096552007 1.495
0.16326866 -0.096552007 1.495
0.16586696 -0.096552007 1.495
0.16846524 -0.096552007 1.495
0.17106354 -0.096552007 1.495
0.17331335 -0.096358255 1.492
0.17590643 -0.096358255 1.492
0.17849952 -0.096358255 1.492
0.18109259 -0.096358255 1.492
0.18405502 -0.096552007 1.495
0.18665332 -0.096552007 1.495
0.18925162 -0.096552007 1.495
0.19223489 -0.096745759 1.498
0.1948384 -0.096745759 1.498
0.19744192 -0.096745759 1.498
-0.19961528 -0.0947707 1.508
-0.19699439 -0.0947707 1.508
-0.1943735 -0.0947707 1.508
-0.19175261 -0.0947707 1.508
-0.18875547 -0.094582163 1.505
-0.18613979 -0.094582163 1.505
-0.18352412 -0.094582163 1.505
-0.18090844 -0.094582163 1.505
-0.17793736 -0.094393626 1.502
-0.1753269 -0.094393626 1.502
-0.17271644 -0.094393626 1.502
-0.17010598 -0.094393626 1.502
-0.16749552 -0.094393626 1.502
-0.16488506 -0.094393626 1.502
-0.1622746 -0.094393626 1.502
-0.15998304 -0.094582163 1.505
-0.15736736 -0.094582163 1.505
-0.15475169 -0.094582163 1.505
-0.15213601 -0.094582163 1.505
-0.14952034 -0.094582163 1.505
-0.14690466 -0.094582163 1.505
-0.14400136 -0.094393626 1.502
-0.1413909 -0.094393626 1.502
-0.13878043 -0.094393626 1.502
-0.13616997 -0.094393626 1.502
-0.13320383 -0.094142251 1.498
-0.13060032 -0.094142251 1.498
-0.12799682 -0.094142251 1.498
-0.1253933 -0.094142251 1.498
-0.12278979 -0.094142251 1.498
-0.12018628 -0.094142251 1.498
-0.11758278 -0.094142251 1.498
-0.11528628 -0.094393626 1.502
-0.11267582 -0.094393626 1.502
-0.11006536 -0.094393626 1.502
-0.1074549 -0.094393626 1.502
-0.10484444 -0.094393626 1.502
-0.10243817 -0.094582163 1.505
-0.099822491 -0.094582163 1.505
-0.097206816 -0.094582163 1.505
-0.094591141 -0.094582163 1.505
-0.091975465 -0.094582163 1.505
-0.08935979 -0.094582163 1.505
-0.086744115 -0.094582163 1.505
-0.084128439 -0.094582163 1.505
-0.081512764 -0.094582163 1.505
-0.078897089 -0.094582163 1.505
-0.076129355 -0.094393626 1.502
-0.073518895 -0.094393626 1.502
-0.070908435 -0.094393626 1.502
-0.068297975 -0.094393626 1.502
-0.065687507 -0.094393626 1.502
-0.063077047 -0.094393626 1.502
-0.060466588 -0.094393626 1.502
-0.057856124 -0.094393626 1.502
-0.055245664 -0.094393626 1.502
-0.0526352 -0.094393626 1.502
-0.05002474 -0.094393626 1.502
-0.047414277 -0.094393626 1.502
-0.044803817 -0.094393626 1.502
-0.042080991 -0.094142251 1.498
-0.039582893 -0.094393626 1.502
-0.03697243 -0.094393626 1.502
-0.03436197 -0.094393626 1.502
-0.031751506 -0.094393626 1.502
-0.029141046 -0.094393626 1.502
-0.02645993 -0.094142251 1.498
-0.023856422 -0.094142251 1.498
-0.021252912 -0.094142251 1.498
-0.018649401 -0.094142251 1.498
-0.016045893 -0.094142251 1.498
-0.013442382 -0.094142251 1.498
-0.010838872 -0.094142251 1.498
-0.0082353624 -0.094142251 1.498
-0.0056318524 -0.094142251 1.498
-0.0030364289 -0.094393626 1.502
-0.0004259673 -0.094393626 1.502
0.0021844944 -0.094393626 1.502
0.0047949562 -0.094393626 1.502
0.0073856968 -0.094142251 1.498
0.0099892067 -0.094142251 1.498
0.012592716 -0.094142251 1.498
0.015196226 -0.094142251 1.498
0.017799735 -0.094142251 1.498
0.020403245 -0.094142251 1.498
0.02296068 -0.093953714 1.495
0.025558976 -0.093953714 1.495
0.028157271 -0.093953714 1.495
0.030755568 -0.093953714 1.495
0.033353865 -0.093953714 1.495
0.035952158 -0.093953714 1.495
0.038550455 -0.093953714 1.495
0.041148752 -0.093953714 1.495
0.043747045 -0.093953714 1.495
0.046438344 -0.094142251 1.498
0.049041852 -0.094142251 1.498
0.051783267 -0.094393626 1.502
0.054393727 -0.094393626 1.502
0.057004191 -0.094393626 1.502
0.059733722 -0.094582163 1.505
0.062349398 -0.094582163 1.505
0.064965077 -0.094582163 1.505
0.067580752 -0.094582163 1.505
0.070196427 -0.094582163 1.505
0.072666958 -0.094393626 1.502
0.075277425 -0.094393626 1.502
0.077680461 -0.094142251 1.498
0.08028397 -0.094142251 1.498
0.082887478 -0.094142251 1.498
0.085490994 -0.094142251 1.498
0.088094503 -0.094142251 1.498
0.090698011 -0.094142251 1.498
0.093114667 -0.093953714 1.495
0.09571296 -0.093953714 1.495
0.09831126 -0.093953714 1.495
0.10090955 -0.093953714 1.495
0.10350785 -0.093953714 1.495
0.10610615 -0.093953714 1.495
0.10870444 -0.093953714 1.495
0.11130274 -0.093953714 1.495
0.11390103 -0.093953714 1.495
0.11649933 -0.093953714 1.495
0.11909763 -0.093953714 1.495
0.12169592 -0.093953714 1.495
0.12454364 -0.094142251 1.498
0.12748666 -0.094393626 1.502
0.13009712 -0.094393626 1.502
0.13297264 -0.094582163 1.505
0.13558832 -0.094582163 1.505
0.13820399 -0.094582163 1.505
0.14081967 -0.094582163 1.505
0.14343534 -0.094582163 1.505
0.14605102 -0.094582163 1.505
0.14837036 -0.094393626 1.502
0.15098082 -0.094393626 1.502
0.15318225 -0.094142251 1.498
0.15578575 -0.094142251 1.498
0.15838927 -0.094142251 1.498
0.16067035 -0.093953714 1.495
0.16326866 -0.093953714 1.495
0.16586696 -0.093953714 1.495
0.16846524 -0.093953714 1.495
0.17106354 -0.093953714 1.495
0.17366184 -0.093953714 1.495
0.17590643 -0.093765177 1.492
0.17849952 -0.093765177 1.492
0.18109259 -0.093765177 1.492
0.18405502 -0.093953714 1.495
0.18665332 -0.093953714 1.495
0.18925162 -0.093953714 1.495
0.19223489 -0.094142251 1.498
0.1948384 -0.094142251 1.498
0.19744192 -0.094142251 1.498
-0.19921817 -0.091966487 1.505
-0.19660249 -0.091966487 1.505
-0.1943735 -0.092149809 1.508
-0.19137114 -0.091966487 1.505
-0.18875547 -0.091966487 1.505
-0.18613979 -0.091966487 1.505
-0.18352412 -0.091966487 1.505
-0.18054782 -0.091783166 1.502
-0.17793736 -0.091783166 1.502
-0.1753269 -0.091783166 1.502
-0.17271644 -0.091783166 1.502
-0.17010598 -0.091783166 1.502
-0.16749552 -0.091783166 1.502
-0.16488506 -0.091783166 1.502
-0.1622746 -0.091783166 1.502
-0.15966412 -0.091783166 1.502
-0.15736736 -0.091966487 1.505
-0.15475169 -0.091966487 1.505
-0.15213601 -0.091966487 1.505
-0.14952034 -0.091966487 1.505
-0.14661182 -0.091783166 1.502
-0.14400136 -0.091783166 1.502
-0.1413909 -0.091783166 1.502
-0.13878043 -0.091783166 1.502
-0.13616997 -0.091783166 1.502
-0.13320383 -0.091538742 1.498
-0.13060032 -0.091538742 1.498
-0.12799682 -0.091538742 1.498
-0.1253933 -0.091538742 1.498
-0.12278979 -0.091538742 1.498
-0.12018628 -0.091538742 1.498
-0.11758278 -0.091538742 1.498
-0.11497927 -0.091538742 1.498
-0.11267582 -0.091783166 1.502
-0.11006536 -0.091783166 1.502
-0.1074549 -0.091783166 1.502
-0.10484444 -0.091783166 1.502
-0.10243817 -0.091966487 1.505
-0.099822491 -0.091966487 1.505
-0.097206816 -0.091966487 1.505
-0.094591141 -0.091966487 1.505
-0.091975465 -0.091966487 1.505
-0.08935979 -0.091966487 1.505
-0.086744115 -0.091966487 1.505
-0.084128439 -0.091966487 1.505
-0.081512764 -0.091966487 1.505
-0.078897089 -0.091966487 1.505
-0.076129355 -0.091783166 1.502
-0.073518895 -0.091783166 1.502
-0.070908435 -0.091783166 1.502
-0.068297975 -0.091783166 1.502
-0.065687507 -0.091783166 1.502
-0.063077047 -0.091783166 1.502
-0.060466588 -0.091783166 1.502
-0.057856124 -0.091783166 1.502
-0.055245664 -0.091783166 1.502
-0.0526352 -0.091783166 1.502
-0.05002474 -0.091783166 1.502
-0.047414277 -0.091783166 1.502
-0.0446845 -0.091538742 1.498
-0.042080991 -0.091538742 1.498
-0.039582893 -0.091783166 1.502
-0.03697243 -0.091783166 1.502
-0.03436197 -0.091783166 1.502
-0.031751506 -0.091783166 1.502
-0.029063441 -0.091538742 1.498
-0.02645993 -0.091538742 1.498
-0.023856422 -0.091538742 1.498
-0.021252912 -0.091538742 1.498
-0.018649401 -0.091538742 1.498
-0.016045893 -0.091538742 1.498
-0.013442382 -0.091538742 1.498
-0.010838872 -0.091538742 1.498
-0.0082353624 -0.091538742 1.498
-0.0056318524 -0.091538742 1.498
-0.0030283427 -0.091538742 1.498
-0.00042483292 -0.091538742 1.498
0.0021786769 -0.091538742 1.498
0.0047821868 -0.091538742 1.498
0.0073856968 -0.091538742 1.498
0.0099892067 -0.091538742 1.498
0.012592716 -0.091538742 1.498
0.015196226 -0.091538742 1.498
0.017799735 -0.091538742 1.498
0.020403245 -0.091538742 1.498
0.023006756 -0.091538742 1.498
0.025558976 -0.091355413 1.495
0.028157271 -0.091355413 1.495
0.030755568 -0.091355413 1.495
0.033353865 -0.091355413 1.495
0.035952158 -0.091355413 1.495
0.038550455 -0.091355413 1.495
0.041148752 -0.091355413 1.495
0.043834835 -0.091538742 1.498
0.046438344 -0.091538742 1.498
0.049041852 -0.091538742 1.498
0.051783267 -0.091783166 1.502
0.054393727 -0.091783166 1.502
0.057004191 -0.091783166 1.502
0.059733722 -0.091966487 1.505
0.062349398 -0.091966487 1.505
0.064965077 -0.091966487 1.505
0.067580752 -0.091966487 1.505
0.070196427 -0.091966487 1.505
0.072812103 -0.091966487 1.505
0.075277425 -0.091783166 1.502
0.077680461 -0.091538742 1.498
0.08028397 -0.091538742 1.498
0.082887478 -0.091538742 1.498
0.085490994 -0.091538742 1.498
0.088094503 -0.091538742 1.498
0.090698011 -0.091538742 1.498
0.09330152 -0.091538742 1.498
0.09571296 -0.091355413 1.495
0.09831126 -0.091355413 1.495
0.10090955 -0.091355413 1.495
0.10350785 -0.091355413 1.495
0.10610615 -0.091355413 1.495
0.10870444 -0.091355413 1.495
0.11130274 -0.091355413 1.495
0.11390103 -0.091355413 1.495
0.11649933 -0.091355413 1.495
0.11909763 -0.091355413 1.495
0.12169592 -0.091355413 1.495
0.12454364 -0.091538742 1.498
0.12748666 -0.091783166 1.502
0.13009712 -0.091783166 1.502
0.13297264 -0.091966487 1.505
0.13558832 -0.091966487 1.505
0.13820399 -0.091966487 1.505
0.14081967 -0.091966487 1.505
0.14343534 -0.091966487 1.505
0.14605102 -0.091966487 1.505
0.14837036 -0.091783166 1.502
0.15098082 -0.091783166 1.502
0.15318225 -0.091538742 1.498
0.15578575 -0.091538742 1.498
0.15807207 -0.091355413 1.495
0.16067035 -0.091355413 1.495
0.16326866 -0.091355413 1.495
0.16586696 -0.091355413 1.495
0.16846524 -0.091355413 1.495
0.17106354 -0.091355413 1.495
0.17366184 -0.091355413 1.495
0.17626013 -0.091355413 1.495
0.17885843 -0.091355413 1.495
0.18145673 -0.091355413 1.495
0.18405502 -0.091355413 1.495
0.18665332 -0.091355413 1.495
0.18925162 -0.091355413 1.495
0.19223489 -0.091538742 1.498
0.1948384 -0.091538742 1.498
0.19744192 -0.091538742 1.498
-0.19921817 -0.089350812 1.505
-0.19660249 -0.089350812 1.505
-0.19398682 -0.089350812 1.505
-0.19137114 -0.089350812 1.505
-0.18875547 -0.089350812 1.505
-0.18613979 -0.089350812 1.505
-0.18315829 -0.089172706 1.502
-0.18054782 -0.089172706 1.502
-0.17793736 -0.089172706 1.502
-0.1753269 -0.089172706 1.502
-0.17271644 -0.089172706 1.502
-0.17010598 -0.089172706 1.502
-0.16704947 -0.088935226 1.498
-0.16488506 -0.089172706 1.502
-0.1622746 -0.089172706 1.502
-0.15966412 -0.089172706 1.502
-0.15705366 -0.089172706 1.502
-0.15475169 -0.089350812 1.505
-0.15213601 -0.089350812 1.505
-0.14922228 -0.089172706 1.502
-0.14661182 -0.089172706 1.502
-0.14400136 -0.089172706 1.502
-0.1413909 -0.089172706 1.502
-0.13878043 -0.089172706 1.502
-0.13580735 -0.088935226 1.498
-0.13320383 -0.088935226 1.498
-0.13060032 -0.088935226 1.498
-0.12799682 -0.088935226 1.498
-0.1253933 -0.088935226 1.498
-0.12278979 -0.088935226 1.498
-0.12018628 -0.088935226 1.498
-0.11758278 -0.088935226 1.498
-0.11497927 -0.088935226 1.498
-0.11237576 -0.088935226 1.498
-0.11006536 -0.089172706 1.502
-0.1074549 -0.089172706 1.502
-0.10484444 -0.089172706 1.502
-0.10223398 -0.089172706 1.502
-0.099822491 -0.089350812 1.505
-0.097206816 -0.089350812 1.505
-0.094591141 -0.089350812 1.505
-0.091975465 -0.089350812 1.505
-0.08935979 -0.089350812 1.505
-0.086744115 -0.089350812 1.505
-0.084128439 -0.089350812 1.505
-0.081512764 -0.089350812 1.505
-0.078739822 -0.089172706 1.502
-0.076129355 -0.089172706 1.502
-0.073518895 -0.089172706 1.502
-0.070908435 -0.089172706 1.502
-0.068297975 -0.089172706 1.502
-0.065687507 -0.089172706 1.502
-0.063077047 -0.089172706 1.502
-0.060305558 -0.088935226 1.498
-0.05770205 -0.088935226 1.498
-0.055245664 -0.089172706 1.502
-0.052495029 -0.088935226 1.498
-0.05002474 -0.089172706 1.502
-0.047414277 -0.089172706 1.502
-0.044803817 -0.089172706 1.502
-0.042193353 -0.089172706 1.502
-0.039582893 -0.089172706 1.502
-0.03697243 -0.089172706 1.502
-0.03436197 -0.089172706 1.502
-0.031751506 -0.089172706 1.502
-0.029063441 -0.088935226 1.498
-0.02645993 -0.088935226 1.498
-0.023856422 -0.088935226 1.498
-0.021252912 -0.088935226 1.498
-0.018649401 -0.088935226 1.498
-0.016045893 -0.088935226 1.498
-0.013442382 -0.088935226 1.498
-0.010838872 -0.088935226 1.498
-0.0082353624 -0.088935226 1.498
-0.0056318524 -0.088935226 1.498
-0.0030283427 -0.088935226 1.498
-0.00042483292 -0.088935226 1.498
0.0021786769 -0.088935226 1.498
0.0047821868 -0.088935226 1.498
0.0073856968 -0.088935226 1.498
0.0099892067 -0.088935226 1.498
0.012592716 -0.088935226 1.498
0.015196226 -0.088935226 1.498
0.017799735 -0.088935226 1.498
0.020403245 -0.088935226 1.498
0.023006756 -0.088935226 1.498
0.025610264 -0.088935226 1.498
0.028157271 -0.08875712 1.495
0.030755568 -0.08875712 1.495
0.033353865 -0.08875712 1.495
0.035952158 -0.08875712 1.495
0.038550455 -0.08875712 1.495
0.041148752 -0.08875712 1.495
0.043834835 -0.088935226 1.498
0.046438344 -0.088935226 1.498
0.049041852 -0.088935226 1.498
0.051783267 -0.089172706 1.502
0.054393727 -0.089172706 1.502
0.057004191 -0.089172706 1.502
0.059614651 -0.089172706 1.502
0.062349398 -0.089350812 1.505
0.064965077 -0.089350812 1.505
0.067580752 -0.089350812 1.505
0.070196427 -0.089350812 1.505
0.072812103 -0.089350812 1.505
0.075277425 -0.089172706 1.502
0.077887885 -0.089172706 1.502
0.080498345 -0.089172706 1.502
0.082887478 -0.088935226 1.498
0.085490994 -0.088935226 1.498
0.088094503 -0.088935226 1.498
0.090698011 -0.088935226 1.498
0.09330152 -0.088935226 1.498
0.095905028 -0.088935226 1.498
0.098508537 -0.088935226 1.498
0.10090955 -0.08875712 1.495
0.10350785 -0.08875712 1.495
0.10610615 -0.08875712 1.495
0.10870444 -0.08875712 1.495
0.11130274 -0.08875712 1.495
0.11390103 -0.08875712 1.495
0.11649933 -0.08875712 1.495
0.11909763 -0.08875712 1.495
0.12194013 -0.088935226 1.498
0.12454364 -0.088935226 1.498
0.12748666 -0.089172706 1.502
0.13009712 -0.089172706 1.502
0.13297264 -0.089350812 1.505
0.13558832 -0.089350812 1.505
0.13820399 -0.089350812 1.505
0.14081967 -0.089350812 1.505
0.14343534 -0.089350812 1.505
0.14605102 -0.089350812 1.505
0.14866669 -0.089350812 1.505
0.15098082 -0.089172706 1.502
0.15318225 -0.088935226 1.498
0.15578575 -0.088935226 1.498
0.15838927 -0.088935226 1.498
0.16067035 -0.08875712 1.495
0.16326866 -0.08875712 1.495
0.16586696 -0.08875712 1.495
0.16846524 -0.08875712 1.495
0.17072026 -0.088579014 1.492
0.17331335 -0.088579014 1.492
0.17626013 -0.08875712 1.495
0.17885843 -0.08875712 1.495
0.18145673 -0.08875712 1.495
0.18405502 -0.08875712 1.495
0.18665332 -0.08875712 1.495
0.18925162 -0.08875712 1.495
0.19223489 -0.088935226 1.498
0.1948384 -0.088935226 1.498
0.19744192 -0.088935226 1.498
-0.19921817 -0.086735137 1.505
-0.19660249 -0.086735137 1.505
-0.19398682 -0.086735137 1.505
-0.19137114 -0.086735137 1.505
-0.18875547 -0.086735137 1.505
-0.18576875 -0.086562239 1.502
-0.18315829 -0.086562239 1.502
-0.18054782 -0.086562239 1.502
-0.17793736 -0.086562239 1.502
-0.17485999 -0.086331718 1.498
-0.17271644 -0.086562239 1.502
-0.17010598 -0.086562239 1.502
-0.16704947 -0.086331718 1.498
-0.16488506 -0.086562239 1.502
-0.1622746 -0.086562239 1.502
-0.15966412 -0.086562239 1.502
-0.15705366 -0.086562239 1.502
-0.15475169 -0.086735137 1.505
-0.15213601 -0.086735137 1.505
-0.14922228 -0.086562239 1.502
-0.14661182 -0.086562239 1.502
-0.14400136 -0.086562239 1.502
-0.1413909 -0.086562239 1.502
-0.13878043 -0.086562239 1.502
-0.13580735 -0.086331718 1.498
-0.13320383 -0.086331718 1.498
-0.13060032 -0.086331718 1.498
-0.12799682 -0.086331718 1.498
-0.1253933 -0.086331718 1.498
-0.12278979 -0.086331718 1.498
-0.12018628 -0.086331718 1.498
-0.11758278 -0.086331718 1.498
-0.11497927 -0.086331718 1.498
-0.11237576 -0.086331718 1.498
-0.11006536 -0.086562239 1.502
-0.1074549 -0.086562239 1.502
-0.10484444 -0.086562239 1.502
-0.10223398 -0.086562239 1.502
-0.099623509 -0.086562239 1.502
-0.097013049 -0.086562239 1.502
-0.094402589 -0.086562239 1.502
-0.091975465 -0.086735137 1.505
-0.08935979 -0.086735137 1.505
-0.086744115 -0.086735137 1.505
-0.083960742 -0.086562239 1.502
-0.081350282 -0.086562239 1.502
-0.078739822 -0.086562239 1.502
-0.076129355 -0.086562239 1.502
-0.073518895 -0.086562239 1.502
-0.070908435 -0.086562239 1.502
-0.068297975 -0.086562239 1.502
-0.065687507 -0.086562239 1.502
-0.062909067 -0.086331718 1.498
-0.060305558 -0.086331718 1.498
-0.05770205 -0.086331718 1.498
-0.055098537 -0.086331718 1.498
-0.052495029 -0.086331718 1.498
-0.04989152 -0.086331718 1.498
-0.047414277 -0.086562239 1.502
-0.044803817 -0.086562239 1.502
-0.042193353 -0.086562239 1.502
-0.039582893 -0.086562239 1.502
-0.03697243 -0.086562239 1.502
-0.03436197 -0.086562239 1.502
-0.031751506 -0.086562239 1.502
-0.029063441 -0.086331718 1.498
-0.02645993 -0.086331718 1.498
-0.023856422 -0.086331718 1.498
-0.021252912 -0.086331718 1.498
-0.018649401 -0.086331718 1.498
-0.016045893 -0.086331718 1.498
-0.013442382 -0.086331718 1.498
-0.010838872 -0.086331718 1.498
-0.0082353624 -0.086331718 1.498
-0.0056318524 -0.086331718 1.498
-0.0030283427 -0.086331718 1.498
-0.00042483292 -0.086331718 1.498
0.0021786769 -0.086331718 1.498
0.0047821868 -0.086331718 1.498
0.0073856968 -0.086331718 1.498
0.0099892067 -0.086331718 1.498
0.012592716 -0.086331718 1.498
0.015196226 -0.086331718 1.498
0.017799735 -0.086331718 1.498
0.020403245 -0.086331718 1.498
0.023006756 -0.086331718 1.498
0.025610264 -0.086331718 1.498
0.028213775 -0.086331718 1.498
0.030817285 -0.086331718 1.498
0.033420794 -0.086331718 1.498
0.036024306 -0.086331718 1.498
0.038627815 -0.086331718 1.498
0.041231323 -0.086331718 1.498
0.043834835 -0.086331718 1.498
0.046438344 -0.086331718 1.498
0.049172804 -0.086562239 1.502
0.051783267 -0.086562239 1.502
0.054393727 -0.086562239 1.502
0.057004191 -0.086562239 1.502
0.059733722 -0.086735137 1.505
0.062349398 -0.086735137 1.505
0.064965077 -0.086735137 1.505
0.067580752 -0.086735137 1.505
0.070196427 -0.086735137 1.505
0.072812103 -0.086735137 1.505
0.075427778 -0.086735137 1.505
0.077887885 -0.086562239 1.502
0.080498345 -0.086562239 1.502
0.082887478 -0.086331718 1.498
0.085490994 -0.086331718 1.498
0.088094503 -0.086331718 1.498
0.090698011 -0.086331718 1.498
0.09330152 -0.086331718 1.498
0.095905028 -0.086331718 1.498
0.098508537 -0.086331718 1.498
0.10111205 -0.086331718 1.498
0.10350785 -0.086158827 1.495
0.10610615 -0.086158827 1.495
0.10870444 -0.086158827 1.495
0.11130274 -0.086158827 1.495
0.11390103 -0.086158827 1.495
0.11649933 -0.086158827 1.495
0.11933662 -0.086331718 1.498
0.12194013 -0.086331718 1.498
0.12454364 -0.086331718 1.498
0.12748666 -0.086562239 1.502
0.13009712 -0.086562239 1.502
0.13270758 -0.086562239 1.502
0.13558832 -0.086735137 1.505
0.13820399 -0.086735137 1.505
0.14081967 -0.086735137 1.505
0.14343534 -0.086735137 1.505
0.14605102 -0.086735137 1.505
0.14866669 -0.086735137 1.505
0.15098082 -0.086562239 1.502
0.15318225 -0.086331718 1.498
0.15578575 -0.086331718 1.498
0.15838927 -0.086331718 1.498
0.16099277 -0.086331718 1.498
0.16326866 -0.086158827 1.495
0.16586696 -0.086158827 1.495
0.16846524 -0.086158827 1.495
0.17106354 -0.086158827 1.495
0.17366184 -0.086158827 1.495
0.17626013 -0.086158827 1.495
0.17885843 -0.086158827 1.495
0.18145673 -0.086158827 1.495
0.18405502 -0.086158827 1.495
0.18665332 -0.086158827 1.495
0.18963139 -0.086331718 1.498
0.19223489 -0.086331718 1.498
0.1948384 -0.086331718 1.498
0.19744192 -0.086331718 1.498
-0.19921817 -0.084119461 1.505
-0.19660249 -0.084119461 1.505
-0.19398682 -0.084119461 1.505
-0.19137114 -0.084119461 1.505
-0.18837921 -0.083951779 1.502
-0.18576875 -0.083951779 1.502
-0.18315829 -0.083951779 1.502
-0.18054782 -0.083951779 1.502
-0.1774635 -0.083728209 1.498
-0.17485999 -0.083728209 1.498
-0.17225648 -0.083728209 1.498
-0.17010598 -0.083951779 1.502
-0.16749552 -0.083951779 1.502
-0.16488506 -0.083951779 1.502
-0.1622746 -0.083951779 1.502
-0.15966412 -0.083951779 1.502
-0.15705366 -0.083951779 1.502
-0.15475169 -0.084119461 1.505
-0.15213601 -0.084119461 1.505
-0.14922228 -0.083951779 1.502
-0.14661182 -0.083951779 1.502
-0.14400136 -0.083951779 1.502
-0.1413909 -0.083951779 1.502
-0.13878043 -0.083951779 1.502
-0.13580735 -0.083728209 1.498
-0.13320383 -0.083728209 1.498
-0.13060032 -0.083728209 1.498
-0.12799682 -0.083728209 1.498
-0.1253933 -0.083728209 1.498
-0.12278979 -0.083728209 1.498
-0.12018628 -0.083728209 1.498
-0.11758278 -0.083728209 1.498
-0.11497927 -0.083728209 1.498
-0.11237576 -0.083728209 1.498
-0.10977224 -0.083728209 1.498
-0.1074549 -0.083951779 1.502
-0.10484444 -0.083951779 1.502
-0.10223398 -0.083951779 1.502
-0.099623509 -0.083951779 1.502
-0.097013049 -0.083951779 1.502
-0.094402589 -0.083951779 1.502
-0.091792129 -0.083951779 1.502
-0.089181662 -0.083951779 1.502
-0.086571202 -0.083951779 1.502
-0.083960742 -0.083951779 1.502
-0.081350282 -0.083951779 1.502
-0.078739822 -0.083951779 1.502
-0.076129355 -0.083951779 1.502
-0.073518895 -0.083951779 1.502
-0.070908435 -0.083951779 1.502
-0.068297975 -0.083951779 1.502
-0.065512575 -0.083728209 1.498
-0.062909067 -0.083728209 1.498
-0.060305558 -0.083728209 1.498
-0.05770205 -0.083728209 1.498
-0.055098537 -0.083728209 1.498
-0.052495029 -0.083728209 1.498
-0.04989152 -0.083728209 1.498
-0.047414277 -0.083951779 1.502
-0.0446845 -0.083728209 1.498
-0.042193353 -0.083951779 1.502
-0.039582893 -0.083951779 1.502
-0.03697243 -0.083951779 1.502
-0.03436197 -0.083951779 1.502
-0.031751506 -0.083951779 1.502
-0.029063441 -0.083728209 1.498
-0.02645993 -0.083728209 1.498
-0.023856422 -0.083728209 1.498
-0.021252912 -0.083728209 1.498
-0.018649401 -0.083728209 1.498
-0.016045893 -0.083728209 1.498
-0.013442382 -0.083728209 1.498
-0.010838872 -0.083728209 1.498
-0.0082353624 -0.083728209 1.498
-0.0056318524 -0.083728209 1.498
-0.0030283427 -0.083728209 1.498
-0.00042483292 -0.083728209 1.498
0.0021844944 -0.083951779 1.502
0.0047821868 -0.083728209 1.498
0.0073856968 -0.083728209 1.498
0.0099892067 -0.083728209 1.498
0.012592716 -0.083728209 1.498
0.015196226 -0.083728209 1.498
0.017799735 -0.083728209 1.498
0.020403245 -0.083728209 1.498
0.023006756 -0.083728209 1.498
0.025610264 -0.083728209 1.498
0.028213775 -0.083728209 1.498
0.030817285 -0.083728209 1.498
0.033420794 -0.083728209 1.498
0.036024306 -0.083728209 1.498
0.038627815 -0.083728209 1.498
0.041231323 -0.083728209 1.498
0.043834835 -0.083728209 1.498
0.046438344 -0.083728209 1.498
0.049172804 -0.083951779 1.502
0.051783267 -0.083951779 1.502
0.054393727 -0.083951779 1.502
0.057004191 -0.083951779 1.502
0.059733722 -0.084119461 1.505
0.062349398 -0.084119461 1.505
0.064965077 -0.084119461 1.505
0.067580752 -0.084119461 1.505
0.070196427 -0.084119461 1.505
0.072812103 -0.084119461 1.505
0.075427778 -0.084119461 1.505
0.077887885 -0.083951779 1.502
0.080498345 -0.083951779 1.502
0.083108805 -0.083951779 1.502
0.085490994 -0.083728209 1.498
0.088094503 -0.083728209 1.498
0.090940192 -0.083951779 1.502
0.09330152 -0.083728209 1.498
0.095905028 -0.083728209 1.498
0.098508537 -0.083728209 1.498
0.10111205 -0.083728209 1.498
0.10371556 -0.083728209 1.498
0.10610615 -0.083560526 1.495
0.10870444 -0.083560526 1.495
0.11130274 -0.083560526 1.495
0.11390103 -0.083560526 1.495
0.11649933 -0.083560526 1.495
0.11933662 -0.083728209 1.498
0.12194013 -0.083728209 1.498
0.12454364 -0.083728209 1.498
0.12748666 -0.083951779 1.502
0.13009712 -0.083951779 1.502
0.13270758 -0.083951779 1.502
0.13558832 -0.084119461 1.505
0.13820399 -0.084119461 1.505
0.14081967 -0.084119461 1.505
0.14343534 -0.084119461 1.505
0.14605102 -0.084119461 1.505
0.14866669 -0.084119461 1.505
0.15098082 -0.083951779 1.502
0.15359128 -0.083951779 1.502
0.15578575 -0.083728209 1.498
0.15838927 -0.083728209 1.498
0.16099277 -0.083728209 1.498
0.16326866 -0.083560526 1.495
0.16586696 -0.083560526 1.495
0.16846524 -0.083560526 1.495
0.17106354 -0.083560526 1.495
0.17366184 -0.083560526 1.495
0.17626013 -0.083560526 1.495
0.17885843 -0.083560526 1.495
0.18145673 -0.083560526 1.495
0.18405502 -0.083560526 1.495
0.18665332 -0.083560526 1.495
0.18963139 -0.083728209 1.498
0.19223489 -0.083728209 1.498
0.1948384 -0.083728209 1.498
0.19744192 -0.083728209 1.498
-0.19921817 -0.081503786 1.505
-0.19660249 -0.081503786 1.505
-0.19398682 -0.081503786 1.505
-0.19137114 -0.081503786 1.505
-0.18837921 -0.081341319 1.502
-0.18576875 -0.081341319 1.502
-0.18315829 -0.081341319 1.502
-0.18006702 -0.081124701 1.498
-0.1774635 -0.081124701 1.498
-0.17485999 -0.081124701 1.498
-0.17225648 -0.081124701 1.498
-0.17010598 -0.081341319 1.502
-0.16749552 -0.081341319 1.502
-0.16488506 -0.081341319 1.502
-0.1622746 -0.081341319 1.502
-0.15966412 -0.081341319 1.502
-0.15736736 -0.081503786 1.505
-0.15475169 -0.081503786 1.505
-0.15213601 -0.081503786 1.505
-0.14952034 -0.081503786 1.505
-0.14661182 -0.081341319 1.502
-0.14400136 -0.081341319 1.502
-0.1413909 -0.081341319 1.502
-0.13878043 -0.081341319 1.502
-0.13580735 -0.081124701 1.498
-0.13320383 -0.081124701 1.498
-0.13060032 -0.081124701 1.498
-0.12799682 -0.081124701 1.498
-0.1253933 -0.081124701 1.498
-0.12278979 -0.081124701 1.498
-0.12018628 -0.081124701 1.498
-0.11758278 -0.081124701 1.498
-0.11497927 -0.081124701 1.498
-0.11237576 -0.081124701 1.498
-0.10977224 -0.081124701 1.498
-0.10716873 -0.081124701 1.498
-0.10456523 -0.081124701 1.498
-0.10223398 -0.081341319 1.502
-0.099623509 -0.081341319 1.502
-0.097013049 -0.081341319 1.502
-0.094402589 -0.081341319 1.502
-0.091792129 -0.081341319 1.502
-0.089181662 -0.081341319 1.502
-0.086571202 -0.081341319 1.502
-0.083960742 -0.081341319 1.502
-0.081350282 -0.081341319 1.502
-0.078739822 -0.081341319 1.502
-0.076129355 -0.081341319 1.502
-0.073518895 -0.081341319 1.502
-0.070908435 -0.081341319 1.502
-0.068116091 -0.081124701 1.498
-0.065512575 -0.081124701 1.498
-0.062909067 -0.081124701 1.498
-0.060305558 -0.081124701 1.498
-0.05770205 -0.081124701 1.498
-0.055098537 -0.081124701 1.498
-0.052495029 -0.081124701 1.498
-0.04989152 -0.081124701 1.498
-0.047288008 -0.081124701 1.498
-0.0446845 -0.081124701 1.498
-0.042080991 -0.081124701 1.498
-0.039582893 -0.081341319 1.502
-0.03697243 -0.081341319 1.502
-0.03436197 -0.081341319 1.502
-0.031666949 -0.081124701 1.498
-0.029063441 -0.081124701 1.498
-0.02645993 -0.081124701 1.498
-0.023856422 -0.081124701 1.498
-0.021252912 -0.081124701 1.498
-0.018649401 -0.081124701 1.498
-0.016045893 -0.081124701 1.498
-0.013442382 -0.081124701 1.498
-0.010838872 -0.081124701 1.498
-0.0082353624 -0.081124701 1.498
-0.0056318524 -0.081124701 1.498
-0.0030283427 -0.081124701 1.498
-0.0004259673 -0.081341319 1.502
0.0021844944 -0.081341319 1.502
0.0047949562 -0.081341319 1.502
0.0073856968 -0.081124701 1.498
0.0099892067 -0.081124701 1.498
0.012592716 -0.081124701 1.498
0.015196226 -0.081124701 1.498
0.017799735 -0.081124701 1.498
0.020403245 -0.081124701 1.498
0.023006756 -0.081124701 1.498
0.025610264 -0.081124701 1.498
0.028213775 -0.081124701 1.498
0.030817285 -0.081124701 1.498
0.033420794 -0.081124701 1.498
0.036024306 -0.081124701 1.498
0.038627815 -0.081124701 1.498
0.041231323 -0.081124701 1.498
0.043834835 -0.081124701 1.498
0.046562344 -0.081341319 1.502
0.049172804 -0.081341319 1.502
0.051783267 -0.081341319 1.502
0.054502372 -0.081503786 1.505
0.057118047 -0.081503786 1.505
0.059733722 -0.081503786 1.505
0.062349398 -0.081503786 1.505
0.064965077 -0.081503786 1.505
0.067580752 -0.081503786 1.505
0.070196427 -0.081503786 1.505
0.072812103 -0.081503786 1.505
0.075277425 -0.081341319 1.502
0.077887885 -0.081341319 1.502
0.080498345 -0.081341319 1.502
0.082887478 -0.081124701 1.498
0.085490994 -0.081124701 1.498
0.088094503 -0.081124701 1.498
0.090940192 -0.081341319 1.502
0.093550652 -0.081341319 1.502
0.096161112 -0.081341319 1.502
0.098508537 -0.081124701 1.498
0.10111205 -0.081124701 1.498
0.10371556 -0.081124701 1.498
0.10610615 -0.080962233 1.495
0.10870444 -0.080962233 1.495
0.11130274 -0.080962233 1.495
0.11390103 -0.080962233 1.495
0.11673311 -0.081124701 1.498
0.11933662 -0.081124701 1.498
0.12194013 -0.081124701 1.498
0.12454364 -0.081124701 1.498
0.12714715 -0.081124701 1.498
0.13009712 -0.081341319 1.502
0.13270758 -0.081341319 1.502
0.13531804 -0.081341319 1.502
0.13820399 -0.081503786 1.505
0.14081967 -0.081503786 1.505
0.14343534 -0.081503786 1.505
0.14605102 -0.081503786 1.505
0.14866669 -0.081503786 1.505
0.15098082 -0.081341319 1.502
0.15359128 -0.081341319 1.502
0.15578575 -0.081124701 1.498
0.15838927 -0.081124701 1.498
0.16099277 -0.081124701 1.498
0.16326866 -0.080962233 1.495
0.16586696 -0.080962233 1.495
0.16846524 -0.080962233 1.495
0.17072026 -0.080799766 1.492
0.17331335 -0.080799766 1.492
0.17626013 -0.080962233 1.495
0.17885843 -0.080962233 1.495
0.18145673 -0.080962233 1.495
0.18405502 -0.080962233 1.495
0.18665332 -0.080962233 1.495
0.18963139 -0.081124701 1.498
0.19223489 -0.081124701 1.498
0.1948384 -0.081124701 1.498
0.19744192 -0.081124701 1.498
-0.19882105 -0.078730859 1.502
-0.19621059 -0.078730859 1.502
-0.19360013 -0.078730859 1.502
-0.19098967 -0.078730859 1.502
-0.18837921 -0.078730859 1.502
-0.18576875 -0.078730859 1.502
-0.18267052 -0.078521192 1.498
-0.18006702 -0.078521192 1.498
-0.1774635 -0.078521192 1.498
-0.17485999 -0.078521192 1.498
-0.17225648 -0.078521192 1.498
-0.17010598 -0.078730859 1.502
-0.16749552 -0.078730859 1.502
-0.16488506 -0.078730859 1.502
-0.1622746 -0.078730859 1.502
-0.15966412 -0.078730859 1.502
-0.15705366 -0.078730859 1.502
-0.15475169 -0.078888111 1.505
-0.15213601 -0.078888111 1.505
-0.14952034 -0.078888111 1.505
-0.14690466 -0.078888111 1.505
-0.14400136 -0.078730859 1.502
-0.1413909 -0.078730859 1.502
-0.13878043 -0.078730859 1.502
-0.13580735 -0.078521192 1.498
-0.13320383 -0.078521192 1.498
-0.13060032 -0.078521192 1.498
-0.12799682 -0.078521192 1.498
-0.1253933 -0.078521192 1.498
-0.12278979 -0.078521192 1.498
-0.12018628 -0.078521192 1.498
-0.11758278 -0.078521192 1.498
-0.11497927 -0.078521192 1.498
-0.11237576 -0.078521192 1.498
-0.10977224 -0.078521192 1.498
-0.10716873 -0.078521192 1.498
-0.10456523 -0.078521192 1.498
-0.10196172 -0.078521192 1.498
-0.099358208 -0.078521192 1.498
-0.0967547 -0.078521192 1.498
-0.094402589 -0.078730859 1.502
-0.091792129 -0.078730859 1.502
-0.089181662 -0.078730859 1.502
-0.086571202 -0.078730859 1.502
-0.083960742 -0.078730859 1.502
-0.081350282 -0.078730859 1.502
-0.078739822 -0.078730859 1.502
-0.076129355 -0.078730859 1.502
-0.073323108 -0.078521192 1.498
-0.0707196 -0.078521192 1.498
-0.068116091 -0.078521192 1.498
-0.065512575 -0.078521192 1.498
-0.062909067 -0.078521192 1.498
-0.060305558 -0.078521192 1.498
-0.05770205 -0.078521192 1.498
-0.055098537 -0.078521192 1.498
-0.052495029 -0.078521192 1.498
-0.04989152 -0.078521192 1.498
-0.047288008 -0.078521192 1.498
-0.0446845 -0.078521192 1.498
-0.042080991 -0.078521192 1.498
-0.039477479 -0.078521192 1.498
-0.03697243 -0.078730859 1.502
-0.034270462 -0.078521192 1.498
-0.031666949 -0.078521192 1.498
-0.029063441 -0.078521192 1.498
-0.02645993 -0.078521192 1.498
-0.023856422 -0.078521192 1.498
-0.021252912 -0.078521192 1.498
-0.018649401 -0.078521192 1.498
-0.016045893 -0.078521192 1.498
-0.013442382 -0.078521192 1.498
-0.010838872 -0.078521192 1.498
-0.0082353624 -0.078521192 1.498
-0.0056318524 -0.078521192 1.498
-0.0030283427 -0.078521192 1.498
-0.0004259673 -0.078730859 1.502
0.0021844944 -0.078730859 1.502
0.0047949562 -0.078730859 1.502
0.007405418 -0.078730859 1.502
0.01001588 -0.078730859 1.502
0.012626342 -0.078730859 1.502
0.015236803 -0.078730859 1.502
0.017847264 -0.078730859 1.502
0.020457726 -0.078730859 1.502
0.023068188 -0.078730859 1.502
0.02567865 -0.078730859 1.502
0.028289111 -0.078730859 1.502
0.030899573 -0.078730859 1.502
0.033510033 -0.078730859 1.502
0.036120497 -0.078730859 1.502
0.038730957 -0.078730859 1.502
0.04134142 -0.078730859 1.502
0.04395188 -0.078730859 1.502
0.046562344 -0.078730859 1.502
0.049271021 -0.078888111 1.505
0.051886696 -0.078888111 1.505
0.054502372 -0.078888111 1.505
0.057118047 -0.078888111 1.505
0.059733722 -0.078888111 1.505
0.062349398 -0.078888111 1.505
0.064965077 -0.078888111 1.505
0.067580752 -0.078888111 1.505
0.070196427 -0.078888111 1.505
0.072666958 -0.078730859 1.502
0.075277425 -0.078730859 1.502
0.077887885 -0.078730859 1.502
0.080498345 -0.078730859 1.502
0.082887478 -0.078521192 1.498
0.085490994 -0.078521192 1.498
0.088094503 -0.078521192 1.498
0.090940192 -0.078730859 1.502
0.093550652 -0.078730859 1.502
0.096161112 -0.078730859 1.502
0.09877158 -0.078730859 1.502
0.10111205 -0.078521192 1.498
0.10371556 -0.078521192 1.498
0.10631907 -0.078521192 1.498
0.10870444 -0.07836394 1.495
0.11130274 -0.07836394 1.495
0.1141296 -0.078521192 1.498
0.11673311 -0.078521192 1.498
0.11933662 -0.078521192 1.498
0.12194013 -0.078521192 1.498
0.12454364 -0.078521192 1.498
0.12714715 -0.078521192 1.498
0.12975065 -0.078521192 1.498
0.13270758 -0.078730859 1.502
0.13531804 -0.078730859 1.502
0.13820399 -0.078888111 1.505
0.14081967 -0.078888111 1.505
0.14343534 -0.078888111 1.505
0.14605102 -0.078888111 1.505
0.14866669 -0.078888111 1.505
0.15098082 -0.078730859 1.502
0.15359128 -0.078730859 1.502
0.15578575 -0.078521192 1.498
0.15838927 -0.078521192 1.498
0.16099277 -0.078521192 1.498
0.16359629 -0.078521192 1.498
0.16586696 -0.07836394 1.495
0.16846524 -0.07836394 1.495
0.17072026 -0.078206681 1.492
0.17331335 -0.078206681 1.492
0.17590643 -0.078206681 1.492
0.17885843 -0.07836394 1.495
0.18145673 -0.07836394 1.495
0.18405502 -0.07836394 1.495
0.18665332 -0.07836394 1.495
0.18925162 -0.07836394 1.495
0.19223489 -0.078521192 1.498
0.1948384 -0.078521192 1.498
0.19744192 -0.078521192 1.498
-0.19882105 -0.076120391 1.502
-0.19621059 -0.076120391 1.502
-0.19360013 -0.076120391 1.502
-0.19098967 -0.076120391 1.502
-0.18787754 -0.075917684 1.498
-0.18527403 -0.075917684 1.498
-0.18267052 -0.075917684 1.498
-0.18006702 -0.075917684 1.498
-0.1774635 -0.075917684 1.498
-0.17485999 -0.075917684 1.498
-0.17225648 -0.075917684 1.498
-0.16965297 -0.075917684 1.498
-0.16704947 -0.075917684 1.498
-0.16444595 -0.075917684 1.498
-0.1622746 -0.076120391 1.502
-0.15966412 -0.076120391 1.502
-0.15705366 -0.076120391 1.502
-0.15475169 -0.076272435 1.505
-0.15213601 -0.076272435 1.505
-0.14952034 -0.076272435 1.505
-0.14690466 -0.076272435 1.505
-0.14400136 -0.076120391 1.502
-0.1413909 -0.076120391 1.502
-0.13878043 -0.076120391 1.502
-0.13616997 -0.076120391 1.502
-0.13355951 -0.076120391 1.502
-0.13060032 -0.075917684 1.498
-0.12799682 -0.075917684 1.498
-0.1253933 -0.075917684 1.498
-0.12278979 -0.075917684 1.498
-0.12018628 -0.075917684 1.498
-0.11758278 -0.075917684 1.498
-0.11497927 -0.075917684 1.498
-0.11237576 -0.075917684 1.498
-0.10977224 -0.075917684 1.498
-0.10716873 -0.075917684 1.498
-0.10456523 -0.075917684 1.498
-0.10196172 -0.075917684 1.498
-0.099358208 -0.075917684 1.498
-0.0967547 -0.075917684 1.498
-0.094151184 -0.075917684 1.498
-0.091547675 -0.075917684 1.498
-0.089181662 -0.076120391 1.502
-0.086571202 -0.076120391 1.502
-0.083960742 -0.076120391 1.502
-0.081133634 -0.075917684 1.498
-0.078530125 -0.075917684 1.498
-0.075926617 -0.075917684 1.498
-0.073323108 -0.075917684 1.498
-0.0707196 -0.075917684 1.498
-0.068116091 -0.075917684 1.498
-0.065512575 -0.075917684 1.498
-0.062909067 -0.075917684 1.498
-0.060184784 -0.07576564 1.495
-0.057586491 -0.07576564 1.495
-0.055098537 -0.075917684 1.498
-0.052495029 -0.075917684 1.498
-0.04989152 -0.075917684 1.498
-0.047288008 -0.075917684 1.498
-0.0446845 -0.075917684 1.498
-0.042080991 -0.075917684 1.498
-0.039477479 -0.075917684 1.498
-0.03687397 -0.075917684 1.498
-0.034270462 -0.075917684 1.498
-0.031666949 -0.075917684 1.498
-0.029063441 -0.075917684 1.498
-0.02645993 -0.075917684 1.498
-0.023856422 -0.075917684 1.498
-0.021252912 -0.075917684 1.498
-0.018649401 -0.075917684 1.498
-0.016045893 -0.075917684 1.498
-0.013442382 -0.075917684 1.498
-0.010838872 -0.075917684 1.498
-0.0082353624 -0.075917684 1.498
-0.0056318524 -0.075917684 1.498
-0.0030283427 -0.075917684 1.498
-0.0004259673 -0.076120391 1.502
0.0021844944 -0.076120391 1.502
0.0047949562 -0.076120391 1.502
0.007405418 -0.076120391 1.502
0.01001588 -0.076120391 1.502
0.012626342 -0.076120391 1.502
0.015236803 -0.076120391 1.502
0.017847264 -0.076120391 1.502
0.020457726 -0.076120391 1.502
0.023068188 -0.076120391 1.502
0.02567865 -0.076120391 1.502
0.028289111 -0.076120391 1.502
0.030899573 -0.076120391 1.502
0.033576965 -0.076272435 1.505
0.036192641 -0.076272435 1.505
0.038808316 -0.076272435 1.505
0.041423991 -0.076272435 1.505
0.04403967 -0.076272435 1.505
0.046655346 -0.076272435 1.505
0.049271021 -0.076272435 1.505
0.051886696 -0.076272435 1.505
0.054502372 -0.076272435 1.505
0.057118047 -0.076272435 1.505
0.059733722 -0.076272435 1.505
0.062349398 -0.076272435 1.505
0.064965077 -0.076272435 1.505
0.067580752 -0.076272435 1.505
0.070056498 -0.076120391 1.502
0.072666958 -0.076120391 1.502
0.075277425 -0.076120391 1.502
0.077887885 -0.076120391 1.502
0.08028397 -0.075917684 1.498
0.082887478 -0.075917684 1.498
0.085490994 -0.075917684 1.498
0.088094503 -0.075917684 1.498
0.090698011 -0.075917684 1.498
0.093550652 -0.076120391 1.502
0.096161112 -0.076120391 1.502
0.09877158 -0.076120391 1.502
0.10138204 -0.076120391 1.502
0.10371556 -0.075917684 1.498
0.10631907 -0.075917684 1.498
0.10892258 -0.075917684 1.498
0.11152609 -0.075917684 1.498
0.1141296 -0.075917684 1.498
0.11673311 -0.075917684 1.498
0.11933662 -0.075917684 1.498
0.12194013 -0.075917684 1.498
0.12454364 -0.075917684 1.498
0.12714715 -0.075917684 1.498
0.12975065 -0.075917684 1.498
0.13235417 -0.075917684 1.498
0.13531804 -0.076120391 1.502
0.1379285 -0.076120391 1.502
0.14053896 -0.076120391 1.502
0.14343534 -0.076272435 1.505
0.14605102 -0.076272435 1.505
0.14866669 -0.076272435 1.505
0.15098082 -0.076120391 1.502
0.15359128 -0.076120391 1.502
0.15578575 -0.075917684 1.498
0.15838927 -0.075917684 1.498
0.16099277 -0.075917684 1.498
0.16359629 -0.075917684 1.498
0.16586696 -0.07576564 1.495
0.16846524 -0.07576564 1.495
0.17072026 -0.075613603 1.492
0.17331335 -0.075613603 1.492
0.17590643 -0.075613603 1.492
0.17849952 -0.075613603 1.492
0.18145673 -0.07576564 1.495
0.18405502 -0.07576564 1.495
0.18665332 -0.07576564 1.495
0.18925162 -0.07576564 1.495
0.19223489 -0.075917684 1.498
0.1948384 -0.075917684 1.498
0.19744192 -0.075917684 1.498
-0.19829158 -0.073314168 1.498
-0.19568807 -0.073314168 1.498
-0.19308455 -0.073314168 1.498
-0.19048105 -0.073314168 1.498
-0.18787754 -0.073314168 1.498
-0.18527403 -0.073314168 1.498
-0.18267052 -0.073314168 1.498
-0.17970639 -0.073167346 1.495
-0.17710809 -0.073167346 1.495
-0.17450981 -0.073167346 1.495
-0.17225648 -0.073314168 1.498
-0.16965297 -0.073314168 1.498
-0.16704947 -0.073314168 1.498
-0.16444595 -0.073314168 1.498
-0.16184244 -0.073314168 1.498
-0.15923893 -0.073314168 1.498
-0.15705366 -0.073509932 1.502
-0.1544432 -0.073509932 1.502
-0.15183274 -0.073509932 1.502
-0.14922228 -0.073509932 1.502
-0.14661182 -0.073509932 1.502
-0.14400136 -0.073509932 1.502
-0.1413909 -0.073509932 1.502
-0.13878043 -0.073509932 1.502
-0.13616997 -0.073509932 1.502
-0.13355951 -0.073509932 1.502
-0.13060032 -0.073314168 1.498
-0.12799682 -0.073314168 1.498
-0.1253933 -0.073314168 1.498
-0.12278979 -0.073314168 1.498
-0.12018628 -0.073314168 1.498
-0.11758278 -0.073314168 1.498
-0.11497927 -0.073314168 1.498
-0.11237576 -0.073314168 1.498
-0.10977224 -0.073314168 1.498
-0.10716873 -0.073314168 1.498
-0.10456523 -0.073314168 1.498
-0.10196172 -0.073314168 1.498
-0.099358208 -0.073314168 1.498
-0.0967547 -0.073314168 1.498
-0.094151184 -0.073314168 1.498
-0.091547675 -0.073314168 1.498
-0.088944167 -0.073314168 1.498
-0.086340658 -0.073314168 1.498
-0.08373715 -0.073314168 1.498
-0.081133634 -0.073314168 1.498
-0.078530125 -0.073314168 1.498
-0.075926617 -0.073314168 1.498
-0.073323108 -0.073314168 1.498
-0.0707196 -0.073314168 1.498
-0.068116091 -0.073314168 1.498
-0.065512575 -0.073314168 1.498
-0.062783085 -0.073167346 1.495
-0.060184784 -0.073167346 1.495
-0.057586491 -0.073167346 1.495
-0.055098537 -0.073314168 1.498
-0.052495029 -0.073314168 1.498
-0.04989152 -0.073314168 1.498
-0.047288008 -0.073314168 1.498
-0.0446845 -0.073314168 1.498
-0.042080991 -0.073314168 1.498
-0.039477479 -0.073314168 1.498
-0.03687397 -0.073314168 1.498
-0.034270462 -0.073314168 1.498
-0.031666949 -0.073314168 1.498
-0.029063441 -0.073314168 1.498
-0.02645993 -0.073314168 1.498
-0.023856422 -0.073314168 1.498
-0.021252912 -0.073314168 1.498
-0.018649401 -0.073314168 1.498
-0.016045893 -0.073314168 1.498
-0.013442382 -0.073314168 1.498
-0.010838872 -0.073314168 1.498
-0.0082353624 -0.073314168 1.498
-0.0056318524 -0.073314168 1.498
-0.0030283427 -0.073314168 1.498
-0.0004259673 -0.073509932 1.502
0.0021844944 -0.073509932 1.502
0.0047949562 -0.073509932 1.502
0.007405418 -0.073509932 1.502
0.01001588 -0.073509932 1.502
0.012626342 -0.073509932 1.502
0.015236803 -0.073509932 1.502
0.017847264 -0.073509932 1.502
0.020457726 -0.073509932 1.502
0.023068188 -0.073509932 1.502
0.02567865 -0.073509932 1.502
0.028289111 -0.073509932 1.502
0.03096129 -0.07365676 1.505
0.033576965 -0.07365676 1.505
0.036192641 -0.07365676 1.505
0.038808316 -0.07365676 1.505
0.041423991 -0.07365676 1.505
0.04403967 -0.07365676 1.505
0.046655346 -0.07365676 1.505
0.049271021 -0.07365676 1.505
0.051886696 -0.07365676 1.505
0.054502372 -0.07365676 1.505
0.057118047 -0.07365676 1.505
0.059733722 -0.07365676 1.505
0.062349398 -0.07365676 1.505
0.064965077 -0.07365676 1.505
0.067580752 -0.07365676 1.505
0.070056498 -0.073509932 1.502
0.072666958 -0.073509932 1.502
0.075277425 -0.073509932 1.502
0.077887885 -0.073509932 1.502
0.08028397 -0.073314168 1.498
0.082887478 -0.073314168 1.498
0.085490994 -0.073314168 1.498
0.088094503 -0.073314168 1.498
0.090698011 -0.073314168 1.498
0.093550652 -0.073509932 1.502
0.096161112 -0.073509932 1.502
0.09877158 -0.073509932 1.502
0.10138204 -0.073509932 1.502
0.10371556 -0.073314168 1.498
0.10631907 -0.073314168 1.498
0.10892258 -0.073314168 1.498
0.11152609 -0.073314168 1.498
0.1141296 -0.073314168 1.498
0.11673311 -0.073314168 1.498
0.11933662 -0.073314168 1.498
0.12194013 -0.073314168 1.498
0.12454364 -0.073314168 1.498
0.12714715 -0.073314168 1.498
0.12975065 -0.073314168 1.498
0.13235417 -0.073314168 1.498
0.13495767 -0.073314168 1.498
0.1379285 -0.073509932 1.502
0.14053896 -0.073509932 1.502
0.14314942 -0.073509932 1.502
0.14605102 -0.07365676 1.505
0.14837036 -0.073509932 1.502
0.15098082 -0.073509932 1.502
0.15359128 -0.073509932 1.502
0.15578575 -0.073314168 1.498
0.15838927 -0.073314168 1.498
0.16099277 -0.073314168 1.498
0.16359629 -0.073314168 1.498
0.16586696 -0.073167346 1.495
0.16846524 -0.073167346 1.495
0.17072026 -0.073020518 1.492
0.17331335 -0.073020518 1.492
0.17590643 -0.073020518 1.492
0.17849952 -0.073020518 1.492
0.18145673 -0.073167346 1.495
0.18405502 -0.073167346 1.495
0.18665332 -0.073167346 1.495
0.18925162 -0.073167346 1.495
0.19223489 -0.073314168 1.498
0.1948384 -0.073314168 1.498
0.19744192 -0.073314168 1.498
-0.19829158 -0.070710659 1.498
-0.19568807 -0.070710659 1.498
-0.19308455 -0.070710659 1.498
-0.19048105 -0.070710659 1.498
-0.18787754 -0.070710659 1.498
-0.18527403 -0.070710659 1.498
-0.1823047 -0.070569046 1.495
-0.17970639 -0.070569046 1.495
-0.17710809 -0.070569046 1.495
-0.17450981 -0.070569046 1.495
-0.17191151 -0.070569046 1.495
-0.16931321 -0.070569046 1.495
-0.16671492 -0.070569046 1.495
-0.16411662 -0.070569046 1.495
-0.16184244 -0.070710659 1.498
-0.15923893 -0.070710659 1.498
-0.15663542 -0.070710659 1.498
-0.1544432 -0.070899472 1.502
-0.15183274 -0.070899472 1.502
-0.14922228 -0.070899472 1.502
-0.14661182 -0.070899472 1.502
-0.14400136 -0.070899472 1.502
-0.1413909 -0.070899472 1.502
-0.13878043 -0.070899472 1.502
-0.13616997 -0.070899472 1.502
-0.13355951 -0.070899472 1.502
-0.13094905 -0.070899472 1.502
-0.12799682 -0.070710659 1.498
-0.1253933 -0.070710659 1.498
-0.12278979 -0.070710659 1.498
-0.12018628 -0.070710659 1.498
-0.11758278 -0.070710659 1.498
-0.11497927 -0.070710659 1.498
-0.11237576 -0.070710659 1.498
-0.10977224 -0.070710659 1.498
-0.10716873 -0.070710659 1.498
-0.10456523 -0.070710659 1.498
-0.10196172 -0.070710659 1.498
-0.099358208 -0.070710659 1.498
-0.0967547 -0.070710659 1.498
-0.094151184 -0.070710659 1.498
-0.091547675 -0.070710659 1.498
-0.088944167 -0.070710659 1.498
-0.086340658 -0.070710659 1.498
-0.08373715 -0.070710659 1.498
-0.081133634 -0.070710659 1.498
-0.078530125 -0.070710659 1.498
-0.075926617 -0.070710659 1.498
-0.073323108 -0.070710659 1.498
-0.0707196 -0.070710659 1.498
-0.068116091 -0.070710659 1.498
-0.065381378 -0.070569046 1.495
-0.062783085 -0.070569046 1.495
-0.060184784 -0.070569046 1.495
-0.057586491 -0.070569046 1.495
-0.054988194 -0.070569046 1.495
-0.052495029 -0.070710659 1.498
-0.04989152 -0.070710659 1.498
-0.047288008 -0.070710659 1.498
-0.0446845 -0.070710659 1.498
-0.042080991 -0.070710659 1.498
-0.039477479 -0.070710659 1.498
-0.03687397 -0.070710659 1.498
-0.034270462 -0.070710659 1.498
-0.031666949 -0.070710659 1.498
-0.029063441 -0.070710659 1.498
-0.02645993 -0.070710659 1.498
-0.023856422 -0.070710659 1.498
-0.021252912 -0.070710659 1.498
-0.018649401 -0.070710659 1.498
-0.016045893 -0.070710659 1.498
-0.013442382 -0.070710659 1.498
-0.010838872 -0.070710659 1.498
-0.0082353624 -0.070710659 1.498
-0.0056318524 -0.070710659 1.498
-0.0030283427 -0.070710659 1.498
-0.0004259673 -0.070899472 1.502
0.0021844944 -0.070899472 1.502
0.0047949562 -0.070899472 1.502
0.007405418 -0.070899472 1.502
0.01001588 -0.070899472 1.502
0.012626342 -0.070899472 1.502
0.015236803 -0.070899472 1.502
0.017847264 -0.070899472 1.502
0.020457726 -0.070899472 1.502
0.023068188 -0.070899472 1.502
0.02567865 -0.070899472 1.502
0.028289111 -0.070899472 1.502
0.03096129 -0.071041085 1.505
0.033576965 -0.071041085 1.505
0.036192641 -0.071041085 1.505
0.038808316 -0.071041085 1.505
0.041423991 -0.071041085 1.505
0.04403967 -0.071041085 1.505
0.046655346 -0.071041085 1.505
0.049271021 -0.071041085 1.505
0.051886696 -0.071041085 1.505
0.054502372 -0.071041085 1.505
0.057118047 -0.071041085 1.505
0.059733722 -0.071041085 1.505
0.062349398 -0.071041085 1.505
0.064965077 -0.071041085 1.505
0.067580752 -0.071041085 1.505
0.070056498 -0.070899472 1.502
0.072666958 -0.070899472 1.502
0.075277425 -0.070899472 1.502
0.077887885 -0.070899472 1.502
0.080498345 -0.070899472 1.502
0.082887478 -0.070710659 1.498
0.085490994 -0.070710659 1.498
0.088094503 -0.070710659 1.498
0.090940192 -0.070899472 1.502
0.093550652 -0.070899472 1.502
0.096161112 -0.070899472 1.502
0.09877158 -0.070899472 1.502
0.10138204 -0.070899472 1.502
0.10371556 -0.070710659 1.498
0.10631907 -0.070710659 1.498
0.10892258 -0.070710659 1.498
0.11152609 -0.070710659 1.498
0.1141296 -0.070710659 1.498
0.11673311 -0.070710659 1.498
0.11933662 -0.070710659 1.498
0.12194013 -0.070710659 1.498
0.12454364 -0.070710659 1.498
0.12714715 -0.070710659 1.498
0.12975065 -0.070710659 1.498
0.13235417 -0.070710659 1.498
0.13495767 -0.070710659 1.498
0.13756119 -0.070710659 1.498
0.1401647 -0.070710659 1.498
0.14314942 -0.070899472 1.502
0.14575988 -0.070899472 1.502
0.14837036 -0.070899472 1.502
0.15098082 -0.070899472 1.502
0.15359128 -0.070899472 1.502
0.15578575 -0.070710659 1.498
0.15838927 -0.070710659 1.498
0.16099277 -0.070710659 1.498
0.16359629 -0.070710659 1.498
0.16586696 -0.070569046 1.495
0.16846524 -0.070569046 1.495
0.17072026 -0.07042744 1.492
0.17331335 -0.07042744 1.492
0.17590643 -0.07042744 1.492
0.17849952 -0.07042744 1.492
0.18109259 -0.07042744 1.492
0.18405502 -0.070569046 1.495
0.18665332 -0.070569046 1.495
0.18925162 -0.070569046 1.495
0.19223489 -0.070710659 1.498
0.1948384 -0.070710659 1.498
0.19744192 -0.070710659 1.498
-0.19829158 -0.06810715 1.498
-0.19568807 -0.06810715 1.498
-0.19308455 -0.06810715 1.498
-0.19048105 -0.06810715 1.498
-0.18787754 -0.06810715 1.498
-0.18527403 -0.06810715 1.498
-0.1823047 -0.067970753 1.495
-0.17970639 -0.067970753 1.495
-0.17710809 -0.067970753 1.495
-0.17450981 -0.067970753 1.495
-0.17191151 -0.067970753 1.495
-0.16931321 -0.067970753 1.495
-0.16671492 -0.067970753 1.495
-0.16411662 -0.067970753 1.495
-0.16184244 -0.06810715 1.498
-0.15923893 -0.06810715 1.498
-0.15663542 -0.06810715 1.498
-0.15403192 -0.06810715 1.498
-0.15183274 -0.068289012 1.502
-0.14922228 -0.068289012 1.502
-0.14661182 -0.068289012 1.502
-0.14400136 -0.068289012 1.502
-0.1413909 -0.068289012 1.502
-0.13878043 -0.068289012 1.502
-0.13616997 -0.068289012 1.502
-0.13355951 -0.068289012 1.502
-0.13094905 -0.068289012 1.502
-0.12833859 -0.068289012 1.502
-0.12572813 -0.068289012 1.502
-0.12311767 -0.068289012 1.502
-0.1205072 -0.068289012 1.502
-0.11758278 -0.06810715 1.498
-0.11497927 -0.06810715 1.498
-0.11237576 -0.06810715 1.498
-0.10977224 -0.06810715 1.498
-0.10716873 -0.06810715 1.498
-0.10456523 -0.06810715 1.498
-0.10196172 -0.06810715 1.498
-0.099358208 -0.06810715 1.498
-0.0967547 -0.06810715 1.498
-0.094151184 -0.06810715 1.498
-0.091547675 -0.06810715 1.498
-0.088944167 -0.06810715 1.498
-0.086340658 -0.06810715 1.498
-0.08373715 -0.06810715 1.498
-0.081133634 -0.06810715 1.498
-0.078530125 -0.06810715 1.498
-0.075926617 -0.06810715 1.498
-0.073323108 -0.06810715 1.498
-0.070577972 -0.067970753 1.495
-0.067979671 -0.067970753 1.495
-0.065381378 -0.067970753 1.495
-0.062783085 -0.067970753 1.495
-0.060184784 -0.067970753 1.495
-0.057586491 -0.067970753 1.495
-0.054988194 -0.067970753 1.495
-0.052389897 -0.067970753 1.495
-0.04989152 -0.06810715 1.498
-0.047288008 -0.06810715 1.498
-0.0446845 -0.06810715 1.498
-0.042080991 -0.06810715 1.498
-0.039477479 -0.06810715 1.498
-0.03687397 -0.06810715 1.498
-0.034270462 -0.06810715 1.498
-0.031751506 -0.068289012 1.502
-0.029063441 -0.06810715 1.498
-0.02645993 -0.06810715 1.498
-0.023856422 -0.06810715 1.498
-0.021252912 -0.06810715 1.498
-0.018649401 -0.06810715 1.498
-0.016045893 -0.06810715 1.498
-0.013442382 -0.06810715 1.498
-0.010838872 -0.06810715 1.498
-0.0082353624 -0.06810715 1.498
-0.0056318524 -0.06810715 1.498
-0.0030283427 -0.06810715 1.498
-0.0004259673 -0.068289012 1.502
0.0021844944 -0.068289012 1.502
0.0047949562 -0.068289012 1.502
0.007405418 -0.068289012 1.502
0.01001588 -0.068289012 1.502
0.012626342 -0.068289012 1.502
0.015236803 -0.068289012 1.502
0.017847264 -0.068289012 1.502
0.020457726 -0.068289012 1.502
0.023068188 -0.068289012 1.502
0.02567865 -0.068289012 1.502
0.028289111 -0.068289012 1.502
0.03096129 -0.068425409 1.505
0.033576965 -0.068425409 1.505
0.036192641 -0.068425409 1.505
0.038808316 -0.068425409 1.505
0.041423991 -0.068425409 1.505
0.04403967 -0.068425409 1.505
0.046748348 -0.068561807 1.508
0.049369235 -0.068561807 1.508
0.051990125 -0.068561807 1.508
0.054611016 -0.068561807 1.508
0.057231903 -0.068561807 1.508
0.059733722 -0.068425409 1.505
0.062349398 -0.068425409 1.505
0.064965077 -0.068425409 1.505
0.067580752 -0.068425409 1.505
0.070196427 -0.068425409 1.505
0.072666958 -0.068289012 1.502
0.075277425 -0.068289012 1.502
0.077887885 -0.068289012 1.502
0.080498345 -0.068289012 1.502
0.083108805 -0.068289012 1.502
0.085490994 -0.06810715 1.498
0.088329732 -0.068289012 1.502
0.090940192 -0.068289012 1.502
0.093550652 -0.068289012 1.502
0.096161112 -0.068289012 1.502
0.09877158 -0.068289012 1.502
0.10138204 -0.068289012 1.502
0.10371556 -0.06810715 1.498
0.10631907 -0.06810715 1.498
0.10892258 -0.06810715 1.498
0.11152609 -0.06810715 1.498
0.1141296 -0.06810715 1.498
0.11673311 -0.06810715 1.498
0.11933662 -0.06810715 1.498
0.12194013 -0.06810715 1.498
0.12454364 -0.06810715 1.498
0.12689251 -0.067970753 1.495
0.12949081 -0.067970753 1.495
0.13235417 -0.06810715 1.498
0.13495767 -0.06810715 1.498
0.13756119 -0.06810715 1.498
0.1401647 -0.06810715 1.498
0.1427682 -0.06810715 1.498
0.14575988 -0.068289012 1.502
0.14837036 -0.068289012 1.502
0.15057874 -0.06810715 1.498
0.15318225 -0.06810715 1.498
0.15578575 -0.06810715 1.498
0.15838927 -0.06810715 1.498
0.16099277 -0.06810715 1.498
0.16326866 -0.067970753 1.495
0.16586696 -0.067970753 1.495
0.16846524 -0.067970753 1.495
0.17106354 -0.067970753 1.495
0.17331335 -0.067834355 1.492
0.17590643 -0.067834355 1.492
0.17849952 -0.067834355 1.492
0.18109259 -0.067834355 1.492
0.18405502 -0.067970753 1.495
0.18665332 -0.067970753 1.495
0.18925162 -0.067970753 1.495
0.19223489 -0.06810715 1.498
0.1948384 -0.06810715 1.498
0.19744192 -0.06810715 1.498
-0.19882105 -0.065678544 1.502
-0.19568807 -0.065503642 1.498
-0.19308455 -0.065503642 1.498
-0.19048105 -0.065503642 1.498
-0.18787754 -0.065503642 1.498
-0.18527403 -0.065503642 1.498
-0.18267052 -0.065503642 1.498
-0.17970639 -0.06537246 1.495
-0.17710809 -0.06537246 1.495
-0.17450981 -0.06537246 1.495
-0.17191151 -0.06537246 1.495
-0.16931321 -0.06537246 1.495
-0.16671492 -0.06537246 1.495
-0.16411662 -0.06537246 1.495
-0.16184244 -0.065503642 1.498
-0.15923893 -0.065503642 1.498
-0.15663542 -0.065503642 1.498
-0.15403192 -0.065503642 1.498
-0.1514284 -0.065503642 1.498
-0.14922228 -0.065678544 1.502
-0.14661182 -0.065678544 1.502
-0.14400136 -0.065678544 1.502
-0.1413909 -0.065678544 1.502
-0.13878043 -0.065678544 1.502
-0.13616997 -0.065678544 1.502
-0.13355951 -0.065678544 1.502
-0.13094905 -0.065678544 1.502
-0.12833859 -0.065678544 1.502
-0.12572813 -0.065678544 1.502
-0.12311767 -0.065678544 1.502
-0.1205072 -0.065678544 1.502
-0.11789674 -0.065678544 1.502
-0.11528628 -0.065678544 1.502
-0.11267582 -0.065678544 1.502
-0.11006536 -0.065678544 1.502
-0.10716873 -0.065503642 1.498
-0.10456523 -0.065503642 1.498
-0.10196172 -0.065503642 1.498
-0.099358208 -0.065503642 1.498
-0.0967547 -0.065503642 1.498
-0.094151184 -0.065503642 1.498
-0.091547675 -0.065503642 1.498
-0.088944167 -0.065503642 1.498
-0.086340658 -0.065503642 1.498
-0.08373715 -0.065503642 1.498
-0.081133634 -0.065503642 1.498
-0.078530125 -0.065503642 1.498
-0.075926617 -0.065503642 1.498
-0.073323108 -0.065503642 1.498
-0.070577972 -0.06537246 1.495
-0.067979671 -0.06537246 1.495
-0.065381378 -0.06537246 1.495
-0.062783085 -0.06537246 1.495
-0.060184784 -0.06537246 1.495
-0.057586491 -0.06537246 1.495
-0.054988194 -0.06537246 1.495
-0.052389897 -0.06537246 1.495
-0.04989152 -0.065503642 1.498
-0.047288008 -0.065503642 1.498
-0.0446845 -0.065503642 1.498
-0.042080991 -0.065503642 1.498
-0.039477479 -0.065503642 1.498
-0.03687397 -0.065503642 1.498
-0.034270462 -0.065503642 1.498
-0.031751506 -0.065678544 1.502
-0.029063441 -0.065503642 1.498
-0.02645993 -0.065503642 1.498
-0.023856422 -0.065503642 1.498
-0.021252912 -0.065503642 1.498
-0.018649401 -0.065503642 1.498
-0.016045893 -0.065503642 1.498
-0.013442382 -0.065503642 1.498
-0.010838872 -0.065503642 1.498
-0.0082353624 -0.065503642 1.498
-0.0056468905 -0.065678544 1.502
-0.0030364289 -0.065678544 1.502
-0.0004259673 -0.065678544 1.502
0.0021844944 -0.065678544 1.502
0.0047949562 -0.065678544 1.502
0.007405418 -0.065678544 1.502
0.01001588 -0.065678544 1.502
0.012626342 -0.065678544 1.502
0.015236803 -0.065678544 1.502
0.017847264 -0.065678544 1.502
0.020457726 -0.065678544 1.502
0.023068188 -0.065678544 1.502
0.02567865 -0.065678544 1.502
0.028289111 -0.065678544 1.502
0.03096129 -0.065809734 1.505
0.033576965 -0.065809734 1.505
0.036192641 -0.065809734 1.505
0.038808316 -0.065809734 1.505
0.041423991 -0.065809734 1.505
0.04403967 -0.065809734 1.505
0.046748348 -0.065940917 1.508
0.049369235 -0.065940917 1.508
0.051990125 -0.065940917 1.508
0.054611016 -0.065940917 1.508
0.057231903 -0.065940917 1.508
0.059852794 -0.065940917 1.508
0.062473685 -0.065940917 1.508
0.064965077 -0.065809734 1.505
0.067580752 -0.065809734 1.505
0.070196427 -0.065809734 1.505
0.072812103 -0.065809734 1.505
0.075277425 -0.065678544 1.502
0.077887885 -0.065678544 1.502
0.080498345 -0.065678544 1.502
0.083108805 -0.065678544 1.502
0.085490994 -0.065503642 1.498
0.088094503 -0.065503642 1.498
0.090940192 -0.065678544 1.502
0.093550652 -0.065678544 1.502
0.096161112 -0.065678544 1.502
0.09877158 -0.065678544 1.502
0.10138204 -0.065678544 1.502
0.10371556 -0.065503642 1.498
0.10631907 -0.065503642 1.498
0.10892258 -0.065503642 1.498
0.11152609 -0.065503642 1.498
0.1141296 -0.065503642 1.498
0.11673311 -0.065503642 1.498
0.11933662 -0.065503642 1.498
0.12194013 -0.065503642 1.498
0.12454364 -0.065503642 1.498
0.12689251 -0.06537246 1.495
0.12949081 -0.06537246 1.495
0.13235417 -0.065503642 1.498
0.13495767 -0.065503642 1.498
0.13756119 -0.065503642 1.498
0.1401647 -0.065503642 1.498
0.1427682 -0.065503642 1.498
0.14537172 -0.065503642 1.498
0.14797522 -0.065503642 1.498
0.15057874 -0.065503642 1.498
0.15318225 -0.065503642 1.498
0.15578575 -0.065503642 1.498
0.15838927 -0.065503642 1.498
0.16099277 -0.065503642 1.498
0.16326866 -0.06537246 1.495
0.16586696 -0.06537246 1.495
0.16846524 -0.06537246 1.495
0.17106354 -0.06537246 1.495
0.17366184 -0.06537246 1.495
0.17590643 -0.065241277 1.492
0.17849952 -0.065241277 1.492
0.18109259 -0.065241277 1.492
0.18405502 -0.06537246 1.495
0.18665332 -0.06537246 1.495
0.18925162 -0.06537246 1.495
0.19223489 -0.065503642 1.498
0.1948384 -0.065503642 1.498
0.19744192 -0.065503642 1.498
-0.19882105 -0.063068084 1.502
-0.19621059 -0.063068084 1.502
-0.19360013 -0.063068084 1.502
-0.19098967 -0.063068084 1.502
-0.18837921 -0.063068084 1.502
-0.18527403 -0.062900133 1.498
-0.18267052 -0.062900133 1.498
-0.18006702 -0.062900133 1.498
-0.17710809 -0.062774159 1.495
-0.17450981 -0.062774159 1.495
-0.17191151 -0.062774159 1.495
-0.16931321 -0.062774159 1.495
-0.16671492 -0.062774159 1.495
-0.16411662 -0.062774159 1.495
-0.16184244 -0.062900133 1.498
-0.15923893 -0.062900133 1.498
-0.15663542 -0.062900133 1.498
-0.15403192 -0.062900133 1.498
-0.1514284 -0.062900133 1.498
-0.14882489 -0.062900133 1.498
-0.14661182 -0.063068084 1.502
-0.14400136 -0.063068084 1.502
-0.1413909 -0.063068084 1.502
-0.13878043 -0.063068084 1.502
-0.13616997 -0.063068084 1.502
-0.13355951 -0.063068084 1.502
-0.13094905 -0.063068084 1.502
-0.12833859 -0.063068084 1.502
-0.12572813 -0.063068084 1.502
-0.12311767 -0.063068084 1.502
-0.1205072 -0.063068084 1.502
-0.11789674 -0.063068084 1.502
-0.11528628 -0.063068084 1.502
-0.11267582 -0.063068084 1.502
-0.11006536 -0.063068084 1.502
-0.10716873 -0.062900133 1.498
-0.10456523 -0.062900133 1.498
-0.10196172 -0.062900133 1.498
-0.099358208 -0.062900133 1.498
-0.0967547 -0.062900133 1.498
-0.094151184 -0.062900133 1.498
-0.091547675 -0.062900133 1.498
-0.088944167 -0.062900133 1.498
-0.086340658 -0.062900133 1.498
-0.08373715 -0.062900133 1.498
-0.081133634 -0.062900133 1.498
-0.078530125 -0.062900133 1.498
-0.075926617 -0.062900133 1.498
-0.073323108 -0.062900133 1.498
-0.0707196 -0.062900133 1.498
-0.067979671 -0.062774159 1.495
-0.065381378 -0.062774159 1.495
-0.062783085 -0.062774159 1.495
-0.060184784 -0.062774159 1.495
-0.057586491 -0.062774159 1.495
-0.054988194 -0.062774159 1.495
-0.052389897 -0.062774159 1.495
-0.049791604 -0.062774159 1.495
-0.047288008 -0.062900133 1.498
-0.0446845 -0.062900133 1.498
-0.042080991 -0.062900133 1.498
-0.039477479 -0.062900133 1.498
-0.03687397 -0.062900133 1.498
-0.034270462 -0.062900133 1.498
-0.031666949 -0.062900133 1.498
-0.029063441 -0.062900133 1.498
-0.02645993 -0.062900133 1.498
-0.023856422 -0.062900133 1.498
-0.021252912 -0.062900133 1.498
-0.018649401 -0.062900133 1.498
-0.016045893 -0.062900133 1.498
-0.013442382 -0.062900133 1.498
-0.010838872 -0.062900133 1.498
-0.0082573527 -0.063068084 1.502
-0.0056468905 -0.063068084 1.502
-0.0030364289 -0.063068084 1.502
-0.0004259673 -0.063068084 1.502
0.0021844944 -0.063068084 1.502
0.0047949562 -0.063068084 1.502
0.007405418 -0.063068084 1.502
0.01001588 -0.063068084 1.502
0.012626342 -0.063068084 1.502
0.015236803 -0.063068084 1.502
0.017847264 -0.063068084 1.502
0.020457726 -0.063068084 1.502
0.023068188 -0.063068084 1.502
0.02567865 -0.063068084 1.502
0.028289111 -0.063068084 1.502
0.030899573 -0.063068084 1.502
0.033576965 -0.063194059 1.505
0.036192641 -0.063194059 1.505
0.038808316 -0.063194059 1.505
0.041423991 -0.063194059 1.505
0.04403967 -0.063194059 1.505
0.046748348 -0.063320026 1.508
0.049369235 -0.063320026 1.508
0.051990125 -0.063320026 1.508
0.054611016 -0.063320026 1.508
0.057231903 -0.063320026 1.508
0.059852794 -0.063320026 1.508
0.062473685 -0.063320026 1.508
0.065094575 -0.063320026 1.508
0.067580752 -0.063194059 1.505
0.070196427 -0.063194059 1.505
0.072812103 -0.063194059 1.505
0.075277425 -0.063068084 1.502
0.077887885 -0.063068084 1.502
0.080498345 -0.063068084 1.502
0.083108805 -0.063068084 1.502
0.085490994 -0.062900133 1.498
0.088094503 -0.062900133 1.498
0.090698011 -0.062900133 1.498
0.093550652 -0.063068084 1.502
0.096161112 -0.063068084 1.502
0.09877158 -0.063068084 1.502
0.10138204 -0.063068084 1.502
0.10371556 -0.062900133 1.498
0.10631907 -0.062900133 1.498
0.10892258 -0.062900133 1.498
0.11152609 -0.062900133 1.498
0.1141296 -0.062900133 1.498
0.11673311 -0.062900133 1.498
0.11933662 -0.062900133 1.498
0.12194013 -0.062900133 1.498
0.12454364 -0.062900133 1.498
0.12689251 -0.062774159 1.495
0.12949081 -0.062774159 1.495
0.13208911 -0.062774159 1.495
0.13468739 -0.062774159 1.495
0.13756119 -0.062900133 1.498
0.1401647 -0.062900133 1.498
0.1427682 -0.062900133 1.498
0.14537172 -0.062900133 1.498
0.14797522 -0.062900133 1.498
0.15057874 -0.062900133 1.498
0.15318225 -0.062900133 1.498
0.15578575 -0.062900133 1.498
0.15838927 -0.062900133 1.498
0.16099277 -0.062900133 1.498
0.16326866 -0.062774159 1.495
0.16586696 -0.062774159 1.495
0.16846524 -0.062774159 1.495
0.17106354 -0.062774159 1.495
0.17366184 -0.062774159 1.495
0.17626013 -0.062774159 1.495
0.17885843 -0.062774159 1.495
0.18109259 -0.062648192 1.492
0.18405502 -0.062774159 1.495
0.18665332 -0.062774159 1.495
0.18925162 -0.062774159 1.495
0.19223489 -0.062900133 1.498
0.1948384 -0.062900133 1.498
0.19744192 -0.062900133 1.498
-0.19882105 -0.060457624 1.502
-0.19621059 -0.060457624 1.502
-0.19360013 -0.060457624 1.502
-0.19098967 -0.060457624 1.502
-0.18837921 -0.060457624 1.502
-0.18576875 -0.060457624 1.502
-0.18267052 -0.060296621 1.498
-0.18006702 -0.060296621 1.498
-0.1774635 -0.060296621 1.498
-0.17450981 -0.060175866 1.495
-0.17225648 -0.060296621 1.498
-0.16965297 -0.060296621 1.498
-0.16704947 -0.060296621 1.498
-0.16444595 -0.060296621 1.498
-0.16184244 -0.060296621 1.498
-0.15923893 -0.060296621 1.498
-0.15663542 -0.060296621 1.498
-0.15403192 -0.060296621 1.498
-0.1514284 -0.060296621 1.498
-0.14882489 -0.060296621 1.498
-0.14622138 -0.060296621 1.498
-0.14361787 -0.060296621 1.498
-0.14101437 -0.060296621 1.498
-0.13841085 -0.060296621 1.498
-0.13580735 -0.060296621 1.498
-0.13320383 -0.060296621 1.498
-0.13094905 -0.060457624 1.502
-0.12833859 -0.060457624 1.502
-0.12572813 -0.060457624 1.502
-0.12311767 -0.060457624 1.502
-0.1207479 -0.06057838 1.505
-0.11813223 -0.06057838 1.505
-0.11551655 -0.06057838 1.505
-0.11267582 -0.060457624 1.502
-0.11006536 -0.060457624 1.502
-0.1074549 -0.060457624 1.502
-0.10484444 -0.060457624 1.502
-0.10196172 -0.060296621 1.498
-0.099358208 -0.060296621 1.498
-0.0967547 -0.060296621 1.498
-0.094151184 -0.060296621 1.498
-0.091547675 -0.060296621 1.498
-0.088944167 -0.060296621 1.498
-0.086340658 -0.060296621 1.498
-0.08373715 -0.060296621 1.498
-0.081133634 -0.060296621 1.498
-0.078530125 -0.060296621 1.498
-0.075926617 -0.060296621 1.498
-0.073323108 -0.060296621 1.498
-0.0707196 -0.060296621 1.498
-0.067979671 -0.060175866 1.495
-0.065381378 -0.060175866 1.495
-0.062783085 -0.060175866 1.495
-0.060184784 -0.060175866 1.495
-0.057586491 -0.060175866 1.495
-0.054988194 -0.060175866 1.495
-0.052389897 -0.060175866 1.495
-0.049791604 -0.060175866 1.495
-0.047288008 -0.060296621 1.498
-0.0446845 -0.060296621 1.498
-0.042080991 -0.060296621 1.498
-0.039477479 -0.060296621 1.498
-0.03687397 -0.060296621 1.498
-0.034270462 -0.060296621 1.498
-0.031666949 -0.060296621 1.498
-0.029063441 -0.060296621 1.498
-0.02645993 -0.060296621 1.498
-0.023856422 -0.060296621 1.498
-0.021252912 -0.060296621 1.498
-0.018649401 -0.060296621 1.498
-0.016045893 -0.060296621 1.498
-0.013442382 -0.060296621 1.498
-0.010838872 -0.060296621 1.498
-0.0082573527 -0.060457624 1.502
-0.0056468905 -0.060457624 1.502
-0.0030364289 -0.060457624 1.502
-0.0004259673 -0.060457624 1.502
0.0021844944 -0.060457624 1.502
0.0047949562 -0.060457624 1.502
0.007405418 -0.060457624 1.502
0.01001588 -0.060457624 1.502
0.012626342 -0.060457624 1.502
0.015236803 -0.060457624 1.502
0.017847264 -0.060457624 1.502
0.020457726 -0.060457624 1.502
0.023068188 -0.060457624 1.502
0.02567865 -0.060457624 1.502
0.028289111 -0.060457624 1.502
0.030899573 -0.060457624 1.502
0.033510033 -0.060457624 1.502
0.036192641 -0.06057838 1.505
0.038808316 -0.06057838 1.505
0.041423991 -0.06057838 1.505
0.04403967 -0.06057838 1.505
0.046748348 -0.060699135 1.508
0.049369235 -0.060699135 1.508
0.051990125 -0.060699135 1.508
0.054611016 -0.060699135 1.508
0.057231903 -0.060699135 1.508
0.059852794 -0.060699135 1.508
0.062473685 -0.060699135 1.508
0.065094575 -0.060699135 1.508
0.067580752 -0.06057838 1.505
0.070196427 -0.06057838 1.505
0.072812103 -0.06057838 1.505
0.075277425 -0.060457624 1.502
0.077887885 -0.060457624 1.502
0.080498345 -0.060457624 1.502
0.082887478 -0.060296621 1.498
0.085490994 -0.060296621 1.498
0.088094503 -0.060296621 1.498
0.090698011 -0.060296621 1.498
0.093550652 -0.060457624 1.502
0.096161112 -0.060457624 1.502
0.09877158 -0.060457624 1.502
0.10138204 -0.060457624 1.502
0.1039925 -0.060457624 1.502
0.10660296 -0.060457624 1.502
0.10892258 -0.060296621 1.498
0.11182389 -0.060457624 1.502
0.11443435 -0.060457624 1.502
0.11704481 -0.060457624 1.502
0.11933662 -0.060296621 1.498
0.12194013 -0.060296621 1.498
0.12454364 -0.060296621 1.498
0.12689251 -0.060175866 1.495
0.12949081 -0.060175866 1.495
0.13208911 -0.060175866 1.495
0.13468739 -0.060175866 1.495
0.13728569 -0.060175866 1.495
0.139884 -0.060175866 1.495
0.14248228 -0.060175866 1.495
0.14508058 -0.060175866 1.495
0.14767888 -0.060175866 1.495
0.15057874 -0.060296621 1.498
0.15318225 -0.060296621 1.498
0.15578575 -0.060296621 1.498
0.15838927 -0.060296621 1.498
0.16099277 -0.060296621 1.498
0.16326866 -0.060175866 1.495
0.16586696 -0.060175866 1.495
0.16846524 -0.060175866 1.495
0.17106354 -0.060175866 1.495
0.17366184 -0.060175866 1.495
0.17626013 -0.060175866 1.495
0.17885843 -0.060175866 1.495
0.18145673 -0.060175866 1.495
0.18405502 -0.060175866 1.495
0.18665332 -0.060175866 1.495
0.18925162 -0.060175866 1.495
0.1918499 -0.060175866 1.495
0.1948384 -0.060296621 1.498
0.19744192 -0.060296621 1.498
-0.19921817 -0.057962704 1.505
-0.19621059 -0.057847165 1.502
-0.19360013 -0.057847165 1.502
-0.19098967 -0.057847165 1.502
-0.18837921 -0.057847165 1.502
-0.18576875 -0.057847165 1.502
-0.18315829 -0.057847165 1.502
-0.18006702 -0.057693113 1.498
-0.1774635 -0.057693113 1.498
-0.17485999 -0.057693113 1.498
-0.17225648 -0.057693113 1.498
-0.16965297 -0.057693113 1.498
-0.16704947 -0.057693113 1.498
-0.16444595 -0.057693113 1.498
-0.1622746 -0.057847165 1.502
-0.15966412 -0.057847165 1.502
-0.15663542 -0.057693113 1.498
-0.15403192 -0.057693113 1.498
-0.1514284 -0.057693113 1.498
-0.14882489 -0.057693113 1.498
-0.14622138 -0.057693113 1.498
-0.14361787 -0.057693113 1.498
-0.14101437 -0.057693113 1.498
-0.13841085 -0.057693113 1.498
-0.13580735 -0.057693113 1.498
-0.13320383 -0.057693113 1.498
-0.13094905 -0.057847165 1.502
-0.12833859 -0.057847165 1.502
-0.12572813 -0.057847165 1.502
-0.12336358 -0.057962704 1.505
-0.1207479 -0.057962704 1.505
-0.11813223 -0.057962704 1.505
-0.11551655 -0.057962704 1.505
-0.11290088 -0.057962704 1.505
-0.11006536 -0.057847165 1.502
-0.1074549 -0.057847165 1.502
-0.10484444 -0.057847165 1.502
-0.10223398 -0.057847165 1.502
-0.099358208 -0.057693113 1.498
-0.0967547 -0.057693113 1.498
-0.094151184 -0.057693113 1.498
-0.091547675 -0.057693113 1.498
-0.088944167 -0.057693113 1.498
-0.086340658 -0.057693113 1.498
-0.08373715 -0.057693113 1.498
-0.081133634 -0.057693113 1.498
-0.078530125 -0.057693113 1.498
-0.075926617 -0.057693113 1.498
-0.073323108 -0.057693113 1.498
-0.0707196 -0.057693113 1.498
-0.068116091 -0.057693113 1.498
-0.065381378 -0.057577569 1.495
-0.062783085 -0.057577569 1.495
-0.060184784 -0.057577569 1.495
-0.057586491 -0.057577569 1.495
-0.054988194 -0.057577569 1.495
-0.052389897 -0.057577569 1.495
-0.04989152 -0.057693113 1.498
-0.047288008 -0.057693113 1.498
-0.0446845 -0.057693113 1.498
-0.042080991 -0.057693113 1.498
-0.039477479 -0.057693113 1.498
-0.03687397 -0.057693113 1.498
-0.034270462 -0.057693113 1.498
-0.031666949 -0.057693113 1.498
-0.029063441 -0.057693113 1.498
-0.02645993 -0.057693113 1.498
-0.023856422 -0.057693113 1.498
-0.021252912 -0.057693113 1.498
-0.018649401 -0.057693113 1.498
-0.016045893 -0.057693113 1.498
-0.013442382 -0.057693113 1.498
-0.010838872 -0.057693113 1.498
-0.0082353624 -0.057693113 1.498
-0.0056468905 -0.057847165 1.502
-0.0030364289 -0.057847165 1.502
-0.0004259673 -0.057847165 1.502
0.0021844944 -0.057847165 1.502
0.0047949562 -0.057847165 1.502
0.0073856968 -0.057693113 1.498
0.0099892067 -0.057693113 1.498
0.012592716 -0.057693113 1.498
0.015196226 -0.057693113 1.498
0.017799735 -0.057693113 1.498
0.020403245 -0.057693113 1.498
0.023006756 -0.057693113 1.498
0.025610264 -0.057693113 1.498
0.028213775 -0.057693113 1.498
0.030899573 -0.057847165 1.502
0.033510033 -0.057847165 1.502
0.036120497 -0.057847165 1.502
0.038808316 -0.057962704 1.505
0.041423991 -0.057962704 1.505
0.04403967 -0.057962704 1.505
0.046748348 -0.058078244 1.508
0.049369235 -0.058078244 1.508
0.051990125 -0.058078244 1.508
0.054611016 -0.058078244 1.508
0.057231903 -0.058078244 1.508
0.059852794 -0.058078244 1.508
0.062473685 -0.058078244 1.508
0.065094575 -0.058078244 1.508
0.067715466 -0.058078244 1.508
0.070196427 -0.057962704 1.505
0.072666958 -0.057847165 1.502
0.075277425 -0.057847165 1.502
0.077887885 -0.057847165 1.502
0.08028397 -0.057693113 1.498
0.082887478 -0.057693113 1.498
0.085490994 -0.057693113 1.498
0.088094503 -0.057693113 1.498
0.090698011 -0.057693113 1.498
0.09330152 -0.057693113 1.498
0.096161112 -0.057847165 1.502
0.09877158 -0.057847165 1.502
0.10138204 -0.057847165 1.502
0.1039925 -0.057847165 1.502
0.10660296 -0.057847165 1.502
0.10921343 -0.057847165 1.502
0.11182389 -0.057847165 1.502
0.11443435 -0.057847165 1.502
0.11704481 -0.057847165 1.502
0.11965527 -0.057847165 1.502
0.12194013 -0.057693113 1.498
0.12454364 -0.057693113 1.498
0.12714715 -0.057693113 1.498
0.12975065 -0.057693113 1.498
0.13208911 -0.057577569 1.495
0.13468739 -0.057577569 1.495
0.13728569 -0.057577569 1.495
0.139884 -0.057577569 1.495
0.14248228 -0.057577569 1.495
0.14508058 -0.057577569 1.495
0.14767888 -0.057577569 1.495
0.15057874 -0.057693113 1.498
0.15318225 -0.057693113 1.498
0.15578575 -0.057693113 1.498
0.15838927 -0.057693113 1.498
0.16067035 -0.057577569 1.495
0.16326866 -0.057577569 1.495
0.16586696 -0.057577569 1.495
0.16846524 -0.057577569 1.495
0.17106354 -0.057577569 1.495
0.17366184 -0.057577569 1.495
0.17626013 -0.057577569 1.495
0.17885843 -0.057577569 1.495
0.18145673 -0.057577569 1.495
0.18405502 -0.057577569 1.495
0.18665332 -0.057577569 1.495
0.18925162 -0.057577569 1.495
0.1918499 -0.057577569 1.495
0.1948384 -0.057693113 1.498
0.19744192 -0.057693113 1.498
-0.19921817 -0.055347029 1.505
-0.19660249 -0.055347029 1.505
-0.19360013 -0.055236701 1.502
-0.19098967 -0.055236701 1.502
-0.18837921 -0.055236701 1.502
-0.18576875 -0.055236701 1.502
-0.18315829 -0.055236701 1.502
-0.18006702 -0.0550896 1.498
-0.1774635 -0.0550896 1.498
-0.17485999 -0.0550896 1.498
-0.17225648 -0.0550896 1.498
-0.16965297 -0.0550896 1.498
-0.16704947 -0.0550896 1.498
-0.16488506 -0.055236701 1.502
-0.1622746 -0.055236701 1.502
-0.15966412 -0.055236701 1.502
-0.15705366 -0.055236701 1.502
-0.15403192 -0.0550896 1.498
-0.1514284 -0.0550896 1.498
-0.14882489 -0.0550896 1.498
-0.14622138 -0.0550896 1.498
-0.14361787 -0.0550896 1.498
-0.14101437 -0.0550896 1.498
-0.13841085 -0.0550896 1.498
-0.13580735 -0.0550896 1.498
-0.13320383 -0.0550896 1.498
-0.13060032 -0.0550896 1.498
-0.12833859 -0.055236701 1.502
-0.12572813 -0.055236701 1.502
-0.12336358 -0.055347029 1.505
-0.1207479 -0.055347029 1.505
-0.11813223 -0.055347029 1.505
-0.11551655 -0.055347029 1.505
-0.11290088 -0.055347029 1.505
-0.1102852 -0.055347029 1.505
-0.1074549 -0.055236701 1.502
-0.10484444 -0.055236701 1.502
-0.10223398 -0.055236701 1.502
-0.099623509 -0.055236701 1.502
-0.0967547 -0.0550896 1.498
-0.094151184 -0.0550896 1.498
-0.091547675 -0.0550896 1.498
-0.088944167 -0.0550896 1.498
-0.086340658 -0.0550896 1.498
-0.08373715 -0.0550896 1.498
-0.081133634 -0.0550896 1.498
-0.078530125 -0.0550896 1.498
-0.075926617 -0.0550896 1.498
-0.073323108 -0.0550896 1.498
-0.0707196 -0.0550896 1.498
-0.068116091 -0.0550896 1.498
-0.065512575 -0.0550896 1.498
-0.062783085 -0.054979276 1.495
-0.060184784 -0.054979276 1.495
-0.057586491 -0.054979276 1.495
-0.054988194 -0.054979276 1.495
-0.052495029 -0.0550896 1.498
-0.04989152 -0.0550896 1.498
-0.047288008 -0.0550896 1.498
-0.0446845 -0.0550896 1.498
-0.042080991 -0.0550896 1.498
-0.039477479 -0.0550896 1.498
-0.03687397 -0.0550896 1.498
-0.034270462 -0.0550896 1.498
-0.031666949 -0.0550896 1.498
-0.029063441 -0.0550896 1.498
-0.02645993 -0.0550896 1.498
-0.023856422 -0.0550896 1.498
-0.021252912 -0.0550896 1.498
-0.018649401 -0.0550896 1.498
-0.016045893 -0.0550896 1.498
-0.013442382 -0.0550896 1.498
-0.010838872 -0.0550896 1.498
-0.0082573527 -0.055236701 1.502
-0.0056468905 -0.055236701 1.502
-0.0030364289 -0.055236701 1.502
-0.00042483292 -0.0550896 1.498
0.0021844944 -0.055236701 1.502
0.0047821868 -0.0550896 1.498
0.0073856968 -0.0550896 1.498
0.0099892067 -0.0550896 1.498
0.012592716 -0.0550896 1.498
0.015196226 -0.0550896 1.498
0.017799735 -0.0550896 1.498
0.020403245 -0.0550896 1.498
0.023006756 -0.0550896 1.498
0.025610264 -0.0550896 1.498
0.028213775 -0.0550896 1.498
0.030817285 -0.0550896 1.498
0.033510033 -0.055236701 1.502
0.036120497 -0.055236701 1.502
0.038808316 -0.055347029 1.505
0.041423991 -0.055347029 1.505
0.04403967 -0.055347029 1.505
0.046655346 -0.055347029 1.505
0.049271021 -0.055347029 1.505
0.051990125 -0.055457354 1.508
0.054611016 -0.055457354 1.508
0.057231903 -0.055457354 1.508
0.059852794 -0.055457354 1.508
0.062473685 -0.055457354 1.508
0.065094575 -0.055457354 1.508
0.067715466 -0.055457354 1.508
0.070196427 -0.055347029 1.505
0.072666958 -0.055236701 1.502
0.075277425 -0.055236701 1.502
0.077887885 -0.055236701 1.502
0.08028397 -0.0550896 1.498
0.082887478 -0.0550896 1.498
0.085490994 -0.0550896 1.498
0.088094503 -0.0550896 1.498
0.090698011 -0.0550896 1.498
0.09330152 -0.0550896 1.498
0.096161112 -0.055236701 1.502
0.09877158 -0.055236701 1.502
0.10138204 -0.055236701 1.502
0.1039925 -0.055236701 1.502
0.10660296 -0.055236701 1.502
0.10921343 -0.055236701 1.502
0.11182389 -0.055236701 1.502
0.11443435 -0.055236701 1.502
0.11704481 -0.055236701 1.502
0.11965527 -0.055236701 1.502
0.12194013 -0.0550896 1.498
0.12454364 -0.0550896 1.498
0.12714715 -0.0550896 1.498
0.12975065 -0.0550896 1.498
0.13235417 -0.0550896 1.498
0.13495767 -0.0550896 1.498
0.13728569 -0.054979276 1.495
0.139884 -0.054979276 1.495
0.14248228 -0.054979276 1.495
0.14508058 -0.054979276 1.495
0.14767888 -0.054979276 1.495
0.15057874 -0.0550896 1.498
0.15318225 -0.0550896 1.498
0.15578575 -0.0550896 1.498
0.15838927 -0.0550896 1.498
0.16099277 -0.0550896 1.498
0.16326866 -0.054979276 1.495
0.16586696 -0.054979276 1.495
0.16846524 -0.054979276 1.495
0.17106354 -0.054979276 1.495
0.17366184 -0.054979276 1.495
0.17626013 -0.054979276 1.495
0.17885843 -0.054979276 1.495
0.18145673 -0.054979276 1.495
0.18405502 -0.054979276 1.495
0.18665332 -0.054979276 1.495
0.18925162 -0.054979276 1.495
0.19223489 -0.0550896 1.498
0.1948384 -0.0550896 1.498
0.19744192 -0.0550896 1.498
-0.19921817 -0.052731354 1.505
-0.19660249 -0.052731354 1.505
-0.19398682 -0.052731354 1.505
-0.19098967 -0.052626241 1.502
-0.18837921 -0.052626241 1.502
-0.18576875 -0.052626241 1.502
-0.18315829 -0.052626241 1.502
-0.18006702 -0.052486092 1.498
-0.1774635 -0.052486092 1.498
-0.17485999 -0.052486092 1.498
-0.17225648 -0.052486092 1.498
-0.16965297 -0.052486092 1.498
-0.16704947 -0.052486092 1.498
-0.16488506 -0.052626241 1.502
-0.1622746 -0.052626241 1.502
-0.15966412 -0.052626241 1.502
-0.15705366 -0.052626241 1.502
-0.1544432 -0.052626241 1.502
-0.1514284 -0.052486092 1.498
-0.14882489 -0.052486092 1.498
-0.14622138 -0.052486092 1.498
-0.14361787 -0.052486092 1.498
-0.14101437 -0.052486092 1.498
-0.13841085 -0.052486092 1.498
-0.13580735 -0.052486092 1.498
-0.13320383 -0.052486092 1.498
-0.13060032 -0.052486092 1.498
-0.12833859 -0.052626241 1.502
-0.12572813 -0.052626241 1.502
-0.12336358 -0.052731354 1.505
-0.1207479 -0.052731354 1.505
-0.11813223 -0.052731354 1.505
-0.11574682 -0.052836467 1.508
-0.11290088 -0.052731354 1.505
-0.1102852 -0.052731354 1.505
-0.10766952 -0.052731354 1.505
-0.10484444 -0.052626241 1.502
-0.10223398 -0.052626241 1.502
-0.099623509 -0.052626241 1.502
-0.097013049 -0.052626241 1.502
-0.094402589 -0.052626241 1.502
-0.091547675 -0.052486092 1.498
-0.088944167 -0.052486092 1.498
-0.086340658 -0.052486092 1.498
-0.08373715 -0.052486092 1.498
-0.081133634 -0.052486092 1.498
-0.078530125 -0.052486092 1.498
-0.075926617 -0.052486092 1.498
-0.073323108 -0.052486092 1.498
-0.0707196 -0.052486092 1.498
-0.068116091 -0.052486092 1.498
-0.065512575 -0.052486092 1.498
-0.062909067 -0.052486092 1.498
-0.060305558 -0.052486092 1.498
-0.05770205 -0.052486092 1.498
-0.055098537 -0.052486092 1.498
-0.052495029 -0.052486092 1.498
-0.04989152 -0.052486092 1.498
-0.047288008 -0.052486092 1.498
-0.0446845 -0.052486092 1.498
-0.042080991 -0.052486092 1.498
-0.039477479 -0.052486092 1.498
-0.03687397 -0.052486092 1.498
-0.034270462 -0.052486092 1.498
-0.031666949 -0.052486092 1.498
-0.029063441 -0.052486092 1.498
-0.02645993 -0.052486092 1.498
-0.023856422 -0.052486092 1.498
-0.021252912 -0.052486092 1.498
-0.018649401 -0.052486092 1.498
-0.016045893 -0.052486092 1.498
-0.013442382 -0.052486092 1.498
-0.010838872 -0.052486092 1.498
-0.0082573527 -0.052626241 1.502
-0.0056468905 -0.052626241 1.502
-0.0030364289 -0.052626241 1.502
-0.00042483292 -0.052486092 1.498
0.0021786769 -0.052486092 1.498
0.0047821868 -0.052486092 1.498
0.0073856968 -0.052486092 1.498
0.0099892067 -0.052486092 1.498
0.012592716 -0.052486092 1.498
0.015165793 -0.052380979 1.495
0.017764088 -0.052380979 1.495
0.020362385 -0.052380979 1.495
0.02296068 -0.052380979 1.495
0.025610264 -0.052486092 1.498
0.028213775 -0.052486092 1.498
0.030817285 -0.052486092 1.498
0.033420794 -0.052486092 1.498
0.036120497 -0.052626241 1.502
0.038730957 -0.052626241 1.502
0.041423991 -0.052731354 1.505
0.04403967 -0.052731354 1.505
0.046655346 -0.052731354 1.505
0.049271021 -0.052731354 1.505
0.051990125 -0.052836467 1.508
0.054611016 -0.052836467 1.508
0.057231903 -0.052836467 1.508
0.059852794 -0.052836467 1.508
0.062473685 -0.052836467 1.508
0.065094575 -0.052836467 1.508
0.067580752 -0.052731354 1.505
0.070196427 -0.052731354 1.505
0.072666958 -0.052626241 1.502
0.075277425 -0.052626241 1.502
0.077680461 -0.052486092 1.498
0.08028397 -0.052486092 1.498
0.082887478 -0.052486092 1.498
0.085490994 -0.052486092 1.498
0.088094503 -0.052486092 1.498
0.090698011 -0.052486092 1.498
0.09330152 -0.052486092 1.498
0.095905028 -0.052486092 1.498
0.09877158 -0.052626241 1.502
0.10138204 -0.052626241 1.502
0.1039925 -0.052626241 1.502
0.10660296 -0.052626241 1.502
0.10921343 -0.052626241 1.502
0.11182389 -0.052626241 1.502
0.11443435 -0.052626241 1.502
0.11704481 -0.052626241 1.502
0.11965527 -0.052626241 1.502
0.12194013 -0.052486092 1.498
0.12454364 -0.052486092 1.498
0.12714715 -0.052486092 1.498
0.12975065 -0.052486092 1.498
0.13235417 -0.052486092 1.498
0.13495767 -0.052486092 1.498
0.13756119 -0.052486092 1.498
0.139884 -0.052380979 1.495
0.14248228 -0.052380979 1.495
0.14508058 -0.052380979 1.495
0.14767888 -0.052380979 1.495
0.15057874 -0.052486092 1.498
0.15318225 -0.052486092 1.498
0.15578575 -0.052486092 1.498
0.15838927 -0.052486092 1.498
0.16099277 -0.052486092 1.498
0.16326866 -0.052380979 1.495
0.16586696 -0.052380979 1.495
0.16846524 -0.052380979 1.495
0.17106354 -0.052380979 1.495
0.17366184 -0.052380979 1.495
0.17626013 -0.052380979 1.495
0.17885843 -0.052380979 1.495
0.18145673 -0.052380979 1.495
0.18405502 -0.052380979 1.495
0.18665332 -0.052380979 1.495
0.18925162 -0.052380979 1.495
0.19223489 -0.052486092 1.498
0.1948384 -0.052486092 1.498
0.19744192 -0.052486092 1.498
-0.19921817 -0.050115678 1.505
-0.19660249 -0.050115678 1.505
-0.19398682 -0.050115678 1.505
-0.19137114 -0.050115678 1.505
-0.18837921 -0.050015777 1.502
-0.18576875 -0.050015777 1.502
-0.18267052 -0.049882583 1.498
-0.18006702 -0.049882583 1.498
-0.1774635 -0.049882583 1.498
-0.17485999 -0.049882583 1.498
-0.17225648 -0.049882583 1.498
-0.16965297 -0.049882583 1.498
-0.16704947 -0.049882583 1.498
-0.16488506 -0.050015777 1.502
-0.1622746 -0.050015777 1.502
-0.15966412 -0.050015777 1.502
-0.15705366 -0.050015777 1.502
-0.1544432 -0.050015777 1.502
-0.15183274 -0.050015777 1.502
-0.14882489 -0.049882583 1.498
-0.14622138 -0.049882583 1.498
-0.14361787 -0.049882583 1.498
-0.14101437 -0.049882583 1.498
-0.13841085 -0.049882583 1.498
-0.13580735 -0.049882583 1.498
-0.13320383 -0.049882583 1.498
-0.13060032 -0.049882583 1.498
-0.12833859 -0.050015777 1.502
-0.12597924 -0.050115678 1.505
-0.12336358 -0.050115678 1.505
-0.12098859 -0.050215576 1.508
-0.11836771 -0.050215576 1.508
-0.11574682 -0.050215576 1.508
-0.11312593 -0.050215576 1.508
-0.1102852 -0.050115678 1.505
-0.10766952 -0.050115678 1.505
-0.10505385 -0.050115678 1.505
-0.10223398 -0.050015777 1.502
-0.099623509 -0.050015777 1.502
-0.097013049 -0.050015777 1.502
-0.094402589 -0.050015777 1.502
-0.091547675 -0.049882583 1.498
-0.088944167 -0.049882583 1.498
-0.086340658 -0.049882583 1.498
-0.08373715 -0.049882583 1.498
-0.081133634 -0.049882583 1.498
-0.078530125 -0.049882583 1.498
-0.075926617 -0.049882583 1.498
-0.073323108 -0.049882583 1.498
-0.0707196 -0.049882583 1.498
-0.068116091 -0.049882583 1.498
-0.065512575 -0.049882583 1.498
-0.062909067 -0.049882583 1.498
-0.060305558 -0.049882583 1.498
-0.05770205 -0.049882583 1.498
-0.055098537 -0.049882583 1.498
-0.052495029 -0.049882583 1.498
-0.04989152 -0.049882583 1.498
-0.047288008 -0.049882583 1.498
-0.0446845 -0.049882583 1.498
-0.042080991 -0.049882583 1.498
-0.039477479 -0.049882583 1.498
-0.03687397 -0.049882583 1.498
-0.034270462 -0.049882583 1.498
-0.03160353 -0.049782682 1.495
-0.029063441 -0.049882583 1.498
-0.02645993 -0.049882583 1.498
-0.023808645 -0.049782682 1.495
-0.021210348 -0.049782682 1.495
-0.018649401 -0.049882583 1.498
-0.016045893 -0.049882583 1.498
-0.013442382 -0.049882583 1.498
-0.010838872 -0.049882583 1.498
-0.0082573527 -0.050015777 1.502
-0.0056468905 -0.050015777 1.502
-0.0030364289 -0.050015777 1.502
-0.00042483292 -0.049882583 1.498
0.0021786769 -0.049882583 1.498
0.0047821868 -0.049882583 1.498
0.0073856968 -0.049882583 1.498
0.0099892067 -0.049882583 1.498
0.012567497 -0.049782682 1.495
0.015165793 -0.049782682 1.495
0.017764088 -0.049782682 1.495
0.020362385 -0.049782682 1.495
0.02296068 -0.049782682 1.495
0.025558976 -0.049782682 1.495
0.028157271 -0.049782682 1.495
0.030817285 -0.049882583 1.498
0.033420794 -0.049882583 1.498
0.036024306 -0.049882583 1.498
0.038730957 -0.050015777 1.502
0.04134142 -0.050015777 1.502
0.04403967 -0.050115678 1.505
0.046655346 -0.050115678 1.505
0.049271021 -0.050115678 1.505
0.051886696 -0.050115678 1.505
0.054611016 -0.050215576 1.508
0.057231903 -0.050215576 1.508
0.059852794 -0.050215576 1.508
0.062473685 -0.050215576 1.508
0.064965077 -0.050115678 1.505
0.067580752 -0.050115678 1.505
0.070056498 -0.050015777 1.502
0.072666958 -0.050015777 1.502
0.075076953 -0.049882583 1.498
0.077680461 -0.049882583 1.498
0.08028397 -0.049882583 1.498
0.082887478 -0.049882583 1.498
0.085490994 -0.049882583 1.498
0.088094503 -0.049882583 1.498
0.090698011 -0.049882583 1.498
0.09330152 -0.049882583 1.498
0.095905028 -0.049882583 1.498
0.098508537 -0.049882583 1.498
0.10111205 -0.049882583 1.498
0.10371556 -0.049882583 1.498
0.10660296 -0.050015777 1.502
0.10892258 -0.049882583 1.498
0.11182389 -0.050015777 1.502
0.11443435 -0.050015777 1.502
0.11704481 -0.050015777 1.502
0.11965527 -0.050015777 1.502
0.12226573 -0.050015777 1.502
0.12454364 -0.049882583 1.498
0.12714715 -0.049882583 1.498
0.12975065 -0.049882583 1.498
0.13235417 -0.049882583 1.498
0.13495767 -0.049882583 1.498
0.13756119 -0.049882583 1.498
0.1401647 -0.049882583 1.498
0.14248228 -0.049782682 1.495
0.14508058 -0.049782682 1.495
0.14767888 -0.049782682 1.495
0.15057874 -0.049882583 1.498
0.15318225 -0.049882583 1.498
0.15578575 -0.049882583 1.498
0.15838927 -0.049882583 1.498
0.16099277 -0.049882583 1.498
0.16359629 -0.049882583 1.498
0.16586696 -0.049782682 1.495
0.16846524 -0.049782682 1.495
0.17140682 -0.049882583 1.498
0.17401032 -0.049882583 1.498
0.17661384 -0.049882583 1.498
0.17921734 -0.049882583 1.498
0.18182085 -0.049882583 1.498
0.18442437 -0.049882583 1.498
0.18702787 -0.049882583 1.498
0.18963139 -0.049882583 1.498
0.19223489 -0.049882583 1.498
0.1948384 -0.049882583 1.498
0.19744192 -0.049882583 1.498
-0.19921817 -0.047499999 1.505
-0.19660249 -0.047499999 1.505
-0.19398682 -0.047499999 1.505
-0.19137114 -0.047499999 1.505
-0.18837921 -0.047405317 1.502
-0.18576875 -0.047405317 1.502
-0.18267052 -0.047279071 1.498
-0.18006702 -0.047279071 1.498
-0.1774635 -0.047279071 1.498
-0.17485999 -0.047279071 1.498
-0.17225648 -0.047279071 1.498
-0.16965297 -0.047279071 1.498
-0.16749552 -0.047405317 1.502
-0.16488506 -0.047405317 1.502
-0.1622746 -0.047405317 1.502
-0.15966412 -0.047405317 1.502
-0.15705366 -0.047405317 1.502
-0.1544432 -0.047405317 1.502
-0.15183274 -0.047405317 1.502
-0.14922228 -0.047405317 1.502
-0.14661182 -0.047405317 1.502
-0.14361787 -0.047279071 1.498
-0.14101437 -0.047279071 1.498
-0.13841085 -0.047279071 1.498
-0.13580735 -0.047279071 1.498
-0.13320383 -0.047279071 1.498
-0.13060032 -0.047279071 1.498
-0.12833859 -0.047405317 1.502
-0.12597924 -0.047499999 1.505
-0.12336358 -0.047499999 1.505
-0.12098859 -0.047594685 1.508
-0.11836771 -0.047594685 1.508
-0.11574682 -0.047594685 1.508
-0.11312593 -0.047594685 1.508
-0.1102852 -0.047499999 1.505
-0.10766952 -0.047499999 1.505
-0.10505385 -0.047499999 1.505
-0.10243817 -0.047499999 1.505
-0.099623509 -0.047405317 1.502
-0.097013049 -0.047405317 1.502
-0.094402589 -0.047405317 1.502
-0.091547675 -0.047279071 1.498
-0.088944167 -0.047279071 1.498
-0.086340658 -0.047279071 1.498
-0.08373715 -0.047279071 1.498
-0.081133634 -0.047279071 1.498
-0.078739822 -0.047405317 1.502
-0.075926617 -0.047279071 1.498
-0.073323108 -0.047279071 1.498
-0.0707196 -0.047279071 1.498
-0.068116091 -0.047279071 1.498
-0.065512575 -0.047279071 1.498
-0.062909067 -0.047279071 1.498
-0.060305558 -0.047279071 1.498
-0.05770205 -0.047279071 1.498
-0.055098537 -0.047279071 1.498
-0.052495029 -0.047279071 1.498
-0.04989152 -0.047279071 1.498
-0.047288008 -0.047279071 1.498
-0.0446845 -0.047279071 1.498
-0.042080991 -0.047279071 1.498
-0.039477479 -0.047279071 1.498
-0.036800124 -0.047184385 1.495
-0.034201827 -0.047184385 1.495
-0.03160353 -0.047184385 1.495
-0.029005237 -0.047184385 1.495
-0.02640694 -0.047184385 1.495
-0.023808645 -0.047184385 1.495
-0.021210348 -0.047184385 1.495
-0.018612053 -0.047184385 1.495
-0.016045893 -0.047279071 1.498
-0.013442382 -0.047279071 1.498
-0.010838872 -0.047279071 1.498
-0.0082573527 -0.047405317 1.502
-0.0056468905 -0.047405317 1.502
-0.0030283427 -0.047279071 1.498
-0.00042483292 -0.047279071 1.498
0.0021786769 -0.047279071 1.498
0.0047821868 -0.047279071 1.498
0.0073856968 -0.047279071 1.498
0.0099692009 -0.047184385 1.495
0.012567497 -0.047184385 1.495
0.015165793 -0.047184385 1.495
0.017764088 -0.047184385 1.495
0.020362385 -0.047184385 1.495
0.02296068 -0.047184385 1.495
0.025558976 -0.047184385 1.495
0.028157271 -0.047184385 1.495
0.030817285 -0.047279071 1.498
0.033420794 -0.047279071 1.498
0.036024306 -0.047279071 1.498
0.038730957 -0.047405317 1.502
0.04134142 -0.047405317 1.502
0.04395188 -0.047405317 1.502
0.046562344 -0.047405317 1.502
0.049172804 -0.047405317 1.502
0.051886696 -0.047499999 1.505
0.054502372 -0.047499999 1.505
0.057118047 -0.047499999 1.505
0.059733722 -0.047499999 1.505
0.062349398 -0.047499999 1.505
0.064965077 -0.047499999 1.505
0.067446038 -0.047405317 1.502
0.070056498 -0.047405317 1.502
0.072473444 -0.047279071 1.498
0.075076953 -0.047279071 1.498
0.077680461 -0.047279071 1.498
0.08028397 -0.047279071 1.498
0.082887478 -0.047279071 1.498
0.085490994 -0.047279071 1.498
0.088094503 -0.047279071 1.498
0.090698011 -0.047279071 1.498
0.09330152 -0.047279071 1.498
0.095905028 -0.047279071 1.498
0.098508537 -0.047279071 1.498
0.10111205 -0.047279071 1.498
0.10371556 -0.047279071 1.498
0.10631907 -0.047279071 1.498
0.10892258 -0.047279071 1.498
0.11152609 -0.047279071 1.498
0.1141296 -0.047279071 1.498
0.11704481 -0.047405317 1.502
0.11933662 -0.047279071 1.498
0.12194013 -0.047279071 1.498
0.12454364 -0.047279071 1.498
0.12714715 -0.047279071 1.498
0.12975065 -0.047279071 1.498
0.13235417 -0.047279071 1.498
0.13495767 -0.047279071 1.498
0.13756119 -0.047279071 1.498
0.1401647 -0.047279071 1.498
0.1427682 -0.047279071 1.498
0.14508058 -0.047184385 1.495
0.14767888 -0.047184385 1.495
0.15057874 -0.047279071 1.498
0.15318225 -0.047279071 1.498
0.15578575 -0.047279071 1.498
0.15838927 -0.047279071 1.498
0.16099277 -0.047279071 1.498
0.16359629 -0.047279071 1.498
0.16619979 -0.047279071 1.498
0.1688033 -0.047279071 1.498
0.17140682 -0.047279071 1.498
0.17401032 -0.047279071 1.498
0.17661384 -0.047279071 1.498
0.17921734 -0.047279071 1.498
0.18182085 -0.047279071 1.498
0.18442437 -0.047279071 1.498
0.18702787 -0.047279071 1.498
0.18963139 -0.047279071 1.498
0.19223489 -0.047279071 1.498
0.1948384 -0.047279071 1.498
0.19744192 -0.047279071 1.498
-0.19961528 -0.044973798 1.508
-0.19660249 -0.044884324 1.505
-0.19398682 -0.044884324 1.505
-0.19137114 -0.044884324 1.505
-0.18837921 -0.044794854 1.502
-0.18527403 -0.044675563 1.498
-0.18267052 -0.044675563 1.498
-0.18006702 -0.044675563 1.498
-0.1774635 -0.044675563 1.498
-0.17485999 -0.044675563 1.498
-0.17225648 -0.044675563 1.498
-0.16965297 -0.044675563 1.498
-0.16749552 -0.044794854 1.502
-0.16488506 -0.044794854 1.502
-0.16259871 -0.044884324 1.505
-0.15998304 -0.044884324 1.505
-0.15705366 -0.044794854 1.502
-0.1544432 -0.044794854 1.502
-0.15183274 -0.044794854 1.502
-0.14922228 -0.044794854 1.502
-0.14661182 -0.044794854 1.502
-0.14400136 -0.044794854 1.502
-0.14101437 -0.044675563 1.498
-0.13841085 -0.044675563 1.498
-0.13580735 -0.044675563 1.498
-0.13320383 -0.044675563 1.498
-0.13060032 -0.044675563 1.498
-0.12833859 -0.044794854 1.502
-0.12572813 -0.044794854 1.502
-0.12336358 -0.044884324 1.505
-0.12098859 -0.044973798 1.508
-0.11836771 -0.044973798 1.508
-0.11574682 -0.044973798 1.508
-0.11312593 -0.044973798 1.508
-0.1102852 -0.044884324 1.505
-0.10766952 -0.044884324 1.505
-0.10505385 -0.044884324 1.505
-0.10243817 -0.044884324 1.505
-0.099623509 -0.044794854 1.502
-0.097013049 -0.044794854 1.502
-0.094402589 -0.044794854 1.502
-0.091547675 -0.044675563 1.498
-0.088944167 -0.044675563 1.498
-0.086340658 -0.044675563 1.498
-0.08373715 -0.044675563 1.498
-0.081133634 -0.044675563 1.498
-0.078739822 -0.044794854 1.502
-0.076129355 -0.044794854 1.502
-0.073518895 -0.044794854 1.502
-0.0707196 -0.044675563 1.498
-0.068116091 -0.044675563 1.498
-0.065512575 -0.044675563 1.498
-0.062909067 -0.044675563 1.498
-0.060305558 -0.044675563 1.498
-0.05770205 -0.044675563 1.498
-0.055098537 -0.044675563 1.498
-0.052495029 -0.044675563 1.498
-0.04989152 -0.044675563 1.498
-0.047288008 -0.044675563 1.498
-0.0446845 -0.044675563 1.498
-0.042080991 -0.044675563 1.498
-0.039477479 -0.044675563 1.498
-0.036800124 -0.044586092 1.495
-0.034201827 -0.044586092 1.495
-0.03160353 -0.044586092 1.495
-0.029005237 -0.044586092 1.495
-0.02640694 -0.044586092 1.495
-0.023808645 -0.044586092 1.495
-0.021210348 -0.044586092 1.495
-0.018612053 -0.044586092 1.495
-0.016045893 -0.044675563 1.498
-0.013442382 -0.044675563 1.498
-0.010838872 -0.044675563 1.498
-0.0082573527 -0.044794854 1.502
-0.0056468905 -0.044794854 1.502
-0.0030283427 -0.044675563 1.498
-0.00042483292 -0.044675563 1.498
0.0021786769 -0.044675563 1.498
0.0047821868 -0.044675563 1.498
0.0073856968 -0.044675563 1.498
0.0099692009 -0.044586092 1.495
0.012567497 -0.044586092 1.495
0.015165793 -0.044586092 1.495
0.017764088 -0.044586092 1.495
0.020362385 -0.044586092 1.495
0.02296068 -0.044586092 1.495
0.025558976 -0.044586092 1.495
0.028157271 -0.044586092 1.495
0.030755568 -0.044586092 1.495
0.033420794 -0.044675563 1.498
0.036024306 -0.044675563 1.498
0.038627815 -0.044675563 1.498
0.04134142 -0.044794854 1.502
0.04395188 -0.044794854 1.502
0.046562344 -0.044794854 1.502
0.049172804 -0.044794854 1.502
0.051783267 -0.044794854 1.502
0.054502372 -0.044884324 1.505
0.057118047 -0.044884324 1.505
0.059733722 -0.044884324 1.505
0.062349398 -0.044884324 1.505
0.064835578 -0.044794854 1.502
0.067446038 -0.044794854 1.502
0.069869936 -0.044675563 1.498
0.072473444 -0.044675563 1.498
0.075076953 -0.044675563 1.498
0.077680461 -0.044675563 1.498
0.08028397 -0.044675563 1.498
0.082887478 -0.044675563 1.498
0.085490994 -0.044675563 1.498
0.087918073 -0.044586092 1.495
0.090516374 -0.044586092 1.495
0.09330152 -0.044675563 1.498
0.095905028 -0.044675563 1.498
0.098508537 -0.044675563 1.498
0.10111205 -0.044675563 1.498
0.10371556 -0.044675563 1.498
0.10631907 -0.044675563 1.498
0.10892258 -0.044675563 1.498
0.11152609 -0.044675563 1.498
0.1141296 -0.044675563 1.498
0.11673311 -0.044675563 1.498
0.11933662 -0.044675563 1.498
0.12194013 -0.044675563 1.498
0.12454364 -0.044675563 1.498
0.12714715 -0.044675563 1.498
0.12975065 -0.044675563 1.498
0.13235417 -0.044675563 1.498
0.13495767 -0.044675563 1.498
0.13756119 -0.044675563 1.498
0.1401647 -0.044675563 1.498
0.1427682 -0.044675563 1.498
0.14537172 -0.044675563 1.498
0.14797522 -0.044675563 1.498
0.15057874 -0.044675563 1.498
0.15318225 -0.044675563 1.498
0.15578575 -0.044675563 1.498
0.15838927 -0.044675563 1.498
0.16099277 -0.044675563 1.498
0.16359629 -0.044675563 1.498
0.16619979 -0.044675563 1.498
0.1688033 -0.044675563 1.498
0.17140682 -0.044675563 1.498
0.17401032 -0.044675563 1.498
0.17661384 -0.044675563 1.498
0.17921734 -0.044675563 1.498
0.18182085 -0.044675563 1.498
0.18442437 -0.044675563 1.498
0.18702787 -0.044675563 1.498
0.18963139 -0.044675563 1.498
0.19223489 -0.044675563 1.498
0.1948384 -0.044675563 1.498
0.1970465 -0.044586092 1.495
0.19964479 -0.044586092 1.495
-0.19961528 -0.042352907 1.508
-0.19660249 -0.042268649 1.505
-0.19398682 -0.042268649 1.505
-0.19137114 -0.042268649 1.505
-0.18837921 -0.042184394 1.502
-0.18576875 -0.042184394 1.502
-0.18267052 -0.042072054 1.498
-0.18006702 -0.042072054 1.498
-0.1774635 -0.042072054 1.498
-0.17485999 -0.042072054 1.498
-0.17225648 -0.042072054 1.498
-0.17010598 -0.042184394 1.502
-0.16749552 -0.042184394 1.502
-0.16521439 -0.042268649 1.505
-0.16259871 -0.042268649 1.505
-0.15998304 -0.042268649 1.505
-0.15736736 -0.042268649 1.505
-0.15475169 -0.042268649 1.505
-0.15183274 -0.042184394 1.502
-0.14922228 -0.042184394 1.502
-0.14661182 -0.042184394 1.502
-0.14400136 -0.042184394 1.502
-0.1413909 -0.042184394 1.502
-0.13841085 -0.042072054 1.498
-0.13580735 -0.042072054 1.498
-0.13320383 -0.042072054 1.498
-0.13060032 -0.042072054 1.498
-0.12833859 -0.042184394 1.502
-0.12572813 -0.042184394 1.502
-0.12336358 -0.042268649 1.505
-0.1207479 -0.042268649 1.505
-0.11836771 -0.042352907 1.508
-0.11574682 -0.042352907 1.508
-0.11312593 -0.042352907 1.508
-0.1102852 -0.042268649 1.505
-0.10766952 -0.042268649 1.505
-0.10505385 -0.042268649 1.505
-0.10243817 -0.042268649 1.505
-0.099623509 -0.042184394 1.502
-0.097013049 -0.042184394 1.502
-0.094402589 -0.042184394 1.502
-0.091547675 -0.042072054 1.498
-0.088944167 -0.042072054 1.498
-0.086340658 -0.042072054 1.498
-0.08373715 -0.042072054 1.498
-0.081133634 -0.042072054 1.498
-0.078739822 -0.042184394 1.502
-0.076129355 -0.042184394 1.502
-0.073518895 -0.042184394 1.502
-0.070908435 -0.042184394 1.502
-0.068116091 -0.042072054 1.498
-0.065512575 -0.042072054 1.498
-0.062909067 -0.042072054 1.498
-0.060305558 -0.042072054 1.498
-0.05770205 -0.042072054 1.498
-0.055098537 -0.042072054 1.498
-0.052495029 -0.042072054 1.498
-0.04989152 -0.042072054 1.498
-0.047288008 -0.042072054 1.498
-0.0446845 -0.042072054 1.498
-0.042080991 -0.042072054 1.498
-0.039398421 -0.041987795 1.495
-0.036800124 -0.041987795 1.495
-0.034201827 -0.041987795 1.495
-0.03160353 -0.041987795 1.495
-0.029005237 -0.041987795 1.495
-0.02640694 -0.041987795 1.495
-0.023808645 -0.041987795 1.495
-0.021210348 -0.041987795 1.495
-0.018612053 -0.041987795 1.495
-0.016045893 -0.042072054 1.498
-0.013442382 -0.042072054 1.498
-0.010838872 -0.042072054 1.498
-0.0082353624 -0.042072054 1.498
-0.0056318524 -0.042072054 1.498
-0.0030283427 -0.042072054 1.498
-0.00042483292 -0.042072054 1.498
0.0021786769 -0.042072054 1.498
0.0047821868 -0.042072054 1.498
0.0073856968 -0.042072054 1.498
0.0099692009 -0.041987795 1.495
0.012567497 -0.041987795 1.495
0.015165793 -0.041987795 1.495
0.017764088 -0.041987795 1.495
0.020362385 -0.041987795 1.495
0.02296068 -0.041987795 1.495
0.025558976 -0.041987795 1.495
0.028157271 -0.041987795 1.495
0.030755568 -0.041987795 1.495
0.033420794 -0.042072054 1.498
0.036024306 -0.042072054 1.498
0.038627815 -0.042072054 1.498
0.041231323 -0.042072054 1.498
0.043834835 -0.042072054 1.498
0.046562344 -0.042184394 1.502
0.049172804 -0.042184394 1.502
0.051783267 -0.042184394 1.502
0.054393727 -0.042184394 1.502
0.057004191 -0.042184394 1.502
0.059614651 -0.042184394 1.502
0.062225115 -0.042184394 1.502
0.064835578 -0.042184394 1.502
0.06726642 -0.042072054 1.498
0.069869936 -0.042072054 1.498
0.072473444 -0.042072054 1.498
0.075076953 -0.042072054 1.498
0.077680461 -0.042072054 1.498
0.08028397 -0.042072054 1.498
0.082721487 -0.041987795 1.495
0.08531978 -0.041987795 1.495
0.087918073 -0.041987795 1.495
0.090516374 -0.041987795 1.495
0.093114667 -0.041987795 1.495
0.095905028 -0.042072054 1.498
0.098508537 -0.042072054 1.498
0.10111205 -0.042072054 1.498
0.10371556 -0.042072054 1.498
0.10631907 -0.042072054 1.498
0.10892258 -0.042072054 1.498
0.11152609 -0.042072054 1.498
0.1141296 -0.042072054 1.498
0.11673311 -0.042072054 1.498
0.11933662 -0.042072054 1.498
0.12194013 -0.042072054 1.498
0.12454364 -0.042072054 1.498
0.12714715 -0.042072054 1.498
0.12975065 -0.042072054 1.498
0.13270758 -0.042184394 1.502
0.13531804 -0.042184394 1.502
0.13756119 -0.042072054 1.498
0.1401647 -0.042072054 1.498
0.1427682 -0.042072054 1.498
0.14537172 -0.042072054 1.498
0.14797522 -0.042072054 1.498
0.15057874 -0.042072054 1.498
0.15318225 -0.042072054 1.498
0.15578575 -0.042072054 1.498
0.15838927 -0.042072054 1.498
0.16099277 -0.042072054 1.498
0.16359629 -0.042072054 1.498
0.16619979 -0.042072054 1.498
0.1688033 -0.042072054 1.498
0.17140682 -0.042072054 1.498
0.17401032 -0.042072054 1.498
0.17661384 -0.042072054 1.498
0.17921734 -0.042072054 1.498
0.18182085 -0.042072054 1.498
0.18442437 -0.042072054 1.498
0.18702787 -0.042072054 1.498
0.18963139 -0.042072054 1.498
0.19223489 -0.042072054 1.498
0.1944482 -0.041987795 1.495
0.1970465 -0.041987795 1.495
0.19964479 -0.041987795 1.495
-0.19921817 -0.039652973 1.505
-0.19660249 -0.039652973 1.505
-0.19398682 -0.039652973 1.505
-0.19137114 -0.039652973 1.505
-0.18837921 -0.03957393 1.502
-0.18576875 -0.03957393 1.502
-0.18267052 -0.039468542 1.498
-0.18006702 -0.039468542 1.498
-0.1774635 -0.039468542 1.498
-0.1753269 -0.03957393 1.502
-0.17271644 -0.03957393 1.502
-0.17044574 -0.039652973 1.505
-0.16783006 -0.039652973 1.505
-0.16521439 -0.039652973 1.505
-0.16259871 -0.039652973 1.505
-0.15998304 -0.039652973 1.505
-0.15736736 -0.039652973 1.505
-0.15475169 -0.039652973 1.505
-0.15213601 -0.039652973 1.505
-0.14922228 -0.03957393 1.502
-0.14661182 -0.03957393 1.502
-0.14400136 -0.03957393 1.502
-0.1413909 -0.03957393 1.502
-0.13878043 -0.03957393 1.502
-0.13580735 -0.039468542 1.498
-0.13320383 -0.039468542 1.498
-0.13060032 -0.039468542 1.498
-0.12833859 -0.03957393 1.502
-0.12572813 -0.03957393 1.502
-0.12336358 -0.039652973 1.505
-0.1207479 -0.039652973 1.505
-0.11813223 -0.039652973 1.505
-0.11551655 -0.039652973 1.505
-0.11290088 -0.039652973 1.505
-0.1102852 -0.039652973 1.505
-0.10766952 -0.039652973 1.505
-0.10505385 -0.039652973 1.505
-0.10223398 -0.03957393 1.502
-0.099623509 -0.03957393 1.502
-0.097013049 -0.03957393 1.502
-0.094151184 -0.039468542 1.498
-0.091547675 -0.039468542 1.498
-0.088944167 -0.039468542 1.498
-0.086340658 -0.039468542 1.498
-0.08373715 -0.039468542 1.498
-0.081133634 -0.039468542 1.498
-0.078530125 -0.039468542 1.498
-0.075926617 -0.039468542 1.498
-0.073323108 -0.039468542 1.498
-0.0707196 -0.039468542 1.498
-0.068297975 -0.03957393 1.502
-0.065687507 -0.03957393 1.502
-0.063077047 -0.03957393 1.502
-0.060466588 -0.03957393 1.502
-0.057856124 -0.03957393 1.502
-0.055098537 -0.039468542 1.498
-0.052495029 -0.039468542 1.498
-0.04989152 -0.039468542 1.498
-0.047288008 -0.039468542 1.498
-0.0446845 -0.039468542 1.498
-0.042080991 -0.039468542 1.498
-0.039477479 -0.039468542 1.498
-0.036800124 -0.039389499 1.495
-0.034201827 -0.039389499 1.495
-0.03160353 -0.039389499 1.495
-0.029005237 -0.039389499 1.495
-0.02640694 -0.039389499 1.495
-0.023808645 -0.039389499 1.495
-0.021210348 -0.039389499 1.495
-0.018612053 -0.039389499 1.495
-0.016045893 -0.039468542 1.498
-0.013442382 -0.039468542 1.498
-0.010838872 -0.039468542 1.498
-0.0082353624 -0.039468542 1.498
-0.0056318524 -0.039468542 1.498
-0.0030283427 -0.039468542 1.498
-0.00042483292 -0.039468542 1.498
0.0021786769 -0.039468542 1.498
0.0047821868 -0.039468542 1.498
0.0073709055 -0.039389499 1.495
0.0099692009 -0.039389499 1.495
0.012567497 -0.039389499 1.495
0.015165793 -0.039389499 1.495
0.017764088 -0.039389499 1.495
0.020362385 -0.039389499 1.495
0.02296068 -0.039389499 1.495
0.025558976 -0.039389499 1.495
0.028157271 -0.039389499 1.495
0.030755568 -0.039389499 1.495
0.033420794 -0.039468542 1.498
0.036024306 -0.039468542 1.498
0.038627815 -0.039468542 1.498
0.041231323 -0.039468542 1.498
0.043834835 -0.039468542 1.498
0.046438344 -0.039468542 1.498
0.049041852 -0.039468542 1.498
0.051645365 -0.039468542 1.498
0.054393727 -0.03957393 1.502
0.057004191 -0.03957393 1.502
0.059614651 -0.03957393 1.502
0.062225115 -0.03957393 1.502
0.064835578 -0.03957393 1.502
0.06726642 -0.039468542 1.498
0.069869936 -0.039468542 1.498
0.072473444 -0.039468542 1.498
0.075076953 -0.039468542 1.498
0.077680461 -0.039468542 1.498
0.08028397 -0.039468542 1.498
0.082721487 -0.039389499 1.495
0.08531978 -0.039389499 1.495
0.087918073 -0.039389499 1.495
0.090516374 -0.039389499 1.495
0.093114667 -0.039389499 1.495
0.09571296 -0.039389499 1.495
0.09831126 -0.039389499 1.495
0.10090955 -0.039389499 1.495
0.10371556 -0.039468542 1.498
0.10631907 -0.039468542 1.498
0.10892258 -0.039468542 1.498
0.11152609 -0.039468542 1.498
0.1141296 -0.039468542 1.498
0.11673311 -0.039468542 1.498
0.11933662 -0.039468542 1.498
0.12194013 -0.039468542 1.498
0.12454364 -0.039468542 1.498
0.12714715 -0.039468542 1.498
0.13009712 -0.03957393 1.502
0.13270758 -0.03957393 1.502
0.13531804 -0.03957393 1.502
0.1379285 -0.03957393 1.502
0.14053896 -0.03957393 1.502
0.1427682 -0.039468542 1.498
0.14537172 -0.039468542 1.498
0.14797522 -0.039468542 1.498
0.15057874 -0.039468542 1.498
0.15318225 -0.039468542 1.498
0.15578575 -0.039468542 1.498
0.15838927 -0.039468542 1.498
0.16099277 -0.039468542 1.498
0.16359629 -0.039468542 1.498
0.16619979 -0.039468542 1.498
0.1688033 -0.039468542 1.498
0.17140682 -0.039468542 1.498
0.17401032 -0.039468542 1.498
0.17661384 -0.039468542 1.498
0.17921734 -0.039468542 1.498
0.18182085 -0.039468542 1.498
0.18442437 -0.039468542 1.498
0.18702787 -0.039468542 1.498
0.18963139 -0.039468542 1.498
0.1918499 -0.039389499 1.495
0.1944482 -0.039389499 1.495
0.1970465 -0.039389499 1.495
0.19964479 -0.039389499 1.495
-0.19921817 -0.037037298 1.505
-0.19660249 -0.037037298 1.505
-0.19398682 -0.037037298 1.505
-0.19137114 -0.037037298 1.505
-0.18837921 -0.03696347 1.502
-0.18576875 -0.03696347 1.502
-0.18315829 -0.03696347 1.502
-0.18054782 -0.03696347 1.502
-0.17793736 -0.03696347 1.502
-0.1753269 -0.03696347 1.502
-0.17271644 -0.03696347 1.502
-0.17044574 -0.037037298 1.505
-0.16783006 -0.037037298 1.505
-0.16521439 -0.037037298 1.505
-0.16259871 -0.037037298 1.505
-0.15998304 -0.037037298 1.505
-0.15736736 -0.037037298 1.505
-0.15475169 -0.037037298 1.505
-0.15213601 -0.037037298 1.505
-0.14952034 -0.037037298 1.505
-0.14690466 -0.037037298 1.505
-0.14400136 -0.03696347 1.502
-0.1413909 -0.03696347 1.502
-0.13878043 -0.03696347 1.502
-0.13616997 -0.03696347 1.502
-0.13355951 -0.03696347 1.502
-0.13094905 -0.03696347 1.502
-0.12833859 -0.03696347 1.502
-0.12572813 -0.03696347 1.502
-0.12336358 -0.037037298 1.505
-0.1207479 -0.037037298 1.505
-0.11813223 -0.037037298 1.505
-0.11551655 -0.037037298 1.505
-0.11290088 -0.037037298 1.505
-0.1102852 -0.037037298 1.505
-0.10766952 -0.037037298 1.505
-0.10505385 -0.037037298 1.505
-0.10223398 -0.03696347 1.502
-0.099623509 -0.03696347 1.502
-0.097013049 -0.03696347 1.502
-0.094151184 -0.036865033 1.498
-0.091547675 -0.036865033 1.498
-0.088944167 -0.036865033 1.498
-0.086340658 -0.036865033 1.498
-0.08373715 -0.036865033 1.498
-0.081133634 -0.036865033 1.498
-0.078530125 -0.036865033 1.498
-0.075926617 -0.036865033 1.498
-0.073323108 -0.036865033 1.498
-0.0707196 -0.036865033 1.498
-0.068297975 -0.03696347 1.502
-0.065687507 -0.03696347 1.502
-0.063077047 -0.03696347 1.502
-0.060466588 -0.03696347 1.502
-0.057856124 -0.03696347 1.502
-0.055245664 -0.03696347 1.502
-0.0526352 -0.03696347 1.502
-0.05002474 -0.03696347 1.502
-0.047414277 -0.03696347 1.502
-0.0446845 -0.036865033 1.498
-0.042080991 -0.036865033 1.498
-0.039477479 -0.036865033 1.498
-0.036800124 -0.036791205 1.495
-0.034201827 -0.036791205 1.495
-0.03160353 -0.036791205 1.495
-0.029005237 -0.036791205 1.495
-0.02640694 -0.036791205 1.495
-0.023808645 -0.036791205 1.495
-0.021210348 -0.036791205 1.495
-0.018612053 -0.036791205 1.495
-0.016045893 -0.036865033 1.498
-0.013442382 -0.036865033 1.498
-0.010838872 -0.036865033 1.498
-0.0082353624 -0.036865033 1.498
-0.0056318524 -0.036865033 1.498
-0.0030283427 -0.036865033 1.498
-0.00042483292 -0.036865033 1.498
0.0021786769 -0.036865033 1.498
0.0047821868 -0.036865033 1.498
0.0073709055 -0.036791205 1.495
0.0099692009 -0.036791205 1.495
0.012567497 -0.036791205 1.495
0.015165793 -0.036791205 1.495
0.017764088 -0.036791205 1.495
0.020362385 -0.036791205 1.495
0.02296068 -0.036791205 1.495
0.025558976 -0.036791205 1.495
0.028157271 -0.036791205 1.495
0.030755568 -0.036791205 1.495
0.033420794 -0.036865033 1.498
0.036024306 -0.036865033 1.498
0.038627815 -0.036865033 1.498
0.041231323 -0.036865033 1.498
0.043834835 -0.036865033 1.498
0.046438344 -0.036865033 1.498
0.049041852 -0.036865033 1.498
0.051645365 -0.036865033 1.498
0.054248873 -0.036865033 1.498
0.057004191 -0.03696347 1.502
0.059614651 -0.03696347 1.502
0.062225115 -0.03696347 1.502
0.064662911 -0.036865033 1.498
0.06726642 -0.036865033 1.498
0.069869936 -0.036865033 1.498
0.072328299 -0.036791205 1.495
0.0749266 -0.036791205 1.495
0.077524893 -0.036791205 1.495
0.08028397 -0.036865033 1.498
0.082721487 -0.036791205 1.495
0.08531978 -0.036791205 1.495
0.087918073 -0.036791205 1.495
0.090516374 -0.036791205 1.495
0.093114667 -0.036791205 1.495
0.09571296 -0.036791205 1.495
0.09831126 -0.036791205 1.495
0.10111205 -0.036865033 1.498
0.10371556 -0.036865033 1.498
0.10631907 -0.036865033 1.498
0.10892258 -0.036865033 1.498
0.11152609 -0.036865033 1.498
0.1141296 -0.036865033 1.498
0.11673311 -0.036865033 1.498
0.11933662 -0.036865033 1.498
0.12194013 -0.036865033 1.498
0.12454364 -0.036865033 1.498
0.12714715 -0.036865033 1.498
0.13009712 -0.03696347 1.502
0.13270758 -0.03696347 1.502
0.13531804 -0.03696347 1.502
0.1379285 -0.03696347 1.502
0.14053896 -0.03696347 1.502
0.14314942 -0.03696347 1.502
0.14537172 -0.036865033 1.498
0.14797522 -0.036865033 1.498
0.15057874 -0.036865033 1.498
0.15318225 -0.036865033 1.498
0.15578575 -0.036865033 1.498
0.15838927 -0.036865033 1.498
0.16099277 -0.036865033 1.498
0.16359629 -0.036865033 1.498
0.16619979 -0.036865033 1.498
0.1688033 -0.036865033 1.498
0.17140682 -0.036865033 1.498
0.17401032 -0.036865033 1.498
0.17661384 -0.036865033 1.498
0.17885843 -0.036791205 1.495
0.18145673 -0.036791205 1.495
0.18405502 -0.036791205 1.495
0.18665332 -0.036791205 1.495
0.18925162 -0.036791205 1.495
0.1918499 -0.036791205 1.495
0.1944482 -0.036791205 1.495
0.1970465 -0.036791205 1.495
0.19964479 -0.036791205 1.495
-0.19921817 -0.034421623 1.505
-0.19660249 -0.034421623 1.505
-0.19398682 -0.034421623 1.505
-0.19137114 -0.034421623 1.505
-0.18837921 -0.034353007 1.502
-0.18576875 -0.034353007 1.502
-0.18315829 -0.034353007 1.502
-0.18054782 -0.034353007 1.502
-0.17793736 -0.034353007 1.502
-0.1753269 -0.034353007 1.502
-0.17271644 -0.034353007 1.502
-0.17044574 -0.034421623 1.505
-0.16783006 -0.034421623 1.505
-0.16521439 -0.034421623 1.505
-0.16292283 -0.034490239 1.508
-0.16030194 -0.034490239 1.508
-0.15736736 -0.034421623 1.505
-0.15475169 -0.034421623 1.505
-0.15213601 -0.034421623 1.505
-0.14952034 -0.034421623 1.505
-0.14690466 -0.034421623 1.505
-0.14428899 -0.034421623 1.505
-0.14167331 -0.034421623 1.505
-0.13878043 -0.034353007 1.502
-0.13616997 -0.034353007 1.502
-0.13355951 -0.034353007 1.502
-0.13094905 -0.034353007 1.502
-0.12833859 -0.034353007 1.502
-0.12572813 -0.034353007 1.502
-0.12336358 -0.034421623 1.505
-0.1207479 -0.034421623 1.505
-0.11813223 -0.034421623 1.505
-0.11551655 -0.034421623 1.505
-0.11290088 -0.034421623 1.505
-0.1102852 -0.034421623 1.505
-0.10766952 -0.034421623 1.505
-0.10505385 -0.034421623 1.505
-0.10223398 -0.034353007 1.502
-0.099623509 -0.034353007 1.502
-0.097013049 -0.034353007 1.502
-0.094151184 -0.034261521 1.498
-0.091547675 -0.034261521 1.498
-0.088944167 -0.034261521 1.498
-0.086167745 -0.034192909 1.495
-0.08373715 -0.034261521 1.498
-0.081133634 -0.034261521 1.498
-0.078530125 -0.034261521 1.498
-0.075926617 -0.034261521 1.498
-0.073323108 -0.034261521 1.498
-0.0707196 -0.034261521 1.498
-0.068297975 -0.034353007 1.502
-0.065687507 -0.034353007 1.502
-0.063077047 -0.034353007 1.502
-0.060466588 -0.034353007 1.502
-0.057856124 -0.034353007 1.502
-0.055245664 -0.034353007 1.502
-0.0526352 -0.034353007 1.502
-0.05002474 -0.034353007 1.502
-0.047414277 -0.034353007 1.502
-0.0446845 -0.034261521 1.498
-0.042080991 -0.034261521 1.498
-0.039477479 -0.034261521 1.498
-0.03687397 -0.034261521 1.498
-0.034201827 -0.034192909 1.495
-0.03160353 -0.034192909 1.495
-0.029005237 -0.034192909 1.495
-0.02640694 -0.034192909 1.495
-0.023808645 -0.034192909 1.495
-0.021210348 -0.034192909 1.495
-0.018649401 -0.034261521 1.498
-0.016045893 -0.034261521 1.498
-0.013442382 -0.034261521 1.498
-0.010838872 -0.034261521 1.498
-0.0082353624 -0.034261521 1.498
-0.0056318524 -0.034261521 1.498
-0.0030283427 -0.034261521 1.498
-0.00042483292 -0.034261521 1.498
0.0021786769 -0.034261521 1.498
0.0047726096 -0.034192909 1.495
0.0073709055 -0.034192909 1.495
0.0099692009 -0.034192909 1.495
0.012567497 -0.034192909 1.495
0.015165793 -0.034192909 1.495
0.017764088 -0.034192909 1.495
0.020362385 -0.034192909 1.495
0.02296068 -0.034192909 1.495
0.025558976 -0.034192909 1.495
0.028157271 -0.034192909 1.495
0.030755568 -0.034192909 1.495
0.033420794 -0.034261521 1.498
0.036024306 -0.034261521 1.498
0.038627815 -0.034261521 1.498
0.041231323 -0.034261521 1.498
0.043834835 -0.034261521 1.498
0.046438344 -0.034261521 1.498
0.049041852 -0.034261521 1.498
0.051645365 -0.034261521 1.498
0.054248873 -0.034261521 1.498
0.056852382 -0.034261521 1.498
0.059455894 -0.034261521 1.498
0.062059402 -0.034261521 1.498
0.064662911 -0.034261521 1.498
0.06726642 -0.034261521 1.498
0.069730006 -0.034192909 1.495
0.072328299 -0.034192909 1.495
0.0749266 -0.034192909 1.495
0.077680461 -0.034261521 1.498
0.08028397 -0.034261521 1.498
0.082887478 -0.034261521 1.498
0.08531978 -0.034192909 1.495
0.087918073 -0.034192909 1.495
0.090516374 -0.034192909 1.495
0.093114667 -0.034192909 1.495
0.095905028 -0.034261521 1.498
0.098508537 -0.034261521 1.498
0.10111205 -0.034261521 1.498
0.10371556 -0.034261521 1.498
0.10631907 -0.034261521 1.498
0.10892258 -0.034261521 1.498
0.11152609 -0.034261521 1.498
0.1141296 -0.034261521 1.498
0.11673311 -0.034261521 1.498
0.11933662 -0.034261521 1.498
0.12194013 -0.034261521 1.498
0.12454364 -0.034261521 1.498
0.12714715 -0.034261521 1.498
0.13009712 -0.034353007 1.502
0.13270758 -0.034353007 1.502
0.13531804 -0.034353007 1.502
0.1379285 -0.034353007 1.502
0.14053896 -0.034353007 1.502
0.14314942 -0.034353007 1.502
0.14575988 -0.034353007 1.502
0.14837036 -0.034353007 1.502
0.15098082 -0.034353007 1.502
0.15359128 -0.034353007 1.502
0.15578575 -0.034261521 1.498
0.15838927 -0.034261521 1.498
0.16099277 -0.034261521 1.498
0.16359629 -0.034261521 1.498
0.16619979 -0.034261521 1.498
0.1688033 -0.034261521 1.498
0.17140682 -0.034261521 1.498
0.17401032 -0.034261521 1.498
0.17626013 -0.034192909 1.495
0.17885843 -0.034192909 1.495
0.18145673 -0.034192909 1.495
0.18405502 -0.034192909 1.495
0.18665332 -0.034192909 1.495
0.18925162 -0.034192909 1.495
0.1918499 -0.034192909 1.495
0.1944482 -0.034192909 1.495
0.1970465 -0.034192909 1.495
0.19964479 -0.034192909 1.495
-0.19921817 -0.031805947 1.505
-0.19660249 -0.031805947 1.505
-0.19398682 -0.031805947 1.505
-0.19137114 -0.031805947 1.505
-0.18875547 -0.031805947 1.505
-0.18576875 -0.031742547 1.502
-0.18315829 -0.031742547 1.502
-0.18054782 -0.031742547 1.502
-0.17793736 -0.031742547 1.502
-0.1753269 -0.031742547 1.502
-0.17271644 -0.031742547 1.502
-0.17044574 -0.031805947 1.505
-0.16783006 -0.031805947 1.505
-0.16521439 -0.031805947 1.505
-0.16259871 -0.031805947 1.505
-0.15998304 -0.031805947 1.505
-0.15736736 -0.031805947 1.505
-0.15475169 -0.031805947 1.505
-0.15213601 -0.031805947 1.505
-0.14952034 -0.031805947 1.505
-0.14690466 -0.031805947 1.505
-0.14428899 -0.031805947 1.505
-0.14167331 -0.031805947 1.505
-0.13905764 -0.031805947 1.505
-0.13644196 -0.031805947 1.505
-0.13355951 -0.031742547 1.502
-0.13094905 -0.031742547 1.502
-0.12833859 -0.031742547 1.502
-0.12597924 -0.031805947 1.505
-0.12336358 -0.031805947 1.505
-0.1207479 -0.031805947 1.505
-0.11813223 -0.031805947 1.505
-0.11551655 -0.031805947 1.505
-0.11290088 -0.031805947 1.505
-0.1102852 -0.031805947 1.505
-0.10766952 -0.031805947 1.505
-0.10505385 -0.031805947 1.505
-0.10223398 -0.031742547 1.502
-0.099623509 -0.031742547 1.502
-0.097013049 -0.031742547 1.502
-0.094151184 -0.031658012 1.498
-0.091547675 -0.031658012 1.498
-0.088944167 -0.031658012 1.498
-0.086167745 -0.031594612 1.495
-0.08373715 -0.031658012 1.498
-0.081133634 -0.031658012 1.498
-0.078530125 -0.031658012 1.498
-0.075926617 -0.031658012 1.498
-0.073323108 -0.031658012 1.498
-0.0707196 -0.031658012 1.498
-0.068116091 -0.031658012 1.498
-0.065687507 -0.031742547 1.502
-0.063077047 -0.031742547 1.502
-0.060466588 -0.031742547 1.502
-0.057856124 -0.031742547 1.502
-0.055245664 -0.031742547 1.502
-0.0526352 -0.031742547 1.502
-0.05002474 -0.031742547 1.502
-0.047288008 -0.031658012 1.498
-0.0446845 -0.031658012 1.498
-0.042080991 -0.031658012 1.498
-0.039477479 -0.031658012 1.498
-0.03687397 -0.031658012 1.498
-0.034270462 -0.031658012 1.498
-0.03160353 -0.031594612 1.495
-0.029005237 -0.031594612 1.495
-0.02645993 -0.031658012 1.498
-0.023808645 -0.031594612 1.495
-0.021252912 -0.031658012 1.498
-0.018649401 -0.031658012 1.498
-0.016045893 -0.031658012 1.498
-0.013442382 -0.031658012 1.498
-0.010838872 -0.031658012 1.498
-0.0082573527 -0.031742547 1.502
-0.0056318524 -0.031658012 1.498
-0.0030283427 -0.031658012 1.498
-0.00042483292 -0.031658012 1.498
0.0021786769 -0.031658012 1.498
0.0047726096 -0.031594612 1.495
0.0073709055 -0.031594612 1.495
0.0099692009 -0.031594612 1.495
0.012567497 -0.031594612 1.495
0.015165793 -0.031594612 1.495
0.017764088 -0.031594612 1.495
0.020362385 -0.031594612 1.495
0.02296068 -0.031594612 1.495
0.025558976 -0.031594612 1.495
0.028157271 -0.031594612 1.495
0.030755568 -0.031594612 1.495
0.033420794 -0.031658012 1.498
0.036024306 -0.031658012 1.498
0.038627815 -0.031658012 1.498
0.041231323 -0.031658012 1.498
0.043834835 -0.031658012 1.498
0.046438344 -0.031658012 1.498
0.049041852 -0.031658012 1.498
0.051645365 -0.031658012 1.498
0.054248873 -0.031658012 1.498
0.056852382 -0.031658012 1.498
0.059455894 -0.031658012 1.498
0.062059402 -0.031658012 1.498
0.064662911 -0.031658012 1.498
0.06726642 -0.031658012 1.498
0.069730006 -0.031594612 1.495
0.072328299 -0.031594612 1.495
0.0749266 -0.031594612 1.495
0.077524893 -0.031594612 1.495
0.08028397 -0.031658012 1.498
0.082887478 -0.031658012 1.498
0.08531978 -0.031594612 1.495
0.087918073 -0.031594612 1.495
0.090516374 -0.031594612 1.495
0.09330152 -0.031658012 1.498
0.095905028 -0.031658012 1.498
0.098508537 -0.031658012 1.498
0.10111205 -0.031658012 1.498
0.10371556 -0.031658012 1.498
0.10631907 -0.031658012 1.498
0.10892258 -0.031658012 1.498
0.11152609 -0.031658012 1.498
0.1141296 -0.031658012 1.498
0.11673311 -0.031658012 1.498
0.11933662 -0.031658012 1.498
0.12194013 -0.031658012 1.498
0.12454364 -0.031658012 1.498
0.12714715 -0.031658012 1.498
0.13009712 -0.031742547 1.502
0.13270758 -0.031742547 1.502
0.13531804 -0.031742547 1.502
0.1379285 -0.031742547 1.502
0.14053896 -0.031742547 1.502
0.14314942 -0.031742547 1.502
0.14575988 -0.031742547 1.502
0.14866669 -0.031805947 1.505
0.15098082 -0.031742547 1.502
0.15359128 -0.031742547 1.502
0.15620174 -0.031742547 1.502
0.15838927 -0.031658012 1.498
0.16099277 -0.031658012 1.498
0.16359629 -0.031658012 1.498
0.16619979 -0.031658012 1.498
0.1688033 -0.031658012 1.498
0.17140682 -0.031658012 1.498
0.17366184 -0.031594612 1.495
0.17626013 -0.031594612 1.495
0.17885843 -0.031594612 1.495
0.18145673 -0.031594612 1.495
0.18405502 -0.031594612 1.495
0.18665332 -0.031594612 1.495
0.18925162 -0.031594612 1.495
0.1918499 -0.031594612 1.495
0.1944482 -0.031594612 1.495
0.1970465 -0.031594612 1.495
0.19964479 -0.031594612 1.495
-0.19921817 -0.029190272 1.505
-0.19660249 -0.029190272 1.505
-0.19398682 -0.029190272 1.505
-0.19137114 -0.029190272 1.505
-0.18875547 -0.029190272 1.505
-0.18613979 -0.029190272 1.505
-0.18315829 -0.029132085 1.502
-0.18054782 -0.029132085 1.502
-0.17793736 -0.029132085 1.502
-0.1753269 -0.029132085 1.502
-0.17306142 -0.029190272 1.505
-0.17044574 -0.029190272 1.505
-0.16783006 -0.029190272 1.505
-0.16521439 -0.029190272 1.505
-0.16259871 -0.029190272 1.505
-0.15998304 -0.029190272 1.505
-0.15736736 -0.029190272 1.505
-0.15475169 -0.029190272 1.505
-0.15213601 -0.029190272 1.505
-0.14952034 -0.029190272 1.505
-0.14690466 -0.029190272 1.505
-0.14428899 -0.029190272 1.505
-0.14167331 -0.029190272 1.505
-0.13905764 -0.029190272 1.505
-0.13644196 -0.029190272 1.505
-0.13382629 -0.029190272 1.505
-0.13121061 -0.029190272 1.505
-0.12859493 -0.029190272 1.505
-0.12597924 -0.029190272 1.505
-0.12336358 -0.029190272 1.505
-0.1207479 -0.029190272 1.505
-0.11813223 -0.029190272 1.505
-0.11551655 -0.029190272 1.505
-0.11290088 -0.029190272 1.505
-0.1102852 -0.029190272 1.505
-0.10766952 -0.029190272 1.505
-0.10505385 -0.029190272 1.505
-0.10223398 -0.029132085 1.502
-0.099623509 -0.029132085 1.502
-0.097013049 -0.029132085 1.502
-0.094151184 -0.029054504 1.498
-0.091547675 -0.029054504 1.498
-0.088944167 -0.029054504 1.498
-0.086340658 -0.029054504 1.498
-0.08373715 -0.029054504 1.498
-0.081133634 -0.029054504 1.498
-0.078530125 -0.029054504 1.498
-0.075926617 -0.029054504 1.498
-0.073323108 -0.029054504 1.498
-0.0707196 -0.029054504 1.498
-0.068116091 -0.029054504 1.498
-0.065512575 -0.029054504 1.498
-0.062909067 -0.029054504 1.498
-0.060305558 -0.029054504 1.498
-0.05770205 -0.029054504 1.498
-0.055098537 -0.029054504 1.498
-0.052495029 -0.029054504 1.498
-0.04989152 -0.029054504 1.498
-0.047288008 -0.029054504 1.498
-0.0446845 -0.029054504 1.498
-0.042080991 -0.029054504 1.498
-0.039477479 -0.029054504 1.498
-0.03687397 -0.029054504 1.498
-0.034270462 -0.029054504 1.498
-0.031666949 -0.029054504 1.498
-0.029063441 -0.029054504 1.498
-0.02645993 -0.029054504 1.498
-0.023856422 -0.029054504 1.498
-0.021252912 -0.029054504 1.498
-0.018649401 -0.029054504 1.498
-0.016045893 -0.029054504 1.498
-0.013442382 -0.029054504 1.498
-0.010838872 -0.029054504 1.498
-0.0082353624 -0.029054504 1.498
-0.0056318524 -0.029054504 1.498
-0.0030283427 -0.029054504 1.498
-0.00042483292 -0.029054504 1.498
0.0021786769 -0.029054504 1.498
0.0047726096 -0.028996317 1.495
0.0073709055 -0.028996317 1.495
0.0099692009 -0.028996317 1.495
0.012567497 -0.028996317 1.495
0.015165793 -0.028996317 1.495
0.017764088 -0.028996317 1.495
0.020362385 -0.028996317 1.495
0.02296068 -0.028996317 1.495
0.025558976 -0.028996317 1.495
0.028157271 -0.028996317 1.495
0.030755568 -0.028996317 1.495
0.033420794 -0.029054504 1.498
0.036024306 -0.029054504 1.498
0.038627815 -0.029054504 1.498
0.041231323 -0.029054504 1.498
0.043834835 -0.029054504 1.498
0.046438344 -0.029054504 1.498
0.049041852 -0.029054504 1.498
0.051645365 -0.029054504 1.498
0.054248873 -0.029054504 1.498
0.056852382 -0.029054504 1.498
0.059455894 -0.029054504 1.498
0.062059402 -0.029054504 1.498
0.064662911 -0.029054504 1.498
0.06726642 -0.029054504 1.498
0.069730006 -0.028996317 1.495
0.072328299 -0.028996317 1.495
0.0749266 -0.028996317 1.495
0.077524893 -0.028996317 1.495
0.08028397 -0.029054504 1.498
0.082887478 -0.029054504 1.498
0.08531978 -0.028996317 1.495
0.087918073 -0.028996317 1.495
0.090516374 -0.028996317 1.495
0.09330152 -0.029054504 1.498
0.095905028 -0.029054504 1.498
0.098508537 -0.029054504 1.498
0.10111205 -0.029054504 1.498
0.10371556 -0.029054504 1.498
0.10631907 -0.029054504 1.498
0.10892258 -0.029054504 1.498
0.11152609 -0.029054504 1.498
0.1141296 -0.029054504 1.498
0.11673311 -0.029054504 1.498
0.11933662 -0.029054504 1.498
0.12194013 -0.029054504 1.498
0.12454364 -0.029054504 1.498
0.12714715 -0.029054504 1.498
0.13009712 -0.029132085 1.502
0.13270758 -0.029132085 1.502
0.13531804 -0.029132085 1.502
0.1379285 -0.029132085 1.502
0.14053896 -0.029132085 1.502
0.14314942 -0.029132085 1.502
0.14605102 -0.029190272 1.505
0.14866669 -0.029190272 1.505
0.15128237 -0.029190272 1.505
0.15359128 -0.029132085 1.502
0.15620174 -0.029132085 1.502
0.1588122 -0.029132085 1.502
0.16099277 -0.029054504 1.498
0.16359629 -0.029054504 1.498
0.16619979 -0.029054504 1.498
0.1688033 -0.029054504 1.498
0.17106354 -0.028996317 1.495
0.17366184 -0.028996317 1.495
0.17626013 -0.028996317 1.495
0.17885843 -0.028996317 1.495
0.18145673 -0.028996317 1.495
0.18405502 -0.028996317 1.495
0.18665332 -0.028996317 1.495
0.18925162 -0.028996317 1.495
0.1918499 -0.028996317 1.495
0.1944482 -0.028996317 1.495
0.1970465 -0.028996317 1.495
0.19964479 -0.028996317 1.495
-0.19921817 -0.026574595 1.505
-0.19660249 -0.026574595 1.505
-0.19398682 -0.026574595 1.505
-0.19137114 -0.026574595 1.505
-0.18875547 -0.026574595 1.505
-0.18613979 -0.026574595 1.505
-0.18315829 -0.026521623 1.502
-0.18054782 -0.026521623 1.502
-0.17793736 -0.026521623 1.502
-0.1753269 -0.026521623 1.502
-0.17306142 -0.026574595 1.505
-0.17044574 -0.026574595 1.505
-0.16783006 -0.026574595 1.505
-0.16521439 -0.026574595 1.505
-0.16259871 -0.026574595 1.505
-0.15998304 -0.026574595 1.505
-0.15736736 -0.026574595 1.505
-0.15475169 -0.026574595 1.505
-0.15213601 -0.026574595 1.505
-0.14952034 -0.026574595 1.505
-0.14690466 -0.026574595 1.505
-0.14428899 -0.026574595 1.505
-0.14167331 -0.026574595 1.505
-0.13905764 -0.026574595 1.505
-0.13644196 -0.026574595 1.505
-0.13382629 -0.026574595 1.505
-0.13121061 -0.026574595 1.505
-0.12859493 -0.026574595 1.505
-0.12597924 -0.026574595 1.505
-0.12336358 -0.026574595 1.505
-0.1207479 -0.026574595 1.505
-0.11813223 -0.026574595 1.505
-0.11551655 -0.026574595 1.505
-0.11290088 -0.026574595 1.505
-0.1102852 -0.026574595 1.505
-0.10766952 -0.026574595 1.505
-0.10484444 -0.026521623 1.502
-0.10223398 -0.026521623 1.502
-0.099623509 -0.026521623 1.502
-0.097013049 -0.026521623 1.502
-0.094151184 -0.026450993 1.498
-0.091547675 -0.026450993 1.498
-0.088944167 -0.026450993 1.498
-0.086340658 -0.026450993 1.498
-0.08373715 -0.026450993 1.498
-0.081133634 -0.026450993 1.498
-0.078530125 -0.026450993 1.498
-0.075926617 -0.026450993 1.498
-0.073323108 -0.026450993 1.498
-0.0707196 -0.026450993 1.498
-0.068116091 -0.026450993 1.498
-0.065512575 -0.026450993 1.498
-0.062909067 -0.026450993 1.498
-0.060305558 -0.026450993 1.498
-0.05770205 -0.026450993 1.498
-0.055098537 -0.026450993 1.498
-0.052495029 -0.026450993 1.498
-0.04989152 -0.026450993 1.498
-0.047288008 -0.026450993 1.498
-0.0446845 -0.026450993 1.498
-0.042080991 -0.026450993 1.498
-0.039477479 -0.026450993 1.498
-0.03687397 -0.026450993 1.498
-0.034270462 -0.026450993 1.498
-0.031666949 -0.026450993 1.498
-0.029063441 -0.026450993 1.498
-0.02645993 -0.026450993 1.498
-0.023856422 -0.026450993 1.498
-0.021252912 -0.026450993 1.498
-0.018649401 -0.026450993 1.498
-0.016045893 -0.026450993 1.498
-0.013442382 -0.026450993 1.498
-0.010838872 -0.026450993 1.498
-0.0082353624 -0.026450993 1.498
-0.0056318524 -0.026450993 1.498
-0.0030283427 -0.026450993 1.498
-0.00042483292 -0.026450993 1.498
0.0021786769 -0.026450993 1.498
0.0047726096 -0.02639802 1.495
0.0073709055 -0.02639802 1.495
0.0099692009 -0.02639802 1.495
0.012567497 -0.02639802 1.495
0.015165793 -0.02639802 1.495
0.017764088 -0.02639802 1.495
0.020362385 -0.02639802 1.495
0.02296068 -0.02639802 1.495
0.025558976 -0.02639802 1.495
0.028157271 -0.02639802 1.495
0.030755568 -0.02639802 1.495
0.033420794 -0.026450993 1.498
0.036024306 -0.026450993 1.498
0.038627815 -0.026450993 1.498
0.041231323 -0.026450993 1.498
0.043834835 -0.026450993 1.498
0.046438344 -0.026450993 1.498
0.049041852 -0.026450993 1.498
0.051645365 -0.026450993 1.498
0.054248873 -0.026450993 1.498
0.056852382 -0.026450993 1.498
0.059455894 -0.026450993 1.498
0.062059402 -0.026450993 1.498
0.064662911 -0.026450993 1.498
0.06726642 -0.026450993 1.498
0.069730006 -0.02639802 1.495
0.072328299 -0.02639802 1.495
0.0749266 -0.02639802 1.495
0.077524893 -0.02639802 1.495
0.080123186 -0.02639802 1.495
0.082721487 -0.02639802 1.495
0.08531978 -0.02639802 1.495
0.087918073 -0.02639802 1.495
0.090516374 -0.02639802 1.495
0.09330152 -0.026450993 1.498
0.095905028 -0.026450993 1.498
0.098508537 -0.026450993 1.498
0.10111205 -0.026450993 1.498
0.10371556 -0.026450993 1.498
0.10631907 -0.026450993 1.498
0.10892258 -0.026450993 1.498
0.11152609 -0.026450993 1.498
0.1141296 -0.026450993 1.498
0.11673311 -0.026450993 1.498
0.11933662 -0.026450993 1.498
0.12194013 -0.026450993 1.498
0.12454364 -0.026450993 1.498
0.12714715 -0.026450993 1.498
0.12975065 -0.026450993 1.498
0.13270758 -0.026521623 1.502
0.13531804 -0.026521623 1.502
0.1379285 -0.026521623 1.502
0.14053896 -0.026521623 1.502
0.14343534 -0.026574595 1.505
0.14605102 -0.026574595 1.505
0.14866669 -0.026574595 1.505
0.15128237 -0.026574595 1.505
0.15389805 -0.026574595 1.505
0.15620174 -0.026521623 1.502
0.1588122 -0.026521623 1.502
0.16142265 -0.026521623 1.502
0.16359629 -0.026450993 1.498
0.16619979 -0.026450993 1.498
0.1688033 -0.026450993 1.498
0.17106354 -0.02639802 1.495
0.17366184 -0.02639802 1.495
0.17626013 -0.02639802 1.495
0.17885843 -0.02639802 1.495
0.18145673 -0.02639802 1.495
0.18405502 -0.02639802 1.495
0.18665332 -0.02639802 1.495
0.18925162 -0.02639802 1.495
0.1918499 -0.02639802 1.495
0.1944482 -0.02639802 1.495
0.1970465 -0.02639802 1.495
0.19964479 -0.02639802 1.495
-0.19921817 -0.02395892 1.505
-0.19660249 -0.02395892 1.505
-0.19398682 -0.02395892 1.505
-0.19137114 -0.02395892 1.505
-0.18875547 -0.02395892 1.505
-0.18613979 -0.02395892 1.505
-0.18352412 -0.02395892 1.505
-0.18090844 -0.02395892 1.505
-0.17829277 -0.02395892 1.505
-0.17567709 -0.02395892 1.505
-0.17306142 -0.02395892 1.505
-0.17044574 -0.02395892 1.505
-0.16783006 -0.02395892 1.505
-0.16521439 -0.02395892 1.505
-0.16259871 -0.02395892 1.505
-0.15998304 -0.02395892 1.505
-0.15736736 -0.02395892 1.505
-0.15475169 -0.02395892 1.505
-0.15213601 -0.02395892 1.505
-0.14952034 -0.02395892 1.505
-0.14690466 -0.02395892 1.505
-0.14428899 -0.02395892 1.505
-0.14167331 -0.02395892 1.505
-0.13905764 -0.02395892 1.505
-0.13644196 -0.02395892 1.505
-0.13382629 -0.02395892 1.505
-0.13121061 -0.02395892 1.505
-0.12859493 -0.02395892 1.505
-0.12597924 -0.02395892 1.505
-0.12336358 -0.02395892 1.505
-0.1207479 -0.02395892 1.505
-0.11813223 -0.02395892 1.505
-0.11551655 -0.02395892 1.505
-0.11290088 -0.02395892 1.505
-0.1102852 -0.02395892 1.505
-0.1074549 -0.023911161 1.502
-0.10484444 -0.023911161 1.502
-0.10223398 -0.023911161 1.502
-0.099623509 -0.023911161 1.502
-0.097013049 -0.023911161 1.502
-0.094151184 -0.023847483 1.498
-0.091547675 -0.023847483 1.498
-0.088944167 -0.023847483 1.498
-0.086340658 -0.023847483 1.498
-0.08373715 -0.023847483 1.498
-0.081133634 -0.023847483 1.498
-0.078530125 -0.023847483 1.498
-0.075774558 -0.023799725 1.495
-0.073323108 -0.023847483 1.498
-0.0707196 -0.023847483 1.498
-0.068116091 -0.023847483 1.498
-0.065512575 -0.023847483 1.498
-0.062909067 -0.023847483 1.498
-0.060305558 -0.023847483 1.498
-0.05770205 -0.023847483 1.498
-0.055098537 -0.023847483 1.498
-0.052495029 -0.023847483 1.498
-0.04989152 -0.023847483 1.498
-0.047288008 -0.023847483 1.498
-0.0446845 -0.023847483 1.498
-0.042080991 -0.023847483 1.498
-0.039477479 -0.023847483 1.498
-0.03687397 -0.023847483 1.498
-0.034270462 -0.023847483 1.498
-0.031666949 -0.023847483 1.498
-0.029063441 -0.023847483 1.498
-0.02645993 -0.023847483 1.498
-0.023856422 -0.023847483 1.498
-0.021252912 -0.023847483 1.498
-0.018649401 -0.023847483 1.498
-0.016045893 -0.023847483 1.498
-0.013442382 -0.023847483 1.498
-0.010838872 -0.023847483 1.498
-0.0082353624 -0.023847483 1.498
-0.0056318524 -0.023847483 1.498
-0.0030283427 -0.023847483 1.498
-0.00042483292 -0.023847483 1.498
0.0021743136 -0.023799725 1.495
0.0047726096 -0.023799725 1.495
0.0073709055 -0.023799725 1.495
0.0099692009 -0.023799725 1.495
0.012567497 -0.023799725 1.495
0.015165793 -0.023799725 1.495
0.017764088 -0.023799725 1.495
0.020362385 -0.023799725 1.495
0.02296068 -0.023799725 1.495
0.025558976 -0.023799725 1.495
0.028157271 -0.023799725 1.495
0.030817285 -0.023847483 1.498
0.033420794 -0.023847483 1.498
0.036024306 -0.023847483 1.498
0.038627815 -0.023847483 1.498
0.041231323 -0.023847483 1.498
0.043834835 -0.023847483 1.498
0.046438344 -0.023847483 1.498
0.049041852 -0.023847483 1.498
0.051645365 -0.023847483 1.498
0.054248873 -0.023847483 1.498
0.056852382 -0.023847483 1.498
0.059455894 -0.023847483 1.498
0.062059402 -0.023847483 1.498
0.064662911 -0.023847483 1.498
0.06726642 -0.023847483 1.498
0.069869936 -0.023847483 1.498
0.072328299 -0.023799725 1.495
0.0749266 -0.023799725 1.495
0.077524893 -0.023799725 1.495
0.080123186 -0.023799725 1.495
0.082721487 -0.023799725 1.495
0.08531978 -0.023799725 1.495
0.087918073 -0.023799725 1.495
0.090516374 -0.023799725 1.495
0.093114667 -0.023799725 1.495
0.095905028 -0.023847483 1.498
0.098508537 -0.023847483 1.498
0.10111205 -0.023847483 1.498
0.10371556 -0.023847483 1.498
0.10631907 -0.023847483 1.498
0.10892258 -0.023847483 1.498
0.11152609 -0.023847483 1.498
0.1141296 -0.023847483 1.498
0.11673311 -0.023847483 1.498
0.11933662 -0.023847483 1.498
0.12194013 -0.023847483 1.498
0.12454364 -0.023847483 1.498
0.12714715 -0.023847483 1.498
0.12975065 -0.023847483 1.498
0.13235417 -0.023847483 1.498
0.13531804 -0.023911161 1.502
0.1379285 -0.023911161 1.502
0.14053896 -0.023911161 1.502
0.14314942 -0.023911161 1.502
0.14605102 -0.02395892 1.505
0.14866669 -0.02395892 1.505
0.15128237 -0.02395892 1.505
0.15359128 -0.023911161 1.502
0.15620174 -0.023911161 1.502
0.1588122 -0.023911161 1.502
0.16099277 -0.023847483 1.498
0.16359629 -0.023847483 1.498
0.16619979 -0.023847483 1.498
0.1688033 -0.023847483 1.498
0.17140682 -0.023847483 1.498
0.17366184 -0.023799725 1.495
0.17626013 -0.023799725 1.495
0.17885843 -0.023799725 1.495
0.18145673 -0.023799725 1.495
0.18405502 -0.023799725 1.495
0.18665332 -0.023799725 1.495
0.18925162 -0.023799725 1.495
0.1918499 -0.023799725 1.495
0.1944482 -0.023799725 1.495
0.1970465 -0.023799725 1.495
0.19964479 -0.023799725 1.495
-0.19882105 -0.0213007 1.502
-0.19660249 -0.021343244 1.505
-0.19398682 -0.021343244 1.505
-0.19137114 -0.021343244 1.505
-0.18875547 -0.021343244 1.505
-0.18613979 -0.021343244 1.505
-0.18352412 -0.021343244 1.505
-0.18090844 -0.021343244 1.505
-0.17829277 -0.021343244 1.505
-0.17567709 -0.021343244 1.505
-0.17306142 -0.021343244 1.505
-0.17044574 -0.021343244 1.505
-0.16783006 -0.021343244 1.505
-0.16521439 -0.021343244 1.505
-0.16259871 -0.021343244 1.505
-0.15998304 -0.021343244 1.505
-0.15736736 -0.021343244 1.505
-0.15475169 -0.021343244 1.505
-0.15213601 -0.021343244 1.505
-0.14952034 -0.021343244 1.505
-0.14690466 -0.021343244 1.505
-0.14428899 -0.021343244 1.505
-0.14167331 -0.021343244 1.505
-0.13905764 -0.021343244 1.505
-0.13644196 -0.021343244 1.505
-0.13382629 -0.021343244 1.505
-0.13121061 -0.021343244 1.505
-0.12859493 -0.021343244 1.505
-0.12597924 -0.021343244 1.505
-0.12336358 -0.021343244 1.505
-0.1207479 -0.021343244 1.505
-0.11813223 -0.021343244 1.505
-0.11528628 -0.0213007 1.502
-0.11267582 -0.0213007 1.502
-0.11006536 -0.0213007 1.502
-0.1074549 -0.0213007 1.502
-0.10484444 -0.0213007 1.502
-0.10223398 -0.0213007 1.502
-0.099623509 -0.0213007 1.502
-0.097013049 -0.0213007 1.502
-0.094402589 -0.0213007 1.502
-0.091792129 -0.0213007 1.502
-0.088944167 -0.021243975 1.498
-0.086340658 -0.021243975 1.498
-0.08373715 -0.021243975 1.498
-0.081133634 -0.021243975 1.498
-0.078530125 -0.021243975 1.498
-0.075774558 -0.021201428 1.495
-0.073323108 -0.021243975 1.498
-0.0707196 -0.021243975 1.498
-0.068116091 -0.021243975 1.498
-0.065512575 -0.021243975 1.498
-0.062909067 -0.021243975 1.498
-0.060305558 -0.021243975 1.498
-0.05770205 -0.021243975 1.498
-0.055098537 -0.021243975 1.498
-0.052495029 -0.021243975 1.498
-0.04989152 -0.021243975 1.498
-0.047288008 -0.021243975 1.498
-0.0446845 -0.021243975 1.498
-0.042080991 -0.021243975 1.498
-0.039477479 -0.021243975 1.498
-0.03687397 -0.021243975 1.498
-0.034270462 -0.021243975 1.498
-0.031666949 -0.021243975 1.498
-0.029063441 -0.021243975 1.498
-0.02645993 -0.021243975 1.498
-0.023856422 -0.021243975 1.498
-0.021252912 -0.021243975 1.498
-0.018649401 -0.021243975 1.498
-0.016045893 -0.021243975 1.498
-0.013442382 -0.021243975 1.498
-0.010838872 -0.021243975 1.498
-0.0082353624 -0.021243975 1.498
-0.0056318524 -0.021243975 1.498
-0.0030283427 -0.021243975 1.498
-0.00042483292 -0.021243975 1.498
0.0021743136 -0.021201428 1.495
0.0047726096 -0.021201428 1.495
0.0073709055 -0.021201428 1.495
0.0099692009 -0.021201428 1.495
0.012567497 -0.021201428 1.495
0.015165793 -0.021201428 1.495
0.017764088 -0.021201428 1.495
0.020403245 -0.021243975 1.498
0.02296068 -0.021201428 1.495
0.025558976 -0.021201428 1.495
0.028157271 -0.021201428 1.495
0.030817285 -0.021243975 1.498
0.033420794 -0.021243975 1.498
0.036024306 -0.021243975 1.498
0.038627815 -0.021243975 1.498
0.041231323 -0.021243975 1.498
0.043834835 -0.021243975 1.498
0.046438344 -0.021243975 1.498
0.049041852 -0.021243975 1.498
0.051645365 -0.021243975 1.498
0.054248873 -0.021243975 1.498
0.056852382 -0.021243975 1.498
0.059455894 -0.021243975 1.498
0.062059402 -0.021243975 1.498
0.064662911 -0.021243975 1.498
0.06726642 -0.021243975 1.498
0.069869936 -0.021243975 1.498
0.072328299 -0.021201428 1.495
0.0749266 -0.021201428 1.495
0.077524893 -0.021201428 1.495
0.080123186 -0.021201428 1.495
0.082721487 -0.021201428 1.495
0.08531978 -0.021201428 1.495
0.087918073 -0.021201428 1.495
0.090516374 -0.021201428 1.495
0.093114667 -0.021201428 1.495
0.095905028 -0.021243975 1.498
0.098508537 -0.021243975 1.498
0.10111205 -0.021243975 1.498
0.10371556 -0.021243975 1.498
0.10631907 -0.021243975 1.498
0.10892258 -0.021243975 1.498
0.11152609 -0.021243975 1.498
0.1141296 -0.021243975 1.498
0.11673311 -0.021243975 1.498
0.11933662 -0.021243975 1.498
0.12169592 -0.021201428 1.495
0.12429421 -0.021201428 1.495
0.12689251 -0.021201428 1.495
0.12975065 -0.021243975 1.498
0.13235417 -0.021243975 1.498
0.13495767 -0.021243975 1.498
0.13756119 -0.021243975 1.498
0.14053896 -0.0213007 1.502
0.14314942 -0.0213007 1.502
0.14575988 -0.0213007 1.502
0.14837036 -0.0213007 1.502
0.15098082 -0.0213007 1.502
0.15359128 -0.0213007 1.502
0.15620174 -0.0213007 1.502
0.15838927 -0.021243975 1.498
0.16099277 -0.021243975 1.498
0.16359629 -0.021243975 1.498
0.16619979 -0.021243975 1.498
0.1688033 -0.021243975 1.498
0.17140682 -0.021243975 1.498
0.17401032 -0.021243975 1.498
0.17626013 -0.021201428 1.495
0.17885843 -0.021201428 1.495
0.18145673 -0.021201428 1.495
0.18405502 -0.021201428 1.495
0.18665332 -0.021201428 1.495
0.18925162 -0.021201428 1.495
0.1918499 -0.021201428 1.495
0.1944482 -0.021201428 1.495
0.1970465 -0.021201428 1.495
0.19964479 -0.021201428 1.495
-0.19882105 -0.018690238 1.502
-0.19621059 -0.018690238 1.502
-0.19398682 -0.018727569 1.505
-0.19137114 -0.018727569 1.505
-0.18875547 -0.018727569 1.505
-0.18613979 -0.018727569 1.505
-0.18352412 -0.018727569 1.505
-0.18090844 -0.018727569 1.505
-0.17829277 -0.018727569 1.505
-0.17567709 -0.018727569 1.505
-0.17306142 -0.018727569 1.505
-0.1707855 -0.0187649 1.508
-0.16816461 -0.0187649 1.508
-0.16521439 -0.018727569 1.505
-0.16259871 -0.018727569 1.505
-0.15998304 -0.018727569 1.505
-0.15736736 -0.018727569 1.505
-0.15475169 -0.018727569 1.505
-0.15213601 -0.018727569 1.505
-0.14952034 -0.018727569 1.505
-0.14690466 -0.018727569 1.505
-0.14428899 -0.018727569 1.505
-0.14167331 -0.018727569 1.505
-0.13905764 -0.018727569 1.505
-0.13644196 -0.018727569 1.505
-0.13382629 -0.018727569 1.505
-0.13121061 -0.018727569 1.505
-0.12859493 -0.018727569 1.505
-0.12597924 -0.018727569 1.505
-0.12336358 -0.018727569 1.505
-0.1207479 -0.018727569 1.505
-0.11813223 -0.018727569 1.505
-0.11528628 -0.018690238 1.502
-0.11267582 -0.018690238 1.502
-0.11006536 -0.018690238 1.502
-0.1074549 -0.018690238 1.502
-0.10484444 -0.018690238 1.502
-0.10223398 -0.018690238 1.502
-0.099623509 -0.018690238 1.502
-0.097013049 -0.018690238 1.502
-0.094402589 -0.018690238 1.502
-0.091792129 -0.018690238 1.502
-0.088944167 -0.018640464 1.498
-0.086340658 -0.018640464 1.498
-0.08373715 -0.018640464 1.498
-0.081133634 -0.018640464 1.498
-0.078530125 -0.018640464 1.498
-0.075774558 -0.018603133 1.495
-0.073176265 -0.018603133 1.495
-0.070577972 -0.018603133 1.495
-0.067979671 -0.018603133 1.495
-0.065381378 -0.018603133 1.495
-0.062783085 -0.018603133 1.495
-0.060184784 -0.018603133 1.495
-0.05770205 -0.018640464 1.498
-0.055098537 -0.018640464 1.498
-0.052495029 -0.018640464 1.498
-0.04989152 -0.018640464 1.498
-0.047288008 -0.018640464 1.498
-0.0446845 -0.018640464 1.498
-0.042080991 -0.018640464 1.498
-0.039477479 -0.018640464 1.498
-0.03687397 -0.018640464 1.498
-0.034270462 -0.018640464 1.498
-0.031666949 -0.018640464 1.498
-0.029063441 -0.018640464 1.498
-0.02645993 -0.018640464 1.498
-0.023856422 -0.018640464 1.498
-0.021252912 -0.018640464 1.498
-0.018649401 -0.018640464 1.498
-0.016045893 -0.018640464 1.498
-0.013442382 -0.018640464 1.498
-0.010838872 -0.018640464 1.498
-0.0082353624 -0.018640464 1.498
-0.0056318524 -0.018640464 1.498
-0.0030283427 -0.018640464 1.498
-0.00042398213 -0.018603133 1.495
0.0021743136 -0.018603133 1.495
0.0047726096 -0.018603133 1.495
0.0073709055 -0.018603133 1.495
0.0099692009 -0.018603133 1.495
0.012567497 -0.018603133 1.495
0.015165793 -0.018603133 1.495
0.017764088 -0.018603133 1.495
0.020403245 -0.018640464 1.498
0.023006756 -0.018640464 1.498
0.025558976 -0.018603133 1.495
0.028157271 -0.018603133 1.495
0.030817285 -0.018640464 1.498
0.033420794 -0.018640464 1.498
0.036024306 -0.018640464 1.498
0.038627815 -0.018640464 1.498
0.041231323 -0.018640464 1.498
0.043834835 -0.018640464 1.498
0.046438344 -0.018640464 1.498
0.049041852 -0.018640464 1.498
0.051645365 -0.018640464 1.498
0.054248873 -0.018640464 1.498
0.056852382 -0.018640464 1.498
0.059614651 -0.018690238 1.502
0.062225115 -0.018690238 1.502
0.064662911 -0.018640464 1.498
0.06726642 -0.018640464 1.498
0.069869936 -0.018640464 1.498
0.072328299 -0.018603133 1.495
0.0749266 -0.018603133 1.495
0.077524893 -0.018603133 1.495
0.080123186 -0.018603133 1.495
0.082721487 -0.018603133 1.495
0.08531978 -0.018603133 1.495
0.087918073 -0.018603133 1.495
0.090516374 -0.018603133 1.495
0.093114667 -0.018603133 1.495
0.09571296 -0.018603133 1.495
0.098508537 -0.018640464 1.498
0.10111205 -0.018640464 1.498
0.10371556 -0.018640464 1.498
0.10631907 -0.018640464 1.498
0.10892258 -0.018640464 1.498
0.11152609 -0.018640464 1.498
0.1141296 -0.018640464 1.498
0.11673311 -0.018640464 1.498
0.11909763 -0.018603133 1.495
0.12169592 -0.018603133 1.495
0.12429421 -0.018603133 1.495
0.12689251 -0.018603133 1.495
0.12975065 -0.018640464 1.498
0.13235417 -0.018640464 1.498
0.13495767 -0.018640464 1.498
0.13756119 -0.018640464 1.498
0.1401647 -0.018640464 1.498
0.1427682 -0.018640464 1.498
0.14575988 -0.018690238 1.502
0.14837036 -0.018690238 1.502
0.15098082 -0.018690238 1.502
0.15359128 -0.018690238 1.502
0.15620174 -0.018690238 1.502
0.15838927 -0.018640464 1.498
0.16099277 -0.018640464 1.498
0.16359629 -0.018640464 1.498
0.16619979 -0.018640464 1.498
0.1688033 -0.018640464 1.498
0.17140682 -0.018640464 1.498
0.17401032 -0.018640464 1.498
0.17626013 -0.018603133 1.495
0.17885843 -0.018603133 1.495
0.18145673 -0.018603133 1.495
0.18405502 -0.018603133 1.495
0.18665332 -0.018603133 1.495
0.18925162 -0.018603133 1.495
0.1918499 -0.018603133 1.495
0.1944482 -0.018603133 1.495
0.1970465 -0.018603133 1.495
0.19964479 -0.018603133 1.495
-0.19882105 -0.016079776 1.502
-0.19621059 -0.016079776 1.502
-0.19398682 -0.016111894 1.505
-0.19137114 -0.016111894 1.505
-0.18875547 -0.016111894 1.505
-0.18613979 -0.016111894 1.505
-0.18352412 -0.016111894 1.505
-0.18090844 -0.016111894 1.505
-0.17829277 -0.016111894 1.505
-0.17567709 -0.016111894 1.505
-0.17340639 -0.016144009 1.508
-0.1707855 -0.016144009 1.508
-0.16816461 -0.016144009 1.508
-0.16521439 -0.016111894 1.505
-0.16259871 -0.016111894 1.505
-0.15998304 -0.016111894 1.505
-0.15736736 -0.016111894 1.505
-0.15475169 -0.016111894 1.505
-0.15213601 -0.016111894 1.505
-0.14952034 -0.016111894 1.505
-0.14690466 -0.016111894 1.505
-0.14428899 -0.016111894 1.505
-0.14167331 -0.016111894 1.505
-0.13905764 -0.016111894 1.505
-0.13644196 -0.016111894 1.505
-0.13382629 -0.016111894 1.505
-0.13121061 -0.016111894 1.505
-0.12859493 -0.016111894 1.505
-0.12597924 -0.016111894 1.505
-0.12336358 -0.016111894 1.505
-0.1207479 -0.016111894 1.505
-0.11789674 -0.016079776 1.502
-0.11528628 -0.016079776 1.502
-0.11267582 -0.016079776 1.502
-0.11006536 -0.016079776 1.502
-0.1074549 -0.016079776 1.502
-0.10484444 -0.016079776 1.502
-0.10223398 -0.016079776 1.502
-0.099623509 -0.016079776 1.502
-0.097013049 -0.016079776 1.502
-0.094402589 -0.016079776 1.502
-0.091792129 -0.016079776 1.502
-0.089181662 -0.016079776 1.502
-0.086340658 -0.016036954 1.498
-0.08373715 -0.016036954 1.498
-0.081133634 -0.016036954 1.498
-0.078530125 -0.016036954 1.498
-0.075774558 -0.016004836 1.495
-0.073176265 -0.016004836 1.495
-0.070577972 -0.016004836 1.495
-0.067979671 -0.016004836 1.495
-0.065381378 -0.016004836 1.495
-0.062783085 -0.016004836 1.495
-0.060184784 -0.016004836 1.495
-0.057586491 -0.016004836 1.495
-0.054988194 -0.016004836 1.495
-0.052495029 -0.016036954 1.498
-0.04989152 -0.016036954 1.498
-0.047288008 -0.016036954 1.498
-0.0446845 -0.016036954 1.498
-0.042080991 -0.016036954 1.498
-0.039477479 -0.016036954 1.498
-0.03687397 -0.016036954 1.498
-0.034270462 -0.016036954 1.498
-0.031666949 -0.016036954 1.498
-0.029063441 -0.016036954 1.498
-0.02645993 -0.016036954 1.498
-0.023856422 -0.016036954 1.498
-0.021252912 -0.016036954 1.498
-0.018649401 -0.016036954 1.498
-0.016045893 -0.016036954 1.498
-0.013442382 -0.016036954 1.498
-0.010838872 -0.016036954 1.498
-0.0082188696 -0.016004836 1.495
-0.0056205736 -0.016004836 1.495
-0.003022278 -0.016004836 1.495
-0.00042398213 -0.016004836 1.495
0.0021743136 -0.016004836 1.495
0.0047726096 -0.016004836 1.495
0.0073709055 -0.016004836 1.495
0.0099692009 -0.016004836 1.495
0.012567497 -0.016004836 1.495
0.015165793 -0.016004836 1.495
0.017764088 -0.016004836 1.495
0.020403245 -0.016036954 1.498
0.023006756 -0.016036954 1.498
0.025558976 -0.016004836 1.495
0.028157271 -0.016004836 1.495
0.030817285 -0.016036954 1.498
0.033420794 -0.016036954 1.498
0.036024306 -0.016036954 1.498
0.038627815 -0.016036954 1.498
0.041231323 -0.016036954 1.498
0.043834835 -0.016036954 1.498
0.046438344 -0.016036954 1.498
0.049041852 -0.016036954 1.498
0.051645365 -0.016036954 1.498
0.054248873 -0.016036954 1.498
0.056852382 -0.016036954 1.498
0.059455894 -0.016036954 1.498
0.062059402 -0.016036954 1.498
0.064662911 -0.016036954 1.498
0.06726642 -0.016036954 1.498
0.069869936 -0.016036954 1.498
0.072473444 -0.016036954 1.498
0.0749266 -0.016004836 1.495
0.077524893 -0.016004836 1.495
0.080123186 -0.016004836 1.495
0.082721487 -0.016004836 1.495
0.08531978 -0.016004836 1.495
0.087918073 -0.016004836 1.495
0.090516374 -0.016004836 1.495
0.093114667 -0.016004836 1.495
0.09571296 -0.016004836 1.495
0.098508537 -0.016036954 1.498
0.10111205 -0.016036954 1.498
0.10371556 -0.016036954 1.498
0.10631907 -0.016036954 1.498
0.10892258 -0.016036954 1.498
0.11152609 -0.016036954 1.498
0.1141296 -0.016036954 1.498
0.11673311 -0.016036954 1.498
0.11909763 -0.016004836 1.495
0.12169592 -0.016004836 1.495
0.12429421 -0.016004836 1.495
0.12689251 -0.016004836 1.495
0.12949081 -0.016004836 1.495
0.13235417 -0.016036954 1.498
0.13495767 -0.016036954 1.498
0.13756119 -0.016036954 1.498
0.1401647 -0.016036954 1.498
0.1427682 -0.016036954 1.498
0.14575988 -0.016079776 1.502
0.14837036 -0.016079776 1.502
0.15098082 -0.016079776 1.502
0.15359128 -0.016079776 1.502
0.15578575 -0.016036954 1.498
0.15838927 -0.016036954 1.498
0.16099277 -0.016036954 1.498
0.16359629 -0.016036954 1.498
0.16619979 -0.016036954 1.498
0.1688033 -0.016036954 1.498
0.17140682 -0.016036954 1.498
0.17401032 -0.016036954 1.498
0.17626013 -0.016004836 1.495
0.17885843 -0.016004836 1.495
0.18145673 -0.016004836 1.495
0.18405502 -0.016004836 1.495
0.18665332 -0.016004836 1.495
0.18925162 -0.016004836 1.495
0.1918499 -0.016004836 1.495
0.1944482 -0.016004836 1.495
0.1970465 -0.016004836 1.495
0.19964479 -0.016004836 1.495
-0.19882105 -0.013469314 1.502
-0.19621059 -0.013469314 1.502
-0.19398682 -0.013496217 1.505
-0.19137114 -0.013496217 1.505
-0.18875547 -0.013496217 1.505
-0.18613979 -0.013496217 1.505
-0.18352412 -0.013496217 1.505
-0.18090844 -0.013496217 1.505
-0.17829277 -0.013496217 1.505
-0.17602728 -0.01352312 1.508
-0.17340639 -0.01352312 1.508
-0.1707855 -0.01352312 1.508
-0.16816461 -0.01352312 1.508
-0.16554372 -0.01352312 1.508
-0.16259871 -0.013496217 1.505
-0.15998304 -0.013496217 1.505
-0.15736736 -0.013496217 1.505
-0.15475169 -0.013496217 1.505
-0.15213601 -0.013496217 1.505
-0.14952034 -0.013496217 1.505
-0.14690466 -0.013496217 1.505
-0.14428899 -0.013496217 1.505
-0.14167331 -0.013496217 1.505
-0.13905764 -0.013496217 1.505
-0.13644196 -0.013496217 1.505
-0.13382629 -0.013496217 1.505
-0.13121061 -0.013496217 1.505
-0.12859493 -0.013496217 1.505
-0.12597924 -0.013496217 1.505
-0.12336358 -0.013496217 1.505
-0.1207479 -0.013496217 1.505
-0.11789674 -0.013469314 1.502
-0.11528628 -0.013469314 1.502
-0.11267582 -0.013469314 1.502
-0.11006536 -0.013469314 1.502
-0.1074549 -0.013469314 1.502
-0.10484444 -0.013469314 1.502
-0.10223398 -0.013469314 1.502
-0.099623509 -0.013469314 1.502
-0.097013049 -0.013469314 1.502
-0.094402589 -0.013469314 1.502
-0.091792129 -0.013469314 1.502
-0.089181662 -0.013469314 1.502
-0.086340658 -0.013433444 1.498
-0.08373715 -0.013433444 1.498
-0.081133634 -0.013433444 1.498
-0.078530125 -0.013433444 1.498
-0.075926617 -0.013433444 1.498
-0.073176265 -0.013406541 1.495
-0.070577972 -0.013406541 1.495
-0.067979671 -0.013406541 1.495
-0.065381378 -0.013406541 1.495
-0.062783085 -0.013406541 1.495
-0.060184784 -0.013406541 1.495
-0.057586491 -0.013406541 1.495
-0.054988194 -0.013406541 1.495
-0.052389897 -0.013406541 1.495
-0.04989152 -0.013433444 1.498
-0.047288008 -0.013433444 1.498
-0.0446845 -0.013433444 1.498
-0.042080991 -0.013433444 1.498
-0.039477479 -0.013433444 1.498
-0.03687397 -0.013433444 1.498
-0.034270462 -0.013433444 1.498
-0.031666949 -0.013433444 1.498
-0.029063441 -0.013433444 1.498
-0.02645993 -0.013433444 1.498
-0.023856422 -0.013433444 1.498
-0.021252912 -0.013433444 1.498
-0.018649401 -0.013433444 1.498
-0.016045893 -0.013433444 1.498
-0.013415461 -0.013406541 1.495
-0.010817165 -0.013406541 1.495
-0.0082188696 -0.013406541 1.495
-0.0056205736 -0.013406541 1.495
-0.003022278 -0.013406541 1.495
-0.00042398213 -0.013406541 1.495
0.0021743136 -0.013406541 1.495
0.0047726096 -0.013406541 1.495
0.0073709055 -0.013406541 1.495
0.0099692009 -0.013406541 1.495
0.012567497 -0.013406541 1.495
0.015165793 -0.013406541 1.495
0.017764088 -0.013406541 1.495
0.020362385 -0.013406541 1.495
0.02296068 -0.013406541 1.495
0.025558976 -0.013406541 1.495
0.028157271 -0.013406541 1.495
0.030817285 -0.013433444 1.498
0.033420794 -0.013433444 1.498
0.036024306 -0.013433444 1.498
0.038627815 -0.013433444 1.498
0.041231323 -0.013433444 1.498
0.043834835 -0.013433444 1.498
0.046438344 -0.013433444 1.498
0.049041852 -0.013433444 1.498
0.051645365 -0.013433444 1.498
0.054248873 -0.013433444 1.498
0.056852382 -0.013433444 1.498
0.059455894 -0.013433444 1.498
0.062059402 -0.013433444 1.498
0.064662911 -0.013433444 1.498
0.06726642 -0.013433444 1.498
0.069869936 -0.013433444 1.498
0.072473444 -0.013433444 1.498
0.075076953 -0.013433444 1.498
0.077524893 -0.013406541 1.495
0.080123186 -0.013406541 1.495
0.082721487 -0.013406541 1.495
0.08531978 -0.013406541 1.495
0.087918073 -0.013406541 1.495
0.090516374 -0.013406541 1.495
0.093114667 -0.013406541 1.495
0.095905028 -0.013433444 1.498
0.098508537 -0.013433444 1.498
0.10111205 -0.013433444 1.498
0.10371556 -0.013433444 1.498
0.10631907 -0.013433444 1.498
0.10892258 -0.013433444 1.498
0.11152609 -0.013433444 1.498
0.1141296 -0.013433444 1.498
0.11649933 -0.013406541 1.495
0.11909763 -0.013406541 1.495
0.12169592 -0.013406541 1.495
0.12429421 -0.013406541 1.495
0.12689251 -0.013406541 1.495
0.12949081 -0.013406541 1.495
0.13235417 -0.013433444 1.498
0.13495767 -0.013433444 1.498
0.13756119 -0.013433444 1.498
0.1401647 -0.013433444 1.498
0.1427682 -0.013433444 1.498
0.14537172 -0.013433444 1.498
0.14837036 -0.013469314 1.502
0.15098082 -0.013469314 1.502
0.15359128 -0.013469314 1.502
0.15578575 -0.013433444 1.498
0.15838927 -0.013433444 1.498
0.16099277 -0.013433444 1.498
0.16359629 -0.013433444 1.498
0.16619979 -0.013433444 1.498
0.1688033 -0.013433444 1.498
0.17140682 -0.013433444 1.498
0.17401032 -0.013433444 1.498
0.17661384 -0.013433444 1.498
0.17885843 -0.013406541 1.495
0.18145673 -0.013406541 1.495
0.18405502 -0.013406541 1.495
0.18665332 -0.013406541 1.495
0.18925162 -0.013406541 1.495
0.1918499 -0.013406541 1.495
0.1944482 -0.013406541 1.495
0.1970465 -0.013406541 1.495
0.19964479 -0.013406541 1.495
-0.19882105 -0.010858852 1.502
-0.19660249 -0.010880541 1.505
-0.19398682 -0.010880541 1.505
-0.19175261 -0.010902231 1.508
-0.18913172 -0.010902231 1.508
-0.18651083 -0.010902231 1.508
-0.18352412 -0.010880541 1.505
-0.18090844 -0.010880541 1.505
-0.17829277 -0.010880541 1.505
-0.17602728 -0.010902231 1.508
-0.17340639 -0.010902231 1.508
-0.1707855 -0.010902231 1.508
-0.16816461 -0.010902231 1.508
-0.16521439 -0.010880541 1.505
-0.16259871 -0.010880541 1.505
-0.15998304 -0.010880541 1.505
-0.15736736 -0.010880541 1.505
-0.15475169 -0.010880541 1.505
-0.15213601 -0.010880541 1.505
-0.14952034 -0.010880541 1.505
-0.14690466 -0.010880541 1.505
-0.14428899 -0.010880541 1.505
-0.14167331 -0.010880541 1.505
-0.13905764 -0.010880541 1.505
-0.13644196 -0.010880541 1.505
-0.13382629 -0.010880541 1.505
-0.13121061 -0.010880541 1.505
-0.12859493 -0.010880541 1.505
-0.12597924 -0.010880541 1.505
-0.12336358 -0.010880541 1.505
-0.1207479 -0.010880541 1.505
-0.11789674 -0.010858852 1.502
-0.11528628 -0.010858852 1.502
-0.11267582 -0.010858852 1.502
-0.11006536 -0.010858852 1.502
-0.1074549 -0.010858852 1.502
-0.10456523 -0.010829934 1.498
-0.10196172 -0.010829934 1.498
-0.099358208 -0.010829934 1.498
-0.097013049 -0.010858852 1.502
-0.094402589 -0.010858852 1.502
-0.091792129 -0.010858852 1.502
-0.089181662 -0.010858852 1.502
-0.086340658 -0.010829934 1.498
-0.08373715 -0.010829934 1.498
-0.081133634 -0.010829934 1.498
-0.078530125 -0.010829934 1.498
-0.075926617 -0.010829934 1.498
-0.073323108 -0.010829934 1.498
-0.070577972 -0.010808245 1.495
-0.067979671 -0.010808245 1.495
-0.065381378 -0.010808245 1.495
-0.062783085 -0.010808245 1.495
-0.060184784 -0.010808245 1.495
-0.057586491 -0.010808245 1.495
-0.054988194 -0.010808245 1.495
-0.052389897 -0.010808245 1.495
-0.049791604 -0.010808245 1.495
-0.047193307 -0.010808245 1.495
-0.044595011 -0.010808245 1.495
-0.042080991 -0.010829934 1.498
-0.039477479 -0.010829934 1.498
-0.03687397 -0.010829934 1.498
-0.034270462 -0.010829934 1.498
-0.031666949 -0.010829934 1.498
-0.029063441 -0.010829934 1.498
-0.02645993 -0.010829934 1.498
-0.023856422 -0.010829934 1.498
-0.021252912 -0.010829934 1.498
-0.018649401 -0.010829934 1.498
-0.016045893 -0.010829934 1.498
-0.013415461 -0.010808245 1.495
-0.010817165 -0.010808245 1.495
-0.0082188696 -0.010808245 1.495
-0.0056205736 -0.010808245 1.495
-0.003022278 -0.010808245 1.495
-0.00042398213 -0.010808245 1.495
0.0021743136 -0.010808245 1.495
0.0047726096 -0.010808245 1.495
0.0073709055 -0.010808245 1.495
0.0099692009 -0.010808245 1.495
0.012567497 -0.010808245 1.495
0.015165793 -0.010808245 1.495
0.017764088 -0.010808245 1.495
0.020362385 -0.010808245 1.495
0.02296068 -0.010808245 1.495
0.025558976 -0.010808245 1.495
0.028157271 -0.010808245 1.495
0.030817285 -0.010829934 1.498
0.033420794 -0.010829934 1.498
0.036024306 -0.010829934 1.498
0.038627815 -0.010829934 1.498
0.041231323 -0.010829934 1.498
0.043834835 -0.010829934 1.498
0.046438344 -0.010829934 1.498
0.049041852 -0.010829934 1.498
0.051645365 -0.010829934 1.498
0.054248873 -0.010829934 1.498
0.056852382 -0.010829934 1.498
0.059455894 -0.010829934 1.498
0.062059402 -0.010829934 1.498
0.064662911 -0.010829934 1.498
0.06726642 -0.010829934 1.498
0.069869936 -0.010829934 1.498
0.072473444 -0.010829934 1.498
0.075076953 -0.010829934 1.498
0.077680461 -0.010829934 1.498
0.080123186 -0.010808245 1.495
0.082721487 -0.010808245 1.495
0.08531978 -0.010808245 1.495
0.087918073 -0.010808245 1.495
0.090516374 -0.010808245 1.495
0.093114667 -0.010808245 1.495
0.09571296 -0.010808245 1.495
0.098508537 -0.010829934 1.498
0.10111205 -0.010829934 1.498
0.10371556 -0.010829934 1.498
0.10631907 -0.010829934 1.498
0.10892258 -0.010829934 1.498
0.11152609 -0.010829934 1.498
0.1141296 -0.010829934 1.498
0.11649933 -0.010808245 1.495
0.11909763 -0.010808245 1.495
0.12169592 -0.010808245 1.495
0.12429421 -0.010808245 1.495
0.12689251 -0.010808245 1.495
0.12975065 -0.010829934 1.498
0.13235417 -0.010829934 1.498
0.13495767 -0.010829934 1.498
0.13756119 -0.010829934 1.498
0.1401647 -0.010829934 1.498
0.1427682 -0.010829934 1.498
0.14537172 -0.010829934 1.498
0.14837036 -0.010858852 1.502
0.15098082 -0.010858852 1.502
0.15359128 -0.010858852 1.502
0.15620174 -0.010858852 1.502
0.15838927 -0.010829934 1.498
0.16099277 -0.010829934 1.498
0.16359629 -0.010829934 1.498
0.16619979 -0.010829934 1.498
0.1688033 -0.010829934 1.498
0.17140682 -0.010829934 1.498
0.17401032 -0.010829934 1.498
0.17626013 -0.010808245 1.495
0.17885843 -0.010808245 1.495
0.18145673 -0.010808245 1.495
0.18405502 -0.010808245 1.495
0.18665332 -0.010808245 1.495
0.18925162 -0.010808245 1.495
0.1918499 -0.010808245 1.495
0.1944482 -0.010808245 1.495
0.1970465 -0.010808245 1.495
0.19964479 -0.010808245 1.495
-0.19921817 -0.0082648657 1.505
-0.19660249 -0.0082648657 1.505
-0.19398682 -0.0082648657 1.505
-0.19175261 -0.0082813408 1.508
-0.18913172 -0.0082813408 1.508
-0.18651083 -0.0082813408 1.508
-0.18388996 -0.0082813408 1.508
-0.18126906 -0.0082813408 1.508
-0.17864817 -0.0082813408 1.508
-0.17602728 -0.0082813408 1.508
-0.17340639 -0.0082813408 1.508
-0.1707855 -0.0082813408 1.508
-0.16783006 -0.0082648657 1.505
-0.16521439 -0.0082648657 1.505
-0.16259871 -0.0082648657 1.505
-0.15998304 -0.0082648657 1.505
-0.15736736 -0.0082648657 1.505
-0.15475169 -0.0082648657 1.505
-0.15213601 -0.0082648657 1.505
-0.14952034 -0.0082648657 1.505
-0.14661182 -0.0082483906 1.502
-0.14400136 -0.0082483906 1.502
-0.1413909 -0.0082483906 1.502
-0.13905764 -0.0082648657 1.505
-0.13644196 -0.0082648657 1.505
-0.13382629 -0.0082648657 1.505
-0.13121061 -0.0082648657 1.505
-0.12859493 -0.0082648657 1.505
-0.12597924 -0.0082648657 1.505
-0.12336358 -0.0082648657 1.505
-0.1207479 -0.0082648657 1.505
-0.11813223 -0.0082648657 1.505
-0.11528628 -0.0082483906 1.502
-0.11267582 -0.0082483906 1.502
-0.11006536 -0.0082483906 1.502
-0.1074549 -0.0082483906 1.502
-0.10456523 -0.0082264245 1.498
-0.10196172 -0.0082264245 1.498
-0.099358208 -0.0082264245 1.498
-0.0967547 -0.0082264245 1.498
-0.094151184 -0.0082264245 1.498
-0.091547675 -0.0082264245 1.498
-0.088944167 -0.0082264245 1.498
-0.086340658 -0.0082264245 1.498
-0.08373715 -0.0082264245 1.498
-0.081133634 -0.0082264245 1.498
-0.078530125 -0.0082264245 1.498
-0.075926617 -0.0082264245 1.498
-0.073323108 -0.0082264245 1.498
-0.070577972 -0.0082099494 1.495
-0.067979671 -0.0082099494 1.495
-0.065381378 -0.0082099494 1.495
-0.062783085 -0.0082099494 1.495
-0.060184784 -0.0082099494 1.495
-0.057586491 -0.0082099494 1.495
-0.054988194 -0.0082099494 1.495
-0.052389897 -0.0082099494 1.495
-0.049791604 -0.0082099494 1.495
-0.047193307 -0.0082099494 1.495
-0.044595011 -0.0082099494 1.495
-0.041996714 -0.0082099494 1.495
-0.039477479 -0.0082264245 1.498
-0.03687397 -0.0082264245 1.498
-0.034270462 -0.0082264245 1.498
-0.031666949 -0.0082264245 1.498
-0.029063441 -0.0082264245 1.498
-0.02645993 -0.0082264245 1.498
-0.023856422 -0.0082264245 1.498
-0.021252912 -0.0082264245 1.498
-0.018649401 -0.0082264245 1.498
-0.016013756 -0.0082099494 1.495
-0.013415461 -0.0082099494 1.495
-0.010817165 -0.0082099494 1.495
-0.0082188696 -0.0082099494 1.495
-0.0056205736 -0.0082099494 1.495
-0.003022278 -0.0082099494 1.495
-0.00042398213 -0.0082099494 1.495
0.0021743136 -0.0082099494 1.495
0.0047726096 -0.0082099494 1.495
0.0073709055 -0.0082099494 1.495
0.0099692009 -0.0082099494 1.495
0.012567497 -0.0082099494 1.495
0.015165793 -0.0082099494 1.495
0.017764088 -0.0082099494 1.495
0.020362385 -0.0082099494 1.495
0.02296068 -0.0082099494 1.495
0.025558976 -0.0082099494 1.495
0.028157271 -0.0082099494 1.495
0.030817285 -0.0082264245 1.498
0.033420794 -0.0082264245 1.498
0.036024306 -0.0082264245 1.498
0.038627815 -0.0082264245 1.498
0.041231323 -0.0082264245 1.498
0.043834835 -0.0082264245 1.498
0.046438344 -0.0082264245 1.498
0.049041852 -0.0082264245 1.498
0.051541936 -0.0082099494 1.495
0.054248873 -0.0082264245 1.498
0.056852382 -0.0082264245 1.498
0.059455894 -0.0082264245 1.498
0.062059402 -0.0082264245 1.498
0.064662911 -0.0082264245 1.498
0.06726642 -0.0082264245 1.498
0.069869936 -0.0082264245 1.498
0.072473444 -0.0082264245 1.498
0.075076953 -0.0082264245 1.498
0.077680461 -0.0082264245 1.498
0.080123186 -0.0082099494 1.495
0.082721487 -0.0082099494 1.495
0.08531978 -0.0082099494 1.495
0.087918073 -0.0082099494 1.495
0.090516374 -0.0082099494 1.495
0.093114667 -0.0082099494 1.495
0.09571296 -0.0082099494 1.495
0.09831126 -0.0082099494 1.495
0.10090955 -0.0082099494 1.495
0.10350785 -0.0082099494 1.495
0.10610615 -0.0082099494 1.495
0.10892258 -0.0082264245 1.498
0.11130274 -0.0082099494 1.495
0.11390103 -0.0082099494 1.495
0.11649933 -0.0082099494 1.495
0.11909763 -0.0082099494 1.495
0.12169592 -0.0082099494 1.495
0.12429421 -0.0082099494 1.495
0.12689251 -0.0082099494 1.495
0.12975065 -0.0082264245 1.498
0.13235417 -0.0082264245 1.498
0.13495767 -0.0082264245 1.498
0.13756119 -0.0082264245 1.498
0.1401647 -0.0082264245 1.498
0.1427682 -0.0082264245 1.498
0.14537172 -0.0082264245 1.498
0.14837036 -0.0082483906 1.502
0.15098082 -0.0082483906 1.502
0.15359128 -0.0082483906 1.502
0.15620174 -0.0082483906 1.502
0.15838927 -0.0082264245 1.498
0.16099277 -0.0082264245 1.498
0.16359629 -0.0082264245 1.498
0.16619979 -0.0082264245 1.498
0.1688033 -0.0082264245 1.498
0.17140682 -0.0082264245 1.498
0.17366184 -0.0082099494 1.495
0.17626013 -0.0082099494 1.495
0.17885843 -0.0082099494 1.495
0.18145673 -0.0082099494 1.495
0.18405502 -0.0082099494 1.495
0.18665332 -0.0082099494 1.495
0.18925162 -0.0082099494 1.495
0.1918499 -0.0082099494 1.495
0.1944482 -0.0082099494 1.495
0.1970465 -0.0082099494 1.495
0.19964479 -0.0082099494 1.495
-0.19921817 -0.0056491899 1.505
-0.19660249 -0.0056491899 1.505
-0.19398682 -0.0056491899 1.505
-0.19175261 -0.005660451 1.508
-0.18913172 -0.005660451 1.508
-0.18651083 -0.005660451 1.508
-0.18388996 -0.005660451 1.508
-0.18126906 -0.005660451 1.508
-0.17864817 -0.005660451 1.508
-0.17602728 -0.005660451 1.508
-0.17340639 -0.005660451 1.508
-0.1707855 -0.005660451 1.508
-0.16783006 -0.0056491899 1.505
-0.16521439 -0.0056491899 1.505
-0.16259871 -0.0056491899 1.505
-0.15998304 -0.0056491899 1.505
-0.15705366 -0.0056379288 1.502
-0.1544432 -0.0056379288 1.502
-0.15183274 -0.0056379288 1.502
-0.14922228 -0.0056379288 1.502
-0.14661182 -0.0056379288 1.502
-0.14400136 -0.0056379288 1.502
-0.1413909 -0.0056379288 1.502
-0.13878043 -0.0056379288 1.502
-0.13644196 -0.0056491899 1.505
-0.13382629 -0.0056491899 1.505
-0.13121061 -0.0056491899 1.505
-0.12859493 -0.0056491899 1.505
-0.12597924 -0.0056491899 1.505
-0.12336358 -0.0056491899 1.505
-0.1207479 -0.0056491899 1.505
-0.11789674 -0.0056379288 1.502
-0.11528628 -0.0056379288 1.502
-0.11267582 -0.0056379288 1.502
-0.11006536 -0.0056379288 1.502
-0.10716873 -0.0056229145 1.498
-0.10456523 -0.0056229145 1.498
-0.10196172 -0.0056229145 1.498
-0.099358208 -0.0056229145 1.498
-0.0967547 -0.0056229145 1.498
-0.094151184 -0.0056229145 1.498
-0.091547675 -0.0056229145 1.498
-0.088944167 -0.0056229145 1.498
-0.086340658 -0.0056229145 1.498
-0.08373715 -0.0056229145 1.498
-0.081133634 -0.0056229145 1.498
-0.078530125 -0.0056229145 1.498
-0.075926617 -0.0056229145 1.498
-0.073323108 -0.0056229145 1.498
-0.0707196 -0.0056229145 1.498
-0.067979671 -0.0056116539 1.495
-0.065381378 -0.0056116539 1.495
-0.062783085 -0.0056116539 1.495
-0.060184784 -0.0056116539 1.495
-0.057586491 -0.0056116539 1.495
-0.054988194 -0.0056116539 1.495
-0.052389897 -0.0056116539 1.495
-0.049791604 -0.0056116539 1.495
-0.047193307 -0.0056116539 1.495
-0.044595011 -0.0056116539 1.495
-0.041996714 -0.0056116539 1.495
-0.039398421 -0.0056116539 1.495
-0.03687397 -0.0056229145 1.498
-0.034270462 -0.0056229145 1.498
-0.031666949 -0.0056229145 1.498
-0.029063441 -0.0056229145 1.498
-0.02645993 -0.0056229145 1.498
-0.023856422 -0.0056229145 1.498
-0.021252912 -0.0056229145 1.498
-0.018649401 -0.0056229145 1.498
-0.016013756 -0.0056116539 1.495
-0.013415461 -0.0056116539 1.495
-0.010817165 -0.0056116539 1.495
-0.0082188696 -0.0056116539 1.495
-0.0056205736 -0.0056116539 1.495
-0.003022278 -0.0056116539 1.495
-0.00042398213 -0.0056116539 1.495
0.0021743136 -0.0056116539 1.495
0.0047726096 -0.0056116539 1.495
0.0073709055 -0.0056116539 1.495
0.0099692009 -0.0056116539 1.495
0.012567497 -0.0056116539 1.495
0.015165793 -0.0056116539 1.495
0.017764088 -0.0056116539 1.495
0.020362385 -0.0056116539 1.495
0.02296068 -0.0056116539 1.495
0.025558976 -0.0056116539 1.495
0.028157271 -0.0056116539 1.495
0.030755568 -0.0056116539 1.495
0.033353865 -0.0056116539 1.495
0.036024306 -0.0056229145 1.498
0.038627815 -0.0056229145 1.498
0.041231323 -0.0056229145 1.498
0.043747045 -0.0056116539 1.495
0.046345342 -0.0056116539 1.495
0.048943639 -0.0056116539 1.495
0.051541936 -0.0056116539 1.495
0.054140229 -0.0056116539 1.495
0.056738526 -0.0056116539 1.495
0.059336822 -0.0056116539 1.495
0.062059402 -0.0056229145 1.498
0.064662911 -0.0056229145 1.498
0.06726642 -0.0056229145 1.498
0.069869936 -0.0056229145 1.498
0.072473444 -0.0056229145 1.498
0.075076953 -0.0056229145 1.498
0.077680461 -0.0056229145 1.498
0.080123186 -0.0056116539 1.495
0.082721487 -0.0056116539 1.495
0.08531978 -0.0056116539 1.495
0.087918073 -0.0056116539 1.495
0.090516374 -0.0056116539 1.495
0.093114667 -0.0056116539 1.495
0.09571296 -0.0056116539 1.495
0.09831126 -0.0056116539 1.495
0.10090955 -0.0056116539 1.495
0.10350785 -0.0056116539 1.495
0.10610615 -0.0056116539 1.495
0.10870444 -0.0056116539 1.495
0.11130274 -0.0056116539 1.495
0.11390103 -0.0056116539 1.495
0.11649933 -0.0056116539 1.495
0.11909763 -0.0056116539 1.495
0.12169592 -0.0056116539 1.495
0.12429421 -0.0056116539 1.495
0.12689251 -0.0056116539 1.495
0.12975065 -0.0056229145 1.498
0.13235417 -0.0056229145 1.498
0.13495767 -0.0056229145 1.498
0.13756119 -0.0056229145 1.498
0.1401647 -0.0056229145 1.498
0.1427682 -0.0056229145 1.498
0.14537172 -0.0056229145 1.498
0.14837036 -0.0056379288 1.502
0.15098082 -0.0056379288 1.502
0.15359128 -0.0056379288 1.502
0.15620174 -0.0056379288 1.502
0.1588122 -0.0056379288 1.502
0.16099277 -0.0056229145 1.498
0.16359629 -0.0056229145 1.498
0.16619979 -0.0056229145 1.498
0.1688033 -0.0056229145 1.498
0.17140682 -0.0056229145 1.498
0.17401032 -0.0056229145 1.498
0.17661384 -0.0056229145 1.498
0.17885843 -0.0056116539 1.495
0.18145673 -0.0056116539 1.495
0.18405502 -0.0056116539 1.495
0.18665332 -0.0056116539 1.495
0.18925162 -0.0056116539 1.495
0.1918499 -0.0056116539 1.495
0.1944482 -0.0056116539 1.495
0.1970465 -0.0056116539 1.495
0.19964479 -0.0056116539 1.495
-0.19921817 -0.0030335141 1.505
-0.19660249 -0.0030335141 1.505
-0.1943735 -0.0030395612 1.508
-0.19175261 -0.0030395612 1.508
-0.18913172 -0.0030395612 1.508
-0.18651083 -0.0030395612 1.508
-0.18388996 -0.0030395612 1.508
-0.18126906 -0.0030395612 1.508
-0.17864817 -0.0030395612 1.508
-0.17602728 -0.0030395612 1.508
-0.17340639 -0.0030395612 1.508
-0.1707855 -0.0030395612 1.508
-0.16783006 -0.0030335141 1.505
-0.16521439 -0.0030335141 1.505
-0.16259871 -0.0030335141 1.505
-0.15966412 -0.0030274673 1.502
-0.15705366 -0.0030274673 1.502
-0.1544432 -0.0030274673 1.502
-0.15183274 -0.0030274673 1.502
-0.14922228 -0.0030274673 1.502
-0.14661182 -0.0030274673 1.502
-0.14400136 -0.0030274673 1.502
-0.1413909 -0.0030274673 1.502
-0.13878043 -0.0030274673 1.502
-0.13616997 -0.0030274673 1.502
-0.13382629 -0.0030335141 1.505
-0.13121061 -0.0030335141 1.505
-0.12859493 -0.0030335141 1.505
-0.12597924 -0.0030335141 1.505
-0.12336358 -0.0030335141 1.505
-0.1207479 -0.0030335141 1.505
-0.11789674 -0.0030274673 1.502
-0.11528628 -0.0030274673 1.502
-0.11267582 -0.0030274673 1.502
-0.11006536 -0.0030274673 1.502
-0.10716873 -0.0030194048 1.498
-0.10456523 -0.0030194048 1.498
-0.10196172 -0.0030194048 1.498
-0.099358208 -0.0030194048 1.498
-0.0967547 -0.0030194048 1.498
-0.094151184 -0.0030194048 1.498
-0.091547675 -0.0030194048 1.498
-0.088944167 -0.0030194048 1.498
-0.086340658 -0.0030194048 1.498
-0.08373715 -0.0030194048 1.498
-0.081133634 -0.0030194048 1.498
-0.078530125 -0.0030194048 1.498
-0.075926617 -0.0030194048 1.498
-0.073323108 -0.0030194048 1.498
-0.0707196 -0.0030194048 1.498
-0.067979671 -0.003013358 1.495
-0.065381378 -0.003013358 1.495
-0.062783085 -0.003013358 1.495
-0.060184784 -0.003013358 1.495
-0.057586491 -0.003013358 1.495
-0.054988194 -0.003013358 1.495
-0.052389897 -0.003013358 1.495
-0.049791604 -0.003013358 1.495
-0.047193307 -0.003013358 1.495
-0.044595011 -0.003013358 1.495
-0.041996714 -0.003013358 1.495
-0.039398421 -0.003013358 1.495
-0.03687397 -0.0030194048 1.498
-0.034270462 -0.0030194048 1.498
-0.031666949 -0.0030194048 1.498
-0.029063441 -0.0030194048 1.498
-0.02645993 -0.0030194048 1.498
-0.023856422 -0.0030194048 1.498
-0.021252912 -0.0030194048 1.498
-0.018649401 -0.0030194048 1.498
-0.016013756 -0.003013358 1.495
-0.013415461 -0.003013358 1.495
-0.010817165 -0.003013358 1.495
-0.0082188696 -0.003013358 1.495
-0.0056205736 -0.003013358 1.495
-0.003022278 -0.003013358 1.495
-0.00042398213 -0.003013358 1.495
0.0021743136 -0.003013358 1.495
0.0047726096 -0.003013358 1.495
0.0073709055 -0.003013358 1.495
0.0099692009 -0.003013358 1.495
0.012567497 -0.003013358 1.495
0.015165793 -0.003013358 1.495
0.017764088 -0.003013358 1.495
0.020362385 -0.003013358 1.495
0.02296068 -0.003013358 1.495
0.025558976 -0.003013358 1.495
0.028157271 -0.003013358 1.495
0.030755568 -0.003013358 1.495
0.033353865 -0.003013358 1.495
0.035952158 -0.003013358 1.495
0.038627815 -0.0030194048 1.498
0.041148752 -0.003013358 1.495
0.043747045 -0.003013358 1.495
0.046345342 -0.003013358 1.495
0.048943639 -0.003013358 1.495
0.051541936 -0.003013358 1.495
0.054140229 -0.003013358 1.495
0.056738526 -0.003013358 1.495
0.059336822 -0.003013358 1.495
0.061935116 -0.003013358 1.495
0.064533412 -0.003013358 1.495
0.067131706 -0.003013358 1.495
0.069730006 -0.003013358 1.495
0.072328299 -0.003013358 1.495
0.0749266 -0.003013358 1.495
0.077524893 -0.003013358 1.495
0.080123186 -0.003013358 1.495
0.082721487 -0.003013358 1.495
0.08531978 -0.003013358 1.495
0.087918073 -0.003013358 1.495
0.090516374 -0.003013358 1.495
0.093114667 -0.003013358 1.495
0.09571296 -0.003013358 1.495
0.09831126 -0.003013358 1.495
0.10090955 -0.003013358 1.495
0.10350785 -0.003013358 1.495
0.10610615 -0.003013358 1.495
0.10870444 -0.003013358 1.495
0.11130274 -0.003013358 1.495
0.11390103 -0.003013358 1.495
0.11649933 -0.003013358 1.495
0.11909763 -0.003013358 1.495
0.12169592 -0.003013358 1.495
0.12429421 -0.003013358 1.495
0.12714715 -0.0030194048 1.498
0.12975065 -0.0030194048 1.498
0.13235417 -0.0030194048 1.498
0.13495767 -0.0030194048 1.498
0.13756119 -0.0030194048 1.498
0.1401647 -0.0030194048 1.498
0.1427682 -0.0030194048 1.498
0.14537172 -0.0030194048 1.498
0.14837036 -0.0030274673 1.502
0.15098082 -0.0030274673 1.502
0.15359128 -0.0030274673 1.502
0.15620174 -0.0030274673 1.502
0.1588122 -0.0030274673 1.502
0.16099277 -0.0030194048 1.498
0.16403311 -0.0030274673 1.502
0.16619979 -0.0030194048 1.498
0.1688033 -0.0030194048 1.498
0.17140682 -0.0030194048 1.498
0.17401032 -0.0030194048 1.498
0.17661384 -0.0030194048 1.498
0.17885843 -0.003013358 1.495
0.18145673 -0.003013358 1.495
0.18405502 -0.003013358 1.495
0.18665332 -0.003013358 1.495
0.18925162 -0.003013358 1.495
0.1918499 -0.003013358 1.495
0.1944482 -0.003013358 1.495
0.1970465 -0.003013358 1.495
0.19964479 -0.003013358 1.495
-0.19921817 -0.00041783851 1.505
-0.19660249 -0.00041783851 1.505
-0.1943735 -0.00041867141 1.508
-0.19175261 -0.00041867141 1.508
-0.18913172 -0.00041867141 1.508
-0.18651083 -0.00041867141 1.508
-0.18388996 -0.00041867141 1.508
-0.18126906 -0.00041867141 1.508
-0.17864817 -0.00041867141 1.508
-0.17602728 -0.00041867141 1.508
-0.17340639 -0.00041867141 1.508
-0.1707855 -0.00041867141 1.508
-0.16783006 -0.00041783851 1.505
-0.16521439 -0.00041783851 1.505
-0.1622746 -0.00041700559 1.502
-0.15966412 -0.00041700559 1.502
-0.15705366 -0.00041700559 1.502
-0.1544432 -0.00041700559 1.502
-0.15183274 -0.00041700559 1.502
-0.14922228 -0.00041700559 1.502
-0.14661182 -0.00041700559 1.502
-0.14400136 -0.00041700559 1.502
-0.1413909 -0.00041700559 1.502
-0.13878043 -0.00041700559 1.502
-0.13616997 -0.00041700559 1.502
-0.13382629 -0.00041783851 1.505
-0.13121061 -0.00041783851 1.505
-0.12859493 -0.00041783851 1.505
-0.12597924 -0.00041783851 1.505
-0.12336358 -0.00041783851 1.505
-0.1207479 -0.00041783851 1.505
-0.11789674 -0.00041700559 1.502
-0.11528628 -0.00041700559 1.502
-0.11267582 -0.00041700559 1.502
-0.11006536 -0.00041700559 1.502
-0.10716873 -0.00041589508 1.498
-0.10456523 -0.00041589508 1.498
-0.10196172 -0.00041589508 1.498
-0.099358208 -0.00041589508 1.498
-0.0967547 -0.00041589508 1.498
-0.094151184 -0.00041589508 1.498
-0.091547675 -0.00041589508 1.498
-0.088944167 -0.00041589508 1.498
-0.086340658 -0.00041589508 1.498
-0.08373715 -0.00041589508 1.498
-0.081133634 -0.00041589508 1.498
-0.078530125 -0.00041589508 1.498
-0.075926617 -0.00041589508 1.498
-0.073323108 -0.00041589508 1.498
-0.0707196 -0.00041589508 1.498
-0.068116091 -0.00041589508 1.498
-0.065381378 -0.00041506215 1.495
-0.062783085 -0.00041506215 1.495
-0.060184784 -0.00041506215 1.495
-0.057586491 -0.00041506215 1.495
-0.054988194 -0.00041506215 1.495
-0.052389897 -0.00041506215 1.495
-0.049791604 -0.00041506215 1.495
-0.047193307 -0.00041506215 1.495
-0.044595011 -0.00041506215 1.495
-0.041996714 -0.00041506215 1.495
-0.039398421 -0.00041506215 1.495
-0.03687397 -0.00041589508 1.498
-0.034270462 -0.00041589508 1.498
-0.031666949 -0.00041589508 1.498
-0.029063441 -0.00041589508 1.498
-0.02645993 -0.00041589508 1.498
-0.023856422 -0.00041589508 1.498
-0.021252912 -0.00041589508 1.498
-0.018649401 -0.00041589508 1.498
-0.016013756 -0.00041506215 1.495
-0.013415461 -0.00041506215 1.495
-0.010817165 -0.00041506215 1.495
-0.0082188696 -0.00041506215 1.495
-0.0056205736 -0.00041506215 1.495
-0.003022278 -0.00041506215 1.495
-0.00042398213 -0.00041506215 1.495
0.0021743136 -0.00041506215 1.495
0.0047726096 -0.00041506215 1.495
0.0073709055 -0.00041506215 1.495
0.0099692009 -0.00041506215 1.495
0.012567497 -0.00041506215 1.495
0.015165793 -0.00041506215 1.495
0.017764088 -0.00041506215 1.495
0.020362385 -0.00041506215 1.495
0.02296068 -0.00041506215 1.495
0.025558976 -0.00041506215 1.495
0.028157271 -0.00041506215 1.495
0.030755568 -0.00041506215 1.495
0.033353865 -0.00041506215 1.495
0.035952158 -0.00041506215 1.495
0.038550455 -0.00041506215 1.495
0.041148752 -0.00041506215 1.495
0.043747045 -0.00041506215 1.495
0.046345342 -0.00041506215 1.495
0.048943639 -0.00041506215 1.495
0.051541936 -0.00041506215 1.495
0.054140229 -0.00041506215 1.495
0.056738526 -0.00041506215 1.495
0.059336822 -0.00041506215 1.495
0.061935116 -0.00041506215 1.495
0.064533412 -0.00041506215 1.495
0.067131706 -0.00041506215 1.495
0.069730006 -0.00041506215 1.495
0.072328299 -0.00041506215 1.495
0.0749266 -0.00041506215 1.495
0.077524893 -0.00041506215 1.495
0.080123186 -0.00041506215 1.495
0.082721487 -0.00041506215 1.495
0.08531978 -0.00041506215 1.495
0.087918073 -0.00041506215 1.495
0.090516374 -0.00041506215 1.495
0.093114667 -0.00041506215 1.495
0.09571296 -0.00041506215 1.495
0.09831126 -0.00041506215 1.495
0.10090955 -0.00041506215 1.495
0.10350785 -0.00041506215 1.495
0.10610615 -0.00041506215 1.495
0.10870444 -0.00041506215 1.495
0.11130274 -0.00041506215 1.495
0.11390103 -0.00041506215 1.495
0.11649933 -0.00041506215 1.495
0.11909763 -0.00041506215 1.495
0.12169592 -0.00041506215 1.495
0.12429421 -0.00041506215 1.495
0.12714715 -0.00041589508 1.498
0.12975065 -0.00041589508 1.498
0.13235417 -0.00041589508 1.498
0.13495767 -0.00041589508 1.498
0.13756119 -0.00041589508 1.498
0.1401647 -0.00041589508 1.498
0.1427682 -0.00041589508 1.498
0.14537172 -0.00041589508 1.498
0.14797522 -0.00041589508 1.498
0.15057874 -0.00041589508 1.498
0.15318225 -0.00041589508 1.498
0.15578575 -0.00041589508 1.498
0.15838927 -0.00041589508 1.498
0.16099277 -0.00041589508 1.498
0.16359629 -0.00041589508 1.498
0.16619979 -0.00041589508 1.498
0.1688033 -0.00041589508 1.498
0.17140682 -0.00041589508 1.498
0.17366184 -0.00041506215 1.495
0.17626013 -0.00041506215 1.495
0.17885843 -0.00041506215 1.495
0.18145673 -0.00041506215 1.495
0.18405502 -0.00041506215 1.495
0.18665332 -0.00041506215 1.495
0.18925162 -0.00041506215 1.495
0.1918499 -0.00041506215 1.495
0.1944482 -0.00041506215 1.495
0.1970465 -0.00041506215 1.495
0.19964479 -0.00041506215 1.495
-0.19921817 0.0021978372 1.505
-0.19660249 0.0021978372 1.505
-0.1943735 0.0022022184 1.508
-0.19175261 0.0022022184 1.508
-0.18913172 0.0022022184 1.508
-0.18651083 0.0022022184 1.508
-0.18388996 0.0022022184 1.508
-0.18126906 0.0022022184 1.508
-0.17864817 0.0022022184 1.508
-0.17602728 0.0022022184 1.508
-0.17340639 0.0022022184 1.508
-0.1707855 0.0022022184 1.508
-0.16783006 0.0021978372 1.505
-0.16521439 0.0021978372 1.505
-0.1622746 0.0021934561 1.502
-0.15966412 0.0021934561 1.502
-0.15705366 0.0021934561 1.502
-0.1544432 0.0021934561 1.502
-0.15183274 0.0021934561 1.502
-0.14922228 0.0021934561 1.502
-0.14661182 0.0021934561 1.502
-0.14400136 0.0021934561 1.502
-0.1413909 0.0021934561 1.502
-0.13878043 0.0021934561 1.502
-0.13616997 0.0021934561 1.502
-0.13382629 0.0021978372 1.505
-0.13121061 0.0021978372 1.505
-0.12859493 0.0021978372 1.505
-0.12597924 0.0021978372 1.505
-0.12336358 0.0021978372 1.505
-0.1207479 0.0021978372 1.505
-0.11813223 0.0021978372 1.505
-0.11528628 0.0021934561 1.502
-0.11267582 0.0021934561 1.502
-0.11006536 0.0021934561 1.502
-0.10716873 0.0021876148 1.498
-0.10456523 0.0021876148 1.498
-0.10196172 0.0021876148 1.498
-0.099358208 0.0021876148 1.498
-0.0967547 0.0021876148 1.498
-0.094151184 0.0021876148 1.498
-0.091547675 0.0021876148 1.498
-0.088944167 0.0021876148 1.498
-0.086340658 0.0021876148 1.498
-0.08373715 0.0021876148 1.498
-0.081133634 0.0021876148 1.498
-0.078530125 0.0021876148 1.498
-0.075926617 0.0021876148 1.498
-0.073323108 0.0021876148 1.498
-0.0707196 0.0021876148 1.498
-0.068116091 0.0021876148 1.498
-0.065381378 0.0021832336 1.495
-0.062783085 0.0021832336 1.495
-0.060184784 0.0021832336 1.495
-0.057586491 0.0021832336 1.495
-0.054988194 0.0021832336 1.495
-0.052389897 0.0021832336 1.495
-0.049791604 0.0021832336 1.495
-0.047193307 0.0021832336 1.495
-0.044595011 0.0021832336 1.495
-0.041996714 0.0021832336 1.495
-0.039398421 0.0021832336 1.495
-0.03687397 0.0021876148 1.498
-0.034270462 0.0021876148 1.498
-0.031666949 0.0021876148 1.498
-0.029063441 0.0021876148 1.498
-0.02645993 0.0021876148 1.498
-0.023856422 0.0021876148 1.498
-0.021252912 0.0021876148 1.498
-0.018649401 0.0021876148 1.498
-0.016045893 0.0021876148 1.498
-0.013415461 0.0021832336 1.495
-0.010817165 0.0021832336 1.495
-0.0082188696 0.0021832336 1.495
-0.0056205736 0.0021832336 1.495
-0.003022278 0.0021832336 1.495
-0.00042398213 0.0021832336 1.495
0.0021743136 0.0021832336 1.495
0.0047726096 0.0021832336 1.495
0.0073709055 0.0021832336 1.495
0.0099692009 0.0021832336 1.495
0.012567497 0.0021832336 1.495
0.015165793 0.0021832336 1.495
0.017764088 0.0021832336 1.495
0.020362385 0.0021832336 1.495
0.02296068 0.0021832336 1.495
0.025558976 0.0021832336 1.495
0.028157271 0.0021832336 1.495
0.030755568 0.0021832336 1.495
0.033353865 0.0021832336 1.495
0.035952158 0.0021832336 1.495
0.038550455 0.0021832336 1.495
0.041148752 0.0021832336 1.495
0.043747045 0.0021832336 1.495
0.046345342 0.0021832336 1.495
0.048943639 0.0021832336 1.495
0.051438507 0.0021788524 1.492
0.054031588 0.0021788524 1.492
0.05662467 0.0021788524 1.492
0.059336822 0.0021832336 1.495
0.061935116 0.0021832336 1.495
0.064533412 0.0021832336 1.495
0.067131706 0.0021832336 1.495
0.069730006 0.0021832336 1.495
0.072328299 0.0021832336 1.495
0.0749266 0.0021832336 1.495
0.077524893 0.0021832336 1.495
0.080123186 0.0021832336 1.495
0.082721487 0.0021832336 1.495
0.08531978 0.0021832336 1.495
0.087918073 0.0021832336 1.495
0.090516374 0.0021832336 1.495
0.093114667 0.0021832336 1.495
0.09571296 0.0021832336 1.495
0.09831126 0.0021832336 1.495
0.10090955 0.0021832336 1.495
0.10350785 0.0021832336 1.495
0.10610615 0.0021832336 1.495
0.10870444 0.0021832336 1.495
0.11130274 0.0021832336 1.495
0.11390103 0.0021832336 1.495
0.11649933 0.0021832336 1.495
0.11909763 0.0021832336 1.495
0.12169592 0.0021832336 1.495
0.12429421 0.0021832336 1.495
0.12714715 0.0021876148 1.498
0.12975065 0.0021876148 1.498
0.13235417 0.0021876148 1.498
0.13495767 0.0021876148 1.498
0.13756119 0.0021876148 1.498
0.1401647 0.0021876148 1.498
0.1427682 0.0021876148 1.498
0.14537172 0.0021876148 1.498
0.14797522 0.0021876148 1.498
0.15057874 0.0021876148 1.498
0.15318225 0.0021876148 1.498
0.15578575 0.0021876148 1.498
0.15838927 0.0021876148 1.498
0.16099277 0.0021876148 1.498
0.16359629 0.0021876148 1.498
0.16619979 0.0021876148 1.498
0.1688033 0.0021876148 1.498
0.17106354 0.0021832336 1.495
0.17366184 0.0021832336 1.495
0.17626013 0.0021832336 1.495
0.17885843 0.0021832336 1.495
0.18145673 0.0021832336 1.495
0.18405502 0.0021832336 1.495
0.18665332 0.0021832336 1.495
0.18925162 0.0021832336 1.495
0.1918499 0.0021832336 1.495
0.1944482 0.0021832336 1.495
0.1970465 0.0021832336 1.495
0.19964479 0.0021832336 1.495
-0.19921817 0.0048135128 1.505
-0.19660249 0.0048135128 1.505
-0.1943735 0.0048231082 1.508
-0.19175261 0.0048231082 1.508
-0.18913172 0.0048231082 1.508
-0.18651083 0.0048231082 1.508
-0.18388996 0.0048231082 1.508
-0.18126906 0.0048231082 1.508
-0.17864817 0.0048231082 1.508
-0.17602728 0.0048231082 1.508
-0.17340639 0.0048231082 1.508
-0.1707855 0.0048231082 1.508
-0.16783006 0.0048135128 1.505
-0.16521439 0.0048135128 1.505
-0.1622746 0.0048039178 1.502
-0.15966412 0.0048039178 1.502
-0.15705366 0.0048039178 1.502
-0.1544432 0.0048039178 1.502
-0.15183274 0.0048039178 1.502
-0.14922228 0.0048039178 1.502
-0.14622138 0.0047911247 1.498
-0.14361787 0.0047911247 1.498
-0.14101437 0.0047911247 1.498
-0.13878043 0.0048039178 1.502
-0.13616997 0.0048039178 1.502
-0.13355951 0.0048039178 1.502
-0.13121061 0.0048135128 1.505
-0.12859493 0.0048135128 1.505
-0.12597924 0.0048135128 1.505
-0.12336358 0.0048135128 1.505
-0.1207479 0.0048135128 1.505
-0.11789674 0.0048039178 1.502
-0.11528628 0.0048039178 1.502
-0.11267582 0.0048039178 1.502
-0.11006536 0.0048039178 1.502
-0.10716873 0.0047911247 1.498
-0.10456523 0.0047911247 1.498
-0.10196172 0.0047911247 1.498
-0.099358208 0.0047911247 1.498
-0.0967547 0.0047911247 1.498
-0.094151184 0.0047911247 1.498
-0.091547675 0.0047911247 1.498
-0.088944167 0.0047911247 1.498
-0.086340658 0.0047911247 1.498
-0.08373715 0.0047911247 1.498
-0.081133634 0.0047911247 1.498
-0.078739822 0.0048039178 1.502
-0.076129355 0.0048039178 1.502
-0.073518895 0.0048039178 1.502
-0.0707196 0.0047911247 1.498
-0.068116091 0.0047911247 1.498
-0.065512575 0.0047911247 1.498
-0.062783085 0.0047815293 1.495
-0.060184784 0.0047815293 1.495
-0.057586491 0.0047815293 1.495
-0.054988194 0.0047815293 1.495
-0.052389897 0.0047815293 1.495
-0.049791604 0.0047815293 1.495
-0.047193307 0.0047815293 1.495
-0.044595011 0.0047815293 1.495
-0.041996714 0.0047815293 1.495
-0.039398421 0.0047815293 1.495
-0.03687397 0.0047911247 1.498
-0.034270462 0.0047911247 1.498
-0.031666949 0.0047911247 1.498
-0.029141046 0.0048039178 1.502
-0.026530584 0.0048039178 1.502
-0.023920123 0.0048039178 1.502
-0.021309661 0.0048039178 1.502
-0.018649401 0.0047911247 1.498
-0.016045893 0.0047911247 1.498
-0.013442382 0.0047911247 1.498
-0.010838872 0.0047911247 1.498
-0.0082188696 0.0047815293 1.495
-0.0056205736 0.0047815293 1.495
-0.003022278 0.0047815293 1.495
-0.00042398213 0.0047815293 1.495
0.0021743136 0.0047815293 1.495
0.0047726096 0.0047815293 1.495
0.0073709055 0.0047815293 1.495
0.0099692009 0.0047815293 1.495
0.012567497 0.0047815293 1.495
0.015165793 0.0047815293 1.495
0.017764088 0.0047815293 1.495
0.020362385 0.0047815293 1.495
0.02296068 0.0047815293 1.495
0.025558976 0.0047815293 1.495
0.028157271 0.0047815293 1.495
0.030755568 0.0047815293 1.495
0.033353865 0.0047815293 1.495
0.035952158 0.0047815293 1.495
0.038550455 0.0047815293 1.495
0.041148752 0.0047815293 1.495
0.043747045 0.0047815293 1.495
0.046345342 0.0047815293 1.495
0.048845422 0.0047719344 1.492
0.051438507 0.0047719344 1.492
0.054031588 0.0047719344 1.492
0.05662467 0.0047719344 1.492
0.059217751 0.0047719344 1.492
0.061810832 0.0047719344 1.492
0.064403914 0.0047719344 1.492
0.066996999 0.0047719344 1.492
0.069730006 0.0047815293 1.495
0.072328299 0.0047815293 1.495
0.0749266 0.0047815293 1.495
0.077524893 0.0047815293 1.495
0.080123186 0.0047815293 1.495
0.082721487 0.0047815293 1.495
0.08531978 0.0047815293 1.495
0.087918073 0.0047815293 1.495
0.090516374 0.0047815293 1.495
0.093114667 0.0047815293 1.495
0.09571296 0.0047815293 1.495
0.09831126 0.0047815293 1.495
0.10090955 0.0047815293 1.495
0.10350785 0.0047815293 1.495
0.10610615 0.0047815293 1.495
0.10870444 0.0047815293 1.495
0.11130274 0.0047815293 1.495
0.11390103 0.0047815293 1.495
0.11649933 0.0047815293 1.495
0.11909763 0.0047815293 1.495
0.12169592 0.0047815293 1.495
0.12429421 0.0047815293 1.495
0.12689251 0.0047815293 1.495
0.12975065 0.0047911247 1.498
0.13235417 0.0047911247 1.498
0.13495767 0.0047911247 1.498
0.13756119 0.0047911247 1.498
0.1401647 0.0047911247 1.498
0.1427682 0.0047911247 1.498
0.14537172 0.0047911247 1.498
0.14797522 0.0047911247 1.498
0.15057874 0.0047911247 1.498
0.15318225 0.0047911247 1.498
0.15578575 0.0047911247 1.498
0.15838927 0.0047911247 1.498
0.16099277 0.0047911247 1.498
0.16359629 0.0047911247 1.498
0.16619979 0.0047911247 1.498
0.16846524 0.0047815293 1.495
0.17106354 0.0047815293 1.495
0.17366184 0.0047815293 1.495
0.17626013 0.0047815293 1.495
0.17885843 0.0047815293 1.495
0.18145673 0.0047815293 1.495
0.18405502 0.0047815293 1.495
0.18665332 0.0047815293 1.495
0.18925162 0.0047815293 1.495
0.1918499 0.0047815293 1.495
0.1944482 0.0047815293 1.495
0.1970465 0.0047815293 1.495
0.19964479 0.0047815293 1.495
-0.19921817 0.0074291886 1.505
-0.19660249 0.0074291886 1.505
-0.1943735 0.0074439975 1.508
-0.19175261 0.0074439975 1.508
-0.18913172 0.0074439975 1.508
-0.18651083 0.0074439975 1.508
-0.18388996 0.0074439975 1.508
-0.18126906 0.0074439975 1.508
-0.17864817 0.0074439975 1.508
-0.17602728 0.0074439975 1.508
-0.17340639 0.0074439975 1.508
-0.1707855 0.0074439975 1.508
-0.16783006 0.0074291886 1.505
-0.16521439 0.0074291886 1.505
-0.1622746 0.0074143796 1.502
-0.15966412 0.0074143796 1.502
-0.15705366 0.0074143796 1.502
-0.1544432 0.0074143796 1.502
-0.15183274 0.0074143796 1.502
-0.14922228 0.0074143796 1.502
-0.14622138 0.0073946342 1.498
-0.14361787 0.0073946342 1.498
-0.14101437 0.0073946342 1.498
-0.13841085 0.0073946342 1.498
-0.13616997 0.0074143796 1.502
-0.13355951 0.0074143796 1.502
-0.13121061 0.0074291886 1.505
-0.12859493 0.0074291886 1.505
-0.12597924 0.0074291886 1.505
-0.12336358 0.0074291886 1.505
-0.1207479 0.0074291886 1.505
-0.11813223 0.0074291886 1.505
-0.11528628 0.0074143796 1.502
-0.11267582 0.0074143796 1.502
-0.11006536 0.0074143796 1.502
-0.10716873 0.0073946342 1.498
-0.10456523 0.0073946342 1.498
-0.10196172 0.0073946342 1.498
-0.099358208 0.0073946342 1.498
-0.0967547 0.0073946342 1.498
-0.094151184 0.0073946342 1.498
-0.091547675 0.0073946342 1.498
-0.088944167 0.0073946342 1.498
-0.086340658 0.0073946342 1.498
-0.08373715 0.0073946342 1.498
-0.081133634 0.0073946342 1.498
-0.078530125 0.0073946342 1.498
-0.075926617 0.0073946342 1.498
-0.073323108 0.0073946342 1.498
-0.0707196 0.0073946342 1.498
-0.068116091 0.0073946342 1.498
-0.065512575 0.0073946342 1.498
-0.062783085 0.0073798252 1.495
-0.060184784 0.0073798252 1.495
-0.057586491 0.0073798252 1.495
-0.054988194 0.0073798252 1.495
-0.052389897 0.0073798252 1.495
-0.049791604 0.0073798252 1.495
-0.047193307 0.0073798252 1.495
-0.044595011 0.0073798252 1.495
-0.041996714 0.0073798252 1.495
-0.039398421 0.0073798252 1.495
-0.03687397 0.0073946342 1.498
-0.034270462 0.0073946342 1.498
-0.031751506 0.0074143796 1.502
-0.029141046 0.0074143796 1.502
-0.026530584 0.0074143796 1.502
-0.023920123 0.0074143796 1.502
-0.021309661 0.0074143796 1.502
-0.018699199 0.0074143796 1.502
-0.016045893 0.0073946342 1.498
-0.013442382 0.0073946342 1.498
-0.010838872 0.0073946342 1.498
-0.0082353624 0.0073946342 1.498
-0.0056205736 0.0073798252 1.495
-0.003022278 0.0073798252 1.495
-0.00042398213 0.0073798252 1.495
0.0021743136 0.0073798252 1.495
0.0047726096 0.0073798252 1.495
0.0073709055 0.0073798252 1.495
0.0099692009 0.0073798252 1.495
0.012567497 0.0073798252 1.495
0.015165793 0.0073798252 1.495
0.017764088 0.0073798252 1.495
0.020403245 0.0073946342 1.498
0.023006756 0.0073946342 1.498
0.025610264 0.0073946342 1.498
0.028213775 0.0073946342 1.498
0.030755568 0.0073798252 1.495
0.033353865 0.0073798252 1.495
0.035952158 0.0073798252 1.495
0.038550455 0.0073798252 1.495
0.041148752 0.0073798252 1.495
0.043747045 0.0073798252 1.495
0.046345342 0.0073798252 1.495
0.048845422 0.0073650163 1.492
0.051438507 0.0073650163 1.492
0.054031588 0.0073650163 1.492
0.05662467 0.0073650163 1.492
0.059217751 0.0073650163 1.492
0.061810832 0.0073650163 1.492
0.064403914 0.0073650163 1.492
0.066996999 0.0073650163 1.492
0.069590077 0.0073650163 1.492
0.072183162 0.0073650163 1.492
0.0749266 0.0073798252 1.495
0.077524893 0.0073798252 1.495
0.080123186 0.0073798252 1.495
0.082721487 0.0073798252 1.495
0.08531978 0.0073798252 1.495
0.087918073 0.0073798252 1.495
0.090516374 0.0073798252 1.495
0.093114667 0.0073798252 1.495
0.09571296 0.0073798252 1.495
0.09831126 0.0073798252 1.495
0.10090955 0.0073798252 1.495
0.10350785 0.0073798252 1.495
0.10610615 0.0073798252 1.495
0.10870444 0.0073798252 1.495
0.11130274 0.0073798252 1.495
0.11390103 0.0073798252 1.495
0.11649933 0.0073798252 1.495
0.11909763 0.0073798252 1.495
0.12169592 0.0073798252 1.495
0.12429421 0.0073798252 1.495
0.12689251 0.0073798252 1.495
0.12949081 0.0073798252 1.495
0.13208911 0.0073798252 1.495
0.13468739 0.0073798252 1.495
0.13728569 0.0073798252 1.495
0.139884 0.0073798252 1.495
0.1427682 0.0073946342 1.498
0.14537172 0.0073946342 1.498
0.14797522 0.0073946342 1.498
0.15057874 0.0073946342 1.498
0.15318225 0.0073946342 1.498
0.15578575 0.0073946342 1.498
0.15838927 0.0073946342 1.498
0.16067035 0.0073798252 1.495
0.16326866 0.0073798252 1.495
0.16586696 0.0073798252 1.495
0.16846524 0.0073798252 1.495
0.17106354 0.0073798252 1.495
0.17366184 0.0073798252 1.495
0.17626013 0.0073798252 1.495
0.17885843 0.0073798252 1.495
0.18145673 0.0073798252 1.495
0.18405502 0.0073798252 1.495
0.18665332 0.0073798252 1.495
0.18925162 0.0073798252 1.495
0.1918499 0.0073798252 1.495
0.1944482 0.0073798252 1.495
0.1970465 0.0073798252 1.495
0.19964479 0.0073798252 1.495
-0.19921817 0.010044864 1.505
-0.19660249 0.010044864 1.505
-0.1943735 0.010064888 1.508
-0.19175261 0.010064888 1.508
-0.18913172 0.010064888 1.508
-0.18651083 0.010064888 1.508
-0.18388996 0.010064888 1.508
-0.18126906 0.010064888 1.508
-0.17864817 0.010064888 1.508
-0.17602728 0.010064888 1.508
-0.17340639 0.010064888 1.508
-0.1707855 0.010064888 1.508
-0.16783006 0.010044864 1.505
-0.16521439 0.010044864 1.505
-0.16259871 0.010044864 1.505
-0.15966412 0.010024841 1.502
-0.15705366 0.010024841 1.502
-0.1544432 0.010024841 1.502
-0.15183274 0.010024841 1.502
-0.14922228 0.010024841 1.502
-0.14622138 0.0099981446 1.498
-0.14361787 0.0099981446 1.498
-0.14101437 0.0099981446 1.498
-0.13841085 0.0099981446 1.498
-0.13616997 0.010024841 1.502
-0.13355951 0.010024841 1.502
-0.13094905 0.010024841 1.502
-0.12833859 0.010024841 1.502
-0.12597924 0.010044864 1.505
-0.12336358 0.010044864 1.505
-0.1205072 0.010024841 1.502
-0.11789674 0.010024841 1.502
-0.11528628 0.010024841 1.502
-0.11267582 0.010024841 1.502
-0.11006536 0.010024841 1.502
-0.1074549 0.010024841 1.502
-0.10456523 0.0099981446 1.498
-0.10196172 0.0099981446 1.498
-0.099358208 0.0099981446 1.498
-0.0967547 0.0099981446 1.498
-0.094151184 0.0099981446 1.498
-0.091547675 0.0099981446 1.498
-0.088944167 0.0099981446 1.498
-0.086340658 0.0099981446 1.498
-0.08373715 0.0099981446 1.498
-0.081133634 0.0099981446 1.498
-0.078530125 0.0099981446 1.498
-0.075926617 0.0099981446 1.498
-0.073323108 0.0099981446 1.498
-0.0707196 0.0099981446 1.498
-0.068116091 0.0099981446 1.498
-0.065512575 0.0099981446 1.498
-0.062783085 0.0099781211 1.495
-0.060184784 0.0099781211 1.495
-0.057586491 0.0099781211 1.495
-0.054988194 0.0099781211 1.495
-0.052389897 0.0099781211 1.495
-0.049791604 0.0099781211 1.495
-0.047193307 0.0099781211 1.495
-0.044595011 0.0099781211 1.495
-0.041996714 0.0099781211 1.495
-0.039477479 0.0099981446 1.498
-0.03687397 0.0099981446 1.498
-0.034270462 0.0099981446 1.498
-0.031751506 0.010024841 1.502
-0.029141046 0.010024841 1.502
-0.026530584 0.010024841 1.502
-0.023920123 0.010024841 1.502
-0.021309661 0.010024841 1.502
-0.018699199 0.010024841 1.502
-0.016045893 0.0099981446 1.498
-0.013442382 0.0099981446 1.498
-0.010838872 0.0099981446 1.498
-0.0082353624 0.0099981446 1.498
-0.0056318524 0.0099981446 1.498
-0.003022278 0.0099781211 1.495
-0.00042398213 0.0099781211 1.495
0.0021743136 0.0099781211 1.495
0.0047726096 0.0099781211 1.495
0.0073709055 0.0099781211 1.495
0.0099692009 0.0099781211 1.495
0.012567497 0.0099781211 1.495
0.015165793 0.0099781211 1.495
0.017764088 0.0099781211 1.495
0.020403245 0.0099981446 1.498
0.023006756 0.0099981446 1.498
0.025610264 0.0099981446 1.498
0.028213775 0.0099981446 1.498
0.030817285 0.0099981446 1.498
0.033353865 0.0099781211 1.495
0.035952158 0.0099781211 1.495
0.038550455 0.0099781211 1.495
0.041148752 0.0099781211 1.495
0.043747045 0.0099781211 1.495
0.046345342 0.0099781211 1.495
0.048943639 0.0099781211 1.495
0.051438507 0.0099580977 1.492
0.054031588 0.0099580977 1.492
0.05662467 0.0099580977 1.492
0.059217751 0.0099580977 1.492
0.061810832 0.0099580977 1.492
0.064403914 0.0099580977 1.492
0.066996999 0.0099580977 1.492
0.069590077 0.0099580977 1.492
0.072183162 0.0099580977 1.492
0.0749266 0.0099781211 1.495
0.077524893 0.0099781211 1.495
0.080123186 0.0099781211 1.495
0.082721487 0.0099781211 1.495
0.08531978 0.0099781211 1.495
0.087918073 0.0099781211 1.495
0.090516374 0.0099781211 1.495
0.093114667 0.0099781211 1.495
0.09571296 0.0099781211 1.495
0.09831126 0.0099781211 1.495
0.10090955 0.0099781211 1.495
0.10350785 0.0099781211 1.495
0.10610615 0.0099781211 1.495
0.10870444 0.0099781211 1.495
0.11130274 0.0099781211 1.495
0.11390103 0.0099781211 1.495
0.11649933 0.0099781211 1.495
0.11909763 0.0099781211 1.495
0.12169592 0.0099781211 1.495
0.12429421 0.0099781211 1.495
0.12689251 0.0099781211 1.495
0.12949081 0.0099781211 1.495
0.13208911 0.0099781211 1.495
0.13468739 0.0099781211 1.495
0.13728569 0.0099781211 1.495
0.139884 0.0099781211 1.495
0.14248228 0.0099781211 1.495
0.14537172 0.0099981446 1.498
0.14797522 0.0099981446 1.498
0.15057874 0.0099981446 1.498
0.15287547 0.0099781211 1.495
0.15578575 0.0099981446 1.498
0.15838927 0.0099981446 1.498
0.16067035 0.0099781211 1.495
0.16326866 0.0099781211 1.495
0.16586696 0.0099781211 1.495
0.16846524 0.0099781211 1.495
0.17106354 0.0099781211 1.495
0.17366184 0.0099781211 1.495
0.17626013 0.0099781211 1.495
0.17885843 0.0099781211 1.495
0.18145673 0.0099781211 1.495
0.18405502 0.0099781211 1.495
0.18665332 0.0099781211 1.495
0.18925162 0.0099781211 1.495
0.1918499 0.0099781211 1.495
0.1944482 0.0099781211 1.495
0.1970465 0.0099781211 1.495
0.19964479 0.0099781211 1.495
-0.19921817 0.01266054 1.505
-0.19660249 0.01266054 1.505
-0.1943735 0.012685777 1.508
-0.19175261 0.012685777 1.508
-0.18913172 0.012685777 1.508
-0.18651083 0.012685777 1.508
-0.18388996 0.012685777 1.508
-0.18126906 0.012685777 1.508
-0.17864817 0.012685777 1.508
-0.17602728 0.012685777 1.508
-0.17340639 0.012685777 1.508
-0.1707855 0.012685777 1.508
-0.16783006 0.01266054 1.505
-0.16521439 0.01266054 1.505
-0.16259871 0.01266054 1.505
-0.15998304 0.01266054 1.505
-0.15705366 0.012635303 1.502
-0.1544432 0.012635303 1.502
-0.15183274 0.012635303 1.502
-0.14922228 0.012635303 1.502
-0.14622138 0.012601654 1.498
-0.14361787 0.012601654 1.498
-0.14101437 0.012601654 1.498
-0.13841085 0.012601654 1.498
-0.13616997 0.012635303 1.502
-0.13355951 0.012635303 1.502
-0.13094905 0.012635303 1.502
-0.12833859 0.012635303 1.502
-0.12572813 0.012635303 1.502
-0.12336358 0.01266054 1.505
-0.1205072 0.012635303 1.502
-0.11789674 0.012635303 1.502
-0.11551655 0.01266054 1.505
-0.11267582 0.012635303 1.502
-0.11006536 0.012635303 1.502
-0.1074549 0.012635303 1.502
-0.10456523 0.012601654 1.498
-0.10196172 0.012601654 1.498
-0.099358208 0.012601654 1.498
-0.0967547 0.012601654 1.498
-0.094151184 0.012601654 1.498
-0.091547675 0.012601654 1.498
-0.088944167 0.012601654 1.498
-0.086340658 0.012601654 1.498
-0.08373715 0.012601654 1.498
-0.081133634 0.012601654 1.498
-0.078530125 0.012601654 1.498
-0.075926617 0.012601654 1.498
-0.073323108 0.012601654 1.498
-0.0707196 0.012601654 1.498
-0.068116091 0.012601654 1.498
-0.065512575 0.012601654 1.498
-0.062909067 0.012601654 1.498
-0.060184784 0.012576417 1.495
-0.057586491 0.012576417 1.495
-0.054988194 0.012576417 1.495
-0.052389897 0.012576417 1.495
-0.049791604 0.012576417 1.495
-0.047193307 0.012576417 1.495
-0.044595011 0.012576417 1.495
-0.041996714 0.012576417 1.495
-0.039477479 0.012601654 1.498
-0.03687397 0.012601654 1.498
-0.03436197 0.012635303 1.502
-0.031751506 0.012635303 1.502
-0.02919925 0.01266054 1.505
-0.026583575 0.01266054 1.505
-0.023967899 0.01266054 1.505
-0.021309661 0.012635303 1.502
-0.018699199 0.012635303 1.502
-0.016088737 0.012635303 1.502
-0.013442382 0.012601654 1.498
-0.010838872 0.012601654 1.498
-0.0082353624 0.012601654 1.498
-0.0056318524 0.012601654 1.498
-0.003022278 0.012576417 1.495
-0.00042398213 0.012576417 1.495
0.0021743136 0.012576417 1.495
0.0047726096 0.012576417 1.495
0.0073709055 0.012576417 1.495
0.0099692009 0.012576417 1.495
0.012592716 0.012601654 1.498
0.015196226 0.012601654 1.498
0.017799735 0.012601654 1.498
0.020403245 0.012601654 1.498
0.023006756 0.012601654 1.498
0.025610264 0.012601654 1.498
0.028213775 0.012601654 1.498
0.030817285 0.012601654 1.498
0.033420794 0.012601654 1.498
0.035952158 0.012576417 1.495
0.038550455 0.012576417 1.495
0.041148752 0.012576417 1.495
0.043747045 0.012576417 1.495
0.046345342 0.012576417 1.495
0.048943639 0.012576417 1.495
0.051541936 0.012576417 1.495
0.054031588 0.01255118 1.492
0.05662467 0.01255118 1.492
0.059217751 0.01255118 1.492
0.061810832 0.01255118 1.492
0.064403914 0.01255118 1.492
0.066996999 0.01255118 1.492
0.069590077 0.01255118 1.492
0.072183162 0.01255118 1.492
0.0749266 0.012576417 1.495
0.077524893 0.012576417 1.495
0.080123186 0.012576417 1.495
0.082721487 0.012576417 1.495
0.08531978 0.012576417 1.495
0.087918073 0.012576417 1.495
0.090516374 0.012576417 1.495
0.093114667 0.012576417 1.495
0.09571296 0.012576417 1.495
0.09831126 0.012576417 1.495
0.10090955 0.012576417 1.495
0.10350785 0.012576417 1.495
0.10610615 0.012576417 1.495
0.10870444 0.012576417 1.495
0.11130274 0.012576417 1.495
0.11390103 0.012576417 1.495
0.11649933 0.012576417 1.495
0.11909763 0.012576417 1.495
0.12169592 0.012576417 1.495
0.12429421 0.012576417 1.495
0.12689251 0.012576417 1.495
0.12949081 0.012576417 1.495
0.13208911 0.012576417 1.495
0.13468739 0.012576417 1.495
0.13728569 0.012576417 1.495
0.139884 0.012576417 1.495
0.14248228 0.012576417 1.495
0.14508058 0.012576417 1.495
0.14767888 0.012576417 1.495
0.15027718 0.012576417 1.495
0.15287547 0.012576417 1.495
0.15578575 0.012601654 1.498
0.15807207 0.012576417 1.495
0.16067035 0.012576417 1.495
0.16326866 0.012576417 1.495
0.16586696 0.012576417 1.495
0.16846524 0.012576417 1.495
0.17072026 0.01255118 1.492
0.17331335 0.01255118 1.492
0.17626013 0.012576417 1.495
0.17885843 0.012576417 1.495
0.18145673 0.012576417 1.495
0.18405502 0.012576417 1.495
0.18665332 0.012576417 1.495
0.18925162 0.012576417 1.495
0.1918499 0.012576417 1.495
0.1944482 0.012576417 1.495
0.19744192 0.012601654 1.498
0.19964479 0.012576417 1.495
-0.19921817 0.015276216 1.505
-0.19699439 0.015306666 1.508
-0.1943735 0.015306666 1.508
-0.19175261 0.015306666 1.508
-0.18913172 0.015306666 1.508
-0.18651083 0.015306666 1.508
-0.18388996 0.015306666 1.508
-0.18126906 0.015306666 1.508
-0.17864817 0.015306666 1.508
-0.17602728 0.015306666 1.508
-0.17340639 0.015306666 1.508
-0.1707855 0.015306666 1.508
-0.16816461 0.015306666 1.508
-0.16521439 0.015276216 1.505
-0.16259871 0.015276216 1.505
-0.15998304 0.015276216 1.505
-0.15736736 0.015276216 1.505
-0.1544432 0.015245765 1.502
-0.15183274 0.015245765 1.502
-0.14922228 0.015245765 1.502
-0.14661182 0.015245765 1.502
-0.14361787 0.015205164 1.498
-0.14101437 0.015205164 1.498
-0.13841085 0.015205164 1.498
-0.13616997 0.015245765 1.502
-0.13355951 0.015245765 1.502
-0.13094905 0.015245765 1.502
-0.12833859 0.015245765 1.502
-0.12572813 0.015245765 1.502
-0.12311767 0.015245765 1.502
-0.1205072 0.015245765 1.502
-0.11789674 0.015245765 1.502
-0.11528628 0.015245765 1.502
-0.11267582 0.015245765 1.502
-0.11006536 0.015245765 1.502
-0.1074549 0.015245765 1.502
-0.10484444 0.015245765 1.502
-0.10196172 0.015205164 1.498
-0.099358208 0.015205164 1.498
-0.0967547 0.015205164 1.498
-0.094151184 0.015205164 1.498
-0.091547675 0.015205164 1.498
-0.088944167 0.015205164 1.498
-0.086340658 0.015205164 1.498
-0.08373715 0.015205164 1.498
-0.081133634 0.015205164 1.498
-0.078530125 0.015205164 1.498
-0.075926617 0.015205164 1.498
-0.073323108 0.015205164 1.498
-0.0707196 0.015205164 1.498
-0.068116091 0.015205164 1.498
-0.065512575 0.015205164 1.498
-0.062909067 0.015205164 1.498
-0.060305558 0.015205164 1.498
-0.057586491 0.015174713 1.495
-0.054988194 0.015174713 1.495
-0.052389897 0.015174713 1.495
-0.049791604 0.015174713 1.495
-0.047193307 0.015174713 1.495
-0.044595011 0.015174713 1.495
-0.041996714 0.015174713 1.495
-0.039477479 0.015205164 1.498
-0.03687397 0.015205164 1.498
-0.03436197 0.015245765 1.502
-0.031751506 0.015245765 1.502
-0.02919925 0.015276216 1.505
-0.026583575 0.015276216 1.505
-0.023967899 0.015276216 1.505
-0.021309661 0.015245765 1.502
-0.018699199 0.015245765 1.502
-0.016088737 0.015245765 1.502
-0.013442382 0.015205164 1.498
-0.010838872 0.015205164 1.498
-0.0082353624 0.015205164 1.498
-0.0056318524 0.015205164 1.498
-0.003022278 0.015174713 1.495
-0.00042398213 0.015174713 1.495
0.0021743136 0.015174713 1.495
0.0047726096 0.015174713 1.495
0.0073709055 0.015174713 1.495
0.0099892067 0.015205164 1.498
0.012592716 0.015205164 1.498
0.015196226 0.015205164 1.498
0.017799735 0.015205164 1.498
0.020403245 0.015205164 1.498
0.023006756 0.015205164 1.498
0.025610264 0.015205164 1.498
0.028213775 0.015205164 1.498
0.030817285 0.015205164 1.498
0.033420794 0.015205164 1.498
0.035952158 0.015174713 1.495
0.038550455 0.015174713 1.495
0.041148752 0.015174713 1.495
0.043747045 0.015174713 1.495
0.046345342 0.015174713 1.495
0.048943639 0.015174713 1.495
0.051541936 0.015174713 1.495
0.054140229 0.015174713 1.495
0.056738526 0.015174713 1.495
0.059336822 0.015174713 1.495
0.061810832 0.015144262 1.492
0.064403914 0.015144262 1.492
0.066996999 0.015144262 1.492
0.069730006 0.015174713 1.495
0.072183162 0.015144262 1.492
0.0749266 0.015174713 1.495
0.077524893 0.015174713 1.495
0.080123186 0.015174713 1.495
0.082721487 0.015174713 1.495
0.08531978 0.015174713 1.495
0.087918073 0.015174713 1.495
0.090516374 0.015174713 1.495
0.093114667 0.015174713 1.495
0.09571296 0.015174713 1.495
0.09831126 0.015174713 1.495
0.10090955 0.015174713 1.495
0.10350785 0.015174713 1.495
0.10610615 0.015174713 1.495
0.10870444 0.015174713 1.495
0.11130274 0.015174713 1.495
0.11390103 0.015174713 1.495
0.11649933 0.015174713 1.495
0.11909763 0.015174713 1.495
0.12169592 0.015174713 1.495
0.12429421 0.015174713 1.495
0.12689251 0.015174713 1.495
0.12949081 0.015174713 1.495
0.13208911 0.015174713 1.495
0.13468739 0.015174713 1.495
0.13728569 0.015174713 1.495
0.139884 0.015174713 1.495
0.14248228 0.015174713 1.495
0.14508058 0.015174713 1.495
0.14767888 0.015174713 1.495
0.15027718 0.015174713 1.495
0.15287547 0.015174713 1.495
0.15547377 0.015174713 1.495
0.15807207 0.015174713 1.495
0.16067035 0.015174713 1.495
0.16326866 0.015174713 1.495
0.16553411 0.015144262 1.492
0.16812718 0.015144262 1.492
0.17072026 0.015144262 1.492
0.17331335 0.015144262 1.492
0.17590643 0.015144262 1.492
0.17885843 0.015174713 1.495
0.18145673 0.015174713 1.495
0.18405502 0.015174713 1.495
0.18665332 0.015174713 1.495
0.18925162 0.015174713 1.495
0.1918499 0.015174713 1.495
0.1948384 0.015205164 1.498
0.19744192 0.015205164 1.498
-0.19961528 0.017927557 1.508
-0.19699439 0.017927557 1.508
-0.1943735 0.017927557 1.508
-0.19175261 0.017927557 1.508
-0.18913172 0.017927557 1.508
-0.18651083 0.017927557 1.508
-0.18388996 0.017927557 1.508
-0.18126906 0.017927557 1.508
-0.17864817 0.017927557 1.508
-0.17602728 0.017927557 1.508
-0.17340639 0.017927557 1.508
-0.1707855 0.017927557 1.508
-0.16816461 0.017927557 1.508
-0.16554372 0.017927557 1.508
-0.16259871 0.017891891 1.505
-0.15998304 0.017891891 1.505
-0.15736736 0.017891891 1.505
-0.15475169 0.017891891 1.505
-0.15183274 0.017856225 1.502
-0.14922228 0.017856225 1.502
-0.14661182 0.017856225 1.502
-0.14400136 0.017856225 1.502
-0.14101437 0.017808674 1.498
-0.13841085 0.017808674 1.498
-0.13616997 0.017856225 1.502
-0.13355951 0.017856225 1.502
-0.13094905 0.017856225 1.502
-0.12833859 0.017856225 1.502
-0.12572813 0.017856225 1.502
-0.12311767 0.017856225 1.502
-0.1205072 0.017856225 1.502
-0.11789674 0.017856225 1.502
-0.11528628 0.017856225 1.502
-0.11267582 0.017856225 1.502
-0.11006536 0.017856225 1.502
-0.1074549 0.017856225 1.502
-0.10484444 0.017856225 1.502
-0.10223398 0.017856225 1.502
-0.099358208 0.017808674 1.498
-0.0967547 0.017808674 1.498
-0.094151184 0.017808674 1.498
-0.091547675 0.017808674 1.498
-0.088944167 0.017808674 1.498
-0.086340658 0.017808674 1.498
-0.08373715 0.017808674 1.498
-0.081133634 0.017808674 1.498
-0.078530125 0.017808674 1.498
-0.075926617 0.017808674 1.498
-0.073323108 0.017808674 1.498
-0.0707196 0.017808674 1.498
-0.068116091 0.017808674 1.498
-0.065512575 0.017808674 1.498
-0.062909067 0.017808674 1.498
-0.060305558 0.017808674 1.498
-0.057586491 0.017773008 1.495
-0.054988194 0.017773008 1.495
-0.052389897 0.017773008 1.495
-0.049791604 0.017773008 1.495
-0.047193307 0.017773008 1.495
-0.044595011 0.017773008 1.495
-0.042080991 0.017808674 1.498
-0.039477479 0.017808674 1.498
-0.03697243 0.017856225 1.502
-0.03436197 0.017856225 1.502
-0.031751506 0.017856225 1.502
-0.02919925 0.017891891 1.505
-0.026583575 0.017891891 1.505
-0.023967899 0.017891891 1.505
-0.021352224 0.017891891 1.505
-0.018699199 0.017856225 1.502
-0.016088737 0.017856225 1.502
-0.013442382 0.017808674 1.498
-0.010838872 0.017808674 1.498
-0.0082353624 0.017808674 1.498
-0.0056318524 0.017808674 1.498
-0.003022278 0.017773008 1.495
-0.00042398213 0.017773008 1.495
0.0021743136 0.017773008 1.495
0.0047726096 0.017773008 1.495
0.0073709055 0.017773008 1.495
0.0099892067 0.017808674 1.498
0.012592716 0.017808674 1.498
0.015196226 0.017808674 1.498
0.017799735 0.017808674 1.498
0.020403245 0.017808674 1.498
0.023006756 0.017808674 1.498
0.025610264 0.017808674 1.498
0.028213775 0.017808674 1.498
0.030817285 0.017808674 1.498
0.033420794 0.017808674 1.498
0.036024306 0.017808674 1.498
0.038550455 0.017773008 1.495
0.041148752 0.017773008 1.495
0.043747045 0.017773008 1.495
0.046345342 0.017773008 1.495
0.048943639 0.017773008 1.495
0.051541936 0.017773008 1.495
0.054140229 0.017773008 1.495
0.056738526 0.017773008 1.495
0.059336822 0.017773008 1.495
0.061935116 0.017773008 1.495
0.064533412 0.017773008 1.495
0.067131706 0.017773008 1.495
0.069730006 0.017773008 1.495
0.072328299 0.017773008 1.495
0.0749266 0.017773008 1.495
0.077524893 0.017773008 1.495
0.080123186 0.017773008 1.495
0.082721487 0.017773008 1.495
0.08531978 0.017773008 1.495
0.087918073 0.017773008 1.495
0.090516374 0.017773008 1.495
0.093114667 0.017773008 1.495
0.09571296 0.017773008 1.495
0.09831126 0.017773008 1.495
0.10090955 0.017773008 1.495
0.10350785 0.017773008 1.495
0.10610615 0.017773008 1.495
0.10892258 0.017808674 1.498
0.11152609 0.017808674 1.498
0.1141296 0.017808674 1.498
0.11649933 0.017773008 1.495
0.11909763 0.017773008 1.495
0.12169592 0.017773008 1.495
0.12429421 0.017773008 1.495
0.12689251 0.017773008 1.495
0.12949081 0.017773008 1.495
0.13208911 0.017773008 1.495
0.13468739 0.017773008 1.495
0.13728569 0.017773008 1.495
0.139884 0.017773008 1.495
0.14248228 0.017773008 1.495
0.14508058 0.017773008 1.495
0.14767888 0.017773008 1.495
0.15027718 0.017773008 1.495
0.15287547 0.017773008 1.495
0.15547377 0.017773008 1.495
0.15807207 0.017773008 1.495
0.16034794 0.017737344 1.492
0.16294102 0.017737344 1.492
0.16553411 0.017737344 1.492
0.16812718 0.017737344 1.492
0.17072026 0.017737344 1.492
0.17331335 0.017737344 1.492
0.17590643 0.017737344 1.492
0.17885843 0.017773008 1.495
0.18145673 0.017773008 1.495
0.18405502 0.017773008 1.495
0.18665332 0.017773008 1.495
0.18963139 0.017808674 1.498
0.19223489 0.017808674 1.498
0.1948384 0.017808674 1.498
0.19744192 0.017808674 1.498
-0.19961528 0.020548446 1.508
-0.19699439 0.020548446 1.508
-0.1943735 0.020548446 1.508
-0.19175261 0.020548446 1.508
-0.18913172 0.020548446 1.508
-0.18651083 0.020548446 1.508
-0.18388996 0.020548446 1.508
-0.18126906 0.020548446 1.508
-0.17864817 0.020548446 1.508
-0.17602728 0.020548446 1.508
-0.17340639 0.020548446 1.508
-0.1707855 0.020548446 1.508
-0.16816461 0.020548446 1.508
-0.16554372 0.020548446 1.508
-0.16259871 0.020507567 1.505
-0.15998304 0.020507567 1.505
-0.15736736 0.020507567 1.505
-0.15475169 0.020507567 1.505
-0.15213601 0.020507567 1.505
-0.14922228 0.020466687 1.502
-0.14661182 0.020466687 1.502
-0.14400136 0.020466687 1.502
-0.1413909 0.020466687 1.502
-0.13878043 0.020466687 1.502
-0.13616997 0.020466687 1.502
-0.13355951 0.020466687 1.502
-0.13094905 0.020466687 1.502
-0.12833859 0.020466687 1.502
-0.12572813 0.020466687 1.502
-0.12311767 0.020466687 1.502
-0.1205072 0.020466687 1.502
-0.11789674 0.020466687 1.502
-0.11528628 0.020466687 1.502
-0.11267582 0.020466687 1.502
-0.11006536 0.020466687 1.502
-0.1074549 0.020466687 1.502
-0.10484444 0.020466687 1.502
-0.10223398 0.020466687 1.502
-0.099623509 0.020466687 1.502
-0.0967547 0.020412184 1.498
-0.094151184 0.020412184 1.498
-0.091547675 0.020412184 1.498
-0.088944167 0.020412184 1.498
-0.086340658 0.020412184 1.498
-0.08373715 0.020412184 1.498
-0.081133634 0.020412184 1.498
-0.078530125 0.020412184 1.498
-0.075926617 0.020412184 1.498
-0.073323108 0.020412184 1.498
-0.0707196 0.020412184 1.498
-0.068116091 0.020412184 1.498
-0.065512575 0.020412184 1.498
-0.062909067 0.020412184 1.498
-0.060305558 0.020412184 1.498
-0.05770205 0.020412184 1.498
-0.054988194 0.020371305 1.495
-0.052389897 0.020371305 1.495
-0.049791604 0.020371305 1.495
-0.047193307 0.020371305 1.495
-0.0446845 0.020412184 1.498
-0.042080991 0.020412184 1.498
-0.039477479 0.020412184 1.498
-0.03697243 0.020466687 1.502
-0.03436197 0.020466687 1.502
-0.031751506 0.020466687 1.502
-0.02919925 0.020507567 1.505
-0.026583575 0.020507567 1.505
-0.023967899 0.020507567 1.505
-0.021309661 0.020466687 1.502
-0.018699199 0.020466687 1.502
-0.016088737 0.020466687 1.502
-0.013478275 0.020466687 1.502
-0.010838872 0.020412184 1.498
-0.0082353624 0.020412184 1.498
-0.0056318524 0.020412184 1.498
-0.003022278 0.020371305 1.495
-0.00042398213 0.020371305 1.495
0.0021743136 0.020371305 1.495
0.0047726096 0.020371305 1.495
0.0073709055 0.020371305 1.495
0.0099892067 0.020412184 1.498
0.012592716 0.020412184 1.498
0.015196226 0.020412184 1.498
0.017799735 0.020412184 1.498
0.020403245 0.020412184 1.498
0.023006756 0.020412184 1.498
0.025610264 0.020412184 1.498
0.028213775 0.020412184 1.498
0.030817285 0.020412184 1.498
0.033420794 0.020412184 1.498
0.036024306 0.020412184 1.498
0.038627815 0.020412184 1.498
0.041148752 0.020371305 1.495
0.043747045 0.020371305 1.495
0.046345342 0.020371305 1.495
0.048943639 0.020371305 1.495
0.051541936 0.020371305 1.495
0.054140229 0.020371305 1.495
0.056738526 0.020371305 1.495
0.059336822 0.020371305 1.495
0.061935116 0.020371305 1.495
0.064533412 0.020371305 1.495
0.067131706 0.020371305 1.495
0.069730006 0.020371305 1.495
0.072328299 0.020371305 1.495
0.0749266 0.020371305 1.495
0.077524893 0.020371305 1.495
0.080123186 0.020371305 1.495
0.082721487 0.020371305 1.495
0.08531978 0.020371305 1.495
0.087918073 0.020371305 1.495
0.090516374 0.020371305 1.495
0.093114667 0.020371305 1.495
0.09571296 0.020371305 1.495
0.09831126 0.020371305 1.495
0.10090955 0.020371305 1.495
0.10350785 0.020371305 1.495
0.10631907 0.020412184 1.498
0.10892258 0.020412184 1.498
0.11152609 0.020412184 1.498
0.1141296 0.020412184 1.498
0.11673311 0.020412184 1.498
0.11933662 0.020412184 1.498
0.12194013 0.020412184 1.498
0.12454364 0.020412184 1.498
0.12714715 0.020412184 1.498
0.12949081 0.020371305 1.495
0.13208911 0.020371305 1.495
0.13468739 0.020371305 1.495
0.13728569 0.020371305 1.495
0.139884 0.020371305 1.495
0.14248228 0.020371305 1.495
0.14508058 0.020371305 1.495
0.14767888 0.020371305 1.495
0.15027718 0.020371305 1.495
0.15287547 0.020371305 1.495
0.15547377 0.020371305 1.495
0.15775485 0.020330425 1.492
0.16034794 0.020330425 1.492
0.16294102 0.020330425 1.492
0.16553411 0.020330425 1.492
0.16812718 0.020330425 1.492
0.17072026 0.020330425 1.492
0.17331335 0.020330425 1.492
0.17590643 0.020330425 1.492
0.17849952 0.020330425 1.492
0.18145673 0.020371305 1.495
0.18405502 0.020371305 1.495
0.18665332 0.020371305 1.495
0.18963139 0.020412184 1.498
0.19223489 0.020412184 1.498
0.1948384 0.020412184 1.498
0.19744192 0.020412184 1.498
-0.19961528 0.023169337 1.508
-0.19699439 0.023169337 1.508
-0.1943735 0.023169337 1.508
-0.19175261 0.023169337 1.508
-0.18913172 0.023169337 1.508
-0.18651083 0.023169337 1.508
-0.18388996 0.023169337 1.508
-0.18126906 0.023169337 1.508
-0.17864817 0.023169337 1.508
-0.17602728 0.023169337 1.508
-0.17340639 0.023169337 1.508
-0.1707855 0.023169337 1.508
-0.16816461 0.023169337 1.508
-0.16554372 0.023169337 1.508
-0.16292283 0.023169337 1.508
-0.15998304 0.023123242 1.505
-0.15736736 0.023123242 1.505
-0.15475169 0.023123242 1.505
-0.15213601 0.023123242 1.505
-0.14952034 0.023123242 1.505
-0.14661182 0.023077149 1.502
-0.14400136 0.023077149 1.502
-0.1413909 0.023077149 1.502
-0.13878043 0.023077149 1.502
-0.13616997 0.023077149 1.502
-0.13355951 0.023077149 1.502
-0.13094905 0.023077149 1.502
-0.12833859 0.023077149 1.502
-0.12572813 0.023077149 1.502
-0.12311767 0.023077149 1.502
-0.12018628 0.023015693 1.498
-0.11789674 0.023077149 1.502
-0.11528628 0.023077149 1.502
-0.11267582 0.023077149 1.502
-0.11006536 0.023077149 1.502
-0.1074549 0.023077149 1.502
-0.10484444 0.023077149 1.502
-0.10223398 0.023077149 1.502
-0.099623509 0.023077149 1.502
-0.097013049 0.023077149 1.502
-0.094151184 0.023015693 1.498
-0.091547675 0.023015693 1.498
-0.088944167 0.023015693 1.498
-0.086340658 0.023015693 1.498
-0.08373715 0.023015693 1.498
-0.081133634 0.023015693 1.498
-0.078530125 0.023015693 1.498
-0.075926617 0.023015693 1.498
-0.073323108 0.023015693 1.498
-0.0707196 0.023015693 1.498
-0.068116091 0.023015693 1.498
-0.065512575 0.023015693 1.498
-0.062909067 0.023015693 1.498
-0.060305558 0.023015693 1.498
-0.05770205 0.023015693 1.498
-0.055098537 0.023015693 1.498
-0.052495029 0.023015693 1.498
-0.04989152 0.023015693 1.498
-0.047288008 0.023015693 1.498
-0.0446845 0.023015693 1.498
-0.042080991 0.023015693 1.498
-0.039477479 0.023015693 1.498
-0.03687397 0.023015693 1.498
-0.03436197 0.023077149 1.502
-0.031751506 0.023077149 1.502
-0.029141046 0.023077149 1.502
-0.026583575 0.023123242 1.505
-0.023967899 0.023123242 1.505
-0.021309661 0.023077149 1.502
-0.018699199 0.023077149 1.502
-0.016088737 0.023077149 1.502
-0.013478275 0.023077149 1.502
-0.010838872 0.023015693 1.498
-0.0082353624 0.023015693 1.498
-0.0056318524 0.023015693 1.498
-0.0030283427 0.023015693 1.498
-0.00042398213 0.0229696 1.495
0.0021743136 0.0229696 1.495
0.0047726096 0.0229696 1.495
0.0073856968 0.023015693 1.498
0.0099892067 0.023015693 1.498
0.012592716 0.023015693 1.498
0.015196226 0.023015693 1.498
0.017799735 0.023015693 1.498
0.020457726 0.023077149 1.502
0.023068188 0.023077149 1.502
0.02567865 0.023077149 1.502
0.028289111 0.023077149 1.502
0.030817285 0.023015693 1.498
0.033420794 0.023015693 1.498
0.036024306 0.023015693 1.498
0.038627815 0.023015693 1.498
0.041231323 0.023015693 1.498
0.043747045 0.0229696 1.495
0.046345342 0.0229696 1.495
0.048943639 0.0229696 1.495
0.051541936 0.0229696 1.495
0.054140229 0.0229696 1.495
0.056852382 0.023015693 1.498
0.059455894 0.023015693 1.498
0.061935116 0.0229696 1.495
0.064533412 0.0229696 1.495
0.067131706 0.0229696 1.495
0.069730006 0.0229696 1.495
0.072328299 0.0229696 1.495
0.0749266 0.0229696 1.495
0.077524893 0.0229696 1.495
0.080123186 0.0229696 1.495
0.082721487 0.0229696 1.495
0.08531978 0.0229696 1.495
0.087918073 0.0229696 1.495
0.090516374 0.0229696 1.495
0.093114667 0.0229696 1.495
0.09571296 0.0229696 1.495
0.09831126 0.0229696 1.495
0.10090955 0.0229696 1.495
0.10371556 0.023015693 1.498
0.10631907 0.023015693 1.498
0.10892258 0.023015693 1.498
0.11152609 0.023015693 1.498
0.1141296 0.023015693 1.498
0.11673311 0.023015693 1.498
0.11933662 0.023015693 1.498
0.12194013 0.023015693 1.498
0.12454364 0.023015693 1.498
0.12714715 0.023015693 1.498
0.12975065 0.023015693 1.498
0.13208911 0.0229696 1.495
0.13468739 0.0229696 1.495
0.13728569 0.0229696 1.495
0.139884 0.0229696 1.495
0.14248228 0.0229696 1.495
0.14508058 0.0229696 1.495
0.14767888 0.0229696 1.495
0.15027718 0.0229696 1.495
0.1525687 0.022923507 1.492
0.15516178 0.022923507 1.492
0.15775485 0.022923507 1.492
0.16034794 0.022923507 1.492
0.16294102 0.022923507 1.492
0.16553411 0.022923507 1.492
0.16812718 0.022923507 1.492
0.17072026 0.022923507 1.492
0.17331335 0.022923507 1.492
0.17590643 0.022923507 1.492
0.17849952 0.022923507 1.492
0.18145673 0.0229696 1.495
0.18405502 0.0229696 1.495
0.18702787 0.023015693 1.498
0.18963139 0.023015693 1.498
0.19223489 0.023015693 1.498
0.1948384 0.023015693 1.498
0.19744192 0.023015693 1.498
-0.19961528 0.025790226 1.508
-0.19699439 0.025790226 1.508
-0.1943735 0.025790226 1.508
-0.19175261 0.025790226 1.508
-0.18913172 0.025790226 1.508
-0.18651083 0.025790226 1.508
-0.18388996 0.025790226 1.508
-0.18126906 0.025790226 1.508
-0.17864817 0.025790226 1.508
-0.17602728 0.025790226 1.508
-0.17340639 0.025790226 1.508
-0.1707855 0.025790226 1.508
-0.16816461 0.025790226 1.508
-0.16554372 0.025790226 1.508
-0.16292283 0.025790226 1.508
-0.16030194 0.025790226 1.508
-0.15768105 0.025790226 1.508
-0.15506016 0.025790226 1.508
-0.15213601 0.025738919 1.505
-0.14952034 0.025738919 1.505
-0.14690466 0.025738919 1.505
-0.14428899 0.025738919 1.505
-0.1413909 0.025687611 1.502
-0.13878043 0.025687611 1.502
-0.13616997 0.025687611 1.502
-0.13355951 0.025687611 1.502
-0.13094905 0.025687611 1.502
-0.12799682 0.025619203 1.498
-0.1253933 0.025619203 1.498
-0.12278979 0.025619203 1.498
-0.12018628 0.025619203 1.498
-0.11758278 0.025619203 1.498
-0.11497927 0.025619203 1.498
-0.11267582 0.025687611 1.502
-0.11006536 0.025687611 1.502
-0.1074549 0.025687611 1.502
-0.10484444 0.025687611 1.502
-0.10223398 0.025687611 1.502
-0.099623509 0.025687611 1.502
-0.097013049 0.025687611 1.502
-0.094402589 0.025687611 1.502
-0.091547675 0.025619203 1.498
-0.088944167 0.025619203 1.498
-0.086340658 0.025619203 1.498
-0.08373715 0.025619203 1.498
-0.081133634 0.025619203 1.498
-0.078530125 0.025619203 1.498
-0.075926617 0.025619203 1.498
-0.073323108 0.025619203 1.498
-0.0707196 0.025619203 1.498
-0.068116091 0.025619203 1.498
-0.065512575 0.025619203 1.498
-0.062909067 0.025619203 1.498
-0.060305558 0.025619203 1.498
-0.05770205 0.025619203 1.498
-0.055098537 0.025619203 1.498
-0.052495029 0.025619203 1.498
-0.04989152 0.025619203 1.498
-0.047288008 0.025619203 1.498
-0.0446845 0.025619203 1.498
-0.042080991 0.025619203 1.498
-0.039477479 0.025619203 1.498
-0.03687397 0.025619203 1.498
-0.034270462 0.025619203 1.498
-0.031751506 0.025687611 1.502
-0.029141046 0.025687611 1.502
-0.026530584 0.025687611 1.502
-0.023920123 0.025687611 1.502
-0.021309661 0.025687611 1.502
-0.018699199 0.025687611 1.502
-0.016088737 0.025687611 1.502
-0.013442382 0.025619203 1.498
-0.010838872 0.025619203 1.498
-0.0082353624 0.025619203 1.498
-0.0056318524 0.025619203 1.498
-0.0030283427 0.025619203 1.498
-0.00042483292 0.025619203 1.498
0.0021786769 0.025619203 1.498
0.0047821868 0.025619203 1.498
0.0073856968 0.025619203 1.498
0.0099892067 0.025619203 1.498
0.012592716 0.025619203 1.498
0.015196226 0.025619203 1.498
0.017847264 0.025687611 1.502
0.020457726 0.025687611 1.502
0.023068188 0.025687611 1.502
0.02567865 0.025687611 1.502
0.028289111 0.025687611 1.502
0.030899573 0.025687611 1.502
0.033510033 0.025687611 1.502
0.036024306 0.025619203 1.498
0.038627815 0.025619203 1.498
0.041231323 0.025619203 1.498
0.043834835 0.025619203 1.498
0.046438344 0.025619203 1.498
0.048943639 0.025567897 1.495
0.051541936 0.025567897 1.495
0.054248873 0.025619203 1.498
0.056852382 0.025619203 1.498
0.059455894 0.025619203 1.498
0.062059402 0.025619203 1.498
0.064533412 0.025567897 1.495
0.067131706 0.025567897 1.495
0.069730006 0.025567897 1.495
0.072328299 0.025567897 1.495
0.075076953 0.025619203 1.498
0.077680461 0.025619203 1.498
0.080123186 0.025567897 1.495
0.082721487 0.025567897 1.495
0.08531978 0.025567897 1.495
0.087918073 0.025567897 1.495
0.090516374 0.025567897 1.495
0.093114667 0.025567897 1.495
0.09571296 0.025567897 1.495
0.09831126 0.025567897 1.495
0.10090955 0.025567897 1.495
0.10371556 0.025619203 1.498
0.10631907 0.025619203 1.498
0.10892258 0.025619203 1.498
0.11152609 0.025619203 1.498
0.1141296 0.025619203 1.498
0.11673311 0.025619203 1.498
0.11933662 0.025619203 1.498
0.12194013 0.025619203 1.498
0.12454364 0.025619203 1.498
0.12714715 0.025619203 1.498
0.12975065 0.025619203 1.498
0.13208911 0.025567897 1.495
0.13468739 0.025567897 1.495
0.13728569 0.025567897 1.495
0.139884 0.025567897 1.495
0.14248228 0.025567897 1.495
0.14478946 0.025516588 1.492
0.14738253 0.025516588 1.492
0.14997561 0.025516588 1.492
0.1525687 0.025516588 1.492
0.15516178 0.025516588 1.492
0.15775485 0.025516588 1.492
0.16034794 0.025516588 1.492
0.16294102 0.025516588 1.492
0.16553411 0.025516588 1.492
0.16812718 0.025516588 1.492
0.17072026 0.025516588 1.492
0.17331335 0.025516588 1.492
0.17590643 0.025516588 1.492
0.17885843 0.025567897 1.495
0.18145673 0.025567897 1.495
0.18405502 0.025567897 1.495
0.18702787 0.025619203 1.498
0.18963139 0.025619203 1.498
0.19223489 0.025619203 1.498
0.1948384 0.025619203 1.498
0.19744192 0.025619203 1.498
-0.19961528 0.028411115 1.508
-0.19699439 0.028411115 1.508
-0.1943735 0.028411115 1.508
-0.19175261 0.028411115 1.508
-0.18913172 0.028411115 1.508
-0.18651083 0.028411115 1.508
-0.18388996 0.028411115 1.508
-0.18126906 0.028411115 1.508
-0.17864817 0.028411115 1.508
-0.17602728 0.028411115 1.508
-0.17340639 0.028411115 1.508
-0.1707855 0.028411115 1.508
-0.16816461 0.028411115 1.508
-0.16554372 0.028411115 1.508
-0.16292283 0.028411115 1.508
-0.16030194 0.028411115 1.508
-0.15768105 0.028411115 1.508
-0.15506016 0.028411115 1.508
-0.15243927 0.028411115 1.508
-0.14952034 0.028354594 1.505
-0.14690466 0.028354594 1.505
-0.14428899 0.028354594 1.505
-0.1413909 0.028298073 1.502
-0.13878043 0.028298073 1.502
-0.13616997 0.028298073 1.502
-0.13355951 0.028298073 1.502
-0.13060032 0.028222714 1.498
-0.12799682 0.028222714 1.498
-0.1253933 0.028222714 1.498
-0.12278979 0.028222714 1.498
-0.12018628 0.028222714 1.498
-0.11758278 0.028222714 1.498
-0.11497927 0.028222714 1.498
-0.11267582 0.028298073 1.502
-0.11006536 0.028298073 1.502
-0.1074549 0.028298073 1.502
-0.10484444 0.028298073 1.502
-0.10223398 0.028298073 1.502
-0.099623509 0.028298073 1.502
-0.097013049 0.028298073 1.502
-0.094402589 0.028298073 1.502
-0.091547675 0.028222714 1.498
-0.088944167 0.028222714 1.498
-0.086340658 0.028222714 1.498
-0.08373715 0.028222714 1.498
-0.081133634 0.028222714 1.498
-0.078530125 0.028222714 1.498
-0.075926617 0.028222714 1.498
-0.073323108 0.028222714 1.498
-0.0707196 0.028222714 1.498
-0.068116091 0.028222714 1.498
-0.065512575 0.028222714 1.498
-0.062909067 0.028222714 1.498
-0.060305558 0.028222714 1.498
-0.05770205 0.028222714 1.498
-0.055098537 0.028222714 1.498
-0.052495029 0.028222714 1.498
-0.04989152 0.028222714 1.498
-0.047288008 0.028222714 1.498
-0.0446845 0.028222714 1.498
-0.042080991 0.028222714 1.498
-0.039477479 0.028222714 1.498
-0.03687397 0.028222714 1.498
-0.034270462 0.028222714 1.498
-0.031666949 0.028222714 1.498
-0.029141046 0.028298073 1.502
-0.026530584 0.028298073 1.502
-0.023920123 0.028298073 1.502
-0.021309661 0.028298073 1.502
-0.018699199 0.028298073 1.502
-0.016045893 0.028222714 1.498
-0.013442382 0.028222714 1.498
-0.010838872 0.028222714 1.498
-0.0082353624 0.028222714 1.498
-0.0056318524 0.028222714 1.498
-0.0030283427 0.028222714 1.498
-0.00042483292 0.028222714 1.498
0.0021786769 0.028222714 1.498
0.0047821868 0.028222714 1.498
0.0073856968 0.028222714 1.498
0.0099892067 0.028222714 1.498
0.012592716 0.028222714 1.498
0.015236803 0.028298073 1.502
0.017847264 0.028298073 1.502
0.020457726 0.028298073 1.502
0.023068188 0.028298073 1.502
0.02567865 0.028298073 1.502
0.028289111 0.028298073 1.502
0.030899573 0.028298073 1.502
0.033510033 0.028298073 1.502
0.036120497 0.028298073 1.502
0.038627815 0.028222714 1.498
0.041231323 0.028222714 1.498
0.043834835 0.028222714 1.498
0.046438344 0.028222714 1.498
0.049041852 0.028222714 1.498
0.051645365 0.028222714 1.498
0.054248873 0.028222714 1.498
0.056852382 0.028222714 1.498
0.059455894 0.028222714 1.498
0.062059402 0.028222714 1.498
0.064662911 0.028222714 1.498
0.06726642 0.028222714 1.498
0.069869936 0.028222714 1.498
0.072473444 0.028222714 1.498
0.075076953 0.028222714 1.498
0.077680461 0.028222714 1.498
0.080123186 0.028166192 1.495
0.082721487 0.028166192 1.495
0.08531978 0.028166192 1.495
0.087918073 0.028166192 1.495
0.090516374 0.028166192 1.495
0.093114667 0.028166192 1.495
0.09571296 0.028166192 1.495
0.09831126 0.028166192 1.495
0.10090955 0.028166192 1.495
0.10350785 0.028166192 1.495
0.10631907 0.028222714 1.498
0.10892258 0.028222714 1.498
0.11152609 0.028222714 1.498
0.1141296 0.028222714 1.498
0.11673311 0.028222714 1.498
0.11933662 0.028222714 1.498
0.12194013 0.028222714 1.498
0.12454364 0.028222714 1.498
0.12714715 0.028222714 1.498
0.12949081 0.028166192 1.495
0.13208911 0.028166192 1.495
0.13468739 0.028166192 1.495
0.13728569 0.028166192 1.495
0.139884 0.028166192 1.495
0.14219637 0.028109672 1.492
0.14478946 0.028109672 1.492
0.14738253 0.028109672 1.492
0.14997561 0.028109672 1.492
0.1525687 0.028109672 1.492
0.15516178 0.028109672 1.492
0.15775485 0.028109672 1.492
0.16034794 0.028109672 1.492
0.16294102 0.028109672 1.492
0.16553411 0.028109672 1.492
0.16812718 0.028109672 1.492
0.17072026 0.028109672 1.492
0.17331335 0.028109672 1.492
0.17590643 0.028109672 1.492
0.17885843 0.028166192 1.495
0.18145673 0.028166192 1.495
0.18405502 0.028166192 1.495
0.18702787 0.028222714 1.498
0.18963139 0.028222714 1.498
0.19223489 0.028222714 1.498
0.1948384 0.028222714 1.498
0.19744192 0.028222714 1.498
-0.19961528 0.031032005 1.508
-0.19699439 0.031032005 1.508
-0.1943735 0.031032005 1.508
-0.19175261 0.031032005 1.508
-0.18913172 0.031032005 1.508
-0.18651083 0.031032005 1.508
-0.18388996 0.031032005 1.508
-0.18126906 0.031032005 1.508
-0.17864817 0.031032005 1.508
-0.17602728 0.031032005 1.508
-0.17340639 0.031032005 1.508
-0.1707855 0.031032005 1.508
-0.16816461 0.031032005 1.508
-0.16554372 0.031032005 1.508
-0.16292283 0.031032005 1.508
-0.16030194 0.031032005 1.508
-0.15768105 0.031032005 1.508
-0.15506016 0.031032005 1.508
-0.15243927 0.031032005 1.508
-0.14981838 0.031032005 1.508
-0.14690466 0.03097027 1.505
-0.14428899 0.03097027 1.505
-0.14167331 0.03097027 1.505
-0.13878043 0.030908534 1.502
-0.13616997 0.030908534 1.502
-0.13355951 0.030908534 1.502
-0.13060032 0.030826222 1.498
-0.12799682 0.030826222 1.498
-0.1253933 0.030826222 1.498
-0.12278979 0.030826222 1.498
-0.12018628 0.030826222 1.498
-0.11758278 0.030826222 1.498
-0.11497927 0.030826222 1.498
-0.11267582 0.030908534 1.502
-0.11006536 0.030908534 1.502
-0.1074549 0.030908534 1.502
-0.10484444 0.030908534 1.502
-0.10223398 0.030908534 1.502
-0.099623509 0.030908534 1.502
-0.097013049 0.030908534 1.502
-0.094402589 0.030908534 1.502
-0.091547675 0.030826222 1.498
-0.088944167 0.030826222 1.498
-0.086340658 0.030826222 1.498
-0.08373715 0.030826222 1.498
-0.081133634 0.030826222 1.498
-0.078530125 0.030826222 1.498
-0.075926617 0.030826222 1.498
-0.073323108 0.030826222 1.498
-0.0707196 0.030826222 1.498
-0.068116091 0.030826222 1.498
-0.065512575 0.030826222 1.498
-0.062909067 0.030826222 1.498
-0.060305558 0.030826222 1.498
-0.05770205 0.030826222 1.498
-0.055098537 0.030826222 1.498
-0.052495029 0.030826222 1.498
-0.04989152 0.030826222 1.498
-0.047288008 0.030826222 1.498
-0.0446845 0.030826222 1.498
-0.042080991 0.030826222 1.498
-0.039477479 0.030826222 1.498
-0.03687397 0.030826222 1.498
-0.034270462 0.030826222 1.498
-0.031666949 0.030826222 1.498
-0.029063441 0.030826222 1.498
-0.026530584 0.030908534 1.502
-0.023920123 0.030908534 1.502
-0.021309661 0.030908534 1.502
-0.018699199 0.030908534 1.502
-0.016045893 0.030826222 1.498
-0.013442382 0.030826222 1.498
-0.010838872 0.030826222 1.498
-0.0082353624 0.030826222 1.498
-0.0056318524 0.030826222 1.498
-0.0030283427 0.030826222 1.498
-0.00042483292 0.030826222 1.498
0.0021743136 0.030764489 1.495
0.0047726096 0.030764489 1.495
0.0073856968 0.030826222 1.498
0.0099892067 0.030826222 1.498
0.012592716 0.030826222 1.498
0.015236803 0.030908534 1.502
0.017847264 0.030908534 1.502
0.020457726 0.030908534 1.502
0.023068188 0.030908534 1.502
0.02567865 0.030908534 1.502
0.028289111 0.030908534 1.502
0.030899573 0.030908534 1.502
0.033510033 0.030908534 1.502
0.036120497 0.030908534 1.502
0.038730957 0.030908534 1.502
0.041231323 0.030826222 1.498
0.043834835 0.030826222 1.498
0.046438344 0.030826222 1.498
0.049041852 0.030826222 1.498
0.051645365 0.030826222 1.498
0.054248873 0.030826222 1.498
0.056852382 0.030826222 1.498
0.059455894 0.030826222 1.498
0.062059402 0.030826222 1.498
0.064662911 0.030826222 1.498
0.06726642 0.030826222 1.498
0.069869936 0.030826222 1.498
0.072473444 0.030826222 1.498
0.075076953 0.030826222 1.498
0.077680461 0.030826222 1.498
0.08028397 0.030826222 1.498
0.082721487 0.030764489 1.495
0.08531978 0.030764489 1.495
0.087918073 0.030764489 1.495
0.090516374 0.030764489 1.495
0.093114667 0.030764489 1.495
0.09571296 0.030764489 1.495
0.09831126 0.030764489 1.495
0.10090955 0.030764489 1.495
0.10350785 0.030764489 1.495
0.10610615 0.030764489 1.495
0.10892258 0.030826222 1.498
0.11152609 0.030826222 1.498
0.1141296 0.030826222 1.498
0.11673311 0.030826222 1.498
0.11909763 0.030764489 1.495
0.12169592 0.030764489 1.495
0.12429421 0.030764489 1.495
0.12689251 0.030764489 1.495
0.12949081 0.030764489 1.495
0.13208911 0.030764489 1.495
0.13468739 0.030764489 1.495
0.13728569 0.030764489 1.495
0.139884 0.030764489 1.495
0.14219637 0.030702753 1.492
0.14478946 0.030702753 1.492
0.14738253 0.030702753 1.492
0.14997561 0.030702753 1.492
0.1525687 0.030702753 1.492
0.15516178 0.030702753 1.492
0.15775485 0.030702753 1.492
0.16034794 0.030702753 1.492
0.16294102 0.030702753 1.492
0.16553411 0.030702753 1.492
0.16812718 0.030702753 1.492
0.17072026 0.030702753 1.492
0.17331335 0.030702753 1.492
0.17590643 0.030702753 1.492
0.17885843 0.030764489 1.495
0.18145673 0.030764489 1.495
0.18405502 0.030764489 1.495
0.18702787 0.030826222 1.498
0.18963139 0.030826222 1.498
0.19223489 0.030826222 1.498
0.1948384 0.030826222 1.498
0.19744192 0.030826222 1.498
-0.19961528 0.033652894 1.508
-0.19699439 0.033652894 1.508
-0.1943735 0.033652894 1.508
-0.19226123 0.03374216 1.512
-0.1896334 0.03374216 1.512
-0.18700555 0.03374216 1.512
-0.18437771 0.03374216 1.512
-0.18126906 0.033652894 1.508
-0.17864817 0.033652894 1.508
-0.17602728 0.033652894 1.508
-0.17340639 0.033652894 1.508
-0.1707855 0.033652894 1.508
-0.16816461 0.033652894 1.508
-0.16554372 0.033652894 1.508
-0.16292283 0.033652894 1.508
-0.16030194 0.033652894 1.508
-0.15768105 0.033652894 1.508
-0.15506016 0.033652894 1.508
-0.15243927 0.033652894 1.508
-0.14981838 0.033652894 1.508
-0.1471975 0.033652894 1.508
-0.14428899 0.033585947 1.505
-0.14167331 0.033585947 1.505
-0.13905764 0.033585947 1.505
-0.13616997 0.033518996 1.502
-0.13355951 0.033518996 1.502
-0.13060032 0.033429734 1.498
-0.12799682 0.033429734 1.498
-0.1253933 0.033429734 1.498
-0.12278979 0.033429734 1.498
-0.12018628 0.033429734 1.498
-0.11758278 0.033429734 1.498
-0.11497927 0.033429734 1.498
-0.11237576 0.033429734 1.498
-0.11006536 0.033518996 1.502
-0.1074549 0.033518996 1.502
-0.10484444 0.033518996 1.502
-0.10223398 0.033518996 1.502
-0.099623509 0.033518996 1.502
-0.097013049 0.033518996 1.502
-0.094402589 0.033518996 1.502
-0.091547675 0.033429734 1.498
-0.088944167 0.033429734 1.498
-0.086340658 0.033429734 1.498
-0.08373715 0.033429734 1.498
-0.081133634 0.033429734 1.498
-0.078530125 0.033429734 1.498
-0.075926617 0.033429734 1.498
-0.073323108 0.033429734 1.498
-0.0707196 0.033429734 1.498
-0.068116091 0.033429734 1.498
-0.065512575 0.033429734 1.498
-0.062909067 0.033429734 1.498
-0.060305558 0.033429734 1.498
-0.05770205 0.033429734 1.498
-0.055098537 0.033429734 1.498
-0.052495029 0.033429734 1.498
-0.04989152 0.033429734 1.498
-0.047288008 0.033429734 1.498
-0.0446845 0.033429734 1.498
-0.042080991 0.033429734 1.498
-0.039477479 0.033429734 1.498
-0.036800124 0.033362783 1.495
-0.034201827 0.033362783 1.495
-0.031666949 0.033429734 1.498
-0.029063441 0.033429734 1.498
-0.02645993 0.033429734 1.498
-0.023920123 0.033518996 1.502
-0.021252912 0.033429734 1.498
-0.018699199 0.033518996 1.502
-0.016045893 0.033429734 1.498
-0.013442382 0.033429734 1.498
-0.010838872 0.033429734 1.498
-0.0082353624 0.033429734 1.498
-0.0056318524 0.033429734 1.498
-0.0030283427 0.033429734 1.498
-0.00042483292 0.033429734 1.498
0.0021743136 0.033362783 1.495
0.0047726096 0.033362783 1.495
0.0073709055 0.033362783 1.495
0.0099892067 0.033429734 1.498
0.012592716 0.033429734 1.498
0.015196226 0.033429734 1.498
0.017847264 0.033518996 1.502
0.020457726 0.033518996 1.502
0.023068188 0.033518996 1.502
0.02567865 0.033518996 1.502
0.028289111 0.033518996 1.502
0.030899573 0.033518996 1.502
0.033510033 0.033518996 1.502
0.036120497 0.033518996 1.502
0.038730957 0.033518996 1.502
0.041231323 0.033429734 1.498
0.043834835 0.033429734 1.498
0.046438344 0.033429734 1.498
0.049041852 0.033429734 1.498
0.051645365 0.033429734 1.498
0.054248873 0.033429734 1.498
0.056852382 0.033429734 1.498
0.059455894 0.033429734 1.498
0.062225115 0.033518996 1.502
0.064835578 0.033518996 1.502
0.067446038 0.033518996 1.502
0.070056498 0.033518996 1.502
0.072666958 0.033518996 1.502
0.075076953 0.033429734 1.498
0.077680461 0.033429734 1.498
0.08028397 0.033429734 1.498
0.082887478 0.033429734 1.498
0.08531978 0.033362783 1.495
0.087918073 0.033362783 1.495
0.090516374 0.033362783 1.495
0.093114667 0.033362783 1.495
0.09571296 0.033362783 1.495
0.09831126 0.033362783 1.495
0.10090955 0.033362783 1.495
0.10350785 0.033362783 1.495
0.10610615 0.033362783 1.495
0.10892258 0.033429734 1.498
0.11152609 0.033429734 1.498
0.1141296 0.033429734 1.498
0.11649933 0.033362783 1.495
0.11909763 0.033362783 1.495
0.12169592 0.033362783 1.495
0.12429421 0.033362783 1.495
0.12689251 0.033362783 1.495
0.12949081 0.033362783 1.495
0.13208911 0.033362783 1.495
0.13468739 0.033362783 1.495
0.13728569 0.033362783 1.495
0.139884 0.033362783 1.495
0.14219637 0.033295833 1.492
0.14478946 0.033295833 1.492
0.14738253 0.033295833 1.492
0.14997561 0.033295833 1.492
0.1525687 0.033295833 1.492
0.15516178 0.033295833 1.492
0.15775485 0.033295833 1.492
0.16034794 0.033295833 1.492
0.16294102 0.033295833 1.492
0.16553411 0.033295833 1.492
0.16812718 0.033295833 1.492
0.17072026 0.033295833 1.492
0.17331335 0.033295833 1.492
0.17590643 0.033295833 1.492
0.17885843 0.033362783 1.495
0.18145673 0.033362783 1.495
0.18405502 0.033362783 1.495
0.18665332 0.033362783 1.495
0.18963139 0.033429734 1.498
0.19223489 0.033429734 1.498
0.1948384 0.033429734 1.498
0.19744192 0.033429734 1.498
0.19964479 0.033362783 1.495
-0.19961528 0.036273785 1.508
-0.19699439 0.036273785 1.508
-0.1943735 0.036273785 1.508
-0.19226123 0.036370002 1.512
-0.1896334 0.036370002 1.512
-0.18700555 0.036370002 1.512
-0.18437771 0.036370002 1.512
-0.18126906 0.036273785 1.508
-0.17864817 0.036273785 1.508
-0.17602728 0.036273785 1.508
-0.17340639 0.036273785 1.508
-0.1707855 0.036273785 1.508
-0.16816461 0.036273785 1.508
-0.16554372 0.036273785 1.508
-0.16292283 0.036273785 1.508
-0.16030194 0.036273785 1.508
-0.15768105 0.036273785 1.508
-0.15506016 0.036273785 1.508
-0.15243927 0.036273785 1.508
-0.14981838 0.036273785 1.508
-0.1471975 0.036273785 1.508
-0.14428899 0.036201622 1.505
-0.14167331 0.036201622 1.505
-0.13905764 0.036201622 1.505
-0.13616997 0.03612946 1.502
-0.13355951 0.03612946 1.502
-0.13060032 0.036033243 1.498
-0.12799682 0.036033243 1.498
-0.1253933 0.036033243 1.498
-0.12278979 0.036033243 1.498
-0.12018628 0.036033243 1.498
-0.11758278 0.036033243 1.498
-0.11497927 0.036033243 1.498
-0.11237576 0.036033243 1.498
-0.10977224 0.036033243 1.498
-0.1074549 0.03612946 1.502
-0.10484444 0.03612946 1.502
-0.10223398 0.03612946 1.502
-0.099623509 0.03612946 1.502
-0.097013049 0.03612946 1.502
-0.094402589 0.03612946 1.502
-0.091547675 0.036033243 1.498
-0.088944167 0.036033243 1.498
-0.086340658 0.036033243 1.498
-0.08373715 0.036033243 1.498
-0.081133634 0.036033243 1.498
-0.078530125 0.036033243 1.498
-0.075926617 0.036033243 1.498
-0.073323108 0.036033243 1.498
-0.0707196 0.036033243 1.498
-0.068116091 0.036033243 1.498
-0.065512575 0.036033243 1.498
-0.062909067 0.036033243 1.498
-0.060305558 0.036033243 1.498
-0.05770205 0.036033243 1.498
-0.055098537 0.036033243 1.498
-0.052495029 0.036033243 1.498
-0.04989152 0.036033243 1.498
-0.047288008 0.036033243 1.498
-0.0446845 0.036033243 1.498
-0.042080991 0.036033243 1.498
-0.039398421 0.03596108 1.495
-0.036800124 0.03596108 1.495
-0.034201827 0.03596108 1.495
-0.03160353 0.03596108 1.495
-0.029063441 0.036033243 1.498
-0.02645993 0.036033243 1.498
-0.023856422 0.036033243 1.498
-0.021252912 0.036033243 1.498
-0.018699199 0.03612946 1.502
-0.016045893 0.036033243 1.498
-0.013442382 0.036033243 1.498
-0.010838872 0.036033243 1.498
-0.0082353624 0.036033243 1.498
-0.0056318524 0.036033243 1.498
-0.0030283427 0.036033243 1.498
-0.00042483292 0.036033243 1.498
0.0021743136 0.03596108 1.495
0.0047726096 0.03596108 1.495
0.0073709055 0.03596108 1.495
0.0099692009 0.03596108 1.495
0.012592716 0.036033243 1.498
0.015196226 0.036033243 1.498
0.017799735 0.036033243 1.498
0.020457726 0.03612946 1.502
0.023068188 0.03612946 1.502
0.02567865 0.03612946 1.502
0.028289111 0.03612946 1.502
0.030899573 0.03612946 1.502
0.033510033 0.03612946 1.502
0.036120497 0.03612946 1.502
0.038730957 0.03612946 1.502
0.041231323 0.036033243 1.498
0.043834835 0.036033243 1.498
0.046438344 0.036033243 1.498
0.049041852 0.036033243 1.498
0.051645365 0.036033243 1.498
0.054248873 0.036033243 1.498
0.057004191 0.03612946 1.502
0.059614651 0.03612946 1.502
0.062225115 0.03612946 1.502
0.064835578 0.03612946 1.502
0.067446038 0.03612946 1.502
0.070056498 0.03612946 1.502
0.072666958 0.03612946 1.502
0.075277425 0.03612946 1.502
0.077680461 0.036033243 1.498
0.08028397 0.036033243 1.498
0.082887478 0.036033243 1.498
0.08531978 0.03596108 1.495
0.087918073 0.03596108 1.495
0.090516374 0.03596108 1.495
0.093114667 0.03596108 1.495
0.09571296 0.03596108 1.495
0.09831126 0.03596108 1.495
0.10090955 0.03596108 1.495
0.10350785 0.03596108 1.495
0.10610615 0.03596108 1.495
0.10870444 0.03596108 1.495
0.11130274 0.03596108 1.495
0.11390103 0.03596108 1.495
0.11649933 0.03596108 1.495
0.11909763 0.03596108 1.495
0.12169592 0.03596108 1.495
0.12429421 0.03596108 1.495
0.12689251 0.03596108 1.495
0.12949081 0.03596108 1.495
0.13208911 0.03596108 1.495
0.13468739 0.03596108 1.495
0.13728569 0.03596108 1.495
0.139884 0.03596108 1.495
0.14248228 0.03596108 1.495
0.14508058 0.03596108 1.495
0.14767888 0.03596108 1.495
0.14997561 0.035888918 1.492
0.1525687 0.035888918 1.492
0.15516178 0.035888918 1.492
0.15775485 0.035888918 1.492
0.16034794 0.035888918 1.492
0.16294102 0.035888918 1.492
0.16553411 0.035888918 1.492
0.16812718 0.035888918 1.492
0.17072026 0.035888918 1.492
0.17331335 0.035888918 1.492
0.17590643 0.035888918 1.492
0.17885843 0.03596108 1.495
0.18145673 0.03596108 1.495
0.18405502 0.03596108 1.495
0.18665332 0.03596108 1.495
0.18963139 0.036033243 1.498
0.19223489 0.036033243 1.498
0.1948384 0.036033243 1.498
0.19744192 0.036033243 1.498
0.19964479 0.03596108 1.495
-0.19961528 0.038894676 1.508
-0.19699439 0.038894676 1.508
-0.19488908 0.03899784 1.512
-0.19226123 0.03899784 1.512
-0.1896334 0.03899784 1.512
-0.18700555 0.03899784 1.512
-0.18437771 0.03899784 1.512
-0.18126906 0.038894676 1.508
-0.17864817 0.038894676 1.508
-0.17602728 0.038894676 1.508
-0.17340639 0.038894676 1.508
-0.1707855 0.038894676 1.508
-0.16783006 0.038817298 1.505
-0.16521439 0.038817298 1.505
-0.16259871 0.038817298 1.505
-0.15998304 0.038817298 1.505
-0.15768105 0.038894676 1.508
-0.15506016 0.038894676 1.508
-0.15243927 0.038894676 1.508
-0.14981838 0.038894676 1.508
-0.14690466 0.038817298 1.505
-0.14428899 0.038817298 1.505
-0.14167331 0.038817298 1.505
-0.13905764 0.038817298 1.505
-0.13616997 0.03873992 1.502
-0.13355951 0.03873992 1.502
-0.13060032 0.038636751 1.498
-0.12799682 0.038636751 1.498
-0.1253933 0.038636751 1.498
-0.12278979 0.038636751 1.498
-0.12018628 0.038636751 1.498
-0.11758278 0.038636751 1.498
-0.11497927 0.038636751 1.498
-0.11237576 0.038636751 1.498
-0.10977224 0.038636751 1.498
-0.1074549 0.03873992 1.502
-0.10484444 0.03873992 1.502
-0.10223398 0.03873992 1.502
-0.099623509 0.03873992 1.502
-0.097013049 0.03873992 1.502
-0.094151184 0.038636751 1.498
-0.091547675 0.038636751 1.498
-0.088944167 0.038636751 1.498
-0.086340658 0.038636751 1.498
-0.08373715 0.038636751 1.498
-0.081133634 0.038636751 1.498
-0.078530125 0.038636751 1.498
-0.075926617 0.038636751 1.498
-0.073323108 0.038636751 1.498
-0.0707196 0.038636751 1.498
-0.068116091 0.038636751 1.498
-0.065512575 0.038636751 1.498
-0.062909067 0.038636751 1.498
-0.060305558 0.038636751 1.498
-0.05770205 0.038636751 1.498
-0.055098537 0.038636751 1.498
-0.052495029 0.038636751 1.498
-0.04989152 0.038636751 1.498
-0.047288008 0.038636751 1.498
-0.0446845 0.038636751 1.498
-0.042080991 0.038636751 1.498
-0.039398421 0.038559373 1.495
-0.036800124 0.038559373 1.495
-0.034201827 0.038559373 1.495
-0.03160353 0.038559373 1.495
-0.029005237 0.038559373 1.495
-0.02645993 0.038636751 1.498
-0.023920123 0.03873992 1.502
-0.021309661 0.03873992 1.502
-0.018699199 0.03873992 1.502
-0.016088737 0.03873992 1.502
-0.013442382 0.038636751 1.498
-0.010838872 0.038636751 1.498
-0.0082353624 0.038636751 1.498
-0.0056318524 0.038636751 1.498
-0.0030283427 0.038636751 1.498
-0.00042483292 0.038636751 1.498
0.0021743136 0.038559373 1.495
0.0047726096 0.038559373 1.495
0.0073709055 0.038559373 1.495
0.0099692009 0.038559373 1.495
0.012592716 0.038636751 1.498
0.015196226 0.038636751 1.498
0.017799735 0.038636751 1.498
0.020403245 0.038636751 1.498
0.023006756 0.038636751 1.498
0.02567865 0.03873992 1.502
0.028289111 0.03873992 1.502
0.030899573 0.03873992 1.502
0.033510033 0.03873992 1.502
0.036120497 0.03873992 1.502
0.038730957 0.03873992 1.502
0.041231323 0.038636751 1.498
0.043834835 0.038636751 1.498
0.046438344 0.038636751 1.498
0.049041852 0.038636751 1.498
0.051645365 0.038636751 1.498
0.054248873 0.038636751 1.498
0.057004191 0.03873992 1.502
0.059614651 0.03873992 1.502
0.062225115 0.03873992 1.502
0.064835578 0.03873992 1.502
0.067446038 0.03873992 1.502
0.070056498 0.03873992 1.502
0.072666958 0.03873992 1.502
0.075277425 0.03873992 1.502
0.077887885 0.03873992 1.502
0.08028397 0.038636751 1.498
0.082887478 0.038636751 1.498
0.085490994 0.038636751 1.498
0.087918073 0.038559373 1.495
0.090516374 0.038559373 1.495
0.093114667 0.038559373 1.495
0.09571296 0.038559373 1.495
0.09831126 0.038559373 1.495
0.10090955 0.038559373 1.495
0.10350785 0.038559373 1.495
0.10610615 0.038559373 1.495
0.10870444 0.038559373 1.495
0.11130274 0.038559373 1.495
0.11390103 0.038559373 1.495
0.11649933 0.038559373 1.495
0.11909763 0.038559373 1.495
0.12169592 0.038559373 1.495
0.12429421 0.038559373 1.495
0.12689251 0.038559373 1.495
0.12949081 0.038559373 1.495
0.13208911 0.038559373 1.495
0.13468739 0.038559373 1.495
0.13728569 0.038559373 1.495
0.139884 0.038559373 1.495
0.14248228 0.038559373 1.495
0.14508058 0.038559373 1.495
0.14767888 0.038559373 1.495
0.15027718 0.038559373 1.495
0.15287547 0.038559373 1.495
0.15516178 0.038481999 1.492
0.15775485 0.038481999 1.492
0.16034794 0.038481999 1.492
0.16294102 0.038481999 1.492
0.16553411 0.038481999 1.492
0.16812718 0.038481999 1.492
0.17072026 0.038481999 1.492
0.17331335 0.038481999 1.492
0.17590643 0.038481999 1.492
0.17849952 0.038481999 1.492
0.18145673 0.038559373 1.495
0.18405502 0.038559373 1.495
0.18665332 0.038559373 1.495
0.18925162 0.038559373 1.495
0.1918499 0.038559373 1.495
0.1944482 0.038559373 1.495
0.1970465 0.038559373 1.495
0.19964479 0.038559373 1.495
-0.19961528 0.041515563 1.508
-0.19699439 0.041515563 1.508
-0.1943735 0.041515563 1.508
-0.19226123 0.041625682 1.512
-0.1896334 0.041625682 1.512
-0.18700555 0.041625682 1.512
-0.18437771 0.041625682 1.512
-0.18126906 0.041515563 1.508
-0.17864817 0.041515563 1.508
-0.17602728 0.041515563 1.508
-0.17306142 0.041432973 1.505
-0.17044574 0.041432973 1.505
-0.16783006 0.041432973 1.505
-0.16521439 0.041432973 1.505
-0.16259871 0.041432973 1.505
-0.15998304 0.041432973 1.505
-0.15736736 0.041432973 1.505
-0.15475169 0.041432973 1.505
-0.15213601 0.041432973 1.505
-0.14952034 0.041432973 1.505
-0.14690466 0.041432973 1.505
-0.14428899 0.041432973 1.505
-0.14167331 0.041432973 1.505
-0.13905764 0.041432973 1.505
-0.13616997 0.041350383 1.502
-0.13355951 0.041350383 1.502
-0.13094905 0.041350383 1.502
-0.12799682 0.041240264 1.498
-0.1253933 0.041240264 1.498
-0.12278979 0.041240264 1.498
-0.12018628 0.041240264 1.498
-0.11758278 0.041240264 1.498
-0.11497927 0.041240264 1.498
-0.11237576 0.041240264 1.498
-0.10977224 0.041240264 1.498
-0.1074549 0.041350383 1.502
-0.10484444 0.041350383 1.502
-0.10223398 0.041350383 1.502
-0.099623509 0.041350383 1.502
-0.097013049 0.041350383 1.502
-0.094151184 0.041240264 1.498
-0.091547675 0.041240264 1.498
-0.088944167 0.041240264 1.498
-0.086340658 0.041240264 1.498
-0.08373715 0.041240264 1.498
-0.081133634 0.041240264 1.498
-0.078530125 0.041240264 1.498
-0.075926617 0.041240264 1.498
-0.073323108 0.041240264 1.498
-0.0707196 0.041240264 1.498
-0.068116091 0.041240264 1.498
-0.065512575 0.041240264 1.498
-0.062909067 0.041240264 1.498
-0.060305558 0.041240264 1.498
-0.05770205 0.041240264 1.498
-0.055098537 0.041240264 1.498
-0.052495029 0.041240264 1.498
-0.04989152 0.041240264 1.498
-0.047288008 0.041240264 1.498
-0.0446845 0.041240264 1.498
-0.042080991 0.041240264 1.498
-0.039398421 0.04115767 1.495
-0.036800124 0.04115767 1.495
-0.034201827 0.04115767 1.495
-0.03160353 0.04115767 1.495
-0.029005237 0.04115767 1.495
-0.02645993 0.041240264 1.498
-0.023920123 0.041350383 1.502
-0.021309661 0.041350383 1.502
-0.018699199 0.041350383 1.502
-0.016088737 0.041350383 1.502
-0.013478275 0.041350383 1.502
-0.010838872 0.041240264 1.498
-0.0082353624 0.041240264 1.498
-0.0056318524 0.041240264 1.498
-0.0030283427 0.041240264 1.498
-0.00042483292 0.041240264 1.498
0.0021743136 0.04115767 1.495
0.0047726096 0.04115767 1.495
0.0073709055 0.04115767 1.495
0.0099692009 0.04115767 1.495
0.012567497 0.04115767 1.495
0.015196226 0.041240264 1.498
0.017799735 0.041240264 1.498
0.020403245 0.041240264 1.498
0.023006756 0.041240264 1.498
0.025610264 0.041240264 1.498
0.028289111 0.041350383 1.502
0.030899573 0.041350383 1.502
0.033510033 0.041350383 1.502
0.036120497 0.041350383 1.502
0.038730957 0.041350383 1.502
0.041231323 0.041240264 1.498
0.043834835 0.041240264 1.498
0.046438344 0.041240264 1.498
0.049041852 0.041240264 1.498
0.051645365 0.041240264 1.498
0.054393727 0.041350383 1.502
0.057004191 0.041350383 1.502
0.059614651 0.041350383 1.502
0.062225115 0.041350383 1.502
0.064835578 0.041350383 1.502
0.067580752 0.041432973 1.505
0.070196427 0.041432973 1.505
0.072812103 0.041432973 1.505
0.075427778 0.041432973 1.505
0.078043453 0.041432973 1.505
0.080498345 0.041350383 1.502
0.082887478 0.041240264 1.498
0.085490994 0.041240264 1.498
0.088094503 0.041240264 1.498
0.090516374 0.04115767 1.495
0.093114667 0.04115767 1.495
0.09571296 0.04115767 1.495
0.09831126 0.04115767 1.495
0.10090955 0.04115767 1.495
0.10350785 0.04115767 1.495
0.10610615 0.04115767 1.495
0.10870444 0.04115767 1.495
0.11130274 0.04115767 1.495
0.11390103 0.04115767 1.495
0.11649933 0.04115767 1.495
0.11909763 0.04115767 1.495
0.12169592 0.04115767 1.495
0.12429421 0.04115767 1.495
0.12689251 0.04115767 1.495
0.12949081 0.04115767 1.495
0.13208911 0.04115767 1.495
0.13468739 0.04115767 1.495
0.13728569 0.04115767 1.495
0.139884 0.04115767 1.495
0.14248228 0.04115767 1.495
0.14508058 0.04115767 1.495
0.14767888 0.04115767 1.495
0.15027718 0.04115767 1.495
0.15287547 0.04115767 1.495
0.15516178 0.041075081 1.492
0.15775485 0.041075081 1.492
0.16034794 0.041075081 1.492
0.16294102 0.041075081 1.492
0.16553411 0.041075081 1.492
0.16812718 0.041075081 1.492
0.17072026 0.041075081 1.492
0.17331335 0.041075081 1.492
0.17590643 0.041075081 1.492
0.17849952 0.041075081 1.492
0.18145673 0.04115767 1.495
0.18405502 0.04115767 1.495
0.18665332 0.04115767 1.495
0.18925162 0.04115767 1.495
0.1918499 0.04115767 1.495
0.1944482 0.04115767 1.495
0.1970465 0.04115767 1.495
0.19964479 0.04115767 1.495
-0.19961528 0.044136453 1.508
-0.19699439 0.044136453 1.508
-0.1943735 0.044136453 1.508
-0.19226123 0.044253524 1.512
-0.1896334 0.044253524 1.512
-0.18651083 0.044136453 1.508
-0.18388996 0.044136453 1.508
-0.18126906 0.044136453 1.508
-0.17829277 0.044048648 1.505
-0.17567709 0.044048648 1.505
-0.17306142 0.044048648 1.505
-0.17010598 0.043960843 1.502
-0.16749552 0.043960843 1.502
-0.16488506 0.043960843 1.502
-0.1622746 0.043960843 1.502
-0.15998304 0.044048648 1.505
-0.15736736 0.044048648 1.505
-0.15475169 0.044048648 1.505
-0.15213601 0.044048648 1.505
-0.14952034 0.044048648 1.505
-0.14690466 0.044048648 1.505
-0.14428899 0.044048648 1.505
-0.14167331 0.044048648 1.505
-0.13878043 0.043960843 1.502
-0.13616997 0.043960843 1.502
-0.13355951 0.043960843 1.502
-0.13060032 0.043843772 1.498
-0.12799682 0.043843772 1.498
-0.1253933 0.043843772 1.498
-0.12278979 0.043843772 1.498
-0.12018628 0.043843772 1.498
-0.11758278 0.043843772 1.498
-0.11497927 0.043843772 1.498
-0.11237576 0.043843772 1.498
-0.10977224 0.043843772 1.498
-0.1074549 0.043960843 1.502
-0.10484444 0.043960843 1.502
-0.10223398 0.043960843 1.502
-0.099623509 0.043960843 1.502
-0.0967547 0.043843772 1.498
-0.094151184 0.043843772 1.498
-0.091547675 0.043843772 1.498
-0.088944167 0.043843772 1.498
-0.086340658 0.043843772 1.498
-0.08373715 0.043843772 1.498
-0.081133634 0.043843772 1.498
-0.078530125 0.043843772 1.498
-0.075926617 0.043843772 1.498
-0.073323108 0.043843772 1.498
-0.0707196 0.043843772 1.498
-0.068116091 0.043843772 1.498
-0.065512575 0.043843772 1.498
-0.062909067 0.043843772 1.498
-0.060305558 0.043843772 1.498
-0.05770205 0.043843772 1.498
-0.055098537 0.043843772 1.498
-0.052495029 0.043843772 1.498
-0.04989152 0.043843772 1.498
-0.047288008 0.043843772 1.498
-0.0446845 0.043843772 1.498
-0.042080991 0.043843772 1.498
-0.039398421 0.043755967 1.495
-0.036800124 0.043755967 1.495
-0.034201827 0.043755967 1.495
-0.03160353 0.043755967 1.495
-0.029005237 0.043755967 1.495
-0.02645993 0.043843772 1.498
-0.023920123 0.043960843 1.502
-0.021309661 0.043960843 1.502
-0.018699199 0.043960843 1.502
-0.016088737 0.043960843 1.502
-0.013478275 0.043960843 1.502
-0.010838872 0.043843772 1.498
-0.0082353624 0.043843772 1.498
-0.0056318524 0.043843772 1.498
-0.0030283427 0.043843772 1.498
-0.00042483292 0.043843772 1.498
0.0021743136 0.043755967 1.495
0.0047726096 0.043755967 1.495
0.0073709055 0.043755967 1.495
0.0099692009 0.043755967 1.495
0.012567497 0.043755967 1.495
0.015196226 0.043843772 1.498
0.017799735 0.043843772 1.498
0.020403245 0.043843772 1.498
0.023006756 0.043843772 1.498
0.025610264 0.043843772 1.498
0.028213775 0.043843772 1.498
0.030899573 0.043960843 1.502
0.033510033 0.043960843 1.502
0.036120497 0.043960843 1.502
0.038730957 0.043960843 1.502
0.041231323 0.043843772 1.498
0.043834835 0.043843772 1.498
0.046438344 0.043843772 1.498
0.049041852 0.043843772 1.498
0.051645365 0.043843772 1.498
0.054393727 0.043960843 1.502
0.057004191 0.043960843 1.502
0.059614651 0.043960843 1.502
0.062225115 0.043960843 1.502
0.064835578 0.043960843 1.502
0.067580752 0.044048648 1.505
0.070196427 0.044048648 1.505
0.072812103 0.044048648 1.505
0.075427778 0.044048648 1.505
0.078043453 0.044048648 1.505
0.080498345 0.043960843 1.502
0.083108805 0.043960843 1.502
0.085719265 0.043960843 1.502
0.088094503 0.043843772 1.498
0.090516374 0.043755967 1.495
0.093114667 0.043755967 1.495
0.09571296 0.043755967 1.495
0.09831126 0.043755967 1.495
0.10090955 0.043755967 1.495
0.10350785 0.043755967 1.495
0.10610615 0.043755967 1.495
0.10870444 0.043755967 1.495
0.11130274 0.043755967 1.495
0.11390103 0.043755967 1.495
0.11649933 0.043755967 1.495
0.11909763 0.043755967 1.495
0.12169592 0.043755967 1.495
0.12429421 0.043755967 1.495
0.12689251 0.043755967 1.495
0.12949081 0.043755967 1.495
0.13208911 0.043755967 1.495
0.13468739 0.043755967 1.495
0.13728569 0.043755967 1.495
0.139884 0.043755967 1.495
0.14248228 0.043755967 1.495
0.14508058 0.043755967 1.495
0.14767888 0.043755967 1.495
0.15027718 0.043755967 1.495
0.15287547 0.043755967 1.495
0.15547377 0.043755967 1.495
0.15775485 0.043668162 1.492
0.16034794 0.043668162 1.492
0.16294102 0.043668162 1.492
0.16553411 0.043668162 1.492
0.16812718 0.043668162 1.492
0.17072026 0.043668162 1.492
0.17331335 0.043668162 1.492
0.17590643 0.043668162 1.492
0.17849952 0.043668162 1.492
0.18145673 0.043755967 1.495
0.18405502 0.043755967 1.495
0.18665332 0.043755967 1.495
0.18925162 0.043755967 1.495
0.1918499 0.043755967 1.495
0.1944482 0.043755967 1.495
0.1970465 0.043755967 1.495
0.19964479 0.043755967 1.495
-0.19961528 0.046757344 1.508
-0.19699439 0.046757344 1.508
-0.1943735 0.046757344 1.508
-0.19175261 0.046757344 1.508
-0.18913172 0.046757344 1.508
-0.18651083 0.046757344 1.508
-0.18388996 0.046757344 1.508
-0.18090844 0.046664324 1.505
-0.17829277 0.046664324 1.505
-0.1753269 0.046571303 1.502
-0.17271644 0.046571303 1.502
-0.17010598 0.046571303 1.502
-0.16749552 0.046571303 1.502
-0.16488506 0.046571303 1.502
-0.1622746 0.046571303 1.502
-0.15966412 0.046571303 1.502
-0.15736736 0.046664324 1.505
-0.15475169 0.046664324 1.505
-0.15213601 0.046664324 1.505
-0.14952034 0.046664324 1.505
-0.14690466 0.046664324 1.505
-0.14428899 0.046664324 1.505
-0.1413909 0.046571303 1.502
-0.13878043 0.046571303 1.502
-0.13616997 0.046571303 1.502
-0.13355951 0.046571303 1.502
-0.13094905 0.046571303 1.502
-0.12799682 0.046447281 1.498
-0.1253933 0.046447281 1.498
-0.12278979 0.046447281 1.498
-0.12018628 0.046447281 1.498
-0.11758278 0.046447281 1.498
-0.11497927 0.046447281 1.498
-0.11237576 0.046447281 1.498
-0.11006536 0.046571303 1.502
-0.1074549 0.046571303 1.502
-0.10484444 0.046571303 1.502
-0.10223398 0.046571303 1.502
-0.099623509 0.046571303 1.502
-0.0967547 0.046447281 1.498
-0.094151184 0.046447281 1.498
-0.091547675 0.046447281 1.498
-0.088944167 0.046447281 1.498
-0.086340658 0.046447281 1.498
-0.08373715 0.046447281 1.498
-0.081133634 0.046447281 1.498
-0.078372858 0.046354264 1.495
-0.075774558 0.046354264 1.495
-0.073176265 0.046354264 1.495
-0.070577972 0.046354264 1.495
-0.068116091 0.046447281 1.498
-0.065512575 0.046447281 1.498
-0.062909067 0.046447281 1.498
-0.060305558 0.046447281 1.498
-0.05770205 0.046447281 1.498
-0.055098537 0.046447281 1.498
-0.052495029 0.046447281 1.498
-0.04989152 0.046447281 1.498
-0.047288008 0.046447281 1.498
-0.0446845 0.046447281 1.498
-0.042080991 0.046447281 1.498
-0.039477479 0.046447281 1.498
-0.036800124 0.046354264 1.495
-0.034201827 0.046354264 1.495
-0.03160353 0.046354264 1.495
-0.029005237 0.046354264 1.495
-0.02645993 0.046447281 1.498
-0.023856422 0.046447281 1.498
-0.021309661 0.046571303 1.502
-0.018699199 0.046571303 1.502
-0.016088737 0.046571303 1.502
-0.013478275 0.046571303 1.502
-0.010838872 0.046447281 1.498
-0.0082353624 0.046447281 1.498
-0.0056318524 0.046447281 1.498
-0.0030283427 0.046447281 1.498
-0.00042483292 0.046447281 1.498
0.0021743136 0.046354264 1.495
0.0047726096 0.046354264 1.495
0.0073709055 0.046354264 1.495
0.0099692009 0.046354264 1.495
0.012567497 0.046354264 1.495
0.015196226 0.046447281 1.498
0.017799735 0.046447281 1.498
0.020403245 0.046447281 1.498
0.023006756 0.046447281 1.498
0.025610264 0.046447281 1.498
0.028213775 0.046447281 1.498
0.030899573 0.046571303 1.502
0.033510033 0.046571303 1.502
0.036120497 0.046571303 1.502
0.038730957 0.046571303 1.502
0.04134142 0.046571303 1.502
0.04395188 0.046571303 1.502
0.046562344 0.046571303 1.502
0.049172804 0.046571303 1.502
0.051783267 0.046571303 1.502
0.054393727 0.046571303 1.502
0.057004191 0.046571303 1.502
0.059614651 0.046571303 1.502
0.062225115 0.046571303 1.502
0.064835578 0.046571303 1.502
0.067580752 0.046664324 1.505
0.070196427 0.046664324 1.505
0.072812103 0.046664324 1.505
0.075427778 0.046664324 1.505
0.078043453 0.046664324 1.505
0.080498345 0.046571303 1.502
0.083108805 0.046571303 1.502
0.085719265 0.046571303 1.502
0.088094503 0.046447281 1.498
0.090698011 0.046447281 1.498
0.09330152 0.046447281 1.498
0.09571296 0.046354264 1.495
0.09831126 0.046354264 1.495
0.10090955 0.046354264 1.495
0.10350785 0.046354264 1.495
0.10610615 0.046354264 1.495
0.10870444 0.046354264 1.495
0.11130274 0.046354264 1.495
0.11390103 0.046354264 1.495
0.11649933 0.046354264 1.495
0.11909763 0.046354264 1.495
0.12169592 0.046354264 1.495
0.12429421 0.046354264 1.495
0.12689251 0.046354264 1.495
0.12949081 0.046354264 1.495
0.13208911 0.046354264 1.495
0.13468739 0.046354264 1.495
0.13728569 0.046354264 1.495
0.139884 0.046354264 1.495
0.14248228 0.046354264 1.495
0.14508058 0.046354264 1.495
0.14767888 0.046354264 1.495
0.15027718 0.046354264 1.495
0.15287547 0.046354264 1.495
0.15547377 0.046354264 1.495
0.15775485 0.046261244 1.492
0.16034794 0.046261244 1.492
0.16294102 0.046261244 1.492
0.16553411 0.046261244 1.492
0.16812718 0.046261244 1.492
0.17072026 0.046261244 1.492
0.17331335 0.046261244 1.492
0.17590643 0.046261244 1.492
0.17849952 0.046261244 1.492
0.18145673 0.046354264 1.495
0.18405502 0.046354264 1.495
0.18665332 0.046354264 1.495
0.18925162 0.046354264 1.495
0.1918499 0.046354264 1.495
0.1944482 0.046354264 1.495
0.1970465 0.046354264 1.495
0.19964479 0.046354264 1.495
-0.19961528 0.049378235 1.508
-0.19699439 0.049378235 1.508
-0.1943735 0.049378235 1.508
-0.19175261 0.049378235 1.508
-0.18913172 0.049378235 1.508
-0.18613979 0.049279999 1.505
-0.18352412 0.049279999 1.505
-0.18090844 0.049279999 1.505
-0.17829277 0.049279999 1.505
-0.1753269 0.049181767 1.502
-0.17271644 0.049181767 1.502
-0.17010598 0.049181767 1.502
-0.16749552 0.049181767 1.502
-0.16488506 0.049181767 1.502
-0.1622746 0.049181767 1.502
-0.15966412 0.049181767 1.502
-0.15705366 0.049181767 1.502
-0.15475169 0.049279999 1.505
-0.15213601 0.049279999 1.505
-0.14952034 0.049279999 1.505
-0.14690466 0.049279999 1.505
-0.14428899 0.049279999 1.505
-0.1413909 0.049181767 1.502
-0.13878043 0.049181767 1.502
-0.13616997 0.049181767 1.502
-0.13355951 0.049181767 1.502
-0.13060032 0.049050793 1.498
-0.12799682 0.049050793 1.498
-0.1253933 0.049050793 1.498
-0.12278979 0.049050793 1.498
-0.12018628 0.049050793 1.498
-0.11758278 0.049050793 1.498
-0.11497927 0.049050793 1.498
-0.11237576 0.049050793 1.498
-0.11006536 0.049181767 1.502
-0.1074549 0.049181767 1.502
-0.10484444 0.049181767 1.502
-0.10223398 0.049181767 1.502
-0.099623509 0.049181767 1.502
-0.0967547 0.049050793 1.498
-0.094151184 0.049050793 1.498
-0.091547675 0.049050793 1.498
-0.088944167 0.049050793 1.498
-0.086340658 0.049050793 1.498
-0.08373715 0.049050793 1.498
-0.080971152 0.048952557 1.495
-0.078372858 0.048952557 1.495
-0.075774558 0.048952557 1.495
-0.073176265 0.048952557 1.495
-0.070577972 0.048952557 1.495
-0.067979671 0.048952557 1.495
-0.065512575 0.049050793 1.498
-0.062909067 0.049050793 1.498
-0.060305558 0.049050793 1.498
-0.05770205 0.049050793 1.498
-0.055098537 0.049050793 1.498
-0.052495029 0.049050793 1.498
-0.04989152 0.049050793 1.498
-0.047288008 0.049050793 1.498
-0.0446845 0.049050793 1.498
-0.042080991 0.049050793 1.498
-0.039477479 0.049050793 1.498
-0.03687397 0.049050793 1.498
-0.034201827 0.048952557 1.495
-0.03160353 0.048952557 1.495
-0.029063441 0.049050793 1.498
-0.02645993 0.049050793 1.498
-0.023856422 0.049050793 1.498
-0.021309661 0.049181767 1.502
-0.018699199 0.049181767 1.502
-0.016088737 0.049181767 1.502
-0.013478275 0.049181767 1.502
-0.010838872 0.049050793 1.498
-0.0082353624 0.049050793 1.498
-0.0056318524 0.049050793 1.498
-0.0030283427 0.049050793 1.498
-0.00042483292 0.049050793 1.498
0.0021743136 0.048952557 1.495
0.0047726096 0.048952557 1.495
0.0073709055 0.048952557 1.495
0.0099692009 0.048952557 1.495
0.012567497 0.048952557 1.495
0.015196226 0.049050793 1.498
0.017799735 0.049050793 1.498
0.020403245 0.049050793 1.498
0.023006756 0.049050793 1.498
0.025610264 0.049050793 1.498
0.028213775 0.049050793 1.498
0.030899573 0.049181767 1.502
0.033510033 0.049181767 1.502
0.036120497 0.049181767 1.502
0.038730957 0.049181767 1.502
0.04134142 0.049181767 1.502
0.04395188 0.049181767 1.502
0.046562344 0.049181767 1.502
0.049172804 0.049181767 1.502
0.051783267 0.049181767 1.502
0.054393727 0.049181767 1.502
0.056852382 0.049050793 1.498
0.059455894 0.049050793 1.498
0.062225115 0.049181767 1.502
0.064835578 0.049181767 1.502
0.067446038 0.049181767 1.502
0.070196427 0.049279999 1.505
0.072812103 0.049279999 1.505
0.075427778 0.049279999 1.505
0.077887885 0.049181767 1.502
0.080498345 0.049181767 1.502
0.083108805 0.049181767 1.502
0.085719265 0.049181767 1.502
0.088329732 0.049181767 1.502
0.090698011 0.049050793 1.498
0.09330152 0.049050793 1.498
0.095905028 0.049050793 1.498
0.09831126 0.048952557 1.495
0.10090955 0.048952557 1.495
0.10350785 0.048952557 1.495
0.10610615 0.048952557 1.495
0.10870444 0.048952557 1.495
0.11130274 0.048952557 1.495
0.11390103 0.048952557 1.495
0.11649933 0.048952557 1.495
0.11909763 0.048952557 1.495
0.12169592 0.048952557 1.495
0.12429421 0.048952557 1.495
0.12689251 0.048952557 1.495
0.12949081 0.048952557 1.495
0.13208911 0.048952557 1.495
0.13468739 0.048952557 1.495
0.13728569 0.048952557 1.495
0.139884 0.048952557 1.495
0.14248228 0.048952557 1.495
0.14508058 0.048952557 1.495
0.14767888 0.048952557 1.495
0.15027718 0.048952557 1.495
0.15287547 0.048952557 1.495
0.15547377 0.048952557 1.495
0.15775485 0.048854325 1.492
0.16034794 0.048854325 1.492
0.16294102 0.048854325 1.492
0.16553411 0.048854325 1.492
0.16812718 0.048854325 1.492
0.17072026 0.048854325 1.492
0.17331335 0.048854325 1.492
0.17590643 0.048854325 1.492
0.17849952 0.048854325 1.492
0.18145673 0.048952557 1.495
0.18405502 0.048952557 1.495
0.18665332 0.048952557 1.495
0.18925162 0.048952557 1.495
0.1918499 0.048952557 1.495
0.1944482 0.048952557 1.495
0.1970465 0.048952557 1.495
0.19964479 0.048952557 1.495
-0.19961528 0.051999122 1.508
-0.19699439 0.051999122 1.508
-0.1943735 0.051999122 1.508
-0.19175261 0.051999122 1.508
-0.18875547 0.051895674 1.505
-0.18613979 0.051895674 1.505
-0.18352412 0.051895674 1.505
-0.18090844 0.051895674 1.505
-0.17793736 0.051792227 1.502
-0.1753269 0.051792227 1.502
-0.17271644 0.051792227 1.502
-0.17010598 0.051792227 1.502
-0.16749552 0.051792227 1.502
-0.16488506 0.051792227 1.502
-0.1622746 0.051792227 1.502
-0.15966412 0.051792227 1.502
-0.15705366 0.051792227 1.502
-0.15475169 0.051895674 1.505
-0.15213601 0.051895674 1.505
-0.14952034 0.051895674 1.505
-0.14690466 0.051895674 1.505
-0.14400136 0.051792227 1.502
-0.1413909 0.051792227 1.502
-0.13878043 0.051792227 1.502
-0.13580735 0.051654302 1.498
-0.13355951 0.051792227 1.502
-0.13060032 0.051654302 1.498
-0.12799682 0.051654302 1.498
-0.1253933 0.051654302 1.498
-0.12278979 0.051654302 1.498
-0.12018628 0.051654302 1.498
-0.11758278 0.051654302 1.498
-0.11497927 0.051654302 1.498
-0.11237576 0.051654302 1.498
-0.11006536 0.051792227 1.502
-0.1074549 0.051792227 1.502
-0.10484444 0.051792227 1.502
-0.10223398 0.051792227 1.502
-0.099623509 0.051792227 1.502
-0.0967547 0.051654302 1.498
-0.094151184 0.051654302 1.498
-0.091547675 0.051654302 1.498
-0.088944167 0.051654302 1.498
-0.086167745 0.051550854 1.495
-0.083569445 0.051550854 1.495
-0.080971152 0.051550854 1.495
-0.078372858 0.051550854 1.495
-0.075774558 0.051550854 1.495
-0.073176265 0.051550854 1.495
-0.070577972 0.051550854 1.495
-0.067979671 0.051550854 1.495
-0.065381378 0.051550854 1.495
-0.062909067 0.051654302 1.498
-0.060305558 0.051654302 1.498
-0.05770205 0.051654302 1.498
-0.055245664 0.051792227 1.502
-0.0526352 0.051792227 1.502
-0.05002474 0.051792227 1.502
-0.047288008 0.051654302 1.498
-0.0446845 0.051654302 1.498
-0.042080991 0.051654302 1.498
-0.039477479 0.051654302 1.498
-0.03687397 0.051654302 1.498
-0.034270462 0.051654302 1.498
-0.031666949 0.051654302 1.498
-0.029063441 0.051654302 1.498
-0.02645993 0.051654302 1.498
-0.023856422 0.051654302 1.498
-0.021309661 0.051792227 1.502
-0.018699199 0.051792227 1.502
-0.016088737 0.051792227 1.502
-0.013478275 0.051792227 1.502
-0.010838872 0.051654302 1.498
-0.0082353624 0.051654302 1.498
-0.0056318524 0.051654302 1.498
-0.0030283427 0.051654302 1.498
-0.00042483292 0.051654302 1.498
0.0021743136 0.051550854 1.495
0.0047726096 0.051550854 1.495
0.0073709055 0.051550854 1.495
0.0099692009 0.051550854 1.495
0.012567497 0.051550854 1.495
0.015196226 0.051654302 1.498
0.017799735 0.051654302 1.498
0.020403245 0.051654302 1.498
0.023006756 0.051654302 1.498
0.025610264 0.051654302 1.498
0.028213775 0.051654302 1.498
0.030817285 0.051654302 1.498
0.033510033 0.051792227 1.502
0.036120497 0.051792227 1.502
0.038627815 0.051654302 1.498
0.041231323 0.051654302 1.498
0.04395188 0.051792227 1.502
0.046562344 0.051792227 1.502
0.049172804 0.051792227 1.502
0.051783267 0.051792227 1.502
0.054393727 0.051792227 1.502
0.056852382 0.051654302 1.498
0.059455894 0.051654302 1.498
0.062059402 0.051654302 1.498
0.064835578 0.051792227 1.502
0.067446038 0.051792227 1.502
0.070056498 0.051792227 1.502
0.072666958 0.051792227 1.502
0.075277425 0.051792227 1.502
0.077887885 0.051792227 1.502
0.080498345 0.051792227 1.502
0.083108805 0.051792227 1.502
0.085719265 0.051792227 1.502
0.088329732 0.051792227 1.502
0.090940192 0.051792227 1.502
0.09330152 0.051654302 1.498
0.095905028 0.051654302 1.498
0.09831126 0.051550854 1.495
0.10090955 0.051550854 1.495
0.10350785 0.051550854 1.495
0.10610615 0.051550854 1.495
0.10870444 0.051550854 1.495
0.11130274 0.051550854 1.495
0.11390103 0.051550854 1.495
0.11649933 0.051550854 1.495
0.11909763 0.051550854 1.495
0.12169592 0.051550854 1.495
0.12429421 0.051550854 1.495
0.12689251 0.051550854 1.495
0.12949081 0.051550854 1.495
0.13208911 0.051550854 1.495
0.13468739 0.051550854 1.495
0.13728569 0.051550854 1.495
0.139884 0.051550854 1.495
0.14248228 0.051550854 1.495
0.14508058 0.051550854 1.495
0.14767888 0.051550854 1.495
0.15027718 0.051550854 1.495
0.15287547 0.051550854 1.495
0.15547377 0.051550854 1.495
0.15807207 0.051550854 1.495
0.16034794 0.051447406 1.492
0.16294102 0.051447406 1.492
0.16553411 0.051447406 1.492
0.16812718 0.051447406 1.492
0.17072026 0.051447406 1.492
0.17331335 0.051447406 1.492
0.17590643 0.051447406 1.492
0.17849952 0.051447406 1.492
0.18109259 0.051447406 1.492
0.18405502 0.051550854 1.495
0.18665332 0.051550854 1.495
0.18925162 0.051550854 1.495
0.1918499 0.051550854 1.495
0.1944482 0.051550854 1.495
0.1970465 0.051550854 1.495
0.19964479 0.051550854 1.495
-0.19921817 0.05451135 1.505
-0.19660249 0.05451135 1.505
-0.19398682 0.05451135 1.505
-0.19137114 0.05451135 1.505
-0.18875547 0.05451135 1.505
-0.18613979 0.05451135 1.505
-0.18352412 0.05451135 1.505
-0.18054782 0.05440269 1.502
-0.17793736 0.05440269 1.502
-0.1753269 0.05440269 1.502
-0.17271644 0.05440269 1.502
-0.17010598 0.05440269 1.502
-0.16749552 0.05440269 1.502
-0.16488506 0.05440269 1.502
-0.1622746 0.05440269 1.502
-0.15966412 0.05440269 1.502
-0.15705366 0.05440269 1.502
-0.1544432 0.05440269 1.502
-0.15183274 0.05440269 1.502
-0.14922228 0.05440269 1.502
-0.14661182 0.05440269 1.502
-0.14400136 0.05440269 1.502
-0.1413909 0.05440269 1.502
-0.13841085 0.05425781 1.498
-0.13580735 0.05425781 1.498
-0.13320383 0.05425781 1.498
-0.13060032 0.05425781 1.498
-0.12799682 0.05425781 1.498
-0.1253933 0.05425781 1.498
-0.12278979 0.05425781 1.498
-0.12018628 0.05425781 1.498
-0.11758278 0.05425781 1.498
-0.11497927 0.05425781 1.498
-0.11237576 0.05425781 1.498
-0.11006536 0.05440269 1.502
-0.1074549 0.05440269 1.502
-0.10484444 0.05440269 1.502
-0.10223398 0.05440269 1.502
-0.099623509 0.05440269 1.502
-0.0967547 0.05425781 1.498
-0.094151184 0.05425781 1.498
-0.091547675 0.05425781 1.498
-0.088766038 0.054149151 1.495
-0.086167745 0.054149151 1.495
-0.083569445 0.054149151 1.495
-0.080808669 0.054040488 1.492
-0.078215584 0.054040488 1.492
-0.075622506 0.054040488 1.492
-0.073176265 0.054149151 1.495
-0.070577972 0.054149151 1.495
-0.067979671 0.054149151 1.495
-0.065381378 0.054149151 1.495
-0.062783085 0.054149151 1.495
-0.060305558 0.05425781 1.498
-0.05770205 0.05425781 1.498
-0.055245664 0.05440269 1.502
-0.0526352 0.05440269 1.502
-0.05002474 0.05440269 1.502
-0.047414277 0.05440269 1.502
-0.0446845 0.05425781 1.498
-0.042080991 0.05425781 1.498
-0.039477479 0.05425781 1.498
-0.03687397 0.05425781 1.498
-0.034270462 0.05425781 1.498
-0.031666949 0.05425781 1.498
-0.029063441 0.05425781 1.498
-0.02645993 0.05425781 1.498
-0.023856422 0.05425781 1.498
-0.021309661 0.05440269 1.502
-0.018699199 0.05440269 1.502
-0.016088737 0.05440269 1.502
-0.013442382 0.05425781 1.498
-0.010838872 0.05425781 1.498
-0.0082353624 0.05425781 1.498
-0.0056318524 0.05425781 1.498
-0.0030283427 0.05425781 1.498
-0.00042483292 0.05425781 1.498
0.0021743136 0.054149151 1.495
0.0047726096 0.054149151 1.495
0.0073709055 0.054149151 1.495
0.0099692009 0.054149151 1.495
0.012567497 0.054149151 1.495
0.015165793 0.054149151 1.495
0.017764088 0.054149151 1.495
0.020362385 0.054149151 1.495
0.023006756 0.05425781 1.498
0.025610264 0.05425781 1.498
0.028213775 0.05425781 1.498
0.030817285 0.05425781 1.498
0.033420794 0.05425781 1.498
0.036024306 0.05425781 1.498
0.038627815 0.05425781 1.498
0.041231323 0.05425781 1.498
0.043834835 0.05425781 1.498
0.046562344 0.05440269 1.502
0.049172804 0.05440269 1.502
0.051783267 0.05440269 1.502
0.054393727 0.05440269 1.502
0.056852382 0.05425781 1.498
0.059455894 0.05425781 1.498
0.062059402 0.05425781 1.498
0.064662911 0.05425781 1.498
0.067446038 0.05440269 1.502
0.070056498 0.05440269 1.502
0.072666958 0.05440269 1.502
0.075277425 0.05440269 1.502
0.077887885 0.05440269 1.502
0.080498345 0.05440269 1.502
0.083108805 0.05440269 1.502
0.085719265 0.05440269 1.502
0.088329732 0.05440269 1.502
0.090940192 0.05440269 1.502
0.09330152 0.05425781 1.498
0.095905028 0.05425781 1.498
0.098508537 0.05425781 1.498
0.10111205 0.05425781 1.498
0.10350785 0.054149151 1.495
0.10610615 0.054149151 1.495
0.10870444 0.054149151 1.495
0.11130274 0.054149151 1.495
0.11390103 0.054149151 1.495
0.11649933 0.054149151 1.495
0.11909763 0.054149151 1.495
0.12169592 0.054149151 1.495
0.12429421 0.054149151 1.495
0.12689251 0.054149151 1.495
0.12975065 0.05425781 1.498
0.13235417 0.05425781 1.498
0.13495767 0.05425781 1.498
0.13756119 0.05425781 1.498
0.1401647 0.05425781 1.498
0.1427682 0.05425781 1.498
0.14537172 0.05425781 1.498
0.14797522 0.05425781 1.498
0.15057874 0.05425781 1.498
0.15287547 0.054149151 1.495
0.15547377 0.054149151 1.495
0.15807207 0.054149151 1.495
0.16034794 0.054040488 1.492
0.16294102 0.054040488 1.492
0.16553411 0.054040488 1.492
0.16812718 0.054040488 1.492
0.17072026 0.054040488 1.492
0.17331335 0.054040488 1.492
0.17590643 0.054040488 1.492
0.17849952 0.054040488 1.492
0.18109259 0.054040488 1.492
0.18405502 0.054149151 1.495
0.18665332 0.054149151 1.495
0.18925162 0.054149151 1.495
0.1918499 0.054149151 1.495
0.1944482 0.054149151 1.495
0.1970465 0.054149151 1.495
0.19964479 0.054149151 1.495
-0.19921817 0.057127029 1.505
-0.19660249 0.057127029 1.505
-0.19398682 0.057127029 1.505
-0.19137114 0.057127029 1.505
-0.18875547 0.057127029 1.505
-0.18613979 0.057127029 1.505
-0.18315829 0.05701315 1.502
-0.18054782 0.05701315 1.502
-0.17793736 0.05701315 1.502
-0.1753269 0.05701315 1.502
-0.17225648 0.056861322 1.498
-0.16965297 0.056861322 1.498
-0.16704947 0.056861322 1.498
-0.16444595 0.056861322 1.498
-0.1622746 0.05701315 1.502
-0.15966412 0.05701315 1.502
-0.15705366 0.05701315 1.502
-0.1544432 0.05701315 1.502
-0.15183274 0.05701315 1.502
-0.14922228 0.05701315 1.502
-0.14661182 0.05701315 1.502
-0.14400136 0.05701315 1.502
-0.14101437 0.056861322 1.498
-0.13841085 0.056861322 1.498
-0.13580735 0.056861322 1.498
-0.13320383 0.056861322 1.498
-0.13060032 0.056861322 1.498
-0.12799682 0.056861322 1.498
-0.1253933 0.056861322 1.498
-0.12278979 0.056861322 1.498
-0.12018628 0.056861322 1.498
-0.11758278 0.056861322 1.498
-0.11497927 0.056861322 1.498
-0.11237576 0.056861322 1.498
-0.11006536 0.05701315 1.502
-0.1074549 0.05701315 1.502
-0.10484444 0.05701315 1.502
-0.10223398 0.05701315 1.502
-0.099358208 0.056861322 1.498
-0.0967547 0.056861322 1.498
-0.094151184 0.056861322 1.498
-0.091547675 0.056861322 1.498
-0.088766038 0.056747444 1.495
-0.086167745 0.056747444 1.495
-0.083569445 0.056747444 1.495
-0.080808669 0.056633569 1.492
-0.078215584 0.056633569 1.492
-0.075622506 0.056633569 1.492
-0.073029421 0.056633569 1.492
-0.070577972 0.056747444 1.495
-0.067979671 0.056747444 1.495
-0.065381378 0.056747444 1.495
-0.062783085 0.056747444 1.495
-0.060305558 0.056861322 1.498
-0.057856124 0.05701315 1.502
-0.055245664 0.05701315 1.502
-0.0526352 0.05701315 1.502
-0.05002474 0.05701315 1.502
-0.047414277 0.05701315 1.502
-0.044803817 0.05701315 1.502
-0.042080991 0.056861322 1.498
-0.039477479 0.056861322 1.498
-0.03687397 0.056861322 1.498
-0.034270462 0.056861322 1.498
-0.031666949 0.056861322 1.498
-0.029063441 0.056861322 1.498
-0.02645993 0.056861322 1.498
-0.023856422 0.056861322 1.498
-0.021252912 0.056861322 1.498
-0.018699199 0.05701315 1.502
-0.016088737 0.05701315 1.502
-0.013442382 0.056861322 1.498
-0.010838872 0.056861322 1.498
-0.0082353624 0.056861322 1.498
-0.0056318524 0.056861322 1.498
-0.0030283427 0.056861322 1.498
-0.00042398213 0.056747444 1.495
0.0021743136 0.056747444 1.495
0.0047726096 0.056747444 1.495
0.0073709055 0.056747444 1.495
0.0099692009 0.056747444 1.495
0.012567497 0.056747444 1.495
0.015165793 0.056747444 1.495
0.017764088 0.056747444 1.495
0.020362385 0.056747444 1.495
0.02296068 0.056747444 1.495
0.025610264 0.056861322 1.498
0.028213775 0.056861322 1.498
0.030817285 0.056861322 1.498
0.033420794 0.056861322 1.498
0.036024306 0.056861322 1.498
0.038627815 0.056861322 1.498
0.041231323 0.056861322 1.498
0.043834835 0.056861322 1.498
0.046562344 0.05701315 1.502
0.049172804 0.05701315 1.502
0.051783267 0.05701315 1.502
0.054393727 0.05701315 1.502
0.056852382 0.056861322 1.498
0.059455894 0.056861322 1.498
0.062059402 0.056861322 1.498
0.064662911 0.056861322 1.498
0.067446038 0.05701315 1.502
0.070056498 0.05701315 1.502
0.072666958 0.05701315 1.502
0.075277425 0.05701315 1.502
0.077887885 0.05701315 1.502
0.080498345 0.05701315 1.502
0.083108805 0.05701315 1.502
0.085719265 0.05701315 1.502
0.088329732 0.05701315 1.502
0.090940192 0.05701315 1.502
0.093550652 0.05701315 1.502
0.095905028 0.056861322 1.498
0.098508537 0.056861322 1.498
0.10111205 0.056861322 1.498
0.10371556 0.056861322 1.498
0.10631907 0.056861322 1.498
0.10892258 0.056861322 1.498
0.11152609 0.056861322 1.498
0.1141296 0.056861322 1.498
0.11649933 0.056747444 1.495
0.11909763 0.056747444 1.495
0.12169592 0.056747444 1.495
0.12454364 0.056861322 1.498
0.12714715 0.056861322 1.498
0.12975065 0.056861322 1.498
0.13235417 0.056861322 1.498
0.13495767 0.056861322 1.498
0.13756119 0.056861322 1.498
0.1401647 0.056861322 1.498
0.1427682 0.056861322 1.498
0.14537172 0.056861322 1.498
0.14797522 0.056861322 1.498
0.15057874 0.056861322 1.498
0.15318225 0.056861322 1.498
0.15547377 0.056747444 1.495
0.15807207 0.056747444 1.495
0.16034794 0.056633569 1.492
0.16294102 0.056633569 1.492
0.16553411 0.056633569 1.492
0.16812718 0.056633569 1.492
0.17072026 0.056633569 1.492
0.17331335 0.056633569 1.492
0.17590643 0.056633569 1.492
0.17849952 0.056633569 1.492
0.18109259 0.056633569 1.492
0.18368568 0.056633569 1.492
0.18665332 0.056747444 1.495
0.18925162 0.056747444 1.495
0.1918499 0.056747444 1.495
0.1944482 0.056747444 1.495
0.1970465 0.056747444 1.495
0.19964479 0.056747444 1.495
-0.19921817 0.059742704 1.505
-0.19660249 0.059742704 1.505
-0.19398682 0.059742704 1.505
-0.19137114 0.059742704 1.505
-0.18875547 0.059742704 1.505
-0.18613979 0.059742704 1.505
-0.18315829 0.059623614 1.502
-0.18054782 0.059623614 1.502
-0.17793736 0.059623614 1.502
-0.17485999 0.059464831 1.498
-0.17225648 0.059464831 1.498
-0.16965297 0.059464831 1.498
-0.16704947 0.059464831 1.498
-0.16444595 0.059464831 1.498
-0.16184244 0.059464831 1.498
-0.15966412 0.059623614 1.502
-0.15705366 0.059623614 1.502
-0.1544432 0.059623614 1.502
-0.15183274 0.059623614 1.502
-0.14922228 0.059623614 1.502
-0.14661182 0.059623614 1.502
-0.14361787 0.059464831 1.498
-0.14101437 0.059464831 1.498
-0.13841085 0.059464831 1.498
-0.13580735 0.059464831 1.498
-0.13320383 0.059464831 1.498
-0.13060032 0.059464831 1.498
-0.12799682 0.059464831 1.498
-0.1253933 0.059464831 1.498
-0.12278979 0.059464831 1.498
-0.12018628 0.059464831 1.498
-0.11758278 0.059464831 1.498
-0.11497927 0.059464831 1.498
-0.11267582 0.059623614 1.502
-0.11006536 0.059623614 1.502
-0.1074549 0.059623614 1.502
-0.10484444 0.059623614 1.502
-0.10223398 0.059623614 1.502
-0.099623509 0.059623614 1.502
-0.0967547 0.059464831 1.498
-0.094151184 0.059464831 1.498
-0.091547675 0.059464831 1.498
-0.088766038 0.059345741 1.495
-0.086167745 0.059345741 1.495
-0.083401747 0.059226651 1.492
-0.080808669 0.059226651 1.492
-0.078215584 0.059226651 1.492
-0.075622506 0.059226651 1.492
-0.073029421 0.059226651 1.492
-0.070577972 0.059345741 1.495
-0.067979671 0.059345741 1.495
-0.065381378 0.059345741 1.495
-0.062783085 0.059345741 1.495
-0.060305558 0.059464831 1.498
-0.057856124 0.059623614 1.502
-0.055245664 0.059623614 1.502
-0.0526352 0.059623614 1.502
-0.05002474 0.059623614 1.502
-0.047414277 0.059623614 1.502
-0.044803817 0.059623614 1.502
-0.042193353 0.059623614 1.502
-0.039477479 0.059464831 1.498
-0.03687397 0.059464831 1.498
-0.034270462 0.059464831 1.498
-0.031666949 0.059464831 1.498
-0.029063441 0.059464831 1.498
-0.02645993 0.059464831 1.498
-0.023856422 0.059464831 1.498
-0.021252912 0.059464831 1.498
-0.018649401 0.059464831 1.498
-0.016088737 0.059623614 1.502
-0.013442382 0.059464831 1.498
-0.010838872 0.059464831 1.498
-0.0082353624 0.059464831 1.498
-0.0056318524 0.059464831 1.498
-0.003022278 0.059345741 1.495
-0.00042398213 0.059345741 1.495
0.0021743136 0.059345741 1.495
0.0047726096 0.059345741 1.495
0.0073709055 0.059345741 1.495
0.0099692009 0.059345741 1.495
0.012567497 0.059345741 1.495
0.015165793 0.059345741 1.495
0.017764088 0.059345741 1.495
0.020362385 0.059345741 1.495
0.02296068 0.059345741 1.495
0.025610264 0.059464831 1.498
0.028213775 0.059464831 1.498
0.030817285 0.059464831 1.498
0.033420794 0.059464831 1.498
0.036024306 0.059464831 1.498
0.038627815 0.059464831 1.498
0.041231323 0.059464831 1.498
0.043834835 0.059464831 1.498
0.046438344 0.059464831 1.498
0.049172804 0.059623614 1.502
0.051783267 0.059623614 1.502
0.054393727 0.059623614 1.502
0.056852382 0.059464831 1.498
0.059455894 0.059464831 1.498
0.062059402 0.059464831 1.498
0.064662911 0.059464831 1.498
0.06726642 0.059464831 1.498
0.070056498 0.059623614 1.502
0.072666958 0.059623614 1.502
0.075277425 0.059623614 1.502
0.077887885 0.059623614 1.502
0.080498345 0.059623614 1.502
0.083108805 0.059623614 1.502
0.085719265 0.059623614 1.502
0.088329732 0.059623614 1.502
0.090940192 0.059623614 1.502
0.093550652 0.059623614 1.502
0.095905028 0.059464831 1.498
0.098508537 0.059464831 1.498
0.10111205 0.059464831 1.498
0.10371556 0.059464831 1.498
0.10631907 0.059464831 1.498
0.10892258 0.059464831 1.498
0.11152609 0.059464831 1.498
0.1141296 0.059464831 1.498
0.11673311 0.059464831 1.498
0.11933662 0.059464831 1.498
0.12194013 0.059464831 1.498
0.12454364 0.059464831 1.498
0.12714715 0.059464831 1.498
0.12975065 0.059464831 1.498
0.13235417 0.059464831 1.498
0.13495767 0.059464831 1.498
0.13756119 0.059464831 1.498
0.1401647 0.059464831 1.498
0.1427682 0.059464831 1.498
0.14537172 0.059464831 1.498
0.14797522 0.059464831 1.498
0.15057874 0.059464831 1.498
0.15318225 0.059464831 1.498
0.15578575 0.059464831 1.498
0.15807207 0.059345741 1.495
0.16034794 0.059226651 1.492
0.16294102 0.059226651 1.492
0.16553411 0.059226651 1.492
0.16812718 0.059226651 1.492
0.17072026 0.059226651 1.492
0.17331335 0.059226651 1.492
0.17590643 0.059226651 1.492
0.17849952 0.059226651 1.492
0.18109259 0.059226651 1.492
0.18368568 0.059226651 1.492
0.18627876 0.059226651 1.492
0.18925162 0.059345741 1.495
0.1918499 0.059345741 1.495
0.1944482 0.059345741 1.495
0.1970465 0.059345741 1.495
0.19964479 0.059345741 1.495
-0.19921817 0.062358379 1.505
-0.19660249 0.062358379 1.505
-0.19398682 0.062358379 1.505
-0.19137114 0.062358379 1.505
-0.18837921 0.062234074 1.502
-0.18576875 0.062234074 1.502
-0.18315829 0.062234074 1.502
-0.18054782 0.062234074 1.502
-0.1774635 0.062068339 1.498
-0.17485999 0.062068339 1.498
-0.17225648 0.062068339 1.498
-0.16965297 0.062068339 1.498
-0.16704947 0.062068339 1.498
-0.16444595 0.062068339 1.498
-0.1622746 0.062234074 1.502
-0.15966412 0.062234074 1.502
-0.15705366 0.062234074 1.502
-0.1544432 0.062234074 1.502
-0.15183274 0.062234074 1.502
-0.14922228 0.062234074 1.502
-0.14661182 0.062234074 1.502
-0.14400136 0.062234074 1.502
-0.14101437 0.062068339 1.498
-0.13841085 0.062068339 1.498
-0.13580735 0.062068339 1.498
-0.13320383 0.062068339 1.498
-0.13060032 0.062068339 1.498
-0.12799682 0.062068339 1.498
-0.1253933 0.062068339 1.498
-0.12278979 0.062068339 1.498
-0.12018628 0.062068339 1.498
-0.11758278 0.062068339 1.498
-0.11497927 0.062068339 1.498
-0.11267582 0.062234074 1.502
-0.11006536 0.062234074 1.502
-0.1074549 0.062234074 1.502
-0.10484444 0.062234074 1.502
-0.10223398 0.062234074 1.502
-0.099623509 0.062234074 1.502
-0.0967547 0.062068339 1.498
-0.094151184 0.062068339 1.498
-0.091547675 0.062068339 1.498
-0.088766038 0.061944038 1.495
-0.086167745 0.061944038 1.495
-0.083569445 0.061944038 1.495
-0.080808669 0.061819736 1.492
-0.078215584 0.061819736 1.492
-0.075622506 0.061819736 1.492
-0.073176265 0.061944038 1.495
-0.070577972 0.061944038 1.495
-0.067979671 0.061944038 1.495
-0.065381378 0.061944038 1.495
-0.062909067 0.062068339 1.498
-0.060305558 0.062068339 1.498
-0.057856124 0.062234074 1.502
-0.055245664 0.062234074 1.502
-0.0526352 0.062234074 1.502
-0.05002474 0.062234074 1.502
-0.047414277 0.062234074 1.502
-0.044803817 0.062234074 1.502
-0.042193353 0.062234074 1.502
-0.039477479 0.062068339 1.498
-0.03687397 0.062068339 1.498
-0.034270462 0.062068339 1.498
-0.031666949 0.062068339 1.498
-0.029063441 0.062068339 1.498
-0.02645993 0.062068339 1.498
-0.023856422 0.062068339 1.498
-0.021252912 0.062068339 1.498
-0.018649401 0.062068339 1.498
-0.016045893 0.062068339 1.498
-0.013442382 0.062068339 1.498
-0.010817165 0.061944038 1.495
-0.0082188696 0.061944038 1.495
-0.0056205736 0.061944038 1.495
-0.003022278 0.061944038 1.495
-0.00042398213 0.061944038 1.495
0.0021743136 0.061944038 1.495
0.0047726096 0.061944038 1.495
0.0073709055 0.061944038 1.495
0.0099692009 0.061944038 1.495
0.012567497 0.061944038 1.495
0.015165793 0.061944038 1.495
0.017764088 0.061944038 1.495
0.020362385 0.061944038 1.495
0.023006756 0.062068339 1.498
0.025610264 0.062068339 1.498
0.028213775 0.062068339 1.498
0.030817285 0.062068339 1.498
0.033420794 0.062068339 1.498
0.036024306 0.062068339 1.498
0.038627815 0.062068339 1.498
0.041231323 0.062068339 1.498
0.043834835 0.062068339 1.498
0.046438344 0.062068339 1.498
0.049172804 0.062234074 1.502
0.051783267 0.062234074 1.502
0.054393727 0.062234074 1.502
0.057004191 0.062234074 1.502
0.059455894 0.062068339 1.498
0.062059402 0.062068339 1.498
0.064662911 0.062068339 1.498
0.06726642 0.062068339 1.498
0.070056498 0.062234074 1.502
0.072666958 0.062234074 1.502
0.075277425 0.062234074 1.502
0.077887885 0.062234074 1.502
0.080498345 0.062234074 1.502
0.083108805 0.062234074 1.502
0.085719265 0.062234074 1.502
0.088329732 0.062234074 1.502
0.090940192 0.062234074 1.502
0.09330152 0.062068339 1.498
0.095905028 0.062068339 1.498
0.098508537 0.062068339 1.498
0.10111205 0.062068339 1.498
0.10371556 0.062068339 1.498
0.10631907 0.062068339 1.498
0.10892258 0.062068339 1.498
0.11152609 0.062068339 1.498
0.1141296 0.062068339 1.498
0.11673311 0.062068339 1.498
0.11933662 0.062068339 1.498
0.12194013 0.062068339 1.498
0.12454364 0.062068339 1.498
0.12714715 0.062068339 1.498
0.12975065 0.062068339 1.498
0.13235417 0.062068339 1.498
0.13495767 0.062068339 1.498
0.13756119 0.062068339 1.498
0.1401647 0.062068339 1.498
0.1427682 0.062068339 1.498
0.14537172 0.062068339 1.498
0.14797522 0.062068339 1.498
0.15057874 0.062068339 1.498
0.15318225 0.062068339 1.498
0.15578575 0.062068339 1.498
0.15807207 0.061944038 1.495
0.16034794 0.061819736 1.492
0.16294102 0.061819736 1.492
0.16553411 0.061819736 1.492
0.16812718 0.061819736 1.492
0.17072026 0.061819736 1.492
0.17331335 0.061819736 1.492
0.17590643 0.061819736 1.492
0.17849952 0.061819736 1.492
0.18109259 0.061819736 1.492
0.18368568 0.061819736 1.492
0.18627876 0.061819736 1.492
0.18925162 0.061944038 1.495
0.1918499 0.061944038 1.495
0.1944482 0.061944038 1.495
0.1970465 0.061944038 1.495
0.19964479 0.061944038 1.495
-0.19921817 0.064974055 1.505
-0.19621059 0.064844534 1.502
-0.19360013 0.064844534 1.502
-0.19098967 0.064844534 1.502
-0.18837921 0.064844534 1.502
-0.18576875 0.064844534 1.502
-0.18315829 0.064844534 1.502
-0.18006702 0.064671852 1.498
-0.1774635 0.064671852 1.498
-0.17485999 0.064671852 1.498
-0.17225648 0.064671852 1.498
-0.16965297 0.064671852 1.498
-0.16704947 0.064671852 1.498
-0.16444595 0.064671852 1.498
-0.1622746 0.064844534 1.502
-0.15966412 0.064844534 1.502
-0.15705366 0.064844534 1.502
-0.1544432 0.064844534 1.502
-0.15183274 0.064844534 1.502
-0.14922228 0.064844534 1.502
-0.14661182 0.064844534 1.502
-0.14400136 0.064844534 1.502
-0.14101437 0.064671852 1.498
-0.13841085 0.064671852 1.498
-0.13580735 0.064671852 1.498
-0.13320383 0.064671852 1.498
-0.13060032 0.064671852 1.498
-0.12799682 0.064671852 1.498
-0.1253933 0.064671852 1.498
-0.12278979 0.064671852 1.498
-0.12018628 0.064671852 1.498
-0.11758278 0.064671852 1.498
-0.11528628 0.064844534 1.502
-0.11267582 0.064844534 1.502
-0.11006536 0.064844534 1.502
-0.1074549 0.064844534 1.502
-0.10484444 0.064844534 1.502
-0.10223398 0.064844534 1.502
-0.099623509 0.064844534 1.502
-0.0967547 0.064671852 1.498
-0.094151184 0.064671852 1.498
-0.091547675 0.064671852 1.498
-0.088944167 0.064671852 1.498
-0.086167745 0.064542331 1.495
-0.083569445 0.064542331 1.495
-0.080808669 0.064412817 1.492
-0.078215584 0.064412817 1.492
-0.075774558 0.064542331 1.495
-0.073176265 0.064542331 1.495
-0.070577972 0.064542331 1.495
-0.067979671 0.064542331 1.495
-0.065512575 0.064671852 1.498
-0.062909067 0.064671852 1.498
-0.060305558 0.064671852 1.498
-0.057856124 0.064844534 1.502
-0.055356007 0.064974055 1.505
-0.052740332 0.064974055 1.505
-0.050124656 0.064974055 1.505
-0.047414277 0.064844534 1.502
-0.044803817 0.064844534 1.502
-0.042193353 0.064844534 1.502
-0.039582893 0.064844534 1.502
-0.03697243 0.064844534 1.502
-0.034270462 0.064671852 1.498
-0.031666949 0.064671852 1.498
-0.029063441 0.064671852 1.498
-0.02645993 0.064671852 1.498
-0.023856422 0.064671852 1.498
-0.021252912 0.064671852 1.498
-0.018649401 0.064671852 1.498
-0.016045893 0.064671852 1.498
-0.013415461 0.064542331 1.495
-0.010817165 0.064542331 1.495
-0.0082188696 0.064542331 1.495
-0.0056205736 0.064542331 1.495
-0.003022278 0.064542331 1.495
-0.00042398213 0.064542331 1.495
0.0021743136 0.064542331 1.495
0.0047726096 0.064542331 1.495
0.0073709055 0.064542331 1.495
0.0099692009 0.064542331 1.495
0.012592716 0.064671852 1.498
0.015196226 0.064671852 1.498
0.017799735 0.064671852 1.498
0.020403245 0.064671852 1.498
0.023006756 0.064671852 1.498
0.025610264 0.064671852 1.498
0.028213775 0.064671852 1.498
0.030817285 0.064671852 1.498
0.033420794 0.064671852 1.498
0.036024306 0.064671852 1.498
0.038627815 0.064671852 1.498
0.041231323 0.064671852 1.498
0.043834835 0.064671852 1.498
0.046438344 0.064671852 1.498
0.049172804 0.064844534 1.502
0.051783267 0.064844534 1.502
0.054393727 0.064844534 1.502
0.057004191 0.064844534 1.502
0.059455894 0.064671852 1.498
0.062059402 0.064671852 1.498
0.064662911 0.064671852 1.498
0.06726642 0.064671852 1.498
0.069869936 0.064671852 1.498
0.072666958 0.064844534 1.502
0.075277425 0.064844534 1.502
0.077887885 0.064844534 1.502
0.080498345 0.064844534 1.502
0.083108805 0.064844534 1.502
0.085719265 0.064844534 1.502
0.088094503 0.064671852 1.498
0.090698011 0.064671852 1.498
0.09330152 0.064671852 1.498
0.095905028 0.064671852 1.498
0.098508537 0.064671852 1.498
0.10111205 0.064671852 1.498
0.10371556 0.064671852 1.498
0.10631907 0.064671852 1.498
0.10892258 0.064671852 1.498
0.11152609 0.064671852 1.498
0.1141296 0.064671852 1.498
0.11673311 0.064671852 1.498
0.11965527 0.064844534 1.502
0.12226573 0.064844534 1.502
0.12454364 0.064671852 1.498
0.12714715 0.064671852 1.498
0.12975065 0.064671852 1.498
0.13235417 0.064671852 1.498
0.13495767 0.064671852 1.498
0.13756119 0.064671852 1.498
0.1401647 0.064671852 1.498
0.1427682 0.064671852 1.498
0.14537172 0.064671852 1.498
0.14797522 0.064671852 1.498
0.15057874 0.064671852 1.498
0.15318225 0.064671852 1.498
0.15578575 0.064671852 1.498
0.15807207 0.064542331 1.495
0.16034794 0.064412817 1.492
0.16294102 0.064412817 1.492
0.16553411 0.064412817 1.492
0.16812718 0.064412817 1.492
0.17072026 0.064412817 1.492
0.17331335 0.064412817 1.492
0.17590643 0.064412817 1.492
0.17849952 0.064412817 1.492
0.18109259 0.064412817 1.492
0.18368568 0.064412817 1.492
0.18627876 0.064412817 1.492
0.18925162 0.064542331 1.495
0.1918499 0.064542331 1.495
0.1944482 0.064542331 1.495
0.1970465 0.064542331 1.495
0.19964479 0.064542331 1.495
-0.19882105 0.067455001 1.502
-0.19621059 0.067455001 1.502
-0.19360013 0.067455001 1.502
-0.19098967 0.067455001 1.502
-0.18837921 0.067455001 1.502
-0.18576875 0.067455001 1.502
-0.18267052 0.06727536 1.498
-0.18006702 0.06727536 1.498
-0.1774635 0.06727536 1.498
-0.17485999 0.06727536 1.498
-0.17225648 0.06727536 1.498
-0.16965297 0.06727536 1.498
-0.16704947 0.06727536 1.498
-0.16488506 0.067455001 1.502
-0.1622746 0.067455001 1.502
-0.15966412 0.067455001 1.502
-0.15705366 0.067455001 1.502
-0.1544432 0.067455001 1.502
-0.15183274 0.067455001 1.502
-0.14922228 0.067455001 1.502
-0.14661182 0.067455001 1.502
-0.14400136 0.067455001 1.502
-0.14101437 0.06727536 1.498
-0.13841085 0.06727536 1.498
-0.13580735 0.06727536 1.498
-0.13320383 0.06727536 1.498
-0.13060032 0.06727536 1.498
-0.12799682 0.06727536 1.498
-0.1253933 0.06727536 1.498
-0.12278979 0.06727536 1.498
-0.12018628 0.06727536 1.498
-0.11758278 0.06727536 1.498
-0.11528628 0.067455001 1.502
-0.11267582 0.067455001 1.502
-0.11006536 0.067455001 1.502
-0.1074549 0.067455001 1.502
-0.10484444 0.067455001 1.502
-0.10223398 0.067455001 1.502
-0.099623509 0.067455001 1.502
-0.0967547 0.06727536 1.498
-0.094151184 0.06727536 1.498
-0.091547675 0.06727536 1.498
-0.088944167 0.06727536 1.498
-0.086167745 0.067140631 1.495
-0.083569445 0.067140631 1.495
-0.080971152 0.067140631 1.495
-0.078372858 0.067140631 1.495
-0.075774558 0.067140631 1.495
-0.073176265 0.067140631 1.495
-0.070577972 0.067140631 1.495
-0.068116091 0.06727536 1.498
-0.065512575 0.06727536 1.498
-0.062909067 0.06727536 1.498
-0.060305558 0.06727536 1.498
-0.057856124 0.067455001 1.502
-0.055356007 0.06758973 1.505
-0.052740332 0.06758973 1.505
-0.050124656 0.06758973 1.505
-0.047414277 0.067455001 1.502
-0.044803817 0.067455001 1.502
-0.042193353 0.067455001 1.502
-0.039582893 0.067455001 1.502
-0.03687397 0.06727536 1.498
-0.034270462 0.06727536 1.498
-0.031666949 0.06727536 1.498
-0.029063441 0.06727536 1.498
-0.02645993 0.06727536 1.498
-0.023856422 0.06727536 1.498
-0.021252912 0.06727536 1.498
-0.018649401 0.06727536 1.498
-0.016045893 0.06727536 1.498
-0.013415461 0.067140631 1.495
-0.010817165 0.067140631 1.495
-0.0082188696 0.067140631 1.495
-0.0056205736 0.067140631 1.495
-0.003022278 0.067140631 1.495
-0.00042398213 0.067140631 1.495
0.0021743136 0.067140631 1.495
0.0047726096 0.067140631 1.495
0.0073856968 0.06727536 1.498
0.0099892067 0.06727536 1.498
0.012592716 0.06727536 1.498
0.015196226 0.06727536 1.498
0.017799735 0.06727536 1.498
0.020403245 0.06727536 1.498
0.023006756 0.06727536 1.498
0.025610264 0.06727536 1.498
0.028213775 0.06727536 1.498
0.030817285 0.06727536 1.498
0.033420794 0.06727536 1.498
0.036024306 0.06727536 1.498
0.038627815 0.06727536 1.498
0.041231323 0.06727536 1.498
0.043834835 0.06727536 1.498
0.046438344 0.06727536 1.498
0.049041852 0.06727536 1.498
0.051783267 0.067455001 1.502
0.054393727 0.067455001 1.502
0.057004191 0.067455001 1.502
0.059614651 0.067455001 1.502
0.062059402 0.06727536 1.498
0.064662911 0.06727536 1.498
0.06726642 0.06727536 1.498
0.069869936 0.06727536 1.498
0.072473444 0.06727536 1.498
0.075277425 0.067455001 1.502
0.077680461 0.06727536 1.498
0.08028397 0.06727536 1.498
0.083108805 0.067455001 1.502
0.085490994 0.06727536 1.498
0.088094503 0.06727536 1.498
0.090698011 0.06727536 1.498
0.09330152 0.06727536 1.498
0.095905028 0.06727536 1.498
0.098508537 0.06727536 1.498
0.10111205 0.06727536 1.498
0.10371556 0.06727536 1.498
0.10631907 0.06727536 1.498
0.10892258 0.06727536 1.498
0.11152609 0.06727536 1.498
0.1141296 0.06727536 1.498
0.11673311 0.06727536 1.498
0.11965527 0.067455001 1.502
0.12226573 0.067455001 1.502
0.12454364 0.06727536 1.498
0.12714715 0.06727536 1.498
0.12975065 0.06727536 1.498
0.13235417 0.06727536 1.498
0.13495767 0.06727536 1.498
0.13756119 0.06727536 1.498
0.1401647 0.06727536 1.498
0.1427682 0.06727536 1.498
0.14537172 0.06727536 1.498
0.14797522 0.06727536 1.498
0.15057874 0.06727536 1.498
0.15318225 0.06727536 1.498
0.15547377 0.067140631 1.495
0.15807207 0.067140631 1.495
0.16034794 0.067005895 1.492
0.16294102 0.067005895 1.492
0.16553411 0.067005895 1.492
0.16812718 0.067005895 1.492
0.17072026 0.067005895 1.492
0.17331335 0.067005895 1.492
0.17590643 0.067005895 1.492
0.17849952 0.067005895 1.492
0.18109259 0.067005895 1.492
0.18368568 0.067005895 1.492
0.18627876 0.067005895 1.492
0.18887185 0.067005895 1.492
0.1918499 0.067140631 1.495
0.1944482 0.067140631 1.495
0.1970465 0.067140631 1.495
0.19964479 0.067140631 1.495
-0.19882105 0.070065461 1.502
-0.19621059 0.070065461 1.502
-0.19360013 0.070065461 1.502
-0.19098967 0.070065461 1.502
-0.18837921 0.070065461 1.502
-0.18576875 0.070065461 1.502
-0.18267052 0.069878869 1.498
-0.18006702 0.069878869 1.498
-0.1774635 0.069878869 1.498
-0.17485999 0.069878869 1.498
-0.17225648 0.069878869 1.498
-0.16965297 0.069878869 1.498
-0.16749552 0.070065461 1.502
-0.16488506 0.070065461 1.502
-0.1622746 0.070065461 1.502
-0.15966412 0.070065461 1.502
-0.15705366 0.070065461 1.502
-0.15475169 0.070205405 1.505
-0.15213601 0.070205405 1.505
-0.14952034 0.070205405 1.505
-0.14661182 0.070065461 1.502
-0.14400136 0.070065461 1.502
-0.14101437 0.069878869 1.498
-0.13841085 0.069878869 1.498
-0.13580735 0.069878869 1.498
-0.13320383 0.069878869 1.498
-0.13060032 0.069878869 1.498
-0.12799682 0.069878869 1.498
-0.1253933 0.069878869 1.498
-0.12278979 0.069878869 1.498
-0.12018628 0.069878869 1.498
-0.11758278 0.069878869 1.498
-0.11497927 0.069878869 1.498
-0.11267582 0.070065461 1.502
-0.11006536 0.070065461 1.502
-0.1074549 0.070065461 1.502
-0.10484444 0.070065461 1.502
-0.10223398 0.070065461 1.502
-0.099358208 0.069878869 1.498
-0.0967547 0.069878869 1.498
-0.094151184 0.069878869 1.498
-0.091547675 0.069878869 1.498
-0.088944167 0.069878869 1.498
-0.086167745 0.069738925 1.495
-0.083569445 0.069738925 1.495
-0.080971152 0.069738925 1.495
-0.078372858 0.069738925 1.495
-0.075774558 0.069738925 1.495
-0.073176265 0.069738925 1.495
-0.070577972 0.069738925 1.495
-0.068116091 0.069878869 1.498
-0.065512575 0.069878869 1.498
-0.062909067 0.069878869 1.498
-0.060466588 0.070065461 1.502
-0.057856124 0.070065461 1.502
-0.055356007 0.070205405 1.505
-0.052740332 0.070205405 1.505
-0.050124656 0.070205405 1.505
-0.047414277 0.070065461 1.502
-0.044803817 0.070065461 1.502
-0.042193353 0.070065461 1.502
-0.039477479 0.069878869 1.498
-0.03687397 0.069878869 1.498
-0.034270462 0.069878869 1.498
-0.031666949 0.069878869 1.498
-0.029063441 0.069878869 1.498
-0.02645993 0.069878869 1.498
-0.023856422 0.069878869 1.498
-0.021252912 0.069878869 1.498
-0.018649401 0.069878869 1.498
-0.016045893 0.069878869 1.498
-0.013415461 0.069738925 1.495
-0.010817165 0.069738925 1.495
-0.0082188696 0.069738925 1.495
-0.0056205736 0.069738925 1.495
-0.003022278 0.069738925 1.495
-0.00042398213 0.069738925 1.495
0.0021743136 0.069738925 1.495
0.0047821868 0.069878869 1.498
0.0073856968 0.069878869 1.498
0.0099892067 0.069878869 1.498
0.012592716 0.069878869 1.498
0.015196226 0.069878869 1.498
0.017799735 0.069878869 1.498
0.020403245 0.069878869 1.498
0.023006756 0.069878869 1.498
0.025610264 0.069878869 1.498
0.028213775 0.069878869 1.498
0.030817285 0.069878869 1.498
0.033420794 0.069878869 1.498
0.036024306 0.069878869 1.498
0.038627815 0.069878869 1.498
0.041231323 0.069878869 1.498
0.043834835 0.069878869 1.498
0.046438344 0.069878869 1.498
0.049041852 0.069878869 1.498
0.051783267 0.070065461 1.502
0.054393727 0.070065461 1.502
0.057004191 0.070065461 1.502
0.059614651 0.070065461 1.502
0.062059402 0.069878869 1.498
0.064662911 0.069878869 1.498
0.06726642 0.069878869 1.498
0.069869936 0.069878869 1.498
0.072473444 0.069878869 1.498
0.075076953 0.069878869 1.498
0.077680461 0.069878869 1.498
0.08028397 0.069878869 1.498
0.082887478 0.069878869 1.498
0.085490994 0.069878869 1.498
0.087918073 0.069738925 1.495
0.090516374 0.069738925 1.495
0.09330152 0.069878869 1.498
0.095905028 0.069878869 1.498
0.098508537 0.069878869 1.498
0.10111205 0.069878869 1.498
0.10371556 0.069878869 1.498
0.10631907 0.069878869 1.498
0.10892258 0.069878869 1.498
0.11152609 0.069878869 1.498
0.1141296 0.069878869 1.498
0.11673311 0.069878869 1.498
0.11933662 0.069878869 1.498
0.12194013 0.069878869 1.498
0.12454364 0.069878869 1.498
0.12714715 0.069878869 1.498
0.12975065 0.069878869 1.498
0.13235417 0.069878869 1.498
0.13495767 0.069878869 1.498
0.13756119 0.069878869 1.498
0.1401647 0.069878869 1.498
0.1427682 0.069878869 1.498
0.14537172 0.069878869 1.498
0.14797522 0.069878869 1.498
0.15027718 0.069738925 1.495
0.15287547 0.069738925 1.495
0.15547377 0.069738925 1.495
0.15807207 0.069738925 1.495
0.16034794 0.06959898 1.492
0.16294102 0.06959898 1.492
0.16553411 0.06959898 1.492
0.16812718 0.06959898 1.492
0.17072026 0.06959898 1.492
0.17331335 0.06959898 1.492
0.17590643 0.06959898 1.492
0.17849952 0.06959898 1.492
0.18109259 0.06959898 1.492
0.18368568 0.06959898 1.492
0.18627876 0.06959898 1.492
0.18887185 0.06959898 1.492
0.1918499 0.069738925 1.495
0.1944482 0.069738925 1.495
0.1970465 0.069738925 1.495
0.19964479 0.069738925 1.495
-0.19882105 0.072675921 1.502
-0.19621059 0.072675921 1.502
-0.19360013 0.072675921 1.502
-0.19098967 0.072675921 1.502
-0.18837921 0.072675921 1.502
-0.18576875 0.072675921 1.502
-0.18267052 0.072482377 1.498
-0.18006702 0.072482377 1.498
-0.1774635 0.072482377 1.498
-0.17485999 0.072482377 1.498
-0.17225648 0.072482377 1.498
-0.17010598 0.072675921 1.502
-0.16749552 0.072675921 1.502
-0.16488506 0.072675921 1.502
-0.1622746 0.072675921 1.502
-0.15966412 0.072675921 1.502
-0.15736736 0.072821081 1.505
-0.15475169 0.072821081 1.505
-0.15213601 0.072821081 1.505
-0.14952034 0.072821081 1.505
-0.14690466 0.072821081 1.505
-0.14400136 0.072675921 1.502
-0.14101437 0.072482377 1.498
-0.13841085 0.072482377 1.498
-0.13580735 0.072482377 1.498
-0.13320383 0.072482377 1.498
-0.13060032 0.072482377 1.498
-0.12799682 0.072482377 1.498
-0.1253933 0.072482377 1.498
-0.12278979 0.072482377 1.498
-0.12018628 0.072482377 1.498
-0.11758278 0.072482377 1.498
-0.11497927 0.072482377 1.498
-0.11237576 0.072482377 1.498
-0.11006536 0.072675921 1.502
-0.10716873 0.072482377 1.498
-0.10456523 0.072482377 1.498
-0.10196172 0.072482377 1.498
-0.099358208 0.072482377 1.498
-0.0967547 0.072482377 1.498
-0.094151184 0.072482377 1.498
-0.091547675 0.072482377 1.498
-0.088944167 0.072482377 1.498
-0.086167745 0.072337218 1.495
-0.083569445 0.072337218 1.495
-0.080971152 0.072337218 1.495
-0.078372858 0.072337218 1.495
-0.075774558 0.072337218 1.495
-0.073176265 0.072337218 1.495
-0.0707196 0.072482377 1.498
-0.068116091 0.072482377 1.498
-0.065512575 0.072482377 1.498
-0.062909067 0.072482377 1.498
-0.060466588 0.072675921 1.502
-0.057856124 0.072675921 1.502
-0.055245664 0.072675921 1.502
-0.0526352 0.072675921 1.502
-0.05002474 0.072675921 1.502
-0.047414277 0.072675921 1.502
-0.044803817 0.072675921 1.502
-0.042193353 0.072675921 1.502
-0.039477479 0.072482377 1.498
-0.03687397 0.072482377 1.498
-0.034270462 0.072482377 1.498
-0.031666949 0.072482377 1.498
-0.029063441 0.072482377 1.498
-0.02645993 0.072482377 1.498
-0.023856422 0.072482377 1.498
-0.021252912 0.072482377 1.498
-0.018649401 0.072482377 1.498
-0.016045893 0.072482377 1.498
-0.013415461 0.072337218 1.495
-0.010817165 0.072337218 1.495
-0.0082188696 0.072337218 1.495
-0.0056205736 0.072337218 1.495
-0.003022278 0.072337218 1.495
-0.00042483292 0.072482377 1.498
0.0021786769 0.072482377 1.498
0.0047821868 0.072482377 1.498
0.0073856968 0.072482377 1.498
0.0099892067 0.072482377 1.498
0.012592716 0.072482377 1.498
0.015236803 0.072675921 1.502
0.017799735 0.072482377 1.498
0.020403245 0.072482377 1.498
0.023006756 0.072482377 1.498
0.025610264 0.072482377 1.498
0.028213775 0.072482377 1.498
0.030817285 0.072482377 1.498
0.033420794 0.072482377 1.498
0.036024306 0.072482377 1.498
0.038550455 0.072337218 1.495
0.041148752 0.072337218 1.495
0.043747045 0.072337218 1.495
0.046345342 0.072337218 1.495
0.049041852 0.072482377 1.498
0.051645365 0.072482377 1.498
0.054393727 0.072675921 1.502
0.057004191 0.072675921 1.502
0.059614651 0.072675921 1.502
0.062059402 0.072482377 1.498
0.064662911 0.072482377 1.498
0.06726642 0.072482377 1.498
0.069869936 0.072482377 1.498
0.072473444 0.072482377 1.498
0.075076953 0.072482377 1.498
0.077524893 0.072337218 1.495
0.080123186 0.072337218 1.495
0.082721487 0.072337218 1.495
0.08531978 0.072337218 1.495
0.087918073 0.072337218 1.495
0.090516374 0.072337218 1.495
0.093114667 0.072337218 1.495
0.09571296 0.072337218 1.495
0.098508537 0.072482377 1.498
0.10111205 0.072482377 1.498
0.10371556 0.072482377 1.498
0.10631907 0.072482377 1.498
0.10892258 0.072482377 1.498
0.11152609 0.072482377 1.498
0.1141296 0.072482377 1.498
0.11673311 0.072482377 1.498
0.11933662 0.072482377 1.498
0.12194013 0.072482377 1.498
0.12454364 0.072482377 1.498
0.12714715 0.072482377 1.498
0.12949081 0.072337218 1.495
0.13208911 0.072337218 1.495
0.13468739 0.072337218 1.495
0.13728569 0.072337218 1.495
0.139884 0.072337218 1.495
0.14248228 0.072337218 1.495
0.14508058 0.072337218 1.495
0.14767888 0.072337218 1.495
0.15027718 0.072337218 1.495
0.15287547 0.072337218 1.495
0.15547377 0.072337218 1.495
0.15807207 0.072337218 1.495
0.16067035 0.072337218 1.495
0.16294102 0.072192058 1.492
0.16553411 0.072192058 1.492
0.16812718 0.072192058 1.492
0.17072026 0.072192058 1.492
0.17331335 0.072192058 1.492
0.17590643 0.072192058 1.492
0.17849952 0.072192058 1.492
0.18109259 0.072192058 1.492
0.18368568 0.072192058 1.492
0.18627876 0.072192058 1.492
0.18887185 0.072192058 1.492
0.1918499 0.072337218 1.495
0.1944482 0.072337218 1.495
0.1970465 0.072337218 1.495
0.19964479 0.072337218 1.495
-0.19882105 0.075286381 1.502
-0.19621059 0.075286381 1.502
-0.19360013 0.075286381 1.502
-0.19098967 0.075286381 1.502
-0.18837921 0.075286381 1.502
-0.18576875 0.075286381 1.502
-0.18315829 0.075286381 1.502
-0.18006702 0.075085893 1.498
-0.1774635 0.075085893 1.498
-0.17485999 0.075085893 1.498
-0.17271644 0.075286381 1.502
-0.17010598 0.075286381 1.502
-0.16749552 0.075286381 1.502
-0.16521439 0.075436756 1.505
-0.16259871 0.075436756 1.505
-0.15998304 0.075436756 1.505
-0.15736736 0.075436756 1.505
-0.15506016 0.075587131 1.508
-0.15243927 0.075587131 1.508
-0.14952034 0.075436756 1.505
-0.14690466 0.075436756 1.505
-0.14400136 0.075286381 1.502
-0.1413909 0.075286381 1.502
-0.13841085 0.075085893 1.498
-0.13580735 0.075085893 1.498
-0.13320383 0.075085893 1.498
-0.13060032 0.075085893 1.498
-0.12799682 0.075085893 1.498
-0.1253933 0.075085893 1.498
-0.12278979 0.075085893 1.498
-0.12018628 0.075085893 1.498
-0.11758278 0.075085893 1.498
-0.11497927 0.075085893 1.498
-0.11237576 0.075085893 1.498
-0.10977224 0.075085893 1.498
-0.10716873 0.075085893 1.498
-0.10456523 0.075085893 1.498
-0.10196172 0.075085893 1.498
-0.099358208 0.075085893 1.498
-0.0967547 0.075085893 1.498
-0.094151184 0.075085893 1.498
-0.091547675 0.075085893 1.498
-0.088944167 0.075085893 1.498
-0.086340658 0.075085893 1.498
-0.08373715 0.075085893 1.498
-0.080971152 0.074935518 1.495
-0.078372858 0.074935518 1.495
-0.075926617 0.075085893 1.498
-0.073323108 0.075085893 1.498
-0.0707196 0.075085893 1.498
-0.068116091 0.075085893 1.498
-0.065512575 0.075085893 1.498
-0.062909067 0.075085893 1.498
-0.060466588 0.075286381 1.502
-0.057856124 0.075286381 1.502
-0.055245664 0.075286381 1.502
-0.0526352 0.075286381 1.502
-0.05002474 0.075286381 1.502
-0.047414277 0.075286381 1.502
-0.0446845 0.075085893 1.498
-0.042080991 0.075085893 1.498
-0.039477479 0.075085893 1.498
-0.03687397 0.075085893 1.498
-0.034270462 0.075085893 1.498
-0.031666949 0.075085893 1.498
-0.029063441 0.075085893 1.498
-0.02645993 0.075085893 1.498
-0.023856422 0.075085893 1.498
-0.021252912 0.075085893 1.498
-0.018649401 0.075085893 1.498
-0.016045893 0.075085893 1.498
-0.013442382 0.075085893 1.498
-0.010817165 0.074935518 1.495
-0.0082188696 0.074935518 1.495
-0.0056205736 0.074935518 1.495
-0.0030283427 0.075085893 1.498
-0.00042483292 0.075085893 1.498
0.0021786769 0.075085893 1.498
0.0047821868 0.075085893 1.498
0.0073856968 0.075085893 1.498
0.0099892067 0.075085893 1.498
0.012592716 0.075085893 1.498
0.015196226 0.075085893 1.498
0.017799735 0.075085893 1.498
0.020403245 0.075085893 1.498
0.023006756 0.075085893 1.498
0.025610264 0.075085893 1.498
0.028213775 0.075085893 1.498
0.030817285 0.075085893 1.498
0.033420794 0.075085893 1.498
0.035952158 0.074935518 1.495
0.038550455 0.074935518 1.495
0.041148752 0.074935518 1.495
0.043747045 0.074935518 1.495
0.046345342 0.074935518 1.495
0.049041852 0.075085893 1.498
0.051645365 0.075085893 1.498
0.054248873 0.075085893 1.498
0.057004191 0.075286381 1.502
0.059614651 0.075286381 1.502
0.062225115 0.075286381 1.502
0.064662911 0.075085893 1.498
0.06726642 0.075085893 1.498
0.069869936 0.075085893 1.498
0.072473444 0.075085893 1.498
0.075076953 0.075085893 1.498
0.077524893 0.074935518 1.495
0.080123186 0.074935518 1.495
0.082721487 0.074935518 1.495
0.085148565 0.074785143 1.492
0.087741651 0.074785143 1.492
0.090334728 0.074785143 1.492
0.093114667 0.074935518 1.495
0.09571296 0.074935518 1.495
0.09831126 0.074935518 1.495
0.10090955 0.074935518 1.495
0.10371556 0.075085893 1.498
0.10631907 0.075085893 1.498
0.10892258 0.075085893 1.498
0.11152609 0.075085893 1.498
0.1141296 0.075085893 1.498
0.11673311 0.075085893 1.498
0.11933662 0.075085893 1.498
0.12194013 0.075085893 1.498
0.12429421 0.074935518 1.495
0.12689251 0.074935518 1.495
0.12949081 0.074935518 1.495
0.13208911 0.074935518 1.495
0.13468739 0.074935518 1.495
0.13728569 0.074935518 1.495
0.139884 0.074935518 1.495
0.14248228 0.074935518 1.495
0.14508058 0.074935518 1.495
0.14767888 0.074935518 1.495
0.15027718 0.074935518 1.495
0.15287547 0.074935518 1.495
0.15547377 0.074935518 1.495
0.15807207 0.074935518 1.495
0.16067035 0.074935518 1.495
0.16326866 0.074935518 1.495
0.16553411 0.074785143 1.492
0.16846524 0.074935518 1.495
0.17106354 0.074935518 1.495
0.17366184 0.074935518 1.495
0.17626013 0.074935518 1.495
0.17849952 0.074785143 1.492
0.18109259 0.074785143 1.492
0.18368568 0.074785143 1.492
0.18627876 0.074785143 1.492
0.18925162 0.074935518 1.495
0.1918499 0.074935518 1.495
0.1944482 0.074935518 1.495
0.1970465 0.074935518 1.495
0.19924417 0.074785143 1.492
-0.19882105 0.077896848 1.502
-0.19621059 0.077896848 1.502
-0.19360013 0.077896848 1.502
-0.19098967 0.077896848 1.502
-0.18837921 0.077896848 1.502
-0.18576875 0.077896848 1.502
-0.18315829 0.077896848 1.502
-0.18054782 0.077896848 1.502
-0.1774635 0.077689402 1.498
-0.1753269 0.077896848 1.502
-0.17271644 0.077896848 1.502
-0.17044574 0.078052431 1.505
-0.16783006 0.078052431 1.505
-0.16521439 0.078052431 1.505
-0.16259871 0.078052431 1.505
-0.15998304 0.078052431 1.505
-0.15768105 0.078208022 1.508
-0.15506016 0.078208022 1.508
-0.15243927 0.078208022 1.508
-0.14981838 0.078208022 1.508
-0.14690466 0.078052431 1.505
-0.14428899 0.078052431 1.505
-0.1413909 0.077896848 1.502
-0.13878043 0.077896848 1.502
-0.13616997 0.077896848 1.502
-0.13320383 0.077689402 1.498
-0.13060032 0.077689402 1.498
-0.12799682 0.077689402 1.498
-0.1253933 0.077689402 1.498
-0.12278979 0.077689402 1.498
-0.12018628 0.077689402 1.498
-0.11758278 0.077689402 1.498
-0.11497927 0.077689402 1.498
-0.11237576 0.077689402 1.498
-0.10977224 0.077689402 1.498
-0.10716873 0.077689402 1.498
-0.10456523 0.077689402 1.498
-0.10196172 0.077689402 1.498
-0.099358208 0.077689402 1.498
-0.0967547 0.077689402 1.498
-0.094151184 0.077689402 1.498
-0.091547675 0.077689402 1.498
-0.088944167 0.077689402 1.498
-0.086340658 0.077689402 1.498
-0.08373715 0.077689402 1.498
-0.081133634 0.077689402 1.498
-0.078530125 0.077689402 1.498
-0.075926617 0.077689402 1.498
-0.073323108 0.077689402 1.498
-0.0707196 0.077689402 1.498
-0.068116091 0.077689402 1.498
-0.065512575 0.077689402 1.498
-0.063077047 0.077896848 1.502
-0.060466588 0.077896848 1.502
-0.057856124 0.077896848 1.502
-0.055245664 0.077896848 1.502
-0.0526352 0.077896848 1.502
-0.05002474 0.077896848 1.502
-0.047288008 0.077689402 1.498
-0.0446845 0.077689402 1.498
-0.042080991 0.077689402 1.498
-0.039477479 0.077689402 1.498
-0.03687397 0.077689402 1.498
-0.034201827 0.077533811 1.495
-0.03160353 0.077533811 1.495
-0.029005237 0.077533811 1.495
-0.02645993 0.077689402 1.498
-0.023856422 0.077689402 1.498
-0.021252912 0.077689402 1.498
-0.018649401 0.077689402 1.498
-0.016045893 0.077689402 1.498
-0.013442382 0.077689402 1.498
-0.010817165 0.077533811 1.495
-0.0082353624 0.077689402 1.498
-0.0056318524 0.077689402 1.498
-0.0030283427 0.077689402 1.498
-0.00042483292 0.077689402 1.498
0.0021786769 0.077689402 1.498
0.0047821868 0.077689402 1.498
0.0073856968 0.077689402 1.498
0.0099892067 0.077689402 1.498
0.012592716 0.077689402 1.498
0.015196226 0.077689402 1.498
0.017799735 0.077689402 1.498
0.020403245 0.077689402 1.498
0.023006756 0.077689402 1.498
0.025610264 0.077689402 1.498
0.028213775 0.077689402 1.498
0.030817285 0.077689402 1.498
0.033420794 0.077689402 1.498
0.035952158 0.077533811 1.495
0.038550455 0.077533811 1.495
0.041148752 0.077533811 1.495
0.043747045 0.077533811 1.495
0.046345342 0.077533811 1.495
0.048943639 0.077533811 1.495
0.051645365 0.077689402 1.498
0.054248873 0.077689402 1.498
0.057004191 0.077896848 1.502
0.059614651 0.077896848 1.502
0.062225115 0.077896848 1.502
0.064835578 0.077896848 1.502
0.06726642 0.077689402 1.498
0.069869936 0.077689402 1.498
0.072473444 0.077689402 1.498
0.0749266 0.077533811 1.495
0.077524893 0.077533811 1.495
0.080123186 0.077533811 1.495
0.082555488 0.077378228 1.492
0.085148565 0.077378228 1.492
0.087741651 0.077378228 1.492
0.090334728 0.077378228 1.492
0.092927814 0.077378228 1.492
0.095520899 0.077378228 1.492
0.09831126 0.077533811 1.495
0.10090955 0.077533811 1.495
0.10350785 0.077533811 1.495
0.10610615 0.077533811 1.495
0.10892258 0.077689402 1.498
0.11152609 0.077689402 1.498
0.1141296 0.077689402 1.498
0.11673311 0.077689402 1.498
0.11933662 0.077689402 1.498
0.12194013 0.077689402 1.498
0.12429421 0.077533811 1.495
0.12689251 0.077533811 1.495
0.12949081 0.077533811 1.495
0.13182405 0.077378228 1.492
0.13441712 0.077378228 1.492
0.1370102 0.077378228 1.492
0.139884 0.077533811 1.495
0.14248228 0.077533811 1.495
0.14508058 0.077533811 1.495
0.14767888 0.077533811 1.495
0.15027718 0.077533811 1.495
0.15287547 0.077533811 1.495
0.15547377 0.077533811 1.495
0.15807207 0.077533811 1.495
0.16067035 0.077533811 1.495
0.16326866 0.077533811 1.495
0.16586696 0.077533811 1.495
0.16846524 0.077533811 1.495
0.17106354 0.077533811 1.495
0.17366184 0.077533811 1.495
0.17626013 0.077533811 1.495
0.17885843 0.077533811 1.495
0.18145673 0.077533811 1.495
0.18405502 0.077533811 1.495
0.18665332 0.077533811 1.495
0.18925162 0.077533811 1.495
0.1918499 0.077533811 1.495
0.1944482 0.077533811 1.495
0.19665109 0.077378228 1.492
0.19924417 0.077378228 1.492
-0.19882105 0.080507308 1.502
-0.19621059 0.080507308 1.502
-0.19360013 0.080507308 1.502
-0.19137114 0.080668107 1.505
-0.18875547 0.080668107 1.505
-0.18613979 0.080668107 1.505
-0.18315829 0.080507308 1.502
-0.18054782 0.080507308 1.502
-0.17793736 0.080507308 1.502
-0.1753269 0.080507308 1.502
-0.17306142 0.080668107 1.505
-0.17044574 0.080668107 1.505
-0.16783006 0.080668107 1.505
-0.16554372 0.080828913 1.508
-0.16292283 0.080828913 1.508
-0.16030194 0.080828913 1.508
-0.15768105 0.080828913 1.508
-0.15506016 0.080828913 1.508
-0.15243927 0.080828913 1.508
-0.14981838 0.080828913 1.508
-0.14690466 0.080668107 1.505
-0.14428899 0.080668107 1.505
-0.1413909 0.080507308 1.502
-0.13878043 0.080507308 1.502
-0.13616997 0.080507308 1.502
-0.13320383 0.08029291 1.498
-0.13060032 0.08029291 1.498
-0.12799682 0.08029291 1.498
-0.1253933 0.08029291 1.498
-0.12278979 0.08029291 1.498
-0.12018628 0.08029291 1.498
-0.11758278 0.08029291 1.498
-0.11497927 0.08029291 1.498
-0.11237576 0.08029291 1.498
-0.10977224 0.08029291 1.498
-0.10716873 0.08029291 1.498
-0.10456523 0.08029291 1.498
-0.10196172 0.08029291 1.498
-0.099358208 0.08029291 1.498
-0.0967547 0.08029291 1.498
-0.094151184 0.08029291 1.498
-0.091547675 0.08029291 1.498
-0.088944167 0.08029291 1.498
-0.086340658 0.08029291 1.498
-0.08373715 0.08029291 1.498
-0.081133634 0.08029291 1.498
-0.078530125 0.08029291 1.498
-0.075926617 0.08029291 1.498
-0.073323108 0.08029291 1.498
-0.0707196 0.08029291 1.498
-0.068116091 0.08029291 1.498
-0.065512575 0.08029291 1.498
-0.062909067 0.08029291 1.498
-0.060466588 0.080507308 1.502
-0.057856124 0.080507308 1.502
-0.055245664 0.080507308 1.502
-0.0526352 0.080507308 1.502
-0.04989152 0.08029291 1.498
-0.047288008 0.08029291 1.498
-0.0446845 0.08029291 1.498
-0.042080991 0.08029291 1.498
-0.039477479 0.08029291 1.498
-0.03687397 0.08029291 1.498
-0.034201827 0.080132104 1.495
-0.03160353 0.080132104 1.495
-0.029063441 0.08029291 1.498
-0.02645993 0.08029291 1.498
-0.023856422 0.08029291 1.498
-0.021252912 0.08029291 1.498
-0.018649401 0.08029291 1.498
-0.016045893 0.08029291 1.498
-0.013442382 0.08029291 1.498
-0.010838872 0.08029291 1.498
-0.0082353624 0.08029291 1.498
-0.0056318524 0.08029291 1.498
-0.0030283427 0.08029291 1.498
-0.00042483292 0.08029291 1.498
0.0021786769 0.08029291 1.498
0.0047821868 0.08029291 1.498
0.0073856968 0.08029291 1.498
0.0099892067 0.08029291 1.498
0.012592716 0.08029291 1.498
0.015196226 0.08029291 1.498
0.017799735 0.08029291 1.498
0.020457726 0.080507308 1.502
0.023068188 0.080507308 1.502
0.025610264 0.08029291 1.498
0.028213775 0.08029291 1.498
0.030817285 0.08029291 1.498
0.033420794 0.08029291 1.498
0.035952158 0.080132104 1.495
0.038550455 0.080132104 1.495
0.041148752 0.080132104 1.495
0.043747045 0.080132104 1.495
0.046345342 0.080132104 1.495
0.049041852 0.08029291 1.498
0.051645365 0.08029291 1.498
0.054248873 0.08029291 1.498
0.057004191 0.080507308 1.502
0.059614651 0.080507308 1.502
0.062225115 0.080507308 1.502
0.064835578 0.080507308 1.502
0.06726642 0.08029291 1.498
0.069869936 0.08029291 1.498
0.072473444 0.08029291 1.498
0.0749266 0.080132104 1.495
0.077524893 0.080132104 1.495
0.080123186 0.080132104 1.495
0.082555488 0.079971306 1.492
0.085148565 0.079971306 1.492
0.087741651 0.079971306 1.492
0.090334728 0.079971306 1.492
0.092927814 0.079971306 1.492
0.095520899 0.079971306 1.492
0.098113976 0.079971306 1.492
0.10090955 0.080132104 1.495
0.10350785 0.080132104 1.495
0.10610615 0.080132104 1.495
0.10870444 0.080132104 1.495
0.11152609 0.08029291 1.498
0.1141296 0.08029291 1.498
0.11673311 0.08029291 1.498
0.11933662 0.08029291 1.498
0.12169592 0.080132104 1.495
0.12429421 0.080132104 1.495
0.12689251 0.080132104 1.495
0.12923096 0.079971306 1.492
0.13182405 0.079971306 1.492
0.13441712 0.079971306 1.492
0.1370102 0.079971306 1.492
0.13960329 0.079971306 1.492
0.14248228 0.080132104 1.495
0.14508058 0.080132104 1.495
0.14767888 0.080132104 1.495
0.15027718 0.080132104 1.495
0.15287547 0.080132104 1.495
0.15547377 0.080132104 1.495
0.15807207 0.080132104 1.495
0.16067035 0.080132104 1.495
0.16326866 0.080132104 1.495
0.16586696 0.080132104 1.495
0.16846524 0.080132104 1.495
0.17106354 0.080132104 1.495
0.17366184 0.080132104 1.495
0.17626013 0.080132104 1.495
0.17885843 0.080132104 1.495
0.18145673 0.080132104 1.495
0.18405502 0.080132104 1.495
0.18665332 0.080132104 1.495
0.18925162 0.080132104 1.495
0.1918499 0.080132104 1.495
0.1944482 0.080132104 1.495
0.19665109 0.079971306 1.492
0.19924417 0.079971306 1.492
-0.19882105 0.083117768 1.502
-0.19621059 0.083117768 1.502
-0.19398682 0.083283782 1.505
-0.19137114 0.083283782 1.505
-0.18875547 0.083283782 1.505
-0.18613979 0.083283782 1.505
-0.18352412 0.083283782 1.505
-0.18090844 0.083283782 1.505
-0.17829277 0.083283782 1.505
-0.17567709 0.083283782 1.505
-0.17340639 0.083449796 1.508
-0.1707855 0.083449796 1.508
-0.16816461 0.083449796 1.508
-0.16554372 0.083449796 1.508
-0.16292283 0.083449796 1.508
-0.16030194 0.083449796 1.508
-0.15768105 0.083449796 1.508
-0.15506016 0.083449796 1.508
-0.15243927 0.083449796 1.508
-0.14981838 0.083449796 1.508
-0.14690466 0.083283782 1.505
-0.14428899 0.083283782 1.505
-0.1413909 0.083117768 1.502
-0.13878043 0.083117768 1.502
-0.13616997 0.083117768 1.502
-0.13355951 0.083117768 1.502
-0.13060032 0.082896419 1.498
-0.12799682 0.082896419 1.498
-0.1253933 0.082896419 1.498
-0.12278979 0.082896419 1.498
-0.12018628 0.082896419 1.498
-0.11758278 0.082896419 1.498
-0.11497927 0.082896419 1.498
-0.11237576 0.082896419 1.498
-0.10977224 0.082896419 1.498
-0.10716873 0.082896419 1.498
-0.10456523 0.082896419 1.498
-0.10196172 0.082896419 1.498
-0.099358208 0.082896419 1.498
-0.0967547 0.082896419 1.498
-0.094151184 0.082896419 1.498
-0.091547675 0.082896419 1.498
-0.088944167 0.082896419 1.498
-0.086340658 0.082896419 1.498
-0.08373715 0.082896419 1.498
-0.081133634 0.082896419 1.498
-0.078530125 0.082896419 1.498
-0.075926617 0.082896419 1.498
-0.073323108 0.082896419 1.498
-0.0707196 0.082896419 1.498
-0.068116091 0.082896419 1.498
-0.065512575 0.082896419 1.498
-0.062909067 0.082896419 1.498
-0.060305558 0.082896419 1.498
-0.057856124 0.083117768 1.502
-0.055098537 0.082896419 1.498
-0.052495029 0.082896419 1.498
-0.04989152 0.082896419 1.498
-0.047288008 0.082896419 1.498
-0.0446845 0.082896419 1.498
-0.042080991 0.082896419 1.498
-0.039477479 0.082896419 1.498
-0.036800124 0.082730405 1.495
-0.034201827 0.082730405 1.495
-0.03160353 0.082730405 1.495
-0.029063441 0.082896419 1.498
-0.02645993 0.082896419 1.498
-0.023856422 0.082896419 1.498
-0.021252912 0.082896419 1.498
-0.018649401 0.082896419 1.498
-0.016045893 0.082896419 1.498
-0.013442382 0.082896419 1.498
-0.010838872 0.082896419 1.498
-0.0082353624 0.082896419 1.498
-0.0056318524 0.082896419 1.498
-0.0030283427 0.082896419 1.498
-0.00042483292 0.082896419 1.498
0.0021786769 0.082896419 1.498
0.0047821868 0.082896419 1.498
0.0073856968 0.082896419 1.498
0.0099892067 0.082896419 1.498
0.012592716 0.082896419 1.498
0.015196226 0.082896419 1.498
0.017847264 0.083117768 1.502
0.020457726 0.083117768 1.502
0.023068188 0.083117768 1.502
0.02567865 0.083117768 1.502
0.028213775 0.082896419 1.498
0.030817285 0.082896419 1.498
0.033420794 0.082896419 1.498
0.036024306 0.082896419 1.498
0.038627815 0.082896419 1.498
0.041231323 0.082896419 1.498
0.043834835 0.082896419 1.498
0.046438344 0.082896419 1.498
0.049041852 0.082896419 1.498
0.051645365 0.082896419 1.498
0.054393727 0.083117768 1.502
0.057004191 0.083117768 1.502
0.059733722 0.083283782 1.505
0.062349398 0.083283782 1.505
0.064835578 0.083117768 1.502
0.067446038 0.083117768 1.502
0.069869936 0.082896419 1.498
0.072473444 0.082896419 1.498
0.075076953 0.082896419 1.498
0.077524893 0.082730405 1.495
0.080123186 0.082730405 1.495
0.082721487 0.082730405 1.495
0.085148565 0.082564391 1.492
0.087741651 0.082564391 1.492
0.090334728 0.082564391 1.492
0.092927814 0.082564391 1.492
0.095520899 0.082564391 1.492
0.098113976 0.082564391 1.492
0.10070706 0.082564391 1.492
0.10350785 0.082730405 1.495
0.10610615 0.082730405 1.495
0.10870444 0.082730405 1.495
0.11130274 0.082730405 1.495
0.11390103 0.082730405 1.495
0.11649933 0.082730405 1.495
0.11909763 0.082730405 1.495
0.12169592 0.082730405 1.495
0.12429421 0.082730405 1.495
0.12663788 0.082564391 1.492
0.12923096 0.082564391 1.492
0.13182405 0.082564391 1.492
0.13441712 0.082564391 1.492
0.1370102 0.082564391 1.492
0.13960329 0.082564391 1.492
0.14219637 0.082564391 1.492
0.14508058 0.082730405 1.495
0.14767888 0.082730405 1.495
0.15027718 0.082730405 1.495
0.15287547 0.082730405 1.495
0.15547377 0.082730405 1.495
0.15807207 0.082730405 1.495
0.16067035 0.082730405 1.495
0.16326866 0.082730405 1.495
0.16586696 0.082730405 1.495
0.16846524 0.082730405 1.495
0.17106354 0.082730405 1.495
0.17366184 0.082730405 1.495
0.17626013 0.082730405 1.495
0.17885843 0.082730405 1.495
0.18145673 0.082730405 1.495
0.18405502 0.082730405 1.495
0.18665332 0.082730405 1.495
0.18925162 0.082730405 1.495
0.1918499 0.082730405 1.495
0.194058 0.082564391 1.492
0.19665109 0.082564391 1.492
0.19924417 0.082564391 1.492
-0.19882105 0.085728228 1.502
-0.19660249 0.085899457 1.505
-0.19398682 0.085899457 1.505
-0.19137114 0.085899457 1.505
-0.18875547 0.085899457 1.505
-0.18613979 0.085899457 1.505
-0.18388996 0.086070687 1.508
-0.18090844 0.085899457 1.505
-0.17829277 0.085899457 1.505
-0.17602728 0.086070687 1.508
-0.17340639 0.086070687 1.508
-0.1707855 0.086070687 1.508
-0.16816461 0.086070687 1.508
-0.16554372 0.086070687 1.508
-0.16292283 0.086070687 1.508
-0.16030194 0.086070687 1.508
-0.15768105 0.086070687 1.508
-0.15506016 0.086070687 1.508
-0.15243927 0.086070687 1.508
-0.14981838 0.086070687 1.508
-0.14690466 0.085899457 1.505
-0.14428899 0.085899457 1.505
-0.1413909 0.085728228 1.502
-0.13878043 0.085728228 1.502
-0.13616997 0.085728228 1.502
-0.13320383 0.085499927 1.498
-0.13060032 0.085499927 1.498
-0.12799682 0.085499927 1.498
-0.1253933 0.085499927 1.498
-0.12278979 0.085499927 1.498
-0.12018628 0.085499927 1.498
-0.11758278 0.085499927 1.498
-0.11497927 0.085499927 1.498
-0.11237576 0.085499927 1.498
-0.10977224 0.085499927 1.498
-0.10716873 0.085499927 1.498
-0.10435581 0.085328698 1.495
-0.10196172 0.085499927 1.498
-0.099358208 0.085499927 1.498
-0.096560925 0.085328698 1.495
-0.094151184 0.085499927 1.498
-0.091547675 0.085499927 1.498
-0.088944167 0.085499927 1.498
-0.086340658 0.085499927 1.498
-0.08373715 0.085499927 1.498
-0.081133634 0.085499927 1.498
-0.078530125 0.085499927 1.498
-0.075926617 0.085499927 1.498
-0.073323108 0.085499927 1.498
-0.0707196 0.085499927 1.498
-0.068116091 0.085499927 1.498
-0.065512575 0.085499927 1.498
-0.062909067 0.085499927 1.498
-0.060305558 0.085499927 1.498
-0.05770205 0.085499927 1.498
-0.055098537 0.085499927 1.498
-0.052495029 0.085499927 1.498
-0.04989152 0.085499927 1.498
-0.047288008 0.085499927 1.498
-0.044595011 0.085328698 1.495
-0.042080991 0.085499927 1.498
-0.039477479 0.085499927 1.498
-0.036800124 0.085328698 1.495
-0.034270462 0.085499927 1.498
-0.031666949 0.085499927 1.498
-0.029063441 0.085499927 1.498
-0.02645993 0.085499927 1.498
-0.023856422 0.085499927 1.498
-0.021252912 0.085499927 1.498
-0.018649401 0.085499927 1.498
-0.016088737 0.085728228 1.502
-0.013442382 0.085499927 1.498
-0.010838872 0.085499927 1.498
-0.0082353624 0.085499927 1.498
-0.0056318524 0.085499927 1.498
-0.0030283427 0.085499927 1.498
-0.00042483292 0.085499927 1.498
0.0021786769 0.085499927 1.498
0.0047821868 0.085499927 1.498
0.0073856968 0.085499927 1.498
0.0099892067 0.085499927 1.498
0.012592716 0.085499927 1.498
0.015196226 0.085499927 1.498
0.017847264 0.085728228 1.502
0.020457726 0.085728228 1.502
0.023068188 0.085728228 1.502
0.02567865 0.085728228 1.502
0.028289111 0.085728228 1.502
0.030817285 0.085499927 1.498
0.033420794 0.085499927 1.498
0.036024306 0.085499927 1.498
0.038627815 0.085499927 1.498
0.041231323 0.085499927 1.498
0.043834835 0.085499927 1.498
0.046438344 0.085499927 1.498
0.049041852 0.085499927 1.498
0.051783267 0.085728228 1.502
0.054393727 0.085728228 1.502
0.057118047 0.085899457 1.505
0.059733722 0.085899457 1.505
0.062349398 0.085899457 1.505
0.064965077 0.085899457 1.505
0.067446038 0.085728228 1.502
0.070056498 0.085728228 1.502
0.072473444 0.085499927 1.498
0.075076953 0.085499927 1.498
0.077680461 0.085499927 1.498
0.080123186 0.085328698 1.495
0.082721487 0.085328698 1.495
0.085148565 0.085157469 1.492
0.087741651 0.085157469 1.492
0.090334728 0.085157469 1.492
0.092927814 0.085157469 1.492
0.095520899 0.085157469 1.492
0.098113976 0.085157469 1.492
0.10070706 0.085157469 1.492
0.10330014 0.085157469 1.492
0.10610615 0.085328698 1.495
0.10870444 0.085328698 1.495
0.11130274 0.085328698 1.495
0.11390103 0.085328698 1.495
0.11649933 0.085328698 1.495
0.11909763 0.085328698 1.495
0.12169592 0.085328698 1.495
0.12429421 0.085328698 1.495
0.12663788 0.085157469 1.492
0.12923096 0.085157469 1.492
0.13182405 0.085157469 1.492
0.13441712 0.085157469 1.492
0.1370102 0.085157469 1.492
0.13960329 0.085157469 1.492
0.14219637 0.085157469 1.492
0.14508058 0.085328698 1.495
0.14767888 0.085328698 1.495
0.15027718 0.085328698 1.495
0.15287547 0.085328698 1.495
0.15547377 0.085328698 1.495
0.15807207 0.085328698 1.495
0.16067035 0.085328698 1.495
0.16326866 0.085328698 1.495
0.16586696 0.085328698 1.495
0.16846524 0.085328698 1.495
0.17106354 0.085328698 1.495
0.17366184 0.085328698 1.495
0.17626013 0.085328698 1.495
0.17885843 0.085328698 1.495
0.18145673 0.085328698 1.495
0.18405502 0.085328698 1.495
0.18665332 0.085328698 1.495
0.18925162 0.085328698 1.495
0.1918499 0.085328698 1.495
0.194058 0.085157469 1.492
0.19665109 0.085157469 1.492
0.19924417 0.085157469 1.492
-0.19882105 0.088338695 1.502
-0.19660249 0.088515133 1.505
-0.19398682 0.088515133 1.505
-0.19137114 0.088515133 1.505
-0.18913172 0.088691577 1.508
-0.18651083 0.088691577 1.508
-0.18388996 0.088691577 1.508
-0.18126906 0.088691577 1.508
-0.17864817 0.088691577 1.508
-0.17602728 0.088691577 1.508
-0.17340639 0.088691577 1.508
-0.1707855 0.088691577 1.508
-0.16816461 0.088691577 1.508
-0.16554372 0.088691577 1.508
-0.16292283 0.088691577 1.508
-0.16030194 0.088691577 1.508
-0.15768105 0.088691577 1.508
-0.15506016 0.088691577 1.508
-0.15243927 0.088691577 1.508
-0.14952034 0.088515133 1.505
-0.14690466 0.088515133 1.505
-0.14428899 0.088515133 1.505
-0.1413909 0.088338695 1.502
-0.13878043 0.088338695 1.502
-0.13580735 0.088103436 1.498
-0.13320383 0.088103436 1.498
-0.13060032 0.088103436 1.498
-0.12799682 0.088103436 1.498
-0.1253933 0.088103436 1.498
-0.12278979 0.088103436 1.498
-0.12018628 0.088103436 1.498
-0.11758278 0.088103436 1.498
-0.11497927 0.088103436 1.498
-0.11237576 0.088103436 1.498
-0.10977224 0.088103436 1.498
-0.10695411 0.087926999 1.495
-0.10435581 0.087926999 1.495
-0.10175752 0.087926999 1.495
-0.099159226 0.087926999 1.495
-0.096560925 0.087926999 1.495
-0.093962632 0.087926999 1.495
-0.091364339 0.087926999 1.495
-0.088766038 0.087926999 1.495
-0.086340658 0.088103436 1.498
-0.08373715 0.088103436 1.498
-0.081133634 0.088103436 1.498
-0.078530125 0.088103436 1.498
-0.075926617 0.088103436 1.498
-0.073323108 0.088103436 1.498
-0.0707196 0.088103436 1.498
-0.068116091 0.088103436 1.498
-0.065512575 0.088103436 1.498
-0.062909067 0.088103436 1.498
-0.060305558 0.088103436 1.498
-0.05770205 0.088103436 1.498
-0.055098537 0.088103436 1.498
-0.052495029 0.088103436 1.498
-0.04989152 0.088103436 1.498
-0.047288008 0.088103436 1.498
-0.044595011 0.087926999 1.495
-0.041996714 0.087926999 1.495
-0.039477479 0.088103436 1.498
-0.03687397 0.088103436 1.498
-0.034270462 0.088103436 1.498
-0.031666949 0.088103436 1.498
-0.029063441 0.088103436 1.498
-0.02645993 0.088103436 1.498
-0.023856422 0.088103436 1.498
-0.021309661 0.088338695 1.502
-0.018699199 0.088338695 1.502
-0.016088737 0.088338695 1.502
-0.013478275 0.088338695 1.502
-0.010867815 0.088338695 1.502
-0.0082573527 0.088338695 1.502
-0.0056318524 0.088103436 1.498
-0.0030283427 0.088103436 1.498
-0.00042483292 0.088103436 1.498
0.0021786769 0.088103436 1.498
0.0047821868 0.088103436 1.498
0.0073856968 0.088103436 1.498
0.0099892067 0.088103436 1.498
0.012592716 0.088103436 1.498
0.015236803 0.088338695 1.502
0.017847264 0.088338695 1.502
0.020457726 0.088338695 1.502
0.023068188 0.088338695 1.502
0.02567865 0.088338695 1.502
0.028289111 0.088338695 1.502
0.030817285 0.088103436 1.498
0.033420794 0.088103436 1.498
0.036024306 0.088103436 1.498
0.038627815 0.088103436 1.498
0.041231323 0.088103436 1.498
0.043834835 0.088103436 1.498
0.046438344 0.088103436 1.498
0.049041852 0.088103436 1.498
0.051783267 0.088338695 1.502
0.054393727 0.088338695 1.502
0.057118047 0.088515133 1.505
0.059733722 0.088515133 1.505
0.062349398 0.088515133 1.505
0.064965077 0.088515133 1.505
0.067446038 0.088338695 1.502
0.070056498 0.088338695 1.502
0.072666958 0.088338695 1.502
0.075076953 0.088103436 1.498
0.077680461 0.088103436 1.498
0.08028397 0.088103436 1.498
0.082721487 0.087926999 1.495
0.08531978 0.087926999 1.495
0.087741651 0.087750554 1.492
0.090334728 0.087750554 1.492
0.092927814 0.087750554 1.492
0.095520899 0.087750554 1.492
0.098113976 0.087750554 1.492
0.10070706 0.087750554 1.492
0.10330014 0.087750554 1.492
0.10589322 0.087750554 1.492
0.10870444 0.087926999 1.495
0.11130274 0.087926999 1.495
0.11390103 0.087926999 1.495
0.11649933 0.087926999 1.495
0.11909763 0.087926999 1.495
0.12169592 0.087926999 1.495
0.1240448 0.087750554 1.492
0.12663788 0.087750554 1.492
0.12923096 0.087750554 1.492
0.13182405 0.087750554 1.492
0.13441712 0.087750554 1.492
0.1370102 0.087750554 1.492
0.13960329 0.087750554 1.492
0.14248228 0.087926999 1.495
0.14508058 0.087926999 1.495
0.14767888 0.087926999 1.495
0.15027718 0.087926999 1.495
0.15287547 0.087926999 1.495
0.15547377 0.087926999 1.495
0.15807207 0.087926999 1.495
0.16067035 0.087926999 1.495
0.16326866 0.087926999 1.495
0.16586696 0.087926999 1.495
0.16846524 0.087926999 1.495
0.17106354 0.087926999 1.495
0.17366184 0.087926999 1.495
0.17626013 0.087926999 1.495
0.17885843 0.087926999 1.495
0.18145673 0.087926999 1.495
0.18405502 0.087926999 1.495
0.18665332 0.087926999 1.495
0.18925162 0.087926999 1.495
0.1918499 0.087926999 1.495
0.194058 0.087750554 1.492
0.19665109 0.087750554 1.492
0.19924417 0.087750554 1.492
-0.19921817 0.091130808 1.505
-0.19660249 0.091130808 1.505
-0.19398682 0.091130808 1.505
-0.19137114 0.091130808 1.505
-0.18913172 0.091312468 1.508
-0.18651083 0.091312468 1.508
-0.18388996 0.091312468 1.508
-0.18126906 0.091312468 1.508
-0.17864817 0.091312468 1.508
-0.17602728 0.091312468 1.508
-0.17340639 0.091312468 1.508
-0.1707855 0.091312468 1.508
-0.16816461 0.091312468 1.508
-0.16554372 0.091312468 1.508
-0.16292283 0.091312468 1.508
-0.16030194 0.091312468 1.508
-0.15768105 0.091312468 1.508
-0.15506016 0.091312468 1.508
-0.15243927 0.091312468 1.508
-0.14952034 0.091130808 1.505
-0.14690466 0.091130808 1.505
-0.14428899 0.091130808 1.505
-0.1413909 0.090949155 1.502
-0.13878043 0.090949155 1.502
-0.13580735 0.090706952 1.498
-0.13320383 0.090706952 1.498
-0.13060032 0.090706952 1.498
-0.12799682 0.090706952 1.498
-0.1253933 0.090706952 1.498
-0.12311767 0.090949155 1.502
-0.1205072 0.090949155 1.502
-0.11789674 0.090949155 1.502
-0.11497927 0.090706952 1.498
-0.11237576 0.090706952 1.498
-0.10977224 0.090706952 1.498
-0.10695411 0.090525292 1.495
-0.10435581 0.090525292 1.495
-0.10175752 0.090525292 1.495
-0.099159226 0.090525292 1.495
-0.096560925 0.090525292 1.495
-0.093962632 0.090525292 1.495
-0.091364339 0.090525292 1.495
-0.088766038 0.090525292 1.495
-0.086340658 0.090706952 1.498
-0.08373715 0.090706952 1.498
-0.081133634 0.090706952 1.498
-0.078530125 0.090706952 1.498
-0.075926617 0.090706952 1.498
-0.073323108 0.090706952 1.498
-0.0707196 0.090706952 1.498
-0.068116091 0.090706952 1.498
-0.065512575 0.090706952 1.498
-0.062909067 0.090706952 1.498
-0.060305558 0.090706952 1.498
-0.05770205 0.090706952 1.498
-0.054988194 0.090525292 1.495
-0.052389897 0.090525292 1.495
-0.049791604 0.090525292 1.495
-0.047193307 0.090525292 1.495
-0.044595011 0.090525292 1.495
-0.041996714 0.090525292 1.495
-0.039398421 0.090525292 1.495
-0.036800124 0.090525292 1.495
-0.034270462 0.090706952 1.498
-0.031666949 0.090706952 1.498
-0.029063441 0.090706952 1.498
-0.02645993 0.090706952 1.498
-0.023920123 0.090949155 1.502
-0.021309661 0.090949155 1.502
-0.018699199 0.090949155 1.502
-0.016088737 0.090949155 1.502
-0.013478275 0.090949155 1.502
-0.010867815 0.090949155 1.502
-0.0082573527 0.090949155 1.502
-0.0056468905 0.090949155 1.502
-0.0030283427 0.090706952 1.498
-0.00042483292 0.090706952 1.498
0.0021786769 0.090706952 1.498
0.0047821868 0.090706952 1.498
0.0073856968 0.090706952 1.498
0.0099892067 0.090706952 1.498
0.012592716 0.090706952 1.498
0.015236803 0.090949155 1.502
0.017847264 0.090949155 1.502
0.020457726 0.090949155 1.502
0.023068188 0.090949155 1.502
0.02567865 0.090949155 1.502
0.028289111 0.090949155 1.502
0.030817285 0.090706952 1.498
0.033420794 0.090706952 1.498
0.036024306 0.090706952 1.498
0.038627815 0.090706952 1.498
0.041231323 0.090706952 1.498
0.043834835 0.090706952 1.498
0.046438344 0.090706952 1.498
0.049041852 0.090706952 1.498
0.051783267 0.090949155 1.502
0.054393727 0.090949155 1.502
0.057118047 0.091130808 1.505
0.059733722 0.091130808 1.505
0.062349398 0.091130808 1.505
0.064965077 0.091130808 1.505
0.067446038 0.090949155 1.502
0.070056498 0.090949155 1.502
0.072666958 0.090949155 1.502
0.075076953 0.090706952 1.498
0.077680461 0.090706952 1.498
0.08028397 0.090706952 1.498
0.082721487 0.090525292 1.495
0.08531978 0.090525292 1.495
0.087741651 0.090343632 1.492
0.090334728 0.090343632 1.492
0.092927814 0.090343632 1.492
0.095520899 0.090343632 1.492
0.098113976 0.090343632 1.492
0.10070706 0.090343632 1.492
0.10330014 0.090343632 1.492
0.10589322 0.090343632 1.492
0.1084863 0.090343632 1.492
0.11130274 0.090525292 1.495
0.11390103 0.090525292 1.495
0.11649933 0.090525292 1.495
0.11909763 0.090525292 1.495
0.12169592 0.090525292 1.495
0.1240448 0.090343632 1.492
0.12663788 0.090343632 1.492
0.12923096 0.090343632 1.492
0.13182405 0.090343632 1.492
0.13441712 0.090343632 1.492
0.1370102 0.090343632 1.492
0.13960329 0.090343632 1.492
0.14248228 0.090525292 1.495
0.14508058 0.090525292 1.495
0.14767888 0.090525292 1.495
0.15027718 0.090525292 1.495
0.15287547 0.090525292 1.495
0.15547377 0.090525292 1.495
0.15807207 0.090525292 1.495
0.16067035 0.090525292 1.495
0.16326866 0.090525292 1.495
0.16586696 0.090525292 1.495
0.16846524 0.090525292 1.495
0.17106354 0.090525292 1.495
0.17366184 0.090525292 1.495
0.17626013 0.090525292 1.495
0.17885843 0.090525292 1.495
0.18145673 0.090525292 1.495
0.18405502 0.090525292 1.495
0.18665332 0.090525292 1.495
0.18925162 0.090525292 1.495
0.19146492 0.090343632 1.492
0.194058 0.090343632 1.492
0.19665109 0.090343632 1.492
0.19924417 0.090343632 1.492
-0.19921817 0.093746483 1.505
-0.19660249 0.093746483 1.505
-0.19398682 0.093746483 1.505
-0.19137114 0.093746483 1.505
-0.18913172 0.093933359 1.508
-0.18651083 0.093933359 1.508
-0.18388996 0.093933359 1.508
-0.18126906 0.093933359 1.508
-0.17864817 0.093933359 1.508
-0.17602728 0.093933359 1.508
-0.17340639 0.093933359 1.508
-0.1707855 0.093933359 1.508
-0.16816461 0.093933359 1.508
-0.16554372 0.093933359 1.508
-0.16292283 0.093933359 1.508
-0.16030194 0.093933359 1.508
-0.15768105 0.093933359 1.508
-0.15506016 0.093933359 1.508
-0.15243927 0.093933359 1.508
-0.14952034 0.093746483 1.505
-0.14690466 0.093746483 1.505
-0.14428899 0.093746483 1.505
-0.1413909 0.093559615 1.502
-0.13841085 0.09331046 1.498
-0.13580735 0.09331046 1.498
-0.13320383 0.09331046 1.498
-0.13060032 0.09331046 1.498
-0.12799682 0.09331046 1.498
-0.1253933 0.09331046 1.498
-0.12311767 0.093559615 1.502
-0.1205072 0.093559615 1.502
-0.11789674 0.093559615 1.502
-0.11497927 0.09331046 1.498
-0.11237576 0.09331046 1.498
-0.10977224 0.09331046 1.498
-0.10695411 0.093123585 1.495
-0.10435581 0.093123585 1.495
-0.10175752 0.093123585 1.495
-0.099159226 0.093123585 1.495
-0.096560925 0.093123585 1.495
-0.093962632 0.093123585 1.495
-0.091364339 0.093123585 1.495
-0.088766038 0.093123585 1.495
-0.086340658 0.09331046 1.498
-0.08373715 0.09331046 1.498
-0.081133634 0.09331046 1.498
-0.078530125 0.09331046 1.498
-0.075926617 0.09331046 1.498
-0.073323108 0.09331046 1.498
-0.0707196 0.09331046 1.498
-0.068116091 0.09331046 1.498
-0.065381378 0.093123585 1.495
-0.062783085 0.093123585 1.495
-0.060184784 0.093123585 1.495
-0.057586491 0.093123585 1.495
-0.054988194 0.093123585 1.495
-0.052389897 0.093123585 1.495
-0.049791604 0.093123585 1.495
-0.047193307 0.093123585 1.495
-0.044595011 0.093123585 1.495
-0.041996714 0.093123585 1.495
-0.039398421 0.093123585 1.495
-0.036800124 0.093123585 1.495
-0.034270462 0.09331046 1.498
-0.031666949 0.09331046 1.498
-0.029063441 0.09331046 1.498
-0.02645993 0.09331046 1.498
-0.023920123 0.093559615 1.502
-0.021309661 0.093559615 1.502
-0.018699199 0.093559615 1.502
-0.016120872 0.093746483 1.505
-0.013505196 0.093746483 1.505
-0.010867815 0.093559615 1.502
-0.0082573527 0.093559615 1.502
-0.0056468905 0.093559615 1.502
-0.0030364289 0.093559615 1.502
-0.00042483292 0.09331046 1.498
0.0021786769 0.09331046 1.498
0.0047821868 0.09331046 1.498
0.0073856968 0.09331046 1.498
0.0099892067 0.09331046 1.498
0.012592716 0.09331046 1.498
0.015196226 0.09331046 1.498
0.017799735 0.09331046 1.498
0.020403245 0.09331046 1.498
0.023068188 0.093559615 1.502
0.02567865 0.093559615 1.502
0.028213775 0.09331046 1.498
0.030817285 0.09331046 1.498
0.033420794 0.09331046 1.498
0.036024306 0.09331046 1.498
0.038627815 0.09331046 1.498
0.041231323 0.09331046 1.498
0.043834835 0.09331046 1.498
0.046438344 0.09331046 1.498
0.049041852 0.09331046 1.498
0.051645365 0.09331046 1.498
0.054393727 0.093559615 1.502
0.057004191 0.093559615 1.502
0.059733722 0.093746483 1.505
0.062349398 0.093746483 1.505
0.064965077 0.093746483 1.505
0.067446038 0.093559615 1.502
0.070056498 0.093559615 1.502
0.072666958 0.093559615 1.502
0.075277425 0.093559615 1.502
0.077680461 0.09331046 1.498
0.08028397 0.09331046 1.498
0.082887478 0.09331046 1.498
0.08531978 0.093123585 1.495
0.087918073 0.093123585 1.495
0.090334728 0.092936717 1.492
0.092927814 0.092936717 1.492
0.095520899 0.092936717 1.492
0.098113976 0.092936717 1.492
0.10070706 0.092936717 1.492
0.10330014 0.092936717 1.492
0.10589322 0.092936717 1.492
0.1084863 0.092936717 1.492
0.11107939 0.092936717 1.492
0.11390103 0.093123585 1.495
0.11649933 0.093123585 1.495
0.11909763 0.093123585 1.495
0.12169592 0.093123585 1.495
0.1240448 0.092936717 1.492
0.12663788 0.092936717 1.492
0.12923096 0.092936717 1.492
0.13182405 0.092936717 1.492
0.13441712 0.092936717 1.492
0.1370102 0.092936717 1.492
0.13960329 0.092936717 1.492
0.14248228 0.093123585 1.495
0.14508058 0.093123585 1.495
0.14767888 0.093123585 1.495
0.15027718 0.093123585 1.495
0.15287547 0.093123585 1.495
0.15547377 0.093123585 1.495
0.15807207 0.093123585 1.495
0.16067035 0.093123585 1.495
0.16326866 0.093123585 1.495
0.16586696 0.093123585 1.495
0.16846524 0.093123585 1.495
0.17106354 0.093123585 1.495
0.17366184 0.093123585 1.495
0.17626013 0.093123585 1.495
0.17885843 0.093123585 1.495
0.18145673 0.093123585 1.495
0.18405502 0.093123585 1.495
0.18665332 0.093123585 1.495
0.18925162 0.093123585 1.495
0.19146492 0.092936717 1.492
0.194058 0.092936717 1.492
0.19665109 0.092936717 1.492
0.19924417 0.092936717 1.492
-0.19921817 0.096362166 1.505
-0.19660249 0.096362166 1.505
-0.19398682 0.096362166 1.505
-0.19137114 0.096362166 1.505
-0.18913172 0.09655425 1.508
-0.18651083 0.09655425 1.508
-0.18388996 0.09655425 1.508
-0.18126906 0.09655425 1.508
-0.17864817 0.09655425 1.508
-0.17602728 0.09655425 1.508
-0.17340639 0.09655425 1.508
-0.1707855 0.09655425 1.508
-0.16816461 0.09655425 1.508
-0.16554372 0.09655425 1.508
-0.16292283 0.09655425 1.508
-0.16030194 0.09655425 1.508
-0.15768105 0.09655425 1.508
-0.15506016 0.09655425 1.508
-0.15243927 0.09655425 1.508
-0.14952034 0.096362166 1.505
-0.14690466 0.096362166 1.505
-0.14428899 0.096362166 1.505
-0.1413909 0.096170075 1.502
-0.13841085 0.095913969 1.498
-0.13580735 0.095913969 1.498
-0.13320383 0.095913969 1.498
-0.13060032 0.095913969 1.498
-0.12799682 0.095913969 1.498
-0.1253933 0.095913969 1.498
-0.12311767 0.096170075 1.502
-0.1205072 0.096170075 1.502
-0.11789674 0.096170075 1.502
-0.11497927 0.095913969 1.498
-0.11237576 0.095913969 1.498
-0.10977224 0.095913969 1.498
-0.10716873 0.095913969 1.498
-0.10435581 0.095721886 1.495
-0.10175752 0.095721886 1.495
-0.099159226 0.095721886 1.495
-0.096560925 0.095721886 1.495
-0.093962632 0.095721886 1.495
-0.091364339 0.095721886 1.495
-0.088766038 0.095721886 1.495
-0.086340658 0.095913969 1.498
-0.08373715 0.095913969 1.498
-0.081133634 0.095913969 1.498
-0.078530125 0.095913969 1.498
-0.075926617 0.095913969 1.498
-0.073323108 0.095913969 1.498
-0.0707196 0.095913969 1.498
-0.067979671 0.095721886 1.495
-0.065381378 0.095721886 1.495
-0.062783085 0.095721886 1.495
-0.060184784 0.095721886 1.495
-0.057586491 0.095721886 1.495
-0.054988194 0.095721886 1.495
-0.052389897 0.095721886 1.495
-0.049791604 0.095721886 1.495
-0.047193307 0.095721886 1.495
-0.044595011 0.095721886 1.495
-0.041996714 0.095721886 1.495
-0.039398421 0.095721886 1.495
-0.036800124 0.095721886 1.495
-0.034270462 0.095913969 1.498
-0.031666949 0.095913969 1.498
-0.029063441 0.095913969 1.498
-0.02645993 0.095913969 1.498
-0.023920123 0.096170075 1.502
-0.021309661 0.096170075 1.502
-0.018699199 0.096170075 1.502
-0.016120872 0.096362166 1.505
-0.013505196 0.096362166 1.505
-0.010889521 0.096362166 1.505
-0.0082573527 0.096170075 1.502
-0.0056468905 0.096170075 1.502
-0.0030364289 0.096170075 1.502
-0.00042483292 0.095913969 1.498
0.0021786769 0.095913969 1.498
0.0047821868 0.095913969 1.498
0.0073856968 0.095913969 1.498
0.0099892067 0.095913969 1.498
0.012592716 0.095913969 1.498
0.015196226 0.095913969 1.498
0.017799735 0.095913969 1.498
0.020403245 0.095913969 1.498
0.023006756 0.095913969 1.498
0.025610264 0.095913969 1.498
0.028213775 0.095913969 1.498
0.030817285 0.095913969 1.498
0.033420794 0.095913969 1.498
0.036024306 0.095913969 1.498
0.038627815 0.095913969 1.498
0.041231323 0.095913969 1.498
0.043834835 0.095913969 1.498
0.046438344 0.095913969 1.498
0.049041852 0.095913969 1.498
0.051645365 0.095913969 1.498
0.054393727 0.096170075 1.502
0.057004191 0.096170075 1.502
0.059614651 0.096170075 1.502
0.062225115 0.096170075 1.502
0.064835578 0.096170075 1.502
0.067446038 0.096170075 1.502
0.070056498 0.096170075 1.502
0.072666958 0.096170075 1.502
0.075277425 0.096170075 1.502
0.077680461 0.095913969 1.498
0.08028397 0.095913969 1.498
0.082887478 0.095913969 1.498
0.08531978 0.095721886 1.495
0.087918073 0.095721886 1.495
0.090516374 0.095721886 1.495
0.092927814 0.095529795 1.492
0.095520899 0.095529795 1.492
0.098113976 0.095529795 1.492
0.10070706 0.095529795 1.492
0.10330014 0.095529795 1.492
0.10589322 0.095529795 1.492
0.1084863 0.095529795 1.492
0.11107939 0.095529795 1.492
0.11390103 0.095721886 1.495
0.11649933 0.095721886 1.495
0.11909763 0.095721886 1.495
0.12169592 0.095721886 1.495
0.1240448 0.095529795 1.492
0.12663788 0.095529795 1.492
0.12923096 0.095529795 1.492
0.13182405 0.095529795 1.492
0.13441712 0.095529795 1.492
0.1370102 0.095529795 1.492
0.139884 0.095721886 1.495
0.14248228 0.095721886 1.495
0.14508058 0.095721886 1.495
0.14767888 0.095721886 1.495
0.15027718 0.095721886 1.495
0.15287547 0.095721886 1.495
0.15547377 0.095721886 1.495
0.15807207 0.095721886 1.495
0.16067035 0.095721886 1.495
0.16326866 0.095721886 1.495
0.16586696 0.095721886 1.495
0.16846524 0.095721886 1.495
0.17106354 0.095721886 1.495
0.17366184 0.095721886 1.495
0.17626013 0.095721886 1.495
0.17885843 0.095721886 1.495
0.18145673 0.095721886 1.495
0.18405502 0.095721886 1.495
0.18665332 0.095721886 1.495
0.18925162 0.095721886 1.495
0.19146492 0.095529795 1.492
0.194058 0.095529795 1.492
0.19665109 0.095529795 1.492
0.19924417 0.095529795 1.492
-0.19882105 0.098780535 1.502
-0.19660249 0.098977841 1.505
-0.19398682 0.098977841 1.505
-0.19137114 0.098977841 1.505
-0.18875547 0.098977841 1.505
-0.18613979 0.098977841 1.505
-0.18388996 0.09917514 1.508
-0.18126906 0.09917514 1.508
-0.17864817 0.09917514 1.508
-0.17602728 0.09917514 1.508
-0.17340639 0.09917514 1.508
-0.1707855 0.09917514 1.508
-0.16816461 0.09917514 1.508
-0.16554372 0.09917514 1.508
-0.16292283 0.09917514 1.508
-0.16030194 0.09917514 1.508
-0.15768105 0.09917514 1.508
-0.15506016 0.09917514 1.508
-0.15213601 0.098977841 1.505
-0.14952034 0.098977841 1.505
-0.14690466 0.098977841 1.505
-0.14400136 0.098780535 1.502
-0.1413909 0.098780535 1.502
-0.13841085 0.098517478 1.498
-0.13580735 0.098517478 1.498
-0.13320383 0.098517478 1.498
-0.13060032 0.098517478 1.498
-0.12799682 0.098517478 1.498
-0.1253933 0.098517478 1.498
-0.12311767 0.098780535 1.502
-0.1205072 0.098780535 1.502
-0.11789674 0.098780535 1.502
-0.11497927 0.098517478 1.498
-0.11237576 0.098517478 1.498
-0.10977224 0.098517478 1.498
-0.10716873 0.098517478 1.498
-0.10456523 0.098517478 1.498
-0.10196172 0.098517478 1.498
-0.099358208 0.098517478 1.498
-0.096560925 0.098320179 1.495
-0.093962632 0.098320179 1.495
-0.091364339 0.098320179 1.495
-0.088766038 0.098320179 1.495
-0.086340658 0.098517478 1.498
-0.08373715 0.098517478 1.498
-0.081133634 0.098517478 1.498
-0.078530125 0.098517478 1.498
-0.075926617 0.098517478 1.498
-0.073323108 0.098517478 1.498
-0.0707196 0.098517478 1.498
-0.067979671 0.098320179 1.495
-0.065381378 0.098320179 1.495
-0.062783085 0.098320179 1.495
-0.060184784 0.098320179 1.495
-0.057586491 0.098320179 1.495
-0.054988194 0.098320179 1.495
-0.052389897 0.098320179 1.495
-0.049791604 0.098320179 1.495
-0.047193307 0.098320179 1.495
-0.044595011 0.098320179 1.495
-0.041996714 0.098320179 1.495
-0.039398421 0.098320179 1.495
-0.036800124 0.098320179 1.495
-0.034270462 0.098517478 1.498
-0.031666949 0.098517478 1.498
-0.029063441 0.098517478 1.498
-0.02645993 0.098517478 1.498
-0.023920123 0.098780535 1.502
-0.021309661 0.098780535 1.502
-0.018699199 0.098780535 1.502
-0.016120872 0.098977841 1.505
-0.013505196 0.098977841 1.505
-0.010867815 0.098780535 1.502
-0.0082573527 0.098780535 1.502
-0.0056468905 0.098780535 1.502
-0.0030283427 0.098517478 1.498
-0.00042483292 0.098517478 1.498
0.0021786769 0.098517478 1.498
0.0047821868 0.098517478 1.498
0.0073856968 0.098517478 1.498
0.0099892067 0.098517478 1.498
0.012592716 0.098517478 1.498
0.015196226 0.098517478 1.498
0.017799735 0.098517478 1.498
0.020403245 0.098517478 1.498
0.023006756 0.098517478 1.498
0.025610264 0.098517478 1.498
0.028213775 0.098517478 1.498
0.030817285 0.098517478 1.498
0.033420794 0.098517478 1.498
0.035952158 0.098320179 1.495
0.038550455 0.098320179 1.495
0.041231323 0.098517478 1.498
0.043834835 0.098517478 1.498
0.046438344 0.098517478 1.498
0.049041852 0.098517478 1.498
0.051645365 0.098517478 1.498
0.054248873 0.098517478 1.498
0.056852382 0.098517478 1.498
0.059614651 0.098780535 1.502
0.062225115 0.098780535 1.502
0.064835578 0.098780535 1.502
0.067446038 0.098780535 1.502
0.070056498 0.098780535 1.502
0.072666958 0.098780535 1.502
0.075277425 0.098780535 1.502
0.077887885 0.098780535 1.502
0.08028397 0.098517478 1.498
0.082887478 0.098517478 1.498
0.085490994 0.098517478 1.498
0.087918073 0.098320179 1.495
0.090516374 0.098320179 1.495
0.093114667 0.098320179 1.495
0.095520899 0.09812288 1.492
0.098113976 0.09812288 1.492
0.10070706 0.09812288 1.492
0.10330014 0.09812288 1.492
0.10589322 0.09812288 1.492
0.1084863 0.09812288 1.492
0.11130274 0.098320179 1.495
0.11390103 0.098320179 1.495
0.11649933 0.098320179 1.495
0.11909763 0.098320179 1.495
0.12169592 0.098320179 1.495
0.12429421 0.098320179 1.495
0.12689251 0.098320179 1.495
0.12949081 0.098320179 1.495
0.13208911 0.098320179 1.495
0.13468739 0.098320179 1.495
0.13728569 0.098320179 1.495
0.139884 0.098320179 1.495
0.14248228 0.098320179 1.495
0.14508058 0.098320179 1.495
0.14767888 0.098320179 1.495
0.15027718 0.098320179 1.495
0.15287547 0.098320179 1.495
0.15547377 0.098320179 1.495
0.15807207 0.098320179 1.495
0.16067035 0.098320179 1.495
0.16326866 0.098320179 1.495
0.16586696 0.098320179 1.495
0.16846524 0.098320179 1.495
0.17106354 0.098320179 1.495
0.17366184 0.098320179 1.495
0.17626013 0.098320179 1.495
0.17849952 0.09812288 1.492
0.18145673 0.098320179 1.495
0.18405502 0.098320179 1.495
0.18665332 0.098320179 1.495
0.18887185 0.09812288 1.492
0.19146492 0.09812288 1.492
0.194058 0.09812288 1.492
0.19665109 0.09812288 1.492
0.19924417 0.09812288 1.492
-0.19882105 0.101391 1.502
-0.19660249 0.10159352 1.505
-0.19398682 0.10159352 1.505
-0.19137114 0.10159352 1.505
-0.18875547 0.10159352 1.505
-0.18613979 0.10159352 1.505
-0.18352412 0.10159352 1.505
-0.18126906 0.10179603 1.508
-0.17864817 0.10179603 1.508
-0.17602728 0.10179603 1.508
-0.17340639 0.10179603 1.508
-0.1707855 0.10179603 1.508
-0.16816461 0.10179603 1.508
-0.16554372 0.10179603 1.508
-0.16292283 0.10179603 1.508
-0.16030194 0.10179603 1.508
-0.15768105 0.10179603 1.508
-0.15475169 0.10159352 1.505
-0.15213601 0.10159352 1.505
-0.14952034 0.10159352 1.505
-0.14661182 0.101391 1.502
-0.14400136 0.101391 1.502
-0.1413909 0.101391 1.502
-0.13841085 0.10112099 1.498
-0.13580735 0.10112099 1.498
-0.13320383 0.10112099 1.498
-0.13060032 0.10112099 1.498
-0.12799682 0.10112099 1.498
-0.1253933 0.10112099 1.498
-0.12311767 0.101391 1.502
-0.1205072 0.101391 1.502
-0.11789674 0.101391 1.502
-0.11497927 0.10112099 1.498
-0.11237576 0.10112099 1.498
-0.10977224 0.10112099 1.498
-0.10716873 0.10112099 1.498
-0.10456523 0.10112099 1.498
-0.10196172 0.10112099 1.498
-0.099358208 0.10112099 1.498
-0.0967547 0.10112099 1.498
-0.094151184 0.10112099 1.498
-0.091547675 0.10112099 1.498
-0.088944167 0.10112099 1.498
-0.086340658 0.10112099 1.498
-0.08373715 0.10112099 1.498
-0.081133634 0.10112099 1.498
-0.078530125 0.10112099 1.498
-0.075926617 0.10112099 1.498
-0.073323108 0.10112099 1.498
-0.0707196 0.10112099 1.498
-0.067979671 0.10091847 1.495
-0.065381378 0.10091847 1.495
-0.062783085 0.10091847 1.495
-0.060184784 0.10091847 1.495
-0.057586491 0.10091847 1.495
-0.054988194 0.10091847 1.495
-0.052389897 0.10091847 1.495
-0.049791604 0.10091847 1.495
-0.047193307 0.10091847 1.495
-0.044595011 0.10091847 1.495
-0.041996714 0.10091847 1.495
-0.039398421 0.10091847 1.495
-0.036800124 0.10091847 1.495
-0.034270462 0.10112099 1.498
-0.031666949 0.10112099 1.498
-0.029063441 0.10112099 1.498
-0.02645993 0.10112099 1.498
-0.023920123 0.101391 1.502
-0.021309661 0.101391 1.502
-0.018699199 0.101391 1.502
-0.016088737 0.101391 1.502
-0.013478275 0.101391 1.502
-0.010867815 0.101391 1.502
-0.0082573527 0.101391 1.502
-0.0056468905 0.101391 1.502
-0.0030283427 0.10112099 1.498
-0.00042483292 0.10112099 1.498
0.0021786769 0.10112099 1.498
0.0047821868 0.10112099 1.498
0.0073856968 0.10112099 1.498
0.0099892067 0.10112099 1.498
0.012592716 0.10112099 1.498
0.015196226 0.10112099 1.498
0.017799735 0.10112099 1.498
0.020403245 0.10112099 1.498
0.023006756 0.10112099 1.498
0.025610264 0.10112099 1.498
0.028213775 0.10112099 1.498
0.030817285 0.10112099 1.498
0.033420794 0.10112099 1.498
0.035952158 0.10091847 1.495
0.038550455 0.10091847 1.495
0.041231323 0.10112099 1.498
0.043834835 0.10112099 1.498
0.046438344 0.10112099 1.498
0.049041852 0.10112099 1.498
0.051645365 0.10112099 1.498
0.054248873 0.10112099 1.498
0.056852382 0.10112099 1.498
0.059455894 0.10112099 1.498
0.062225115 0.101391 1.502
0.064835578 0.101391 1.502
0.067446038 0.101391 1.502
0.070056498 0.101391 1.502
0.072666958 0.101391 1.502
0.075277425 0.101391 1.502
0.077680461 0.10112099 1.498
0.08028397 0.10112099 1.498
0.082887478 0.10112099 1.498
0.085490994 0.10112099 1.498
0.088094503 0.10112099 1.498
0.090516374 0.10091847 1.495
0.093114667 0.10091847 1.495
0.09571296 0.10091847 1.495
0.09831126 0.10091847 1.495
0.10070706 0.10071596 1.492
0.10330014 0.10071596 1.492
0.10589322 0.10071596 1.492
0.10870444 0.10091847 1.495
0.11130274 0.10091847 1.495
0.11390103 0.10091847 1.495
0.11649933 0.10091847 1.495
0.11909763 0.10091847 1.495
0.12169592 0.10091847 1.495
0.12429421 0.10091847 1.495
0.12689251 0.10091847 1.495
0.12949081 0.10091847 1.495
0.13208911 0.10091847 1.495
0.13468739 0.10091847 1.495
0.13728569 0.10091847 1.495
0.139884 0.10091847 1.495
0.14248228 0.10091847 1.495
0.14508058 0.10091847 1.495
0.14767888 0.10091847 1.495
0.15027718 0.10091847 1.495
0.15287547 0.10091847 1.495
0.15547377 0.10091847 1.495
0.15807207 0.10091847 1.495
0.16067035 0.10091847 1.495
0.16326866 0.10091847 1.495
0.16586696 0.10091847 1.495
0.16846524 0.10091847 1.495
0.17106354 0.10091847 1.495
0.17331335 0.10071596 1.492
0.17590643 0.10071596 1.492
0.17849952 0.10071596 1.492
0.18109259 0.10071596 1.492
0.18405502 0.10091847 1.495
0.18627876 0.10071596 1.492
0.18887185 0.10071596 1.492
0.19146492 0.10071596 1.492
0.194058 0.10071596 1.492
0.19665109 0.10071596 1.492
0.19924417 0.10071596 1.492
-0.19882105 0.10400146 1.502
-0.19660249 0.10420919 1.505
-0.19398682 0.10420919 1.505
-0.19137114 0.10420919 1.505
-0.18875547 0.10420919 1.505
-0.18613979 0.10420919 1.505
-0.18352412 0.10420919 1.505
-0.18090844 0.10420919 1.505
-0.17829277 0.10420919 1.505
-0.17567709 0.10420919 1.505
-0.17340639 0.10441691 1.508
-0.1707855 0.10441691 1.508
-0.16816461 0.10441691 1.508
-0.16554372 0.10441691 1.508
-0.16292283 0.10441691 1.508
-0.16030194 0.10441691 1.508
-0.15736736 0.10420919 1.505
-0.15475169 0.10420919 1.505
-0.15213601 0.10420919 1.505
-0.14922228 0.10400146 1.502
-0.14661182 0.10400146 1.502
-0.14400136 0.10400146 1.502
-0.1413909 0.10400146 1.502
-0.13841085 0.10372449 1.498
-0.13580735 0.10372449 1.498
-0.13320383 0.10372449 1.498
-0.13060032 0.10372449 1.498
-0.12799682 0.10372449 1.498
-0.1253933 0.10372449 1.498
-0.12311767 0.10400146 1.502
-0.1205072 0.10400146 1.502
-0.11789674 0.10400146 1.502
-0.11497927 0.10372449 1.498
-0.11237576 0.10372449 1.498
-0.10977224 0.10372449 1.498
-0.10716873 0.10372449 1.498
-0.10456523 0.10372449 1.498
-0.10196172 0.10372449 1.498
-0.099358208 0.10372449 1.498
-0.0967547 0.10372449 1.498
-0.094151184 0.10372449 1.498
-0.091547675 0.10372449 1.498
-0.088944167 0.10372449 1.498
-0.086340658 0.10372449 1.498
-0.08373715 0.10372449 1.498
-0.081133634 0.10372449 1.498
-0.078530125 0.10372449 1.498
-0.075926617 0.10372449 1.498
-0.073323108 0.10372449 1.498
-0.0707196 0.10372449 1.498
-0.067979671 0.10351677 1.495
-0.065381378 0.10351677 1.495
-0.062783085 0.10351677 1.495
-0.060184784 0.10351677 1.495
-0.057586491 0.10351677 1.495
-0.054988194 0.10351677 1.495
-0.052389897 0.10351677 1.495
-0.049791604 0.10351677 1.495
-0.047193307 0.10351677 1.495
-0.044595011 0.10351677 1.495
-0.041996714 0.10351677 1.495
-0.039398421 0.10351677 1.495
-0.03687397 0.10372449 1.498
-0.034270462 0.10372449 1.498
-0.031666949 0.10372449 1.498
-0.029063441 0.10372449 1.498
-0.02645993 0.10372449 1.498
-0.023920123 0.10400146 1.502
-0.021309661 0.10400146 1.502
-0.018699199 0.10400146 1.502
-0.016088737 0.10400146 1.502
-0.013478275 0.10400146 1.502
-0.010867815 0.10400146 1.502
-0.0082353624 0.10372449 1.498
-0.0056318524 0.10372449 1.498
-0.0030283427 0.10372449 1.498
-0.00042483292 0.10372449 1.498
0.0021786769 0.10372449 1.498
0.0047821868 0.10372449 1.498
0.0073856968 0.10372449 1.498
0.0099892067 0.10372449 1.498
0.012592716 0.10372449 1.498
0.015196226 0.10372449 1.498
0.017799735 0.10372449 1.498
0.020403245 0.10372449 1.498
0.023006756 0.10372449 1.498
0.025610264 0.10372449 1.498
0.028213775 0.10372449 1.498
0.030755568 0.10351677 1.495
0.033353865 0.10351677 1.495
0.035952158 0.10351677 1.495
0.038550455 0.10351677 1.495
0.041231323 0.10372449 1.498
0.043834835 0.10372449 1.498
0.046438344 0.10372449 1.498
0.049041852 0.10372449 1.498
0.051645365 0.10372449 1.498
0.054248873 0.10372449 1.498
0.056852382 0.10372449 1.498
0.059455894 0.10372449 1.498
0.062059402 0.10372449 1.498
0.064662911 0.10372449 1.498
0.06726642 0.10372449 1.498
0.070056498 0.10400146 1.502
0.072666958 0.10400146 1.502
0.075076953 0.10372449 1.498
0.077680461 0.10372449 1.498
0.08028397 0.10372449 1.498
0.082887478 0.10372449 1.498
0.085490994 0.10372449 1.498
0.088094503 0.10372449 1.498
0.090698011 0.10372449 1.498
0.09330152 0.10372449 1.498
0.09571296 0.10351677 1.495
0.09831126 0.10351677 1.495
0.10090955 0.10351677 1.495
0.10350785 0.10351677 1.495
0.10610615 0.10351677 1.495
0.10870444 0.10351677 1.495
0.11130274 0.10351677 1.495
0.11390103 0.10351677 1.495
0.11649933 0.10351677 1.495
0.11909763 0.10351677 1.495
0.12169592 0.10351677 1.495
0.12429421 0.10351677 1.495
0.12689251 0.10351677 1.495
0.12949081 0.10351677 1.495
0.13208911 0.10351677 1.495
0.13468739 0.10351677 1.495
0.13728569 0.10351677 1.495
0.139884 0.10351677 1.495
0.14248228 0.10351677 1.495
0.14508058 0.10351677 1.495
0.14767888 0.10351677 1.495
0.15027718 0.10351677 1.495
0.15287547 0.10351677 1.495
0.15547377 0.10351677 1.495
0.15807207 0.10351677 1.495
0.16067035 0.10351677 1.495
0.16326866 0.10351677 1.495
0.16586696 0.10351677 1.495
0.16846524 0.10351677 1.495
0.17072026 0.10330904 1.492
0.17331335 0.10330904 1.492
0.17590643 0.10330904 1.492
0.17849952 0.10330904 1.492
0.18109259 0.10330904 1.492
0.18368568 0.10330904 1.492
0.18627876 0.10330904 1.492
0.18887185 0.10330904 1.492
0.19146492 0.10330904 1.492
0.194058 0.10330904 1.492
0.19665109 0.10330904 1.492
0.19924417 0.10330904 1.492
-0.19882105 0.10661192 1.502
-0.19660249 0.10682487 1.505
-0.19398682 0.10682487 1.505
-0.19137114 0.10682487 1.505
-0.18875547 0.10682487 1.505
-0.18613979 0.10682487 1.505
-0.18352412 0.10682487 1.505
-0.18090844 0.10682487 1.505
-0.17829277 0.10682487 1.505
-0.17567709 0.10682487 1.505
-0.17306142 0.10682487 1.505
-0.17044574 0.10682487 1.505
-0.16783006 0.10682487 1.505
-0.16521439 0.10682487 1.505
-0.16259871 0.10682487 1.505
-0.15998304 0.10682487 1.505
-0.15736736 0.10682487 1.505
-0.15475169 0.10682487 1.505
-0.15183274 0.10661192 1.502
-0.14922228 0.10661192 1.502
-0.14661182 0.10661192 1.502
-0.14400136 0.10661192 1.502
-0.1413909 0.10661192 1.502
-0.13841085 0.10632801 1.498
-0.13580735 0.10632801 1.498
-0.13320383 0.10632801 1.498
-0.13060032 0.10632801 1.498
-0.12799682 0.10632801 1.498
-0.1253933 0.10632801 1.498
-0.12311767 0.10661192 1.502
-0.1205072 0.10661192 1.502
-0.11789674 0.10661192 1.502
-0.11497927 0.10632801 1.498
-0.11237576 0.10632801 1.498
-0.10977224 0.10632801 1.498
-0.10716873 0.10632801 1.498
-0.10456523 0.10632801 1.498
-0.10196172 0.10632801 1.498
-0.099358208 0.10632801 1.498
-0.0967547 0.10632801 1.498
-0.094151184 0.10632801 1.498
-0.091547675 0.10632801 1.498
-0.088944167 0.10632801 1.498
-0.086340658 0.10632801 1.498
-0.08373715 0.10632801 1.498
-0.081133634 0.10632801 1.498
-0.078530125 0.10632801 1.498
-0.075926617 0.10632801 1.498
-0.073323108 0.10632801 1.498
-0.0707196 0.10632801 1.498
-0.068116091 0.10632801 1.498
-0.065381378 0.10611507 1.495
-0.062783085 0.10611507 1.495
-0.060184784 0.10611507 1.495
-0.057586491 0.10611507 1.495
-0.054988194 0.10611507 1.495
-0.052389897 0.10611507 1.495
-0.049791604 0.10611507 1.495
-0.047193307 0.10611507 1.495
-0.044595011 0.10611507 1.495
-0.041996714 0.10611507 1.495
-0.039398421 0.10611507 1.495
-0.03687397 0.10632801 1.498
-0.034270462 0.10632801 1.498
-0.031666949 0.10632801 1.498
-0.029063441 0.10632801 1.498
-0.026530584 0.10661192 1.502
-0.023920123 0.10661192 1.502
-0.021309661 0.10661192 1.502
-0.018699199 0.10661192 1.502
-0.016088737 0.10661192 1.502
-0.013478275 0.10661192 1.502
-0.010867815 0.10661192 1.502
-0.0082353624 0.10632801 1.498
-0.0056318524 0.10632801 1.498
-0.0030283427 0.10632801 1.498
-0.00042483292 0.10632801 1.498
0.0021786769 0.10632801 1.498
0.0047821868 0.10632801 1.498
0.0073856968 0.10632801 1.498
0.0099892067 0.10632801 1.498
0.012592716 0.10632801 1.498
0.015196226 0.10632801 1.498
0.017799735 0.10632801 1.498
0.020403245 0.10632801 1.498
0.023006756 0.10632801 1.498
0.025610264 0.10632801 1.498
0.028157271 0.10611507 1.495
0.030755568 0.10611507 1.495
0.033353865 0.10611507 1.495
0.035952158 0.10611507 1.495
0.038550455 0.10611507 1.495
0.041148752 0.10611507 1.495
0.043747045 0.10611507 1.495
0.046438344 0.10632801 1.498
0.049041852 0.10632801 1.498
0.051645365 0.10632801 1.498
0.054140229 0.10611507 1.495
0.056852382 0.10632801 1.498
0.059455894 0.10632801 1.498
0.061935116 0.10611507 1.495
0.064662911 0.10632801 1.498
0.06726642 0.10632801 1.498
0.069869936 0.10632801 1.498
0.072473444 0.10632801 1.498
0.075076953 0.10632801 1.498
0.077680461 0.10632801 1.498
0.08028397 0.10632801 1.498
0.082887478 0.10632801 1.498
0.085490994 0.10632801 1.498
0.088094503 0.10632801 1.498
0.090698011 0.10632801 1.498
0.09330152 0.10632801 1.498
0.095905028 0.10632801 1.498
0.09831126 0.10611507 1.495
0.10090955 0.10611507 1.495
0.10350785 0.10611507 1.495
0.10610615 0.10611507 1.495
0.10870444 0.10611507 1.495
0.11130274 0.10611507 1.495
0.11390103 0.10611507 1.495
0.11649933 0.10611507 1.495
0.11909763 0.10611507 1.495
0.12169592 0.10611507 1.495
0.12429421 0.10611507 1.495
0.12689251 0.10611507 1.495
0.12949081 0.10611507 1.495
0.13208911 0.10611507 1.495
0.13468739 0.10611507 1.495
0.13728569 0.10611507 1.495
0.139884 0.10611507 1.495
0.14248228 0.10611507 1.495
0.14508058 0.10611507 1.495
0.14767888 0.10611507 1.495
0.15027718 0.10611507 1.495
0.15287547 0.10611507 1.495
0.15547377 0.10611507 1.495
0.15807207 0.10611507 1.495
0.16067035 0.10611507 1.495
0.16326866 0.10611507 1.495
0.16586696 0.10611507 1.495
0.16812718 0.10590213 1.492
0.17072026 0.10590213 1.492
0.17331335 0.10590213 1.492
0.17590643 0.10590213 1.492
0.17849952 0.10590213 1.492
0.18109259 0.10590213 1.492
0.18368568 0.10590213 1.492
0.18627876 0.10590213 1.492
0.18887185 0.10590213 1.492
0.19146492 0.10590213 1.492
0.194058 0.10590213 1.492
0.19665109 0.10590213 1.492
0.19924417 0.10590213 1.492
-0.19882105 0.10922238 1.502
-0.19660249 0.10944054 1.505
-0.19398682 0.10944054 1.505
-0.19137114 0.10944054 1.505
-0.18875547 0.10944054 1.505
-0.18613979 0.10944054 1.505
-0.18352412 0.10944054 1.505
-0.18090844 0.10944054 1.505
-0.17829277 0.10944054 1.505
-0.17567709 0.10944054 1.505
-0.17306142 0.10944054 1.505
-0.17044574 0.10944054 1.505
-0.16783006 0.10944054 1.505
-0.16521439 0.10944054 1.505
-0.16259871 0.10944054 1.505
-0.15998304 0.10944054 1.505
-0.15736736 0.10944054 1.505
-0.1544432 0.10922238 1.502
-0.15183274 0.10922238 1.502
-0.14922228 0.10922238 1.502
-0.14661182 0.10922238 1.502
-0.14400136 0.10922238 1.502
-0.1413909 0.10922238 1.502
-0.13841085 0.10893152 1.498
-0.13580735 0.10893152 1.498
-0.13320383 0.10893152 1.498
-0.13060032 0.10893152 1.498
-0.12799682 0.10893152 1.498
-0.1253933 0.10893152 1.498
-0.12278979 0.10893152 1.498
-0.12018628 0.10893152 1.498
-0.11758278 0.10893152 1.498
-0.11497927 0.10893152 1.498
-0.11237576 0.10893152 1.498
-0.10977224 0.10893152 1.498
-0.10716873 0.10893152 1.498
-0.10456523 0.10893152 1.498
-0.10196172 0.10893152 1.498
-0.099358208 0.10893152 1.498
-0.0967547 0.10893152 1.498
-0.094151184 0.10893152 1.498
-0.091547675 0.10893152 1.498
-0.088944167 0.10893152 1.498
-0.086340658 0.10893152 1.498
-0.08373715 0.10893152 1.498
-0.081133634 0.10893152 1.498
-0.078530125 0.10893152 1.498
-0.075926617 0.10893152 1.498
-0.073323108 0.10893152 1.498
-0.0707196 0.10893152 1.498
-0.068116091 0.10893152 1.498
-0.065512575 0.10893152 1.498
-0.062783085 0.10871336 1.495
-0.060184784 0.10871336 1.495
-0.057586491 0.10871336 1.495
-0.054988194 0.10871336 1.495
-0.052389897 0.10871336 1.495
-0.049791604 0.10871336 1.495
-0.047193307 0.10871336 1.495
-0.044595011 0.10871336 1.495
-0.041996714 0.10871336 1.495
-0.039398421 0.10871336 1.495
-0.03687397 0.10893152 1.498
-0.034270462 0.10893152 1.498
-0.031666949 0.10893152 1.498
-0.029063441 0.10893152 1.498
-0.026530584 0.10922238 1.502
-0.023920123 0.10922238 1.502
-0.021309661 0.10922238 1.502
-0.018699199 0.10922238 1.502
-0.016088737 0.10922238 1.502
-0.013478275 0.10922238 1.502
-0.010867815 0.10922238 1.502
-0.0082573527 0.10922238 1.502
-0.0056318524 0.10893152 1.498
-0.0030283427 0.10893152 1.498
-0.00042483292 0.10893152 1.498
0.0021786769 0.10893152 1.498
0.0047821868 0.10893152 1.498
0.0073856968 0.10893152 1.498
0.0099892067 0.10893152 1.498
0.012592716 0.10893152 1.498
0.015196226 0.10893152 1.498
0.017799735 0.10893152 1.498
0.020403245 0.10893152 1.498
0.023006756 0.10893152 1.498
0.025610264 0.10893152 1.498
0.028157271 0.10871336 1.495
0.030755568 0.10871336 1.495
0.033353865 0.10871336 1.495
0.035952158 0.10871336 1.495
0.038550455 0.10871336 1.495
0.041148752 0.10871336 1.495
0.043747045 0.10871336 1.495
0.046345342 0.10871336 1.495
0.049041852 0.10893152 1.498
0.051541936 0.10871336 1.495
0.054140229 0.10871336 1.495
0.056738526 0.10871336 1.495
0.059336822 0.10871336 1.495
0.061935116 0.10871336 1.495
0.064533412 0.10871336 1.495
0.067131706 0.10871336 1.495
0.069869936 0.10893152 1.498
0.072473444 0.10893152 1.498
0.075076953 0.10893152 1.498
0.077680461 0.10893152 1.498
0.08028397 0.10893152 1.498
0.082887478 0.10893152 1.498
0.085490994 0.10893152 1.498
0.088094503 0.10893152 1.498
0.090698011 0.10893152 1.498
0.09330152 0.10893152 1.498
0.095905028 0.10893152 1.498
0.098508537 0.10893152 1.498
0.10090955 0.10871336 1.495
0.10350785 0.10871336 1.495
0.10610615 0.10871336 1.495
0.10870444 0.10871336 1.495
0.11130274 0.10871336 1.495
0.11390103 0.10871336 1.495
0.11649933 0.10871336 1.495
0.11909763 0.10871336 1.495
0.12169592 0.10871336 1.495
0.12429421 0.10871336 1.495
0.12689251 0.10871336 1.495
0.12949081 0.10871336 1.495
0.13208911 0.10871336 1.495
0.13468739 0.10871336 1.495
0.13728569 0.10871336 1.495
0.139884 0.10871336 1.495
0.14248228 0.10871336 1.495
0.14508058 0.10871336 1.495
0.14767888 0.10871336 1.495
0.15027718 0.10871336 1.495
0.15287547 0.10871336 1.495
0.15547377 0.10871336 1.495
0.15807207 0.10871336 1.495
0.16067035 0.10871336 1.495
0.16326866 0.10871336 1.495
0.16553411 0.10849521 1.492
0.16812718 0.10849521 1.492
0.17072026 0.10849521 1.492
0.17331335 0.10849521 1.492
0.17590643 0.10849521 1.492
0.17849952 0.10849521 1.492
0.18109259 0.10849521 1.492
0.18368568 0.10849521 1.492
0.18627876 0.10849521 1.492
0.18887185 0.10849521 1.492
0.19146492 0.10849521 1.492
0.194058 0.10849521 1.492
0.19665109 0.10849521 1.492
0.19924417 0.10849521 1.492
-0.19882105 0.11183285 1.502
-0.19660249 0.11205622 1.505
-0.19398682 0.11205622 1.505
-0.19137114 0.11205622 1.505
-0.18875547 0.11205622 1.505
-0.18613979 0.11205622 1.505
-0.18352412 0.11205622 1.505
-0.18090844 0.11205622 1.505
-0.17829277 0.11205622 1.505
-0.17567709 0.11205622 1.505
-0.17306142 0.11205622 1.505
-0.17044574 0.11205622 1.505
-0.16783006 0.11205622 1.505
-0.16521439 0.11205622 1.505
-0.16259871 0.11205622 1.505
-0.15998304 0.11205622 1.505
-0.15736736 0.11205622 1.505
-0.1544432 0.11183285 1.502
-0.15183274 0.11183285 1.502
-0.14922228 0.11183285 1.502
-0.14661182 0.11183285 1.502
-0.14400136 0.11183285 1.502
-0.1413909 0.11183285 1.502
-0.13841085 0.11153503 1.498
-0.13580735 0.11153503 1.498
-0.13320383 0.11153503 1.498
-0.13060032 0.11153503 1.498
-0.12799682 0.11153503 1.498
-0.1253933 0.11153503 1.498
-0.12278979 0.11153503 1.498
-0.12018628 0.11153503 1.498
-0.11758278 0.11153503 1.498
-0.11497927 0.11153503 1.498
-0.11237576 0.11153503 1.498
-0.10977224 0.11153503 1.498
-0.10716873 0.11153503 1.498
-0.10456523 0.11153503 1.498
-0.10196172 0.11153503 1.498
-0.099358208 0.11153503 1.498
-0.0967547 0.11153503 1.498
-0.094151184 0.11153503 1.498
-0.091547675 0.11153503 1.498
-0.089181662 0.11183285 1.502
-0.086340658 0.11153503 1.498
-0.083960742 0.11183285 1.502
-0.081350282 0.11183285 1.502
-0.078739822 0.11183285 1.502
-0.075926617 0.11153503 1.498
-0.073323108 0.11153503 1.498
-0.0707196 0.11153503 1.498
-0.068116091 0.11153503 1.498
-0.065512575 0.11153503 1.498
-0.062909067 0.11153503 1.498
-0.060184784 0.11131166 1.495
-0.057586491 0.11131166 1.495
-0.054988194 0.11131166 1.495
-0.052389897 0.11131166 1.495
-0.049791604 0.11131166 1.495
-0.047193307 0.11131166 1.495
-0.044595011 0.11131166 1.495
-0.041996714 0.11131166 1.495
-0.039398421 0.11131166 1.495
-0.03687397 0.11153503 1.498
-0.034270462 0.11153503 1.498
-0.031666949 0.11153503 1.498
-0.029063441 0.11153503 1.498
-0.02645993 0.11153503 1.498
-0.023856422 0.11153503 1.498
-0.021252912 0.11153503 1.498
-0.018699199 0.11183285 1.502
-0.016088737 0.11183285 1.502
-0.013478275 0.11183285 1.502
-0.010867815 0.11183285 1.502
-0.0082573527 0.11183285 1.502
-0.0056468905 0.11183285 1.502
-0.0030283427 0.11153503 1.498
-0.0004259673 0.11183285 1.502
0.0021844944 0.11183285 1.502
0.0047949562 0.11183285 1.502
0.0073856968 0.11153503 1.498
0.0099892067 0.11153503 1.498
0.012592716 0.11153503 1.498
0.015196226 0.11153503 1.498
0.017799735 0.11153503 1.498
0.020362385 0.11131166 1.495
0.02296068 0.11131166 1.495
0.025610264 0.11153503 1.498
0.028157271 0.11131166 1.495
0.030755568 0.11131166 1.495
0.033353865 0.11131166 1.495
0.035952158 0.11131166 1.495
0.038550455 0.11131166 1.495
0.041148752 0.11131166 1.495
0.043747045 0.11131166 1.495
0.046345342 0.11131166 1.495
0.049041852 0.11153503 1.498
0.051541936 0.11131166 1.495
0.054140229 0.11131166 1.495
0.056738526 0.11131166 1.495
0.059336822 0.11131166 1.495
0.061935116 0.11131166 1.495
0.064533412 0.11131166 1.495
0.067131706 0.11131166 1.495
0.069730006 0.11131166 1.495
0.072473444 0.11153503 1.498
0.075076953 0.11153503 1.498
0.077680461 0.11153503 1.498
0.08028397 0.11153503 1.498
0.082887478 0.11153503 1.498
0.085490994 0.11153503 1.498
0.088094503 0.11153503 1.498
0.090698011 0.11153503 1.498
0.09330152 0.11153503 1.498
0.095905028 0.11153503 1.498
0.098508537 0.11153503 1.498
0.10090955 0.11131166 1.495
0.10350785 0.11131166 1.495
0.10610615 0.11131166 1.495
0.10870444 0.11131166 1.495
0.11130274 0.11131166 1.495
0.11390103 0.11131166 1.495
0.11649933 0.11131166 1.495
0.11909763 0.11131166 1.495
0.12169592 0.11131166 1.495
0.12429421 0.11131166 1.495
0.12689251 0.11131166 1.495
0.12949081 0.11131166 1.495
0.13208911 0.11131166 1.495
0.13468739 0.11131166 1.495
0.13728569 0.11131166 1.495
0.139884 0.11131166 1.495
0.14248228 0.11131166 1.495
0.14508058 0.11131166 1.495
0.14767888 0.11131166 1.495
0.15027718 0.11131166 1.495
0.15287547 0.11131166 1.495
0.15547377 0.11131166 1.495
0.15807207 0.11131166 1.495
0.16034794 0.11108829 1.492
0.16294102 0.11108829 1.492
0.16553411 0.11108829 1.492
0.16812718 0.11108829 1.492
0.17072026 0.11108829 1.492
0.17331335 0.11108829 1.492
0.17590643 0.11108829 1.492
0.17849952 0.11108829 1.492
0.18109259 0.11108829 1.492
0.18368568 0.11108829 1.492
0.18627876 0.11108829 1.492
0.18887185 0.11108829 1.492
0.19146492 0.11108829 1.492
0.194058 0.11108829 1.492
0.19665109 0.11108829 1.492
0.19924417 0.11108829 1.492
-0.19921817 0.11467189 1.505
-0.19660249 0.11467189 1.505
-0.19398682 0.11467189 1.505
-0.19137114 0.11467189 1.505
-0.18875547 0.11467189 1.505
-0.18613979 0.11467189 1.505
-0.18352412 0.11467189 1.505
-0.18090844 0.11467189 1.505
-0.17829277 0.11467189 1.505
-0.17567709 0.11467189 1.505
-0.17306142 0.11467189 1.505
-0.17044574 0.11467189 1.505
-0.16783006 0.11467189 1.505
-0.16521439 0.11467189 1.505
-0.16259871 0.11467189 1.505
-0.15998304 0.11467189 1.505
-0.15736736 0.11467189 1.505
-0.1544432 0.11444331 1.502
-0.15183274 0.11444331 1.502
-0.14922228 0.11444331 1.502
-0.14661182 0.11444331 1.502
-0.14400136 0.11444331 1.502
-0.1413909 0.11444331 1.502
-0.13878043 0.11444331 1.502
-0.13580735 0.11413854 1.498
-0.13320383 0.11413854 1.498
-0.13060032 0.11413854 1.498
-0.12799682 0.11413854 1.498
-0.1253933 0.11413854 1.498
-0.12278979 0.11413854 1.498
-0.12018628 0.11413854 1.498
-0.11758278 0.11413854 1.498
-0.11497927 0.11413854 1.498
-0.11237576 0.11413854 1.498
-0.10977224 0.11413854 1.498
-0.10716873 0.11413854 1.498
-0.10456523 0.11413854 1.498
-0.10196172 0.11413854 1.498
-0.099358208 0.11413854 1.498
-0.0967547 0.11413854 1.498
-0.094151184 0.11413854 1.498
-0.091547675 0.11413854 1.498
-0.089181662 0.11444331 1.502
-0.086340658 0.11413854 1.498
-0.083960742 0.11444331 1.502
-0.081350282 0.11444331 1.502
-0.078739822 0.11444331 1.502
-0.076129355 0.11444331 1.502
-0.073323108 0.11413854 1.498
-0.0707196 0.11413854 1.498
-0.068116091 0.11413854 1.498
-0.065512575 0.11413854 1.498
-0.062909067 0.11413854 1.498
-0.060305558 0.11413854 1.498
-0.057586491 0.11390995 1.495
-0.054988194 0.11390995 1.495
-0.052389897 0.11390995 1.495
-0.049791604 0.11390995 1.495
-0.047193307 0.11390995 1.495
-0.044595011 0.11390995 1.495
-0.041996714 0.11390995 1.495
-0.039477479 0.11413854 1.498
-0.03687397 0.11413854 1.498
-0.034270462 0.11413854 1.498
-0.031666949 0.11413854 1.498
-0.029063441 0.11413854 1.498
-0.02645993 0.11413854 1.498
-0.023856422 0.11413854 1.498
-0.021252912 0.11413854 1.498
-0.018699199 0.11444331 1.502
-0.016088737 0.11444331 1.502
-0.013478275 0.11444331 1.502
-0.010867815 0.11444331 1.502
-0.0082573527 0.11444331 1.502
-0.0056468905 0.11444331 1.502
-0.0030364289 0.11444331 1.502
-0.0004259673 0.11444331 1.502
0.0021844944 0.11444331 1.502
0.0047949562 0.11444331 1.502
0.007405418 0.11444331 1.502
0.0099892067 0.11413854 1.498
0.012592716 0.11413854 1.498
0.015196226 0.11413854 1.498
0.017799735 0.11413854 1.498
0.020362385 0.11390995 1.495
0.02296068 0.11390995 1.495
0.025610264 0.11413854 1.498
0.028157271 0.11390995 1.495
0.030755568 0.11390995 1.495
0.033353865 0.11390995 1.495
0.035952158 0.11390995 1.495
0.038550455 0.11390995 1.495
0.041148752 0.11390995 1.495
0.043747045 0.11390995 1.495
0.046345342 0.11390995 1.495
0.048943639 0.11390995 1.495
0.051541936 0.11390995 1.495
0.054140229 0.11390995 1.495
0.056738526 0.11390995 1.495
0.059336822 0.11390995 1.495
0.061935116 0.11390995 1.495
0.064533412 0.11390995 1.495
0.067131706 0.11390995 1.495
0.069730006 0.11390995 1.495
0.072328299 0.11390995 1.495
0.0749266 0.11390995 1.495
0.077680461 0.11413854 1.498
0.08028397 0.11413854 1.498
0.082887478 0.11413854 1.498
0.085490994 0.11413854 1.498
0.088094503 0.11413854 1.498
0.090698011 0.11413854 1.498
0.09330152 0.11413854 1.498
0.095905028 0.11413854 1.498
0.098508537 0.11413854 1.498
0.10111205 0.11413854 1.498
0.10350785 0.11390995 1.495
0.10610615 0.11390995 1.495
0.10870444 0.11390995 1.495
0.11130274 0.11390995 1.495
0.11390103 0.11390995 1.495
0.11649933 0.11390995 1.495
0.11909763 0.11390995 1.495
0.12169592 0.11390995 1.495
0.12429421 0.11390995 1.495
0.12689251 0.11390995 1.495
0.12949081 0.11390995 1.495
0.13208911 0.11390995 1.495
0.13468739 0.11390995 1.495
0.13728569 0.11390995 1.495
0.139884 0.11390995 1.495
0.14248228 0.11390995 1.495
0.14508058 0.11390995 1.495
0.14767888 0.11390995 1.495
0.15027718 0.11390995 1.495
0.15287547 0.11390995 1.495
0.15547377 0.11390995 1.495
0.15775485 0.11368137 1.492
0.16034794 0.11368137 1.492
0.16294102 0.11368137 1.492
0.16553411 0.11368137 1.492
0.16812718 0.11368137 1.492
0.17072026 0.11368137 1.492
0.17331335 0.11368137 1.492
0.17590643 0.11368137 1.492
0.17849952 0.11368137 1.492
0.18109259 0.11368137 1.492
0.18368568 0.11368137 1.492
0.18627876 0.11368137 1.492
0.18887185 0.11368137 1.492
0.19146492 0.11368137 1.492
0.194058 0.11368137 1.492
0.19665109 0.11368137 1.492
0.19924417 0.11368137 1.492
-0.19921817 0.11728757 1.505
-0.19660249 0.11728757 1.505
-0.19398682 0.11728757 1.505
-0.19137114 0.11728757 1.505
-0.18875547 0.11728757 1.505
-0.18613979 0.11728757 1.505
-0.18352412 0.11728757 1.505
-0.18090844 0.11728757 1.505
-0.17829277 0.11728757 1.505
-0.17567709 0.11728757 1.505
-0.17306142 0.11728757 1.505
-0.17044574 0.11728757 1.505
-0.16783006 0.11728757 1.505
-0.16521439 0.11728757 1.505
-0.16259871 0.11728757 1.505
-0.15998304 0.11728757 1.505
-0.15736736 0.11728757 1.505
-0.1544432 0.11705377 1.502
-0.15183274 0.11705377 1.502
-0.14922228 0.11705377 1.502
-0.14661182 0.11705377 1.502
-0.14400136 0.11705377 1.502
-0.1413909 0.11705377 1.502
-0.13841085 0.11674204 1.498
-0.13580735 0.11674204 1.498
-0.13320383 0.11674204 1.498
-0.13060032 0.11674204 1.498
-0.12799682 0.11674204 1.498
-0.1253933 0.11674204 1.498
-0.12278979 0.11674204 1.498
-0.12018628 0.11674204 1.498
-0.11758278 0.11674204 1.498
-0.11497927 0.11674204 1.498
-0.11237576 0.11674204 1.498
-0.10977224 0.11674204 1.498
-0.10716873 0.11674204 1.498
-0.10456523 0.11674204 1.498
-0.10196172 0.11674204 1.498
-0.099358208 0.11674204 1.498
-0.0967547 0.11674204 1.498
-0.094151184 0.11674204 1.498
-0.091547675 0.11674204 1.498
-0.088944167 0.11674204 1.498
-0.086340658 0.11674204 1.498
-0.083960742 0.11705377 1.502
-0.081350282 0.11705377 1.502
-0.078739822 0.11705377 1.502
-0.076129355 0.11705377 1.502
-0.073518895 0.11705377 1.502
-0.0707196 0.11674204 1.498
-0.068116091 0.11674204 1.498
-0.065512575 0.11674204 1.498
-0.062909067 0.11674204 1.498
-0.060305558 0.11674204 1.498
-0.057586491 0.11650825 1.495
-0.054988194 0.11650825 1.495
-0.052389897 0.11650825 1.495
-0.049791604 0.11650825 1.495
-0.047193307 0.11650825 1.495
-0.044595011 0.11650825 1.495
-0.041996714 0.11650825 1.495
-0.039398421 0.11650825 1.495
-0.03687397 0.11674204 1.498
-0.034270462 0.11674204 1.498
-0.031666949 0.11674204 1.498
-0.029063441 0.11674204 1.498
-0.02645993 0.11674204 1.498
-0.023856422 0.11674204 1.498
-0.021252912 0.11674204 1.498
-0.018649401 0.11674204 1.498
-0.016088737 0.11705377 1.502
-0.013442382 0.11674204 1.498
-0.010838872 0.11674204 1.498
-0.0082573527 0.11705377 1.502
-0.0056468905 0.11705377 1.502
-0.0030364289 0.11705377 1.502
-0.0004259673 0.11705377 1.502
0.0021844944 0.11705377 1.502
0.0047949562 0.11705377 1.502
0.007405418 0.11705377 1.502
0.01001588 0.11705377 1.502
0.012592716 0.11674204 1.498
0.015196226 0.11674204 1.498
0.017799735 0.11674204 1.498
0.020362385 0.11650825 1.495
0.023006756 0.11674204 1.498
0.025610264 0.11674204 1.498
0.028157271 0.11650825 1.495
0.030755568 0.11650825 1.495
0.033353865 0.11650825 1.495
0.035952158 0.11650825 1.495
0.038550455 0.11650825 1.495
0.041148752 0.11650825 1.495
0.043747045 0.11650825 1.495
0.046345342 0.11650825 1.495
0.048943639 0.11650825 1.495
0.051541936 0.11650825 1.495
0.054140229 0.11650825 1.495
0.056738526 0.11650825 1.495
0.059336822 0.11650825 1.495
0.061935116 0.11650825 1.495
0.064533412 0.11650825 1.495
0.067131706 0.11650825 1.495
0.069730006 0.11650825 1.495
0.072328299 0.11650825 1.495
0.0749266 0.11650825 1.495
0.077524893 0.11650825 1.495
0.08028397 0.11674204 1.498
0.082887478 0.11674204 1.498
0.085490994 0.11674204 1.498
0.088094503 0.11674204 1.498
0.090698011 0.11674204 1.498
0.09330152 0.11674204 1.498
0.095905028 0.11674204 1.498
0.098508537 0.11674204 1.498
0.10111205 0.11674204 1.498
0.10350785 0.11650825 1.495
0.10610615 0.11650825 1.495
0.10892258 0.11674204 1.498
0.11130274 0.11650825 1.495
0.11390103 0.11650825 1.495
0.11649933 0.11650825 1.495
0.11909763 0.11650825 1.495
0.12169592 0.11650825 1.495
0.12429421 0.11650825 1.495
0.12689251 0.11650825 1.495
0.12949081 0.11650825 1.495
0.13208911 0.11650825 1.495
0.13468739 0.11650825 1.495
0.13728569 0.11650825 1.495
0.139884 0.11650825 1.495
0.14248228 0.11650825 1.495
0.14508058 0.11650825 1.495
0.14738253 0.11627445 1.492
0.14997561 0.11627445 1.492
0.1525687 0.11627445 1.492
0.15516178 0.11627445 1.492
0.15775485 0.11627445 1.492
0.16034794 0.11627445 1.492
0.16294102 0.11627445 1.492
0.16553411 0.11627445 1.492
0.16812718 0.11627445 1.492
0.17072026 0.11627445 1.492
0.17331335 0.11627445 1.492
0.17590643 0.11627445 1.492
0.17849952 0.11627445 1.492
0.18109259 0.11627445 1.492
0.18368568 0.11627445 1.492
0.18627876 0.11627445 1.492
0.18887185 0.11627445 1.492
0.19146492 0.11627445 1.492
0.194058 0.11627445 1.492
0.19665109 0.11627445 1.492
0.19924417 0.11627445 1.492
-0.19921817 0.11990324 1.505
-0.19660249 0.11990324 1.505
-0.19398682 0.11990324 1.505
-0.19137114 0.11990324 1.505
-0.18875547 0.11990324 1.505
-0.18613979 0.11990324 1.505
-0.18352412 0.11990324 1.505
-0.18090844 0.11990324 1.505
-0.17829277 0.11990324 1.505
-0.17567709 0.11990324 1.505
-0.17306142 0.11990324 1.505
-0.17044574 0.11990324 1.505
-0.16783006 0.11990324 1.505
-0.16521439 0.11990324 1.505
-0.16259871 0.11990324 1.505
-0.15998304 0.11990324 1.505
-0.15736736 0.11990324 1.505
-0.1544432 0.11966423 1.502
-0.15183274 0.11966423 1.502
-0.14922228 0.11966423 1.502
-0.14661182 0.11966423 1.502
-0.14400136 0.11966423 1.502
-0.1413909 0.11966423 1.502
-0.13841085 0.11934555 1.498
-0.13580735 0.11934555 1.498
-0.13320383 0.11934555 1.498
-0.13060032 0.11934555 1.498
-0.12799682 0.11934555 1.498
-0.1253933 0.11934555 1.498
-0.12278979 0.11934555 1.498
-0.12018628 0.11934555 1.498
-0.11758278 0.11934555 1.498
-0.11497927 0.11934555 1.498
-0.11237576 0.11934555 1.498
-0.10977224 0.11934555 1.498
-0.10716873 0.11934555 1.498
-0.10456523 0.11934555 1.498
-0.10196172 0.11934555 1.498
-0.099358208 0.11934555 1.498
-0.0967547 0.11934555 1.498
-0.094151184 0.11934555 1.498
-0.091547675 0.11934555 1.498
-0.088944167 0.11934555 1.498
-0.086340658 0.11934555 1.498
-0.083960742 0.11966423 1.502
-0.081350282 0.11966423 1.502
-0.078739822 0.11966423 1.502
-0.076129355 0.11966423 1.502
-0.073518895 0.11966423 1.502
-0.070908435 0.11966423 1.502
-0.068116091 0.11934555 1.498
-0.065512575 0.11934555 1.498
-0.062909067 0.11934555 1.498
-0.060305558 0.11934555 1.498
-0.05770205 0.11934555 1.498
-0.054988194 0.11910655 1.495
-0.052389897 0.11910655 1.495
-0.049791604 0.11910655 1.495
-0.047193307 0.11910655 1.495
-0.044595011 0.11910655 1.495
-0.041996714 0.11910655 1.495
-0.039398421 0.11910655 1.495
-0.03687397 0.11934555 1.498
-0.034270462 0.11934555 1.498
-0.031666949 0.11934555 1.498
-0.029063441 0.11934555 1.498
-0.02645993 0.11934555 1.498
-0.023856422 0.11934555 1.498
-0.021252912 0.11934555 1.498
-0.018649401 0.11934555 1.498
-0.016045893 0.11934555 1.498
-0.013442382 0.11934555 1.498
-0.010838872 0.11934555 1.498
-0.0082353624 0.11934555 1.498
-0.0056318524 0.11934555 1.498
-0.0030283427 0.11934555 1.498
-0.0004259673 0.11966423 1.502
0.0021844944 0.11966423 1.502
0.0047949562 0.11966423 1.502
0.007405418 0.11966423 1.502
0.01001588 0.11966423 1.502
0.012592716 0.11934555 1.498
0.015196226 0.11934555 1.498
0.017799735 0.11934555 1.498
0.020362385 0.11910655 1.495
0.023006756 0.11934555 1.498
0.025610264 0.11934555 1.498
0.028157271 0.11910655 1.495
0.030755568 0.11910655 1.495
0.033353865 0.11910655 1.495
0.035952158 0.11910655 1.495
0.038550455 0.11910655 1.495
0.041148752 0.11910655 1.495
0.043747045 0.11910655 1.495
0.046345342 0.11910655 1.495
0.048943639 0.11910655 1.495
0.051541936 0.11910655 1.495
0.054140229 0.11910655 1.495
0.056738526 0.11910655 1.495
0.059336822 0.11910655 1.495
0.061810832 0.11886753 1.492
0.064403914 0.11886753 1.492
0.067131706 0.11910655 1.495
0.069730006 0.11910655 1.495
0.072328299 0.11910655 1.495
0.0749266 0.11910655 1.495
0.077524893 0.11910655 1.495
0.080123186 0.11910655 1.495
0.082887478 0.11934555 1.498
0.085490994 0.11934555 1.498
0.088094503 0.11934555 1.498
0.090698011 0.11934555 1.498
0.09330152 0.11934555 1.498
0.095905028 0.11934555 1.498
0.098508537 0.11934555 1.498
0.10111205 0.11934555 1.498
0.10371556 0.11934555 1.498
0.10631907 0.11934555 1.498
0.10892258 0.11934555 1.498
0.11152609 0.11934555 1.498
0.11390103 0.11910655 1.495
0.11649933 0.11910655 1.495
0.11909763 0.11910655 1.495
0.12169592 0.11910655 1.495
0.12429421 0.11910655 1.495
0.12689251 0.11910655 1.495
0.12949081 0.11910655 1.495
0.13208911 0.11910655 1.495
0.13468739 0.11910655 1.495
0.13728569 0.11910655 1.495
0.139884 0.11910655 1.495
0.14248228 0.11910655 1.495
0.14508058 0.11910655 1.495
0.14738253 0.11886753 1.492
0.14997561 0.11886753 1.492
0.1525687 0.11886753 1.492
0.15516178 0.11886753 1.492
0.15775485 0.11886753 1.492
0.16034794 0.11886753 1.492
0.16294102 0.11886753 1.492
0.16553411 0.11886753 1.492
0.16812718 0.11886753 1.492
0.17072026 0.11886753 1.492
0.17331335 0.11886753 1.492
0.17626013 0.11910655 1.495
0.17885843 0.11910655 1.495
0.18145673 0.11910655 1.495
0.18405502 0.11910655 1.495
0.18665332 0.11910655 1.495
0.18925162 0.11910655 1.495
0.1918499 0.11910655 1.495
0.1944482 0.11910655 1.495
0.19665109 0.11886753 1.492
0.19924417 0.11886753 1.492
-0.19921817 0.12251892 1.505
-0.19660249 0.12251892 1.505
-0.19398682 0.12251892 1.505
-0.19175261 0.12276314 1.508
-0.18913172 0.12276314 1.508
-0.18613979 0.12251892 1.505
-0.18352412 0.12251892 1.505
-0.18090844 0.12251892 1.505
-0.17829277 0.12251892 1.505
-0.17567709 0.12251892 1.505
-0.17306142 0.12251892 1.505
-0.17044574 0.12251892 1.505
-0.16783006 0.12251892 1.505
-0.16521439 0.12251892 1.505
-0.16259871 0.12251892 1.505
-0.15998304 0.12251892 1.505
-0.15736736 0.12251892 1.505
-0.1544432 0.1222747 1.502
-0.15183274 0.1222747 1.502
-0.14922228 0.1222747 1.502
-0.14661182 0.1222747 1.502
-0.14400136 0.1222747 1.502
-0.1413909 0.1222747 1.502
-0.13841085 0.12194907 1.498
-0.13580735 0.12194907 1.498
-0.13320383 0.12194907 1.498
-0.13060032 0.12194907 1.498
-0.12799682 0.12194907 1.498
-0.1253933 0.12194907 1.498
-0.12278979 0.12194907 1.498
-0.12018628 0.12194907 1.498
-0.11758278 0.12194907 1.498
-0.11497927 0.12194907 1.498
-0.11237576 0.12194907 1.498
-0.10977224 0.12194907 1.498
-0.10716873 0.12194907 1.498
-0.10456523 0.12194907 1.498
-0.10196172 0.12194907 1.498
-0.099358208 0.12194907 1.498
-0.0967547 0.12194907 1.498
-0.094151184 0.12194907 1.498
-0.091547675 0.12194907 1.498
-0.088944167 0.12194907 1.498
-0.086340658 0.12194907 1.498
-0.08373715 0.12194907 1.498
-0.081350282 0.1222747 1.502
-0.078739822 0.1222747 1.502
-0.076129355 0.1222747 1.502
-0.073518895 0.1222747 1.502
-0.0707196 0.12194907 1.498
-0.068116091 0.12194907 1.498
-0.065512575 0.12194907 1.498
-0.062909067 0.12194907 1.498
-0.060305558 0.12194907 1.498
-0.05770205 0.12194907 1.498
-0.054988194 0.12170484 1.495
-0.052389897 0.12170484 1.495
-0.049791604 0.12170484 1.495
-0.047193307 0.12170484 1.495
-0.044595011 0.12170484 1.495
-0.041996714 0.12170484 1.495
-0.039477479 0.12194907 1.498
-0.03687397 0.12194907 1.498
-0.034270462 0.12194907 1.498
-0.031666949 0.12194907 1.498
-0.029063441 0.12194907 1.498
-0.02645993 0.12194907 1.498
-0.023808645 0.12170484 1.495
-0.021210348 0.12170484 1.495
-0.018612053 0.12170484 1.495
-0.016045893 0.12194907 1.498
-0.013442382 0.12194907 1.498
-0.010838872 0.12194907 1.498
-0.0082353624 0.12194907 1.498
-0.0056318524 0.12194907 1.498
-0.0030283427 0.12194907 1.498
-0.0004259673 0.1222747 1.502
0.0021844944 0.1222747 1.502
0.0047949562 0.1222747 1.502
0.007405418 0.1222747 1.502
0.01001588 0.1222747 1.502
0.012592716 0.12194907 1.498
0.015196226 0.12194907 1.498
0.017799735 0.12194907 1.498
0.020362385 0.12170484 1.495
0.023006756 0.12194907 1.498
0.025558976 0.12170484 1.495
0.028157271 0.12170484 1.495
0.030755568 0.12170484 1.495
0.033353865 0.12170484 1.495
0.035952158 0.12170484 1.495
0.038550455 0.12170484 1.495
0.041148752 0.12170484 1.495
0.043747045 0.12170484 1.495
0.046345342 0.12170484 1.495
0.048943639 0.12170484 1.495
0.051541936 0.12170484 1.495
0.054031588 0.12146062 1.492
0.05662467 0.12146062 1.492
0.059217751 0.12146062 1.492
0.061810832 0.12146062 1.492
0.064403914 0.12146062 1.492
0.066996999 0.12146062 1.492
0.069590077 0.12146062 1.492
0.072183162 0.12146062 1.492
0.0749266 0.12170484 1.495
0.077524893 0.12170484 1.495
0.080123186 0.12170484 1.495
0.082721487 0.12170484 1.495
0.085490994 0.12194907 1.498
0.088094503 0.12194907 1.498
0.090698011 0.12194907 1.498
0.09330152 0.12194907 1.498
0.095905028 0.12194907 1.498
0.098508537 0.12194907 1.498
0.10111205 0.12194907 1.498
0.10371556 0.12194907 1.498
0.10631907 0.12194907 1.498
0.10892258 0.12194907 1.498
0.11152609 0.12194907 1.498
0.11390103 0.12170484 1.495
0.11649933 0.12170484 1.495
0.11909763 0.12170484 1.495
0.12169592 0.12170484 1.495
0.12429421 0.12170484 1.495
0.12689251 0.12170484 1.495
0.12949081 0.12170484 1.495
0.13208911 0.12170484 1.495
0.13468739 0.12170484 1.495
0.13728569 0.12170484 1.495
0.139884 0.12170484 1.495
0.14248228 0.12170484 1.495
0.14508058 0.12170484 1.495
0.14738253 0.12146062 1.492
0.14997561 0.12146062 1.492
0.1525687 0.12146062 1.492
0.15516178 0.12146062 1.492
0.15775485 0.12146062 1.492
0.16034794 0.12146062 1.492
0.16294102 0.12146062 1.492
0.16553411 0.12146062 1.492
0.16812718 0.12146062 1.492
0.17072026 0.12146062 1.492
0.17331335 0.12146062 1.492
0.17626013 0.12170484 1.495
0.17885843 0.12170484 1.495
0.18145673 0.12170484 1.495
0.18405502 0.12170484 1.495
0.18665332 0.12170484 1.495
0.18925162 0.12170484 1.495
0.1918499 0.12170484 1.495
0.1944482 0.12170484 1.495
0.1970465 0.12170484 1.495
0.19964479 0.12170484 1.495
-0.19921817 0.1251346 1.505
-0.19660249 0.1251346 1.505
-0.19398682 0.1251346 1.505
-0.19175261 0.12538403 1.508
-0.18913172 0.12538403 1.508
-0.18651083 0.12538403 1.508
-0.18388996 0.12538403 1.508
-0.18090844 0.1251346 1.505
-0.17829277 0.1251346 1.505
-0.17567709 0.1251346 1.505
-0.17306142 0.1251346 1.505
-0.17044574 0.1251346 1.505
-0.16783006 0.1251346 1.505
-0.16521439 0.1251346 1.505
-0.16259871 0.1251346 1.505
-0.15998304 0.1251346 1.505
-0.15705366 0.12488516 1.502
-0.1544432 0.12488516 1.502
-0.15183274 0.12488516 1.502
-0.14922228 0.12488516 1.502
-0.14661182 0.12488516 1.502
-0.14400136 0.12488516 1.502
-0.1413909 0.12488516 1.502
-0.13878043 0.12488516 1.502
-0.13580735 0.12455258 1.498
-0.13320383 0.12455258 1.498
-0.13060032 0.12455258 1.498
-0.12799682 0.12455258 1.498
-0.1253933 0.12455258 1.498
-0.12278979 0.12455258 1.498
-0.12018628 0.12455258 1.498
-0.11758278 0.12455258 1.498
-0.11497927 0.12455258 1.498
-0.11237576 0.12455258 1.498
-0.10977224 0.12455258 1.498
-0.10716873 0.12455258 1.498
-0.10456523 0.12455258 1.498
-0.10196172 0.12455258 1.498
-0.099358208 0.12455258 1.498
-0.0967547 0.12455258 1.498
-0.094151184 0.12455258 1.498
-0.091547675 0.12455258 1.498
-0.088944167 0.12455258 1.498
-0.086340658 0.12455258 1.498
-0.08373715 0.12455258 1.498
-0.081133634 0.12455258 1.498
-0.078530125 0.12455258 1.498
-0.076129355 0.12488516 1.502
-0.073323108 0.12455258 1.498
-0.0707196 0.12455258 1.498
-0.068116091 0.12455258 1.498
-0.065512575 0.12455258 1.498
-0.062909067 0.12455258 1.498
-0.060184784 0.12430314 1.495
-0.057586491 0.12430314 1.495
-0.054988194 0.12430314 1.495
-0.052389897 0.12430314 1.495
-0.049791604 0.12430314 1.495
-0.047193307 0.12430314 1.495
-0.044595011 0.12430314 1.495
-0.041996714 0.12430314 1.495
-0.039398421 0.12430314 1.495
-0.036800124 0.12430314 1.495
-0.034270462 0.12455258 1.498
-0.03160353 0.12430314 1.495
-0.029005237 0.12430314 1.495
-0.02640694 0.12430314 1.495
-0.023808645 0.12430314 1.495
-0.021210348 0.12430314 1.495
-0.018612053 0.12430314 1.495
-0.016045893 0.12455258 1.498
-0.013442382 0.12455258 1.498
-0.010838872 0.12455258 1.498
-0.0082353624 0.12455258 1.498
-0.0056318524 0.12455258 1.498
-0.0030283427 0.12455258 1.498
-0.0004259673 0.12488516 1.502
0.0021844944 0.12488516 1.502
0.0047949562 0.12488516 1.502
0.007405418 0.12488516 1.502
0.01001588 0.12488516 1.502
0.012592716 0.12455258 1.498
0.015196226 0.12455258 1.498
0.017799735 0.12455258 1.498
0.020362385 0.12430314 1.495
0.02296068 0.12430314 1.495
0.025558976 0.12430314 1.495
0.028157271 0.12430314 1.495
0.030755568 0.12430314 1.495
0.033353865 0.12430314 1.495
0.035952158 0.12430314 1.495
0.038550455 0.12430314 1.495
0.041148752 0.12430314 1.495
0.043747045 0.12430314 1.495
0.046345342 0.12430314 1.495
0.048943639 0.12430314 1.495
0.051541936 0.12430314 1.495
0.054031588 0.12405369 1.492
0.05662467 0.12405369 1.492
0.059217751 0.12405369 1.492
0.061810832 0.12405369 1.492
0.064403914 0.12405369 1.492
0.066996999 0.12405369 1.492
0.069590077 0.12405369 1.492
0.072183162 0.12405369 1.492
0.0749266 0.12430314 1.495
0.077524893 0.12430314 1.495
0.080123186 0.12430314 1.495
0.082721487 0.12430314 1.495
0.08531978 0.12430314 1.495
0.088094503 0.12455258 1.498
0.090698011 0.12455258 1.498
0.09330152 0.12455258 1.498
0.095905028 0.12455258 1.498
0.098508537 0.12455258 1.498
0.10111205 0.12455258 1.498
0.10371556 0.12455258 1.498
0.10631907 0.12455258 1.498
0.10892258 0.12455258 1.498
0.11130274 0.12430314 1.495
0.11390103 0.12430314 1.495
0.11649933 0.12430314 1.495
0.11909763 0.12430314 1.495
0.12169592 0.12430314 1.495
0.12429421 0.12430314 1.495
0.12689251 0.12430314 1.495
0.12949081 0.12430314 1.495
0.13208911 0.12430314 1.495
0.13468739 0.12430314 1.495
0.13728569 0.12430314 1.495
0.139884 0.12430314 1.495
0.14248228 0.12430314 1.495
0.14508058 0.12430314 1.495
0.14767888 0.12430314 1.495
0.14997561 0.12405369 1.492
0.1525687 0.12405369 1.492
0.15516178 0.12405369 1.492
0.15775485 0.12405369 1.492
0.16034794 0.12405369 1.492
0.16294102 0.12405369 1.492
0.16553411 0.12405369 1.492
0.16812718 0.12405369 1.492
0.17072026 0.12405369 1.492
0.17331335 0.12405369 1.492
0.17626013 0.12430314 1.495
0.17885843 0.12430314 1.495
0.18145673 0.12430314 1.495
0.18405502 0.12430314 1.495
0.18665332 0.12430314 1.495
0.18925162 0.12430314 1.495
0.1918499 0.12430314 1.495
0.1944482 0.12430314 1.495
0.1970465 0.12430314 1.495
0.19964479 0.12430314 1.495
-0.19921817 0.12775028 1.505
-0.19660249 0.12775028 1.505
-0.19398682 0.12775028 1.505
-0.19175261 0.12800492 1.508
-0.18913172 0.12800492 1.508
-0.18651083 0.12800492 1.508
-0.18388996 0.12800492 1.508
-0.18090844 0.12775028 1.505
-0.17829277 0.12775028 1.505
-0.17567709 0.12775028 1.505
-0.17306142 0.12775028 1.505
-0.17044574 0.12775028 1.505
-0.16783006 0.12775028 1.505
-0.16521439 0.12775028 1.505
-0.16259871 0.12775028 1.505
-0.15966412 0.12749562 1.502
-0.15705366 0.12749562 1.502
-0.1544432 0.12749562 1.502
-0.15183274 0.12749562 1.502
-0.14922228 0.12749562 1.502
-0.14661182 0.12749562 1.502
-0.14400136 0.12749562 1.502
-0.1413909 0.12749562 1.502
-0.13878043 0.12749562 1.502
-0.13580735 0.12715609 1.498
-0.13320383 0.12715609 1.498
-0.13060032 0.12715609 1.498
-0.12799682 0.12715609 1.498
-0.1253933 0.12715609 1.498
-0.12278979 0.12715609 1.498
-0.12018628 0.12715609 1.498
-0.11758278 0.12715609 1.498
-0.11497927 0.12715609 1.498
-0.11237576 0.12715609 1.498
-0.10977224 0.12715609 1.498
-0.10716873 0.12715609 1.498
-0.10456523 0.12715609 1.498
-0.10196172 0.12715609 1.498
-0.099358208 0.12715609 1.498
-0.0967547 0.12715609 1.498
-0.094151184 0.12715609 1.498
-0.091547675 0.12715609 1.498
-0.088944167 0.12715609 1.498
-0.086340658 0.12715609 1.498
-0.08373715 0.12715609 1.498
-0.081133634 0.12715609 1.498
-0.078530125 0.12715609 1.498
-0.075926617 0.12715609 1.498
-0.073323108 0.12715609 1.498
-0.0707196 0.12715609 1.498
-0.068116091 0.12715609 1.498
-0.065512575 0.12715609 1.498
-0.062909067 0.12715609 1.498
-0.060184784 0.12690143 1.495
-0.057586491 0.12690143 1.495
-0.054988194 0.12690143 1.495
-0.052389897 0.12690143 1.495
-0.049791604 0.12690143 1.495
-0.047193307 0.12690143 1.495
-0.044595011 0.12690143 1.495
-0.041996714 0.12690143 1.495
-0.039398421 0.12690143 1.495
-0.036800124 0.12690143 1.495
-0.034201827 0.12690143 1.495
-0.03160353 0.12690143 1.495
-0.029005237 0.12690143 1.495
-0.02640694 0.12690143 1.495
-0.023808645 0.12690143 1.495
-0.021210348 0.12690143 1.495
-0.018612053 0.12690143 1.495
-0.016013756 0.12690143 1.495
-0.013415461 0.12690143 1.495
-0.010838872 0.12715609 1.498
-0.0082353624 0.12715609 1.498
-0.0056318524 0.12715609 1.498
-0.0030283427 0.12715609 1.498
-0.0004259673 0.12749562 1.502
0.0021844944 0.12749562 1.502
0.0047949562 0.12749562 1.502
0.007405418 0.12749562 1.502
0.01001588 0.12749562 1.502
0.012592716 0.12715609 1.498
0.015196226 0.12715609 1.498
0.017799735 0.12715609 1.498
0.020362385 0.12690143 1.495
0.02296068 0.12690143 1.495
0.025558976 0.12690143 1.495
0.028157271 0.12690143 1.495
0.030755568 0.12690143 1.495
0.033353865 0.12690143 1.495
0.035952158 0.12690143 1.495
0.038550455 0.12690143 1.495
0.041148752 0.12690143 1.495
0.043747045 0.12690143 1.495
0.046345342 0.12690143 1.495
0.048943639 0.12690143 1.495
0.051438507 0.12664677 1.492
0.054031588 0.12664677 1.492
0.05662467 0.12664677 1.492
0.059217751 0.12664677 1.492
0.061810832 0.12664677 1.492
0.064403914 0.12664677 1.492
0.066996999 0.12664677 1.492
0.069590077 0.12664677 1.492
0.072183162 0.12664677 1.492
0.0749266 0.12690143 1.495
0.077524893 0.12690143 1.495
0.080123186 0.12690143 1.495
0.082721487 0.12690143 1.495
0.08531978 0.12690143 1.495
0.088094503 0.12715609 1.498
0.090698011 0.12715609 1.498
0.09330152 0.12715609 1.498
0.095905028 0.12715609 1.498
0.098508537 0.12715609 1.498
0.10111205 0.12715609 1.498
0.10371556 0.12715609 1.498
0.10631907 0.12715609 1.498
0.10870444 0.12690143 1.495
0.11130274 0.12690143 1.495
0.11390103 0.12690143 1.495
0.11649933 0.12690143 1.495
0.11909763 0.12690143 1.495
0.12169592 0.12690143 1.495
0.12429421 0.12690143 1.495
0.12689251 0.12690143 1.495
0.12949081 0.12690143 1.495
0.13208911 0.12690143 1.495
0.13468739 0.12690143 1.495
0.13728569 0.12690143 1.495
0.139884 0.12690143 1.495
0.14248228 0.12690143 1.495
0.14508058 0.12690143 1.495
0.14767888 0.12690143 1.495
0.15027718 0.12690143 1.495
0.1525687 0.12664677 1.492
0.15516178 0.12664677 1.492
0.15775485 0.12664677 1.492
0.16034794 0.12664677 1.492
0.16294102 0.12664677 1.492
0.16553411 0.12664677 1.492
0.16812718 0.12664677 1.492
0.17072026 0.12664677 1.492
0.17331335 0.12664677 1.492
0.17626013 0.12690143 1.495
0.17885843 0.12690143 1.495
0.18145673 0.12690143 1.495
0.18405502 0.12690143 1.495
0.18665332 0.12690143 1.495
0.18925162 0.12690143 1.495
0.1918499 0.12690143 1.495
0.1944482 0.12690143 1.495
0.1970465 0.12690143 1.495
0.19964479 0.12690143 1.495
-0.19921817 0.13036595 1.505
-0.19660249 0.13036595 1.505
-0.19398682 0.13036595 1.505
-0.19175261 0.13062581 1.508
-0.18913172 0.13062581 1.508
-0.18651083 0.13062581 1.508
-0.18388996 0.13062581 1.508
-0.18090844 0.13036595 1.505
-0.17829277 0.13036595 1.505
-0.17567709 0.13036595 1.505
-0.17306142 0.13036595 1.505
-0.17044574 0.13036595 1.505
-0.16783006 0.13036595 1.505
-0.16521439 0.13036595 1.505
-0.16259871 0.13036595 1.505
-0.15966412 0.13010608 1.502
-0.15705366 0.13010608 1.502
-0.1544432 0.13010608 1.502
-0.15183274 0.13010608 1.502
-0.14922228 0.13010608 1.502
-0.14661182 0.13010608 1.502
-0.14400136 0.13010608 1.502
-0.1413909 0.13010608 1.502
-0.13878043 0.13010608 1.502
-0.13616997 0.13010608 1.502
-0.13355951 0.13010608 1.502
-0.13060032 0.12975959 1.498
-0.12799682 0.12975959 1.498
-0.1253933 0.12975959 1.498
-0.12278979 0.12975959 1.498
-0.12018628 0.12975959 1.498
-0.11758278 0.12975959 1.498
-0.11497927 0.12975959 1.498
-0.11237576 0.12975959 1.498
-0.10977224 0.12975959 1.498
-0.10716873 0.12975959 1.498
-0.10456523 0.12975959 1.498
-0.10175752 0.12949973 1.495
-0.099159226 0.12949973 1.495
-0.0967547 0.12975959 1.498
-0.094151184 0.12975959 1.498
-0.091547675 0.12975959 1.498
-0.088944167 0.12975959 1.498
-0.086340658 0.12975959 1.498
-0.08373715 0.12975959 1.498
-0.081133634 0.12975959 1.498
-0.078530125 0.12975959 1.498
-0.075926617 0.12975959 1.498
-0.073323108 0.12975959 1.498
-0.0707196 0.12975959 1.498
-0.068116091 0.12975959 1.498
-0.065512575 0.12975959 1.498
-0.062783085 0.12949973 1.495
-0.060184784 0.12949973 1.495
-0.057586491 0.12949973 1.495
-0.054988194 0.12949973 1.495
-0.052389897 0.12949973 1.495
-0.049791604 0.12949973 1.495
-0.047193307 0.12949973 1.495
-0.044595011 0.12949973 1.495
-0.041996714 0.12949973 1.495
-0.039398421 0.12949973 1.495
-0.036800124 0.12949973 1.495
-0.034201827 0.12949973 1.495
-0.03160353 0.12949973 1.495
-0.029005237 0.12949973 1.495
-0.02640694 0.12949973 1.495
-0.023808645 0.12949973 1.495
-0.021210348 0.12949973 1.495
-0.018612053 0.12949973 1.495
-0.016013756 0.12949973 1.495
-0.013442382 0.12975959 1.498
-0.010838872 0.12975959 1.498
-0.0082353624 0.12975959 1.498
-0.0056318524 0.12975959 1.498
-0.0030364289 0.13010608 1.502
-0.0004259673 0.13010608 1.502
0.0021844944 0.13010608 1.502
0.0047949562 0.13010608 1.502
0.007405418 0.13010608 1.502
0.01001588 0.13010608 1.502
0.012592716 0.12975959 1.498
0.015196226 0.12975959 1.498
0.017764088 0.12949973 1.495
0.020362385 0.12949973 1.495
0.02296068 0.12949973 1.495
0.025558976 0.12949973 1.495
0.028157271 0.12949973 1.495
0.030755568 0.12949973 1.495
0.033353865 0.12949973 1.495
0.035952158 0.12949973 1.495
0.038550455 0.12949973 1.495
0.041148752 0.12949973 1.495
0.043747045 0.12949973 1.495
0.046345342 0.12949973 1.495
0.048943639 0.12949973 1.495
0.051438507 0.12923986 1.492
0.054031588 0.12923986 1.492
0.05662467 0.12923986 1.492
0.059217751 0.12923986 1.492
0.061810832 0.12923986 1.492
0.064403914 0.12923986 1.492
0.066996999 0.12923986 1.492
0.069590077 0.12923986 1.492
0.072183162 0.12923986 1.492
0.0749266 0.12949973 1.495
0.077524893 0.12949973 1.495
0.080123186 0.12949973 1.495
0.082721487 0.12949973 1.495
0.085490994 0.12975959 1.498
0.088094503 0.12975959 1.498
0.090698011 0.12975959 1.498
0.093550652 0.13010608 1.502
0.096161112 0.13010608 1.502
0.09877158 0.13010608 1.502
0.10111205 0.12975959 1.498
0.10371556 0.12975959 1.498
0.10610615 0.12949973 1.495
0.10870444 0.12949973 1.495
0.11130274 0.12949973 1.495
0.11390103 0.12949973 1.495
0.11649933 0.12949973 1.495
0.11909763 0.12949973 1.495
0.12169592 0.12949973 1.495
0.12429421 0.12949973 1.495
0.12689251 0.12949973 1.495
0.12949081 0.12949973 1.495
0.13208911 0.12949973 1.495
0.13468739 0.12949973 1.495
0.13728569 0.12949973 1.495
0.139884 0.12949973 1.495
0.14248228 0.12949973 1.495
0.14508058 0.12949973 1.495
0.14767888 0.12949973 1.495
0.15027718 0.12949973 1.495
0.15287547 0.12949973 1.495
0.15516178 0.12923986 1.492
0.15775485 0.12923986 1.492
0.16034794 0.12923986 1.492
0.16294102 0.12923986 1.492
0.16553411 0.12923986 1.492
0.16812718 0.12923986 1.492
0.17072026 0.12923986 1.492
0.17331335 0.12923986 1.492
0.17590643 0.12923986 1.492
0.17849952 0.12923986 1.492
0.18145673 0.12949973 1.495
0.18405502 0.12949973 1.495
0.18665332 0.12949973 1.495
0.18925162 0.12949973 1.495
0.1918499 0.12949973 1.495
0.1944482 0.12949973 1.495
0.1970465 0.12949973 1.495
0.19964479 0.12949973 1.495
-0.19921817 0.13298163 1.505
-0.19660249 0.13298163 1.505
-0.19398682 0.13298163 1.505
-0.19137114 0.13298163 1.505
-0.18875547 0.13298163 1.505
-0.18613979 0.13298163 1.505
-0.18352412 0.13298163 1.505
-0.18090844 0.13298163 1.505
-0.17829277 0.13298163 1.505
-0.17567709 0.13298163 1.505
-0.17306142 0.13298163 1.505
-0.17044574 0.13298163 1.505
-0.16783006 0.13298163 1.505
-0.16521439 0.13298163 1.505
-0.16259871 0.13298163 1.505
-0.15966412 0.13271654 1.502
-0.15736736 0.13298163 1.505
-0.1544432 0.13271654 1.502
-0.15183274 0.13271654 1.502
-0.14922228 0.13271654 1.502
-0.14690466 0.13298163 1.505
-0.14428899 0.13298163 1.505
-0.1413909 0.13271654 1.502
-0.13878043 0.13271654 1.502
-0.13616997 0.13271654 1.502
-0.13355951 0.13271654 1.502
-0.13094905 0.13271654 1.502
-0.12833859 0.13271654 1.502
-0.12572813 0.13271654 1.502
-0.12278979 0.13236311 1.498
-0.12018628 0.13236311 1.498
-0.11758278 0.13236311 1.498
-0.11497927 0.13236311 1.498
-0.11237576 0.13236311 1.498
-0.10977224 0.13236311 1.498
-0.10716873 0.13236311 1.498
-0.10435581 0.13209802 1.495
-0.10175752 0.13209802 1.495
-0.099159226 0.13209802 1.495
-0.096560925 0.13209802 1.495
-0.093962632 0.13209802 1.495
-0.091364339 0.13209802 1.495
-0.088766038 0.13209802 1.495
-0.086340658 0.13236311 1.498
-0.08373715 0.13236311 1.498
-0.081133634 0.13236311 1.498
-0.078530125 0.13236311 1.498
-0.075926617 0.13236311 1.498
-0.073323108 0.13236311 1.498
-0.0707196 0.13236311 1.498
-0.067979671 0.13209802 1.495
-0.065381378 0.13209802 1.495
-0.062783085 0.13209802 1.495
-0.060184784 0.13209802 1.495
-0.057586491 0.13209802 1.495
-0.054988194 0.13209802 1.495
-0.052389897 0.13209802 1.495
-0.049791604 0.13209802 1.495
-0.047193307 0.13209802 1.495
-0.044595011 0.13209802 1.495
-0.041996714 0.13209802 1.495
-0.039398421 0.13209802 1.495
-0.036800124 0.13209802 1.495
-0.034201827 0.13209802 1.495
-0.03160353 0.13209802 1.495
-0.029005237 0.13209802 1.495
-0.02640694 0.13209802 1.495
-0.023808645 0.13209802 1.495
-0.021210348 0.13209802 1.495
-0.018612053 0.13209802 1.495
-0.016013756 0.13209802 1.495
-0.013442382 0.13236311 1.498
-0.010838872 0.13236311 1.498
-0.0082353624 0.13236311 1.498
-0.0056318524 0.13236311 1.498
-0.0030364289 0.13271654 1.502
-0.0004259673 0.13271654 1.502
0.0021844944 0.13271654 1.502
0.0047949562 0.13271654 1.502
0.007405418 0.13271654 1.502
0.0099892067 0.13236311 1.498
0.012592716 0.13236311 1.498
0.015196226 0.13236311 1.498
0.017764088 0.13209802 1.495
0.020362385 0.13209802 1.495
0.02296068 0.13209802 1.495
0.025558976 0.13209802 1.495
0.028157271 0.13209802 1.495
0.030755568 0.13209802 1.495
0.033353865 0.13209802 1.495
0.035952158 0.13209802 1.495
0.038550455 0.13209802 1.495
0.041148752 0.13209802 1.495
0.043747045 0.13209802 1.495
0.046345342 0.13209802 1.495
0.048845422 0.13183294 1.492
0.051438507 0.13183294 1.492
0.054031588 0.13183294 1.492
0.05662467 0.13183294 1.492
0.059217751 0.13183294 1.492
0.061810832 0.13183294 1.492
0.064403914 0.13183294 1.492
0.066996999 0.13183294 1.492
0.069590077 0.13183294 1.492
0.072183162 0.13183294 1.492
0.0749266 0.13209802 1.495
0.077524893 0.13209802 1.495
0.080123186 0.13209802 1.495
0.082887478 0.13236311 1.498
0.085490994 0.13236311 1.498
0.088094503 0.13236311 1.498
0.090698011 0.13236311 1.498
0.093550652 0.13271654 1.502
0.096161112 0.13271654 1.502
0.09877158 0.13271654 1.502
0.10111205 0.13236311 1.498
0.10371556 0.13236311 1.498
0.10610615 0.13209802 1.495
0.10870444 0.13209802 1.495
0.11130274 0.13209802 1.495
0.11390103 0.13209802 1.495
0.11649933 0.13209802 1.495
0.11885864 0.13183294 1.492
0.12145171 0.13183294 1.492
0.12429421 0.13209802 1.495
0.12689251 0.13209802 1.495
0.12949081 0.13209802 1.495
0.13208911 0.13209802 1.495
0.13468739 0.13209802 1.495
0.13728569 0.13209802 1.495
0.139884 0.13209802 1.495
0.14248228 0.13209802 1.495
0.14508058 0.13209802 1.495
0.14767888 0.13209802 1.495
0.15027718 0.13209802 1.495
0.15287547 0.13209802 1.495
0.15547377 0.13209802 1.495
0.15775485 0.13183294 1.492
0.16034794 0.13183294 1.492
0.16294102 0.13183294 1.492
0.16553411 0.13183294 1.492
0.16812718 0.13183294 1.492
0.17072026 0.13183294 1.492
0.17331335 0.13183294 1.492
0.17590643 0.13183294 1.492
0.17849952 0.13183294 1.492
0.18109259 0.13183294 1.492
0.18405502 0.13209802 1.495
0.18665332 0.13209802 1.495
0.18925162 0.13209802 1.495
0.1918499 0.13209802 1.495
0.1944482 0.13209802 1.495
0.1970465 0.13209802 1.495
0.19964479 0.13209802 1.495
-0.19921817 0.1355973 1.505
-0.19660249 0.1355973 1.505
-0.19398682 0.1355973 1.505
-0.19137114 0.1355973 1.505
-0.18875547 0.1355973 1.505
-0.18613979 0.1355973 1.505
-0.18352412 0.1355973 1.505
-0.18090844 0.1355973 1.505
-0.17829277 0.1355973 1.505
-0.17567709 0.1355973 1.505
-0.17306142 0.1355973 1.505
-0.17044574 0.1355973 1.505
-0.16783006 0.1355973 1.505
-0.16521439 0.1355973 1.505
-0.16259871 0.1355973 1.505
-0.15998304 0.1355973 1.505
-0.15736736 0.1355973 1.505
-0.15475169 0.1355973 1.505
-0.15213601 0.1355973 1.505
-0.14952034 0.1355973 1.505
-0.14690466 0.1355973 1.505
-0.14428899 0.1355973 1.505
-0.14167331 0.1355973 1.505
-0.13878043 0.135327 1.502
-0.13616997 0.135327 1.502
-0.13355951 0.135327 1.502
-0.13094905 0.135327 1.502
-0.12833859 0.135327 1.502
-0.12572813 0.135327 1.502
-0.12311767 0.135327 1.502
-0.1205072 0.135327 1.502
-0.11789674 0.135327 1.502
-0.11497927 0.13496661 1.498
-0.11237576 0.13496661 1.498
-0.10977224 0.13496661 1.498
-0.10716873 0.13496661 1.498
-0.10456523 0.13496661 1.498
-0.10175752 0.13469632 1.495
-0.099159226 0.13469632 1.495
-0.096560925 0.13469632 1.495
-0.093962632 0.13469632 1.495
-0.091364339 0.13469632 1.495
-0.088766038 0.13469632 1.495
-0.086167745 0.13469632 1.495
-0.083569445 0.13469632 1.495
-0.080971152 0.13469632 1.495
-0.078372858 0.13469632 1.495
-0.075774558 0.13469632 1.495
-0.073176265 0.13469632 1.495
-0.070577972 0.13469632 1.495
-0.067979671 0.13469632 1.495
-0.065381378 0.13469632 1.495
-0.062783085 0.13469632 1.495
-0.060184784 0.13469632 1.495
-0.057586491 0.13469632 1.495
-0.054988194 0.13469632 1.495
-0.052389897 0.13469632 1.495
-0.049691685 0.13442603 1.492
-0.047193307 0.13469632 1.495
-0.044595011 0.13469632 1.495
-0.041996714 0.13469632 1.495
-0.039398421 0.13469632 1.495
-0.036800124 0.13469632 1.495
-0.034201827 0.13469632 1.495
-0.03160353 0.13469632 1.495
-0.029005237 0.13469632 1.495
-0.02640694 0.13469632 1.495
-0.023808645 0.13469632 1.495
-0.021210348 0.13469632 1.495
-0.018612053 0.13469632 1.495
-0.016013756 0.13469632 1.495
-0.013415461 0.13469632 1.495
-0.010838872 0.13496661 1.498
-0.0082353624 0.13496661 1.498
-0.0056318524 0.13496661 1.498
-0.0030364289 0.135327 1.502
-0.0004259673 0.135327 1.502
0.0021844944 0.135327 1.502
0.0047949562 0.135327 1.502
0.007405418 0.135327 1.502
0.0099892067 0.13496661 1.498
0.012592716 0.13496661 1.498
0.015165793 0.13469632 1.495
0.017764088 0.13469632 1.495
0.020362385 0.13469632 1.495
0.02296068 0.13469632 1.495
0.025558976 0.13469632 1.495
0.028157271 0.13469632 1.495
0.030755568 0.13469632 1.495
0.033353865 0.13469632 1.495
0.035952158 0.13469632 1.495
0.038550455 0.13469632 1.495
0.041148752 0.13469632 1.495
0.043747045 0.13469632 1.495
0.04625234 0.13442603 1.492
0.048845422 0.13442603 1.492
0.051438507 0.13442603 1.492
0.054031588 0.13442603 1.492
0.05662467 0.13442603 1.492
0.059217751 0.13442603 1.492
0.061810832 0.13442603 1.492
0.064403914 0.13442603 1.492
0.066996999 0.13442603 1.492
0.069590077 0.13442603 1.492
0.072183162 0.13442603 1.492
0.0749266 0.13469632 1.495
0.077524893 0.13469632 1.495
0.080123186 0.13469632 1.495
0.082887478 0.13496661 1.498
0.085490994 0.13496661 1.498
0.088094503 0.13496661 1.498
0.090698011 0.13496661 1.498
0.093550652 0.135327 1.502
0.096161112 0.135327 1.502
0.09877158 0.135327 1.502
0.10111205 0.13496661 1.498
0.10350785 0.13469632 1.495
0.10610615 0.13469632 1.495
0.10870444 0.13469632 1.495
0.11130274 0.13469632 1.495
0.11390103 0.13469632 1.495
0.11626555 0.13442603 1.492
0.11885864 0.13442603 1.492
0.12145171 0.13442603 1.492
0.12429421 0.13469632 1.495
0.12689251 0.13469632 1.495
0.12949081 0.13469632 1.495
0.13208911 0.13469632 1.495
0.13468739 0.13469632 1.495
0.13728569 0.13469632 1.495
0.139884 0.13469632 1.495
0.14248228 0.13469632 1.495
0.14508058 0.13469632 1.495
0.14767888 0.13469632 1.495
0.15027718 0.13469632 1.495
0.15287547 0.13469632 1.495
0.15547377 0.13469632 1.495
0.15807207 0.13469632 1.495
0.16034794 0.13442603 1.492
0.16294102 0.13442603 1.492
0.16553411 0.13442603 1.492
0.16812718 0.13442603 1.492
0.17072026 0.13442603 1.492
0.17331335 0.13442603 1.492
0.17590643 0.13442603 1.492
0.17849952 0.13442603 1.492
0.18109259 0.13442603 1.492
0.18368568 0.13442603 1.492
0.18665332 0.13469632 1.495
0.18925162 0.13469632 1.495
0.1918499 0.13469632 1.495
0.1944482 0.13469632 1.495
0.1970465 0.13469632 1.495
0.19964479 0.13469632 1.495
-0.19882105 0.13793747 1.502
-0.19621059 0.13793747 1.502
-0.19360013 0.13793747 1.502
-0.19137114 0.13821298 1.505
-0.18875547 0.13821298 1.505
-0.18613979 0.13821298 1.505
-0.18352412 0.13821298 1.505
-0.18090844 0.13821298 1.505
-0.17793736 0.13793747 1.502
-0.17567709 0.13821298 1.505
-0.17306142 0.13821298 1.505
-0.17044574 0.13821298 1.505
-0.16783006 0.13821298 1.505
-0.16521439 0.13821298 1.505
-0.16259871 0.13821298 1.505
-0.15998304 0.13821298 1.505
-0.15736736 0.13821298 1.505
-0.15475169 0.13821298 1.505
-0.15213601 0.13821298 1.505
-0.14952034 0.13821298 1.505
-0.14690466 0.13821298 1.505
-0.14428899 0.13821298 1.505
-0.14167331 0.13821298 1.505
-0.13905764 0.13821298 1.505
-0.13616997 0.13793747 1.502
-0.13355951 0.13793747 1.502
-0.13094905 0.13793747 1.502
-0.12833859 0.13793747 1.502
-0.12572813 0.13793747 1.502
-0.12311767 0.13793747 1.502
-0.1205072 0.13793747 1.502
-0.11789674 0.13793747 1.502
-0.11528628 0.13793747 1.502
-0.11237576 0.13757013 1.498
-0.10977224 0.13757013 1.498
-0.10716873 0.13757013 1.498
-0.10456523 0.13757013 1.498
-0.10175752 0.13729462 1.495
-0.099159226 0.13729462 1.495
-0.096560925 0.13729462 1.495
-0.093962632 0.13729462 1.495
-0.091364339 0.13729462 1.495
-0.088766038 0.13729462 1.495
-0.086167745 0.13729462 1.495
-0.083569445 0.13729462 1.495
-0.080971152 0.13729462 1.495
-0.078372858 0.13729462 1.495
-0.075774558 0.13729462 1.495
-0.073176265 0.13729462 1.495
-0.070577972 0.13729462 1.495
-0.067979671 0.13729462 1.495
-0.065381378 0.13729462 1.495
-0.062783085 0.13729462 1.495
-0.060184784 0.13729462 1.495
-0.057586491 0.13729462 1.495
-0.054988194 0.13729462 1.495
-0.052389897 0.13729462 1.495
-0.049691685 0.13701911 1.492
-0.047193307 0.13729462 1.495
-0.044595011 0.13729462 1.495
-0.041996714 0.13729462 1.495
-0.039398421 0.13729462 1.495
-0.036800124 0.13729462 1.495
-0.034201827 0.13729462 1.495
-0.03160353 0.13729462 1.495
-0.029005237 0.13729462 1.495
-0.02640694 0.13729462 1.495
-0.023808645 0.13729462 1.495
-0.021210348 0.13729462 1.495
-0.018612053 0.13729462 1.495
-0.016013756 0.13729462 1.495
-0.013415461 0.13729462 1.495
-0.010838872 0.13757013 1.498
-0.0082353624 0.13757013 1.498
-0.0056318524 0.13757013 1.498
-0.0030364289 0.13793747 1.502
-0.0004259673 0.13793747 1.502
0.0021844944 0.13793747 1.502
0.0047949562 0.13793747 1.502
0.007405418 0.13793747 1.502
0.0099892067 0.13757013 1.498
0.012592716 0.13757013 1.498
0.015165793 0.13729462 1.495
0.017764088 0.13729462 1.495
0.020362385 0.13729462 1.495
0.02296068 0.13729462 1.495
0.025558976 0.13729462 1.495
0.028100768 0.13701911 1.492
0.03069385 0.13701911 1.492
0.033286933 0.13701911 1.492
0.035880014 0.13701911 1.492
0.038473096 0.13701911 1.492
0.041148752 0.13729462 1.495
0.043659259 0.13701911 1.492
0.04625234 0.13701911 1.492
0.048845422 0.13701911 1.492
0.051438507 0.13701911 1.492
0.054031588 0.13701911 1.492
0.05662467 0.13701911 1.492
0.059217751 0.13701911 1.492
0.061810832 0.13701911 1.492
0.064403914 0.13701911 1.492
0.066996999 0.13701911 1.492
0.069590077 0.13701911 1.492
0.072183162 0.13701911 1.492
0.0749266 0.13729462 1.495
0.077524893 0.13729462 1.495
0.080123186 0.13729462 1.495
0.082887478 0.13757013 1.498
0.085490994 0.13757013 1.498
0.088094503 0.13757013 1.498
0.090698011 0.13757013 1.498
0.09330152 0.13757013 1.498
0.095905028 0.13757013 1.498
0.098508537 0.13757013 1.498
0.10111205 0.13757013 1.498
0.10350785 0.13729462 1.495
0.10610615 0.13729462 1.495
0.10870444 0.13729462 1.495
0.11130274 0.13729462 1.495
0.11367247 0.13701911 1.492
0.11626555 0.13701911 1.492
0.11885864 0.13701911 1.492
0.12145171 0.13701911 1.492
0.12429421 0.13729462 1.495
0.12689251 0.13729462 1.495
0.12949081 0.13729462 1.495
0.13208911 0.13729462 1.495
0.13468739 0.13729462 1.495
0.13728569 0.13729462 1.495
0.139884 0.13729462 1.495
0.14248228 0.13729462 1.495
0.14508058 0.13729462 1.495
0.14767888 0.13729462 1.495
0.15027718 0.13729462 1.495
0.15287547 0.13729462 1.495
0.15547377 0.13729462 1.495
0.15807207 0.13729462 1.495
0.16067035 0.13729462 1.495
0.16326866 0.13729462 1.495
0.16586696 0.13729462 1.495
0.16846524 0.13729462 1.495
0.17106354 0.13729462 1.495
0.17331335 0.13701911 1.492
0.17590643 0.13701911 1.492
0.17849952 0.13701911 1.492
0.18109259 0.13701911 1.492
0.18368568 0.13701911 1.492
0.18627876 0.13701911 1.492
0.18925162 0.13729462 1.495
0.1918499 0.13729462 1.495
0.1944482 0.13729462 1.495
0.1970465 0.13729462 1.495
0.19964479 0.13729462 1.495
-0.19882105 0.14054793 1.502
-0.19621059 0.14054793 1.502
-0.19360013 0.14054793 1.502
-0.19098967 0.14054793 1.502
-0.18875547 0.14082865 1.505
-0.18576875 0.14054793 1.502
-0.18315829 0.14054793 1.502
-0.18054782 0.14054793 1.502
-0.17793736 0.14054793 1.502
-0.1753269 0.14054793 1.502
-0.17271644 0.14054793 1.502
-0.17010598 0.14054793 1.502
-0.16783006 0.14082865 1.505
-0.16521439 0.14082865 1.505
-0.16259871 0.14082865 1.505
-0.15998304 0.14082865 1.505
-0.15736736 0.14082865 1.505
-0.15475169 0.14082865 1.505
-0.15213601 0.14082865 1.505
-0.14952034 0.14082865 1.505
-0.14690466 0.14082865 1.505
-0.14428899 0.14082865 1.505
-0.14167331 0.14082865 1.505
-0.13905764 0.14082865 1.505
-0.13616997 0.14054793 1.502
-0.13355951 0.14054793 1.502
-0.13094905 0.14054793 1.502
-0.12833859 0.14054793 1.502
-0.12572813 0.14054793 1.502
-0.12311767 0.14054793 1.502
-0.1205072 0.14054793 1.502
-0.11789674 0.14054793 1.502
-0.11528628 0.14054793 1.502
-0.11267582 0.14054793 1.502
-0.10977224 0.14017363 1.498
-0.10716873 0.14017363 1.498
-0.10456523 0.14017363 1.498
-0.10175752 0.13989291 1.495
-0.099159226 0.13989291 1.495
-0.096560925 0.13989291 1.495
-0.093962632 0.13989291 1.495
-0.091364339 0.13989291 1.495
-0.088766038 0.13989291 1.495
-0.086167745 0.13989291 1.495
-0.083569445 0.13989291 1.495
-0.080971152 0.13989291 1.495
-0.078372858 0.13989291 1.495
-0.075774558 0.13989291 1.495
-0.073176265 0.13989291 1.495
-0.070577972 0.13989291 1.495
-0.067979671 0.13989291 1.495
-0.065381378 0.13989291 1.495
-0.062783085 0.13989291 1.495
-0.060184784 0.13989291 1.495
-0.057586491 0.13989291 1.495
-0.054988194 0.13989291 1.495
-0.052389897 0.13989291 1.495
-0.049691685 0.13961218 1.492
-0.047193307 0.13989291 1.495
-0.044595011 0.13989291 1.495
-0.041996714 0.13989291 1.495
-0.039398421 0.13989291 1.495
-0.036800124 0.13989291 1.495
-0.034201827 0.13989291 1.495
-0.03160353 0.13989291 1.495
-0.029005237 0.13989291 1.495
-0.02640694 0.13989291 1.495
-0.023808645 0.13989291 1.495
-0.021210348 0.13989291 1.495
-0.018612053 0.13989291 1.495
-0.016013756 0.13989291 1.495
-0.013415461 0.13989291 1.495
-0.010817165 0.13989291 1.495
-0.0082353624 0.14017363 1.498
-0.0056318524 0.14017363 1.498
-0.0030283427 0.14017363 1.498
-0.0004259673 0.14054793 1.502
0.0021844944 0.14054793 1.502
0.0047949562 0.14054793 1.502
0.0073856968 0.14017363 1.498
0.0099892067 0.14017363 1.498
0.012592716 0.14017363 1.498
0.015165793 0.13989291 1.495
0.017764088 0.13989291 1.495
0.020362385 0.13989291 1.495
0.02296068 0.13989291 1.495
0.025507687 0.13961218 1.492
0.028100768 0.13961218 1.492
0.03069385 0.13961218 1.492
0.033286933 0.13961218 1.492
0.035880014 0.13961218 1.492
0.038473096 0.13961218 1.492
0.041066177 0.13961218 1.492
0.043659259 0.13961218 1.492
0.04625234 0.13961218 1.492
0.048845422 0.13961218 1.492
0.051438507 0.13961218 1.492
0.054031588 0.13961218 1.492
0.05662467 0.13961218 1.492
0.059217751 0.13961218 1.492
0.061810832 0.13961218 1.492
0.064403914 0.13961218 1.492
0.066996999 0.13961218 1.492
0.069590077 0.13961218 1.492
0.072183162 0.13961218 1.492
0.0749266 0.13989291 1.495
0.077524893 0.13989291 1.495
0.080123186 0.13989291 1.495
0.082887478 0.14017363 1.498
0.085490994 0.14017363 1.498
0.088094503 0.14017363 1.498
0.090698011 0.14017363 1.498
0.09330152 0.14017363 1.498
0.095905028 0.14017363 1.498
0.098508537 0.14017363 1.498
0.10111205 0.14017363 1.498
0.10350785 0.13989291 1.495
0.10610615 0.13989291 1.495
0.10870444 0.13989291 1.495
0.11107939 0.13961218 1.492
0.11367247 0.13961218 1.492
0.11626555 0.13961218 1.492
0.11885864 0.13961218 1.492
0.12145171 0.13961218 1.492
0.12429421 0.13989291 1.495
0.12689251 0.13989291 1.495
0.12949081 0.13989291 1.495
0.13208911 0.13989291 1.495
0.13468739 0.13989291 1.495
0.13728569 0.13989291 1.495
0.139884 0.13989291 1.495
0.14248228 0.13989291 1.495
0.14508058 0.13989291 1.495
0.14767888 0.13989291 1.495
0.15027718 0.13989291 1.495
0.15287547 0.13989291 1.495
0.15547377 0.13989291 1.495
0.15807207 0.13989291 1.495
0.16067035 0.13989291 1.495
0.16326866 0.13989291 1.495
0.16586696 0.13989291 1.495
0.16846524 0.13989291 1.495
0.17106354 0.13989291 1.495
0.17366184 0.13989291 1.495
0.17590643 0.13961218 1.492
0.17849952 0.13961218 1.492
0.18109259 0.13961218 1.492
0.18368568 0.13961218 1.492
0.18627876 0.13961218 1.492
0.18925162 0.13989291 1.495
0.1918499 0.13989291 1.495
0.1944482 0.13989291 1.495
0.1970465 0.13989291 1.495
0.19964479 0.13989291 1.495
-0.19882105 0.14315839 1.502
-0.19621059 0.14315839 1.502
-0.19360013 0.14315839 1.502
-0.19098967 0.14315839 1.502
-0.18837921 0.14315839 1.502
-0.18576875 0.14315839 1.502
-0.18315829 0.14315839 1.502
-0.18054782 0.14315839 1.502
-0.17793736 0.14315839 1.502
-0.1753269 0.14315839 1.502
-0.17271644 0.14315839 1.502
-0.17010598 0.14315839 1.502
-0.16783006 0.14344433 1.505
-0.16521439 0.14344433 1.505
-0.16259871 0.14344433 1.505
-0.15998304 0.14344433 1.505
-0.15736736 0.14344433 1.505
-0.15475169 0.14344433 1.505
-0.15213601 0.14344433 1.505
-0.14952034 0.14344433 1.505
-0.14690466 0.14344433 1.505
-0.14428899 0.14344433 1.505
-0.14167331 0.14344433 1.505
-0.13905764 0.14344433 1.505
-0.13644196 0.14344433 1.505
-0.13355951 0.14315839 1.502
-0.13094905 0.14315839 1.502
-0.12833859 0.14315839 1.502
-0.12572813 0.14315839 1.502
-0.12311767 0.14315839 1.502
-0.1205072 0.14315839 1.502
-0.11789674 0.14315839 1.502
-0.11528628 0.14315839 1.502
-0.11267582 0.14315839 1.502
-0.11006536 0.14315839 1.502
-0.10716873 0.14277714 1.498
-0.10456523 0.14277714 1.498
-0.10196172 0.14277714 1.498
-0.099159226 0.14249121 1.495
-0.096560925 0.14249121 1.495
-0.093962632 0.14249121 1.495
-0.091364339 0.14249121 1.495
-0.088766038 0.14249121 1.495
-0.086167745 0.14249121 1.495
-0.083569445 0.14249121 1.495
-0.080971152 0.14249121 1.495
-0.078372858 0.14249121 1.495
-0.075774558 0.14249121 1.495
-0.073176265 0.14249121 1.495
-0.070577972 0.14249121 1.495
-0.067979671 0.14249121 1.495
-0.065381378 0.14249121 1.495
-0.062783085 0.14249121 1.495
-0.060184784 0.14249121 1.495
-0.057586491 0.14249121 1.495
-0.054988194 0.14249121 1.495
-0.052389897 0.14249121 1.495
-0.049791604 0.14249121 1.495
-0.047193307 0.14249121 1.495
-0.044595011 0.14249121 1.495
-0.041996714 0.14249121 1.495
-0.039398421 0.14249121 1.495
-0.036800124 0.14249121 1.495
-0.034270462 0.14277714 1.498
-0.031666949 0.14277714 1.498
-0.029005237 0.14249121 1.495
-0.02640694 0.14249121 1.495
-0.023808645 0.14249121 1.495
-0.021210348 0.14249121 1.495
-0.018612053 0.14249121 1.495
-0.016013756 0.14249121 1.495
-0.013415461 0.14249121 1.495
-0.010817165 0.14249121 1.495
-0.0082188696 0.14249121 1.495
-0.0056318524 0.14277714 1.498
-0.0030283427 0.14277714 1.498
-0.00042483292 0.14277714 1.498
0.0021844944 0.14315839 1.502
0.0047821868 0.14277714 1.498
0.0073856968 0.14277714 1.498
0.0099892067 0.14277714 1.498
0.012592716 0.14277714 1.498
0.015165793 0.14249121 1.495
0.017764088 0.14249121 1.495
0.020362385 0.14249121 1.495
0.022914605 0.14220527 1.492
0.025507687 0.14220527 1.492
0.028100768 0.14220527 1.492
0.03069385 0.14220527 1.492
0.033286933 0.14220527 1.492
0.035880014 0.14220527 1.492
0.038473096 0.14220527 1.492
0.041066177 0.14220527 1.492
0.043659259 0.14220527 1.492
0.04625234 0.14220527 1.492
0.048845422 0.14220527 1.492
0.051438507 0.14220527 1.492
0.054031588 0.14220527 1.492
0.05662467 0.14220527 1.492
0.059217751 0.14220527 1.492
0.061810832 0.14220527 1.492
0.064403914 0.14220527 1.492
0.066996999 0.14220527 1.492
0.069590077 0.14220527 1.492
0.072183162 0.14220527 1.492
0.0749266 0.14249121 1.495
0.077524893 0.14249121 1.495
0.080123186 0.14249121 1.495
0.082887478 0.14277714 1.498
0.085490994 0.14277714 1.498
0.088094503 0.14277714 1.498
0.090698011 0.14277714 1.498
0.09330152 0.14277714 1.498
0.095905028 0.14277714 1.498
0.098508537 0.14277714 1.498
0.10111205 0.14277714 1.498
0.10350785 0.14249121 1.495
0.10610615 0.14249121 1.495
0.1084863 0.14220527 1.492
0.11107939 0.14220527 1.492
0.11367247 0.14220527 1.492
0.11626555 0.14220527 1.492
0.11885864 0.14220527 1.492
0.12145171 0.14220527 1.492
0.12429421 0.14249121 1.495
0.12689251 0.14249121 1.495
0.12949081 0.14249121 1.495
0.13208911 0.14249121 1.495
0.13468739 0.14249121 1.495
0.13728569 0.14249121 1.495
0.139884 0.14249121 1.495
0.14248228 0.14249121 1.495
0.14508058 0.14249121 1.495
0.14767888 0.14249121 1.495
0.15027718 0.14249121 1.495
0.15287547 0.14249121 1.495
0.15547377 0.14249121 1.495
0.15807207 0.14249121 1.495
0.16067035 0.14249121 1.495
0.16326866 0.14249121 1.495
0.16586696 0.14249121 1.495
0.16846524 0.14249121 1.495
0.17106354 0.14249121 1.495
0.17366184 0.14249121 1.495
0.17626013 0.14249121 1.495
0.17849952 0.14220527 1.492
0.18109259 0.14220527 1.492
0.18368568 0.14220527 1.492
0.18627876 0.14220527 1.492
0.18925162 0.14249121 1.495
0.1918499 0.14249121 1.495
0.1944482 0.14249121 1.495
0.1970465 0.14249121 1.495
0.19964479 0.14249121 1.495
-0.19882105 0.14576885 1.502
-0.19621059 0.14576885 1.502
-0.19360013 0.14576885 1.502
-0.19098967 0.14576885 1.502
-0.18837921 0.14576885 1.502
-0.18576875 0.14576885 1.502
-0.18315829 0.14576885 1.502
-0.18054782 0.14576885 1.502
-0.17793736 0.14576885 1.502
-0.1753269 0.14576885 1.502
-0.17271644 0.14576885 1.502
-0.17010598 0.14576885 1.502
-0.16783006 0.14606 1.505
-0.16521439 0.14606 1.505
-0.16259871 0.14606 1.505
-0.15998304 0.14606 1.505
-0.15736736 0.14606 1.505
-0.15475169 0.14606 1.505
-0.15213601 0.14606 1.505
-0.14952034 0.14606 1.505
-0.14690466 0.14606 1.505
-0.14428899 0.14606 1.505
-0.14167331 0.14606 1.505
-0.13905764 0.14606 1.505
-0.13644196 0.14606 1.505
-0.13355951 0.14576885 1.502
-0.13094905 0.14576885 1.502
-0.12833859 0.14576885 1.502
-0.12572813 0.14576885 1.502
-0.12311767 0.14576885 1.502
-0.1205072 0.14576885 1.502
-0.11789674 0.14576885 1.502
-0.11528628 0.14576885 1.502
-0.11267582 0.14576885 1.502
-0.11006536 0.14576885 1.502
-0.1074549 0.14576885 1.502
-0.10456523 0.14538066 1.498
-0.10196172 0.14538066 1.498
-0.099358208 0.14538066 1.498
-0.096560925 0.14508951 1.495
-0.093962632 0.14508951 1.495
-0.091364339 0.14508951 1.495
-0.088766038 0.14508951 1.495
-0.086167745 0.14508951 1.495
-0.083569445 0.14508951 1.495
-0.080971152 0.14508951 1.495
-0.078372858 0.14508951 1.495
-0.075774558 0.14508951 1.495
-0.073176265 0.14508951 1.495
-0.070577972 0.14508951 1.495
-0.067979671 0.14508951 1.495
-0.065381378 0.14508951 1.495
-0.062783085 0.14508951 1.495
-0.060184784 0.14508951 1.495
-0.057586491 0.14508951 1.495
-0.054988194 0.14508951 1.495
-0.052389897 0.14508951 1.495
-0.049791604 0.14508951 1.495
-0.047193307 0.14508951 1.495
-0.044595011 0.14508951 1.495
-0.041996714 0.14508951 1.495
-0.039398421 0.14508951 1.495
-0.03687397 0.14538066 1.498
-0.034270462 0.14538066 1.498
-0.031666949 0.14538066 1.498
-0.029063441 0.14538066 1.498
-0.02640694 0.14508951 1.495
-0.023808645 0.14508951 1.495
-0.021210348 0.14508951 1.495
-0.018612053 0.14508951 1.495
-0.016013756 0.14508951 1.495
-0.013415461 0.14508951 1.495
-0.010817165 0.14508951 1.495
-0.0082188696 0.14508951 1.495
-0.0056205736 0.14508951 1.495
-0.0030283427 0.14538066 1.498
-0.00042483292 0.14538066 1.498
0.0021786769 0.14538066 1.498
0.0047821868 0.14538066 1.498
0.0073856968 0.14538066 1.498
0.0099892067 0.14538066 1.498
0.012592716 0.14538066 1.498
0.015165793 0.14508951 1.495
0.017764088 0.14508951 1.495
0.020321524 0.14479835 1.492
0.022914605 0.14479835 1.492
0.025507687 0.14479835 1.492
0.028100768 0.14479835 1.492
0.03069385 0.14479835 1.492
0.033286933 0.14479835 1.492
0.035880014 0.14479835 1.492
0.038473096 0.14479835 1.492
0.041066177 0.14479835 1.492
0.043659259 0.14479835 1.492
0.04625234 0.14479835 1.492
0.048845422 0.14479835 1.492
0.051438507 0.14479835 1.492
0.054031588 0.14479835 1.492
0.05662467 0.14479835 1.492
0.059217751 0.14479835 1.492
0.061810832 0.14479835 1.492
0.064403914 0.14479835 1.492
0.066996999 0.14479835 1.492
0.069590077 0.14479835 1.492
0.072183162 0.14479835 1.492
0.0749266 0.14508951 1.495
0.077524893 0.14508951 1.495
0.080123186 0.14508951 1.495
0.082887478 0.14538066 1.498
0.085490994 0.14538066 1.498
0.088094503 0.14538066 1.498
0.090698011 0.14538066 1.498
0.09330152 0.14538066 1.498
0.095905028 0.14538066 1.498
0.098508537 0.14538066 1.498
0.10090955 0.14508951 1.495
0.10350785 0.14508951 1.495
0.10589322 0.14479835 1.492
0.1084863 0.14479835 1.492
0.11107939 0.14479835 1.492
0.11367247 0.14479835 1.492
0.11626555 0.14479835 1.492
0.11885864 0.14479835 1.492
0.12169592 0.14508951 1.495
0.12429421 0.14508951 1.495
0.12689251 0.14508951 1.495
0.12949081 0.14508951 1.495
0.13208911 0.14508951 1.495
0.13468739 0.14508951 1.495
0.13728569 0.14508951 1.495
0.139884 0.14508951 1.495
0.14248228 0.14508951 1.495
0.14508058 0.14508951 1.495
0.14767888 0.14508951 1.495
0.15027718 0.14508951 1.495
0.15287547 0.14508951 1.495
0.15547377 0.14508951 1.495
0.15807207 0.14508951 1.495
0.16067035 0.14508951 1.495
0.16326866 0.14508951 1.495
0.16586696 0.14508951 1.495
0.16846524 0.14508951 1.495
0.17106354 0.14508951 1.495
0.17366184 0.14508951 1.495
0.17626013 0.14508951 1.495
0.17849952 0.14479835 1.492
0.18109259 0.14479835 1.492
0.18368568 0.14479835 1.492
0.18627876 0.14479835 1.492
0.18925162 0.14508951 1.495
0.1918499 0.14508951 1.495
0.1944482 0.14508951 1.495
0.1970465 0.14508951 1.495
0.19964479 0.14508951 1.495
-0.19882105 0.14837931 1.502
-0.19621059 0.14837931 1.502
-0.19360013 0.14837931 1.502
-0.19098967 0.14837931 1.502
-0.18837921 0.14837931 1.502
-0.18576875 0.14837931 1.502
-0.18315829 0.14837931 1.502
-0.18054782 0.14837931 1.502
-0.17793736 0.14837931 1.502
-0.1753269 0.14837931 1.502
-0.17271644 0.14837931 1.502
-0.17010598 0.14837931 1.502
-0.16749552 0.14837931 1.502
-0.16521439 0.14867568 1.505
-0.16259871 0.14867568 1.505
-0.15998304 0.14867568 1.505
-0.15736736 0.14867568 1.505
-0.15475169 0.14867568 1.505
-0.15243927 0.14897205 1.508
-0.14952034 0.14867568 1.505
-0.14690466 0.14867568 1.505
-0.14428899 0.14867568 1.505
-0.14167331 0.14867568 1.505
-0.13905764 0.14867568 1.505
-0.13616997 0.14837931 1.502
-0.13355951 0.14837931 1.502
-0.13094905 0.14837931 1.502
-0.12833859 0.14837931 1.502
-0.12572813 0.14837931 1.502
-0.12311767 0.14837931 1.502
-0.1205072 0.14837931 1.502
-0.11789674 0.14837931 1.502
-0.11528628 0.14837931 1.502
-0.11267582 0.14837931 1.502
-0.11006536 0.14837931 1.502
-0.1074549 0.14837931 1.502
-0.10456523 0.14798416 1.498
-0.10196172 0.14798416 1.498
-0.099358208 0.14798416 1.498
-0.0967547 0.14798416 1.498
-0.093962632 0.14768779 1.495
-0.091364339 0.14768779 1.495
-0.088766038 0.14768779 1.495
-0.086167745 0.14768779 1.495
-0.083569445 0.14768779 1.495
-0.080971152 0.14768779 1.495
-0.078372858 0.14768779 1.495
-0.075774558 0.14768779 1.495
-0.073176265 0.14768779 1.495
-0.070577972 0.14768779 1.495
-0.067979671 0.14768779 1.495
-0.065381378 0.14768779 1.495
-0.062783085 0.14768779 1.495
-0.060184784 0.14768779 1.495
-0.057586491 0.14768779 1.495
-0.054988194 0.14768779 1.495
-0.052389897 0.14768779 1.495
-0.049791604 0.14768779 1.495
-0.047193307 0.14768779 1.495
-0.044595011 0.14768779 1.495
-0.041996714 0.14768779 1.495
-0.039477479 0.14798416 1.498
-0.03687397 0.14798416 1.498
-0.034270462 0.14798416 1.498
-0.031666949 0.14798416 1.498
-0.029063441 0.14798416 1.498
-0.02645993 0.14798416 1.498
-0.023808645 0.14768779 1.495
-0.021210348 0.14768779 1.495
-0.018612053 0.14768779 1.495
-0.016013756 0.14768779 1.495
-0.013415461 0.14768779 1.495
-0.010817165 0.14768779 1.495
-0.0082188696 0.14768779 1.495
-0.0056205736 0.14768779 1.495
-0.003022278 0.14768779 1.495
-0.00042483292 0.14798416 1.498
0.0021786769 0.14798416 1.498
0.0047821868 0.14798416 1.498
0.0073856968 0.14798416 1.498
0.0099892067 0.14798416 1.498
0.012567497 0.14768779 1.495
0.015165793 0.14768779 1.495
0.017764088 0.14768779 1.495
0.020321524 0.14739144 1.492
0.022914605 0.14739144 1.492
0.025507687 0.14739144 1.492
0.028100768 0.14739144 1.492
0.03069385 0.14739144 1.492
0.033286933 0.14739144 1.492
0.035880014 0.14739144 1.492
0.038473096 0.14739144 1.492
0.041066177 0.14739144 1.492
0.043659259 0.14739144 1.492
0.04625234 0.14739144 1.492
0.048845422 0.14739144 1.492
0.051438507 0.14739144 1.492
0.054031588 0.14739144 1.492
0.05662467 0.14739144 1.492
0.059217751 0.14739144 1.492
0.061810832 0.14739144 1.492
0.064403914 0.14739144 1.492
0.066996999 0.14739144 1.492
0.069590077 0.14739144 1.492
0.072183162 0.14739144 1.492
0.0749266 0.14768779 1.495
0.077524893 0.14768779 1.495
0.080123186 0.14768779 1.495
0.082887478 0.14798416 1.498
0.085490994 0.14798416 1.498
0.088094503 0.14798416 1.498
0.090698011 0.14798416 1.498
0.09330152 0.14798416 1.498
0.095905028 0.14798416 1.498
0.09831126 0.14768779 1.495
0.10090955 0.14768779 1.495
0.10350785 0.14768779 1.495
0.10589322 0.14739144 1.492
0.1084863 0.14739144 1.492
0.11107939 0.14739144 1.492
0.11367247 0.14739144 1.492
0.11626555 0.14739144 1.492
0.11885864 0.14739144 1.492
0.12169592 0.14768779 1.495
0.12429421 0.14768779 1.495
0.12689251 0.14768779 1.495
0.12949081 0.14768779 1.495
0.13208911 0.14768779 1.495
0.13468739 0.14768779 1.495
0.13728569 0.14768779 1.495
0.139884 0.14768779 1.495
0.14248228 0.14768779 1.495
0.14508058 0.14768779 1.495
0.14767888 0.14768779 1.495
0.15027718 0.14768779 1.495
0.15287547 0.14768779 1.495
0.15547377 0.14768779 1.495
0.15807207 0.14768779 1.495
0.16067035 0.14768779 1.495
0.16326866 0.14768779 1.495
0.16586696 0.14768779 1.495
0.16846524 0.14768779 1.495
0.17106354 0.14768779 1.495
0.17366184 0.14768779 1.495
0.17626013 0.14768779 1.495
0.17849952 0.14739144 1.492
0.18109259 0.14739144 1.492
0.18368568 0.14739144 1.492
0.18627876 0.14739144 1.492
0.18925162 0.14768779 1.495
0.1918499 0.14768779 1.495
0.194058 0.14739144 1.492
0.19665109 0.14739144 1.492
0.19964479 0.14768779 1.495
-0.19882105 0.15098977 1.502
-0.19568807 0.15058768 1.498
-0.19360013 0.15098977 1.502
-0.19098967 0.15098977 1.502
-0.18837921 0.15098977 1.502
-0.18576875 0.15098977 1.502
-0.18315829 0.15098977 1.502
-0.18054782 0.15098977 1.502
-0.17793736 0.15098977 1.502
-0.1753269 0.15098977 1.502
-0.17271644 0.15098977 1.502
-0.17010598 0.15098977 1.502
-0.16749552 0.15098977 1.502
-0.16521439 0.15129136 1.505
-0.16259871 0.15129136 1.505
-0.15998304 0.15129136 1.505
-0.15736736 0.15129136 1.505
-0.15475169 0.15129136 1.505
-0.15213601 0.15129136 1.505
-0.14952034 0.15129136 1.505
-0.14690466 0.15129136 1.505
-0.14428899 0.15129136 1.505
-0.14167331 0.15129136 1.505
-0.13905764 0.15129136 1.505
-0.13616997 0.15098977 1.502
-0.13355951 0.15098977 1.502
-0.13094905 0.15098977 1.502
-0.12833859 0.15098977 1.502
-0.12572813 0.15098977 1.502
-0.12311767 0.15098977 1.502
-0.1205072 0.15098977 1.502
-0.11789674 0.15098977 1.502
-0.11528628 0.15098977 1.502
-0.11267582 0.15098977 1.502
-0.11006536 0.15098977 1.502
-0.1074549 0.15098977 1.502
-0.10484444 0.15098977 1.502
-0.10196172 0.15058768 1.498
-0.099358208 0.15058768 1.498
-0.0967547 0.15058768 1.498
-0.094151184 0.15058768 1.498
-0.091547675 0.15058768 1.498
-0.088944167 0.15058768 1.498
-0.086340658 0.15058768 1.498
-0.08373715 0.15058768 1.498
-0.080971152 0.15028609 1.495
-0.078372858 0.15028609 1.495
-0.075774558 0.15028609 1.495
-0.073176265 0.15028609 1.495
-0.070577972 0.15028609 1.495
-0.067979671 0.15028609 1.495
-0.065381378 0.15028609 1.495
-0.062783085 0.15028609 1.495
-0.060184784 0.15028609 1.495
-0.057586491 0.15028609 1.495
-0.054988194 0.15028609 1.495
-0.052389897 0.15028609 1.495
-0.049791604 0.15028609 1.495
-0.047193307 0.15028609 1.495
-0.044595011 0.15028609 1.495
-0.041996714 0.15028609 1.495
-0.039477479 0.15058768 1.498
-0.03687397 0.15058768 1.498
-0.034270462 0.15058768 1.498
-0.031666949 0.15058768 1.498
-0.029063441 0.15058768 1.498
-0.02645993 0.15058768 1.498
-0.023856422 0.15058768 1.498
-0.021210348 0.15028609 1.495
-0.018612053 0.15028609 1.495
-0.016013756 0.15028609 1.495
-0.013415461 0.15028609 1.495
-0.010817165 0.15028609 1.495
-0.0082188696 0.15028609 1.495
-0.0056205736 0.15028609 1.495
-0.003022278 0.15028609 1.495
-0.00042483292 0.15058768 1.498
0.0021786769 0.15058768 1.498
0.0047821868 0.15058768 1.498
0.0073856968 0.15058768 1.498
0.0099892067 0.15058768 1.498
0.012592716 0.15058768 1.498
0.015165793 0.15028609 1.495
0.017764088 0.15028609 1.495
0.020321524 0.14998451 1.492
0.022914605 0.14998451 1.492
0.025507687 0.14998451 1.492
0.028100768 0.14998451 1.492
0.03069385 0.14998451 1.492
0.033286933 0.14998451 1.492
0.035880014 0.14998451 1.492
0.038473096 0.14998451 1.492
0.041066177 0.14998451 1.492
0.043659259 0.14998451 1.492
0.04625234 0.14998451 1.492
0.048845422 0.14998451 1.492
0.051438507 0.14998451 1.492
0.054031588 0.14998451 1.492
0.05662467 0.14998451 1.492
0.059217751 0.14998451 1.492
0.061810832 0.14998451 1.492
0.064403914 0.14998451 1.492
0.066996999 0.14998451 1.492
0.069590077 0.14998451 1.492
0.072183162 0.14998451 1.492
0.0749266 0.15028609 1.495
0.077524893 0.15028609 1.495
0.080123186 0.15028609 1.495
0.082721487 0.15028609 1.495
0.085490994 0.15058768 1.498
0.088094503 0.15058768 1.498
0.090698011 0.15058768 1.498
0.09330152 0.15058768 1.498
0.09571296 0.15028609 1.495
0.09831126 0.15028609 1.495
0.10090955 0.15028609 1.495
0.10350785 0.15028609 1.495
0.10589322 0.14998451 1.492
0.1084863 0.14998451 1.492
0.11107939 0.14998451 1.492
0.11367247 0.14998451 1.492
0.11626555 0.14998451 1.492
0.11909763 0.15028609 1.495
0.12169592 0.15028609 1.495
0.12429421 0.15028609 1.495
0.12689251 0.15028609 1.495
0.12949081 0.15028609 1.495
0.13208911 0.15028609 1.495
0.13468739 0.15028609 1.495
0.13728569 0.15028609 1.495
0.1401647 0.15058768 1.498
0.14248228 0.15028609 1.495
0.14508058 0.15028609 1.495
0.14767888 0.15028609 1.495
0.15027718 0.15028609 1.495
0.15287547 0.15028609 1.495
0.15547377 0.15028609 1.495
0.15807207 0.15028609 1.495
0.16067035 0.15028609 1.495
0.16326866 0.15028609 1.495
0.16586696 0.15028609 1.495
0.16846524 0.15028609 1.495
0.17106354 0.15028609 1.495
0.17366184 0.15028609 1.495
0.17626013 0.15028609 1.495
0.17849952 0.14998451 1.492
0.18109259 0.14998451 1.492
0.18368568 0.14998451 1.492
0.18627876 0.14998451 1.492
0.18887185 0.14998451 1.492
0.19146492 0.14998451 1.492
0.194058 0.14998451 1.492
0.19665109 0.14998451 1.492
0.19924417 0.14998451 1.492
-0.19882105 0.15360023 1.502
-0.19568807 0.15319118 1.498
-0.19360013 0.15360023 1.502
-0.19098967 0.15360023 1.502
-0.18837921 0.15360023 1.502
-0.18576875 0.15360023 1.502
-0.18315829 0.15360023 1.502
-0.18054782 0.15360023 1.502
-0.17793736 0.15360023 1.502
-0.1753269 0.15360023 1.502
-0.17271644 0.15360023 1.502
-0.17010598 0.15360023 1.502
-0.16749552 0.15360023 1.502
-0.16521439 0.15390703 1.505
-0.16259871 0.15390703 1.505
-0.15998304 0.15390703 1.505
-0.15736736 0.15390703 1.505
-0.15475169 0.15390703 1.505
-0.15213601 0.15390703 1.505
-0.14952034 0.15390703 1.505
-0.14690466 0.15390703 1.505
-0.14428899 0.15390703 1.505
-0.14167331 0.15390703 1.505
-0.13905764 0.15390703 1.505
-0.13616997 0.15360023 1.502
-0.13355951 0.15360023 1.502
-0.13094905 0.15360023 1.502
-0.12833859 0.15360023 1.502
-0.12572813 0.15360023 1.502
-0.12311767 0.15360023 1.502
-0.1205072 0.15360023 1.502
-0.11789674 0.15360023 1.502
-0.11528628 0.15360023 1.502
-0.11267582 0.15360023 1.502
-0.11006536 0.15360023 1.502
-0.1074549 0.15360023 1.502
-0.10484444 0.15360023 1.502
-0.10223398 0.15360023 1.502
-0.099358208 0.15319118 1.498
-0.0967547 0.15319118 1.498
-0.094151184 0.15319118 1.498
-0.091547675 0.15319118 1.498
-0.088944167 0.15319118 1.498
-0.086340658 0.15319118 1.498
-0.08373715 0.15319118 1.498
-0.081133634 0.15319118 1.498
-0.078530125 0.15319118 1.498
-0.075926617 0.15319118 1.498
-0.073323108 0.15319118 1.498
-0.0707196 0.15319118 1.498
-0.067979671 0.15288439 1.495
-0.065381378 0.15288439 1.495
-0.062783085 0.15288439 1.495
-0.060184784 0.15288439 1.495
-0.057586491 0.15288439 1.495
-0.054988194 0.15288439 1.495
-0.052389897 0.15288439 1.495
-0.049791604 0.15288439 1.495
-0.047193307 0.15288439 1.495
-0.044595011 0.15288439 1.495
-0.041996714 0.15288439 1.495
-0.039477479 0.15319118 1.498
-0.03687397 0.15319118 1.498
-0.034270462 0.15319118 1.498
-0.031666949 0.15319118 1.498
-0.029063441 0.15319118 1.498
-0.02645993 0.15319118 1.498
-0.023856422 0.15319118 1.498
-0.021210348 0.15288439 1.495
-0.018612053 0.15288439 1.495
-0.016013756 0.15288439 1.495
-0.013415461 0.15288439 1.495
-0.010817165 0.15288439 1.495
-0.0082188696 0.15288439 1.495
-0.0056205736 0.15288439 1.495
-0.003022278 0.15288439 1.495
-0.00042398213 0.15288439 1.495
0.0021786769 0.15319118 1.498
0.0047821868 0.15319118 1.498
0.0073856968 0.15319118 1.498
0.0099892067 0.15319118 1.498
0.012592716 0.15319118 1.498
0.015165793 0.15288439 1.495
0.017764088 0.15288439 1.495
0.020362385 0.15288439 1.495
0.022914605 0.15257759 1.492
0.025507687 0.15257759 1.492
0.028100768 0.15257759 1.492
0.03069385 0.15257759 1.492
0.033286933 0.15257759 1.492
0.035880014 0.15257759 1.492
0.038473096 0.15257759 1.492
0.041066177 0.15257759 1.492
0.043659259 0.15257759 1.492
0.04625234 0.15257759 1.492
0.048845422 0.15257759 1.492
0.051438507 0.15257759 1.492
0.054031588 0.15257759 1.492
0.05662467 0.15257759 1.492
0.059217751 0.15257759 1.492
0.061810832 0.15257759 1.492
0.064403914 0.15257759 1.492
0.066996999 0.15257759 1.492
0.069590077 0.15257759 1.492
0.072328299 0.15288439 1.495
0.0749266 0.15288439 1.495
0.077524893 0.15288439 1.495
0.080123186 0.15288439 1.495
0.082721487 0.15288439 1.495
0.085490994 0.15319118 1.498
0.088094503 0.15319118 1.498
0.090698011 0.15319118 1.498
0.093114667 0.15288439 1.495
0.09571296 0.15288439 1.495
0.09831126 0.15288439 1.495
0.10090955 0.15288439 1.495
0.10350785 0.15288439 1.495
0.10610615 0.15288439 1.495
0.1084863 0.15257759 1.492
0.11107939 0.15257759 1.492
0.11367247 0.15257759 1.492
0.11626555 0.15257759 1.492
0.11909763 0.15288439 1.495
0.12169592 0.15288439 1.495
0.12429421 0.15288439 1.495
0.12689251 0.15288439 1.495
0.12949081 0.15288439 1.495
0.13208911 0.15288439 1.495
0.13468739 0.15288439 1.495
0.13728569 0.15288439 1.495
0.1401647 0.15319118 1.498
0.14248228 0.15288439 1.495
0.14508058 0.15288439 1.495
0.14767888 0.15288439 1.495
0.15027718 0.15288439 1.495
0.15287547 0.15288439 1.495
0.15547377 0.15288439 1.495
0.15807207 0.15288439 1.495
0.16099277 0.15319118 1.498
0.16326866 0.15288439 1.495
0.16586696 0.15288439 1.495
0.16846524 0.15288439 1.495
0.17106354 0.15288439 1.495
0.17366184 0.15288439 1.495
0.17626013 0.15288439 1.495
0.17849952 0.15257759 1.492
0.18109259 0.15257759 1.492
0.18368568 0.15257759 1.492
0.18627876 0.15257759 1.492
0.18887185 0.15257759 1.492
0.19146492 0.15257759 1.492
0.194058 0.15257759 1.492
0.19665109 0.15257759 1.492
0.19924417 0.15257759 1.492
-0.19882105 0.15621069 1.502
-0.19568807 0.1557947 1.498
-0.19360013 0.15621069 1.502
-0.19098967 0.15621069 1.502
-0.18837921 0.15621069 1.502
-0.18576875 0.15621069 1.502
-0.18315829 0.15621069 1.502
-0.18054782 0.15621069 1.502
-0.17793736 0.15621069 1.502
-0.1753269 0.15621069 1.502
-0.17271644 0.15621069 1.502
-0.17010598 0.15621069 1.502
-0.16749552 0.15621069 1.502
-0.16521439 0.15652271 1.505
-0.16259871 0.15652271 1.505
-0.15998304 0.15652271 1.505
-0.15736736 0.15652271 1.505
-0.15475169 0.15652271 1.505
-0.15213601 0.15652271 1.505
-0.14952034 0.15652271 1.505
-0.14690466 0.15652271 1.505
-0.14428899 0.15652271 1.505
-0.14167331 0.15652271 1.505
-0.13905764 0.15652271 1.505
-0.13616997 0.15621069 1.502
-0.13355951 0.15621069 1.502
-0.13094905 0.15621069 1.502
-0.12833859 0.15621069 1.502
-0.12572813 0.15621069 1.502
-0.12311767 0.15621069 1.502
-0.1205072 0.15621069 1.502
-0.11789674 0.15621069 1.502
-0.11528628 0.15621069 1.502
-0.11267582 0.15621069 1.502
-0.11006536 0.15621069 1.502
-0.1074549 0.15621069 1.502
-0.10484444 0.15621069 1.502
-0.10223398 0.15621069 1.502
-0.099623509 0.15621069 1.502
-0.0967547 0.1557947 1.498
-0.094151184 0.1557947 1.498
-0.091547675 0.1557947 1.498
-0.088944167 0.1557947 1.498
-0.086340658 0.1557947 1.498
-0.08373715 0.1557947 1.498
-0.081133634 0.1557947 1.498
-0.078530125 0.1557947 1.498
-0.075926617 0.1557947 1.498
-0.073323108 0.1557947 1.498
-0.0707196 0.1557947 1.498
-0.068116091 0.1557947 1.498
-0.065381378 0.15548268 1.495
-0.062783085 0.15548268 1.495
-0.060184784 0.15548268 1.495
-0.057586491 0.15548268 1.495
-0.054988194 0.15548268 1.495
-0.052389897 0.15548268 1.495
-0.049791604 0.15548268 1.495
-0.047193307 0.15548268 1.495
-0.044595011 0.15548268 1.495
-0.041996714 0.15548268 1.495
-0.039398421 0.15548268 1.495
-0.03687397 0.1557947 1.498
-0.034270462 0.1557947 1.498
-0.031666949 0.1557947 1.498
-0.029063441 0.1557947 1.498
-0.02645993 0.1557947 1.498
-0.023808645 0.15548268 1.495
-0.021210348 0.15548268 1.495
-0.018612053 0.15548268 1.495
-0.016013756 0.15548268 1.495
-0.013415461 0.15548268 1.495
-0.010817165 0.15548268 1.495
-0.0082188696 0.15548268 1.495
-0.0056205736 0.15548268 1.495
-0.003022278 0.15548268 1.495
-0.00042398213 0.15548268 1.495
0.0021786769 0.1557947 1.498
0.0047821868 0.1557947 1.498
0.0073856968 0.1557947 1.498
0.0099892067 0.1557947 1.498
0.012592716 0.1557947 1.498
0.015165793 0.15548268 1.495
0.017764088 0.15548268 1.495
0.020362385 0.15548268 1.495
0.02296068 0.15548268 1.495
0.025558976 0.15548268 1.495
0.028157271 0.15548268 1.495
0.030755568 0.15548268 1.495
0.033286933 0.15517068 1.492
0.035880014 0.15517068 1.492
0.038473096 0.15517068 1.492
0.041066177 0.15517068 1.492
0.043659259 0.15517068 1.492
0.04625234 0.15517068 1.492
0.048845422 0.15517068 1.492
0.051438507 0.15517068 1.492
0.054031588 0.15517068 1.492
0.05662467 0.15517068 1.492
0.059217751 0.15517068 1.492
0.061810832 0.15517068 1.492
0.064403914 0.15517068 1.492
0.066996999 0.15517068 1.492
0.069730006 0.15548268 1.495
0.072328299 0.15548268 1.495
0.0749266 0.15548268 1.495
0.077524893 0.15548268 1.495
0.080123186 0.15548268 1.495
0.082721487 0.15548268 1.495
0.085490994 0.1557947 1.498
0.088094503 0.1557947 1.498
0.090698011 0.1557947 1.498
0.093114667 0.15548268 1.495
0.09571296 0.15548268 1.495
0.09831126 0.15548268 1.495
0.10090955 0.15548268 1.495
0.10350785 0.15548268 1.495
0.10610615 0.15548268 1.495
0.1084863 0.15517068 1.492
0.11107939 0.15517068 1.492
0.11367247 0.15517068 1.492
0.11626555 0.15517068 1.492
0.11909763 0.15548268 1.495
0.12169592 0.15548268 1.495
0.12429421 0.15548268 1.495
0.12689251 0.15548268 1.495
0.12949081 0.15548268 1.495
0.13208911 0.15548268 1.495
0.13468739 0.15548268 1.495
0.13728569 0.15548268 1.495
0.139884 0.15548268 1.495
0.14248228 0.15548268 1.495
0.14508058 0.15548268 1.495
0.14767888 0.15548268 1.495
0.15027718 0.15548268 1.495
0.15287547 0.15548268 1.495
0.15547377 0.15548268 1.495
0.15807207 0.15548268 1.495
0.16099277 0.1557947 1.498
0.16359629 0.1557947 1.498
0.16619979 0.1557947 1.498
0.1688033 0.1557947 1.498
0.17140682 0.1557947 1.498
0.17366184 0.15548268 1.495
0.17626013 0.15548268 1.495
0.17885843 0.15548268 1.495
0.18109259 0.15517068 1.492
0.18368568 0.15517068 1.492
0.18627876 0.15517068 1.492
0.18887185 0.15517068 1.492
0.19146492 0.15517068 1.492
0.194058 0.15517068 1.492
0.19665109 0.15517068 1.492
0.19924417 0.15517068 1.492
-0.19882105 0.15882115 1.502
-0.19621059 0.15882115 1.502
-0.19360013 0.15882115 1.502
-0.19098967 0.15882115 1.502
-0.18837921 0.15882115 1.502
-0.18576875 0.15882115 1.502
-0.18315829 0.15882115 1.502
-0.18054782 0.15882115 1.502
-0.17793736 0.15882115 1.502
-0.1753269 0.15882115 1.502
-0.17271644 0.15882115 1.502
-0.17010598 0.15882115 1.502
-0.16749552 0.15882115 1.502
-0.16521439 0.15913838 1.505
-0.16259871 0.15913838 1.505
-0.15966412 0.15882115 1.502
-0.15736736 0.15913838 1.505
-0.15475169 0.15913838 1.505
-0.15213601 0.15913838 1.505
-0.14952034 0.15913838 1.505
-0.14690466 0.15913838 1.505
-0.14428899 0.15913838 1.505
-0.14167331 0.15913838 1.505
-0.13878043 0.15882115 1.502
-0.13616997 0.15882115 1.502
-0.13355951 0.15882115 1.502
-0.13060032 0.15839821 1.498
-0.12833859 0.15882115 1.502
-0.12572813 0.15882115 1.502
-0.12311767 0.15882115 1.502
-0.1205072 0.15882115 1.502
-0.11789674 0.15882115 1.502
-0.11528628 0.15882115 1.502
-0.11267582 0.15882115 1.502
-0.11006536 0.15882115 1.502
-0.1074549 0.15882115 1.502
-0.10484444 0.15882115 1.502
-0.10223398 0.15882115 1.502
-0.099623509 0.15882115 1.502
-0.0967547 0.15839821 1.498
-0.094151184 0.15839821 1.498
-0.091547675 0.15839821 1.498
-0.088944167 0.15839821 1.498
-0.086340658 0.15839821 1.498
-0.08373715 0.15839821 1.498
-0.081133634 0.15839821 1.498
-0.078530125 0.15839821 1.498
-0.075926617 0.15839821 1.498
-0.073323108 0.15839821 1.498
-0.0707196 0.15839821 1.498
-0.068116091 0.15839821 1.498
-0.065512575 0.15839821 1.498
-0.062909067 0.15839821 1.498
-0.060305558 0.15839821 1.498
-0.057586491 0.15808098 1.495
-0.054988194 0.15808098 1.495
-0.052389897 0.15808098 1.495
-0.049791604 0.15808098 1.495
-0.047193307 0.15808098 1.495
-0.044595011 0.15808098 1.495
-0.041996714 0.15808098 1.495
-0.039477479 0.15839821 1.498
-0.03687397 0.15839821 1.498
-0.034270462 0.15839821 1.498
-0.031666949 0.15839821 1.498
-0.029063441 0.15839821 1.498
-0.02645993 0.15839821 1.498
-0.023808645 0.15808098 1.495
-0.021210348 0.15808098 1.495
-0.018612053 0.15808098 1.495
-0.016013756 0.15808098 1.495
-0.013415461 0.15808098 1.495
-0.010817165 0.15808098 1.495
-0.0082188696 0.15808098 1.495
-0.0056205736 0.15808098 1.495
-0.003022278 0.15808098 1.495
-0.00042398213 0.15808098 1.495
0.0021743136 0.15808098 1.495
0.0047821868 0.15839821 1.498
0.0073856968 0.15839821 1.498
0.0099892067 0.15839821 1.498
0.012592716 0.15839821 1.498
0.015196226 0.15839821 1.498
0.017764088 0.15808098 1.495
0.020362385 0.15808098 1.495
0.02296068 0.15808098 1.495
0.025558976 0.15808098 1.495
0.028157271 0.15808098 1.495
0.030755568 0.15808098 1.495
0.033353865 0.15808098 1.495
0.035880014 0.15776376 1.492
0.038473096 0.15776376 1.492
0.041066177 0.15776376 1.492
0.043659259 0.15776376 1.492
0.04625234 0.15776376 1.492
0.048845422 0.15776376 1.492
0.051438507 0.15776376 1.492
0.054031588 0.15776376 1.492
0.05662467 0.15776376 1.492
0.059217751 0.15776376 1.492
0.061810832 0.15776376 1.492
0.064403914 0.15776376 1.492
0.066996999 0.15776376 1.492
0.069730006 0.15808098 1.495
0.072328299 0.15808098 1.495
0.0749266 0.15808098 1.495
0.077524893 0.15808098 1.495
0.080123186 0.15808098 1.495
0.082721487 0.15808098 1.495
0.085490994 0.15839821 1.498
0.088094503 0.15839821 1.498
0.090516374 0.15808098 1.495
0.093114667 0.15808098 1.495
0.09571296 0.15808098 1.495
0.09831126 0.15808098 1.495
0.10090955 0.15808098 1.495
0.10350785 0.15808098 1.495
0.10610615 0.15808098 1.495
0.10870444 0.15808098 1.495
0.11130274 0.15808098 1.495
0.11390103 0.15808098 1.495
0.11649933 0.15808098 1.495
0.11909763 0.15808098 1.495
0.12169592 0.15808098 1.495
0.12429421 0.15808098 1.495
0.12689251 0.15808098 1.495
0.12949081 0.15808098 1.495
0.13208911 0.15808098 1.495
0.13468739 0.15808098 1.495
0.13728569 0.15808098 1.495
0.139884 0.15808098 1.495
0.14248228 0.15808098 1.495
0.14508058 0.15808098 1.495
0.14767888 0.15808098 1.495
0.15027718 0.15808098 1.495
0.15287547 0.15808098 1.495
0.15547377 0.15808098 1.495
0.15807207 0.15808098 1.495
0.16099277 0.15839821 1.498
0.16359629 0.15839821 1.498
0.16619979 0.15839821 1.498
0.1688033 0.15839821 1.498
0.17140682 0.15839821 1.498
0.17366184 0.15808098 1.495
0.17626013 0.15808098 1.495
0.17885843 0.15808098 1.495
0.18109259 0.15776376 1.492
0.18368568 0.15776376 1.492
0.18627876 0.15776376 1.492
0.18887185 0.15776376 1.492
0.19146492 0.15776376 1.492
0.194058 0.15776376 1.492
0.19665109 0.15776376 1.492
0.19924417 0.15776376 1.492
-0.19882105 0.16143163 1.502
-0.19621059 0.16143163 1.502
-0.19360013 0.16143163 1.502
-0.19098967 0.16143163 1.502
-0.18875547 0.16175406 1.505
-0.18613979 0.16175406 1.505
-0.18352412 0.16175406 1.505
-0.18090844 0.16175406 1.505
-0.17829277 0.16175406 1.505
-0.17567709 0.16175406 1.505
-0.17306142 0.16175406 1.505
-0.17044574 0.16175406 1.505
-0.16749552 0.16143163 1.502
-0.16521439 0.16175406 1.505
-0.16259871 0.16175406 1.505
-0.15966412 0.16143163 1.502
-0.15736736 0.16175406 1.505
-0.15475169 0.16175406 1.505
-0.15213601 0.16175406 1.505
-0.14952034 0.16175406 1.505
-0.14690466 0.16175406 1.505
-0.14400136 0.16143163 1.502
-0.1413909 0.16143163 1.502
-0.13878043 0.16143163 1.502
-0.13616997 0.16143163 1.502
-0.13320383 0.16100171 1.498
-0.13060032 0.16100171 1.498
-0.12799682 0.16100171 1.498
-0.12572813 0.16143163 1.502
-0.12311767 0.16143163 1.502
-0.1205072 0.16143163 1.502
-0.11789674 0.16143163 1.502
-0.11528628 0.16143163 1.502
-0.11267582 0.16143163 1.502
-0.11006536 0.16143163 1.502
-0.1074549 0.16143163 1.502
-0.10484444 0.16143163 1.502
-0.10223398 0.16143163 1.502
-0.099623509 0.16143163 1.502
-0.097013049 0.16143163 1.502
-0.094151184 0.16100171 1.498
-0.091547675 0.16100171 1.498
-0.088944167 0.16100171 1.498
-0.086340658 0.16100171 1.498
-0.08373715 0.16100171 1.498
-0.081133634 0.16100171 1.498
-0.078530125 0.16100171 1.498
-0.075926617 0.16100171 1.498
-0.073323108 0.16100171 1.498
-0.0707196 0.16100171 1.498
-0.068116091 0.16100171 1.498
-0.065512575 0.16100171 1.498
-0.062909067 0.16100171 1.498
-0.060305558 0.16100171 1.498
-0.05770205 0.16100171 1.498
-0.055098537 0.16100171 1.498
-0.052495029 0.16100171 1.498
-0.04989152 0.16100171 1.498
-0.047193307 0.16067928 1.495
-0.044595011 0.16067928 1.495
-0.042080991 0.16100171 1.498
-0.039477479 0.16100171 1.498
-0.03687397 0.16100171 1.498
-0.034270462 0.16100171 1.498
-0.031666949 0.16100171 1.498
-0.029063441 0.16100171 1.498
-0.02645993 0.16100171 1.498
-0.023808645 0.16067928 1.495
-0.021210348 0.16067928 1.495
-0.018612053 0.16067928 1.495
-0.016013756 0.16067928 1.495
-0.013415461 0.16067928 1.495
-0.010817165 0.16067928 1.495
-0.0082188696 0.16067928 1.495
-0.0056205736 0.16067928 1.495
-0.003022278 0.16067928 1.495
-0.00042398213 0.16067928 1.495
0.0021743136 0.16067928 1.495
0.0047821868 0.16100171 1.498
0.0073856968 0.16100171 1.498
0.0099892067 0.16100171 1.498
0.012592716 0.16100171 1.498
0.015196226 0.16100171 1.498
0.017799735 0.16100171 1.498
0.020403245 0.16100171 1.498
0.02296068 0.16067928 1.495
0.025558976 0.16067928 1.495
0.028157271 0.16067928 1.495
0.030755568 0.16067928 1.495
0.033353865 0.16067928 1.495
0.035952158 0.16067928 1.495
0.038550455 0.16067928 1.495
0.041148752 0.16067928 1.495
0.043659259 0.16035685 1.492
0.046345342 0.16067928 1.495
0.048943639 0.16067928 1.495
0.051541936 0.16067928 1.495
0.054031588 0.16035685 1.492
0.05662467 0.16035685 1.492
0.059217751 0.16035685 1.492
0.061935116 0.16067928 1.495
0.064533412 0.16067928 1.495
0.067131706 0.16067928 1.495
0.069730006 0.16067928 1.495
0.072328299 0.16067928 1.495
0.0749266 0.16067928 1.495
0.077524893 0.16067928 1.495
0.080123186 0.16067928 1.495
0.082721487 0.16067928 1.495
0.08531978 0.16067928 1.495
0.087918073 0.16067928 1.495
0.090516374 0.16067928 1.495
0.093114667 0.16067928 1.495
0.09571296 0.16067928 1.495
0.09831126 0.16067928 1.495
0.10090955 0.16067928 1.495
0.10350785 0.16067928 1.495
0.10610615 0.16067928 1.495
0.10870444 0.16067928 1.495
0.11130274 0.16067928 1.495
0.11390103 0.16067928 1.495
0.11649933 0.16067928 1.495
0.11909763 0.16067928 1.495
0.12169592 0.16067928 1.495
0.12429421 0.16067928 1.495
0.12689251 0.16067928 1.495
0.12949081 0.16067928 1.495
0.13208911 0.16067928 1.495
0.13468739 0.16067928 1.495
0.13728569 0.16067928 1.495
0.139884 0.16067928 1.495
0.14248228 0.16067928 1.495
0.14508058 0.16067928 1.495
0.14767888 0.16067928 1.495
0.15027718 0.16067928 1.495
0.15287547 0.16067928 1.495
0.15547377 0.16067928 1.495
0.15807207 0.16067928 1.495
0.16067035 0.16067928 1.495
0.16326866 0.16067928 1.495
0.16619979 0.16100171 1.498
0.1688033 0.16100171 1.498
0.17140682 0.16100171 1.498
0.17401032 0.16100171 1.498
0.17626013 0.16067928 1.495
0.17885843 0.16067928 1.495
0.18109259 0.16035685 1.492
0.18368568 0.16035685 1.492
0.18627876 0.16035685 1.492
0.18887185 0.16035685 1.492
0.19146492 0.16035685 1.492
0.194058 0.16035685 1.492
0.19665109 0.16035685 1.492
0.19924417 0.16035685 1.492
-0.19882105 0.16404209 1.502
-0.19621059 0.16404209 1.502
-0.19398682 0.16436973 1.505
-0.19137114 0.16436973 1.505
-0.18875547 0.16436973 1.505
-0.18613979 0.16436973 1.505
-0.18352412 0.16436973 1.505
-0.18090844 0.16436973 1.505
-0.17829277 0.16436973 1.505
-0.17567709 0.16436973 1.505
-0.17306142 0.16436973 1.505
-0.17044574 0.16436973 1.505
-0.16783006 0.16436973 1.505
-0.16521439 0.16436973 1.505
-0.16259871 0.16436973 1.505
-0.15966412 0.16404209 1.502
-0.15736736 0.16436973 1.505
-0.15475169 0.16436973 1.505
-0.15213601 0.16436973 1.505
-0.14952034 0.16436973 1.505
-0.14690466 0.16436973 1.505
-0.14400136 0.16404209 1.502
-0.1413909 0.16404209 1.502
-0.13878043 0.16404209 1.502
-0.13616997 0.16404209 1.502
-0.13320383 0.16360523 1.498
-0.13060032 0.16360523 1.498
-0.12799682 0.16360523 1.498
-0.1253933 0.16360523 1.498
-0.12311767 0.16404209 1.502
-0.1205072 0.16404209 1.502
-0.11789674 0.16404209 1.502
-0.11528628 0.16404209 1.502
-0.11267582 0.16404209 1.502
-0.11006536 0.16404209 1.502
-0.1074549 0.16404209 1.502
-0.10484444 0.16404209 1.502
-0.10223398 0.16404209 1.502
-0.099623509 0.16404209 1.502
-0.097013049 0.16404209 1.502
-0.094402589 0.16404209 1.502
-0.091792129 0.16404209 1.502
-0.088944167 0.16360523 1.498
-0.086340658 0.16360523 1.498
-0.08373715 0.16360523 1.498
-0.081133634 0.16360523 1.498
-0.078530125 0.16360523 1.498
-0.075926617 0.16360523 1.498
-0.073323108 0.16360523 1.498
-0.0707196 0.16360523 1.498
-0.068116091 0.16360523 1.498
-0.065512575 0.16360523 1.498
-0.062909067 0.16360523 1.498
-0.060305558 0.16360523 1.498
-0.05770205 0.16360523 1.498
-0.055098537 0.16360523 1.498
-0.052495029 0.16360523 1.498
-0.04989152 0.16360523 1.498
-0.047288008 0.16360523 1.498
-0.0446845 0.16360523 1.498
-0.042080991 0.16360523 1.498
-0.039477479 0.16360523 1.498
-0.03687397 0.16360523 1.498
-0.034270462 0.16360523 1.498
-0.031666949 0.16360523 1.498
-0.029063441 0.16360523 1.498
-0.02645993 0.16360523 1.498
-0.023808645 0.16327758 1.495
-0.021210348 0.16327758 1.495
-0.018612053 0.16327758 1.495
-0.016013756 0.16327758 1.495
-0.013415461 0.16327758 1.495
-0.010817165 0.16327758 1.495
-0.0082188696 0.16327758 1.495
-0.0056205736 0.16327758 1.495
-0.003022278 0.16327758 1.495
-0.00042398213 0.16327758 1.495
0.0021743136 0.16327758 1.495
0.0047821868 0.16360523 1.498
0.0073856968 0.16360523 1.498
0.0099892067 0.16360523 1.498
0.012592716 0.16360523 1.498
0.015196226 0.16360523 1.498
0.017799735 0.16360523 1.498
0.020403245 0.16360523 1.498
0.023006756 0.16360523 1.498
0.025610264 0.16360523 1.498
0.028213775 0.16360523 1.498
0.030755568 0.16327758 1.495
0.033353865 0.16327758 1.495
0.035952158 0.16327758 1.495
0.038550455 0.16327758 1.495
0.041148752 0.16327758 1.495
0.043747045 0.16327758 1.495
0.046345342 0.16327758 1.495
0.048943639 0.16327758 1.495
0.051541936 0.16327758 1.495
0.054140229 0.16327758 1.495
0.056738526 0.16327758 1.495
0.059336822 0.16327758 1.495
0.061935116 0.16327758 1.495
0.064533412 0.16327758 1.495
0.067131706 0.16327758 1.495
0.069730006 0.16327758 1.495
0.072328299 0.16327758 1.495
0.0749266 0.16327758 1.495
0.077524893 0.16327758 1.495
0.080123186 0.16327758 1.495
0.082721487 0.16327758 1.495
0.08531978 0.16327758 1.495
0.087918073 0.16327758 1.495
0.090516374 0.16327758 1.495
0.093114667 0.16327758 1.495
0.09571296 0.16327758 1.495
0.09831126 0.16327758 1.495
0.10090955 0.16327758 1.495
0.10350785 0.16327758 1.495
0.10610615 0.16327758 1.495
0.10870444 0.16327758 1.495
0.11130274 0.16327758 1.495
0.11390103 0.16327758 1.495
0.11649933 0.16327758 1.495
0.11909763 0.16327758 1.495
0.12169592 0.16327758 1.495
0.12454364 0.16360523 1.498
0.12714715 0.16360523 1.498
0.12975065 0.16360523 1.498
0.13208911 0.16327758 1.495
0.13468739 0.16327758 1.495
0.13728569 0.16327758 1.495
0.139884 0.16327758 1.495
0.14248228 0.16327758 1.495
0.14508058 0.16327758 1.495
0.14767888 0.16327758 1.495
0.15027718 0.16327758 1.495
0.15287547 0.16327758 1.495
0.15547377 0.16327758 1.495
0.15807207 0.16327758 1.495
0.16067035 0.16327758 1.495
0.16326866 0.16327758 1.495
0.16619979 0.16360523 1.498
0.1688033 0.16360523 1.498
0.17140682 0.16360523 1.498
0.17401032 0.16360523 1.498
0.17626013 0.16327758 1.495
0.17885843 0.16327758 1.495
0.18145673 0.16327758 1.495
0.18368568 0.16294992 1.492
0.18627876 0.16294992 1.492
0.18887185 0.16294992 1.492
0.19146492 0.16294992 1.492
0.194058 0.16294992 1.492
0.19665109 0.16294992 1.492
0.19924417 0.16294992 1.492
-0.19882105 0.16665255 1.502
-0.19660249 0.16698541 1.505
-0.19398682 0.16698541 1.505
-0.19137114 0.16698541 1.505
-0.18913172 0.16731827 1.508
-0.18651083 0.16731827 1.508
-0.18352412 0.16698541 1.505
-0.18090844 0.16698541 1.505
-0.17829277 0.16698541 1.505
-0.17567709 0.16698541 1.505
-0.17306142 0.16698541 1.505
-0.17044574 0.16698541 1.505
-0.16783006 0.16698541 1.505
-0.16521439 0.16698541 1.505
-0.16259871 0.16698541 1.505
-0.15998304 0.16698541 1.505
-0.15736736 0.16698541 1.505
-0.15475169 0.16698541 1.505
-0.15213601 0.16698541 1.505
-0.14952034 0.16698541 1.505
-0.14661182 0.16665255 1.502
-0.14400136 0.16665255 1.502
-0.1413909 0.16665255 1.502
-0.13878043 0.16665255 1.502
-0.13616997 0.16665255 1.502
-0.13320383 0.16620873 1.498
-0.13060032 0.16620873 1.498
-0.12799682 0.16620873 1.498
-0.1253933 0.16620873 1.498
-0.12278979 0.16620873 1.498
-0.12018628 0.16620873 1.498
-0.11789674 0.16665255 1.502
-0.11528628 0.16665255 1.502
-0.11267582 0.16665255 1.502
-0.11006536 0.16665255 1.502
-0.1074549 0.16665255 1.502
-0.10484444 0.16665255 1.502
-0.10223398 0.16665255 1.502
-0.099623509 0.16665255 1.502
-0.097013049 0.16665255 1.502
-0.094402589 0.16665255 1.502
-0.091792129 0.16665255 1.502
-0.088944167 0.16620873 1.498
-0.086340658 0.16620873 1.498
-0.08373715 0.16620873 1.498
-0.081133634 0.16620873 1.498
-0.078530125 0.16620873 1.498
-0.075926617 0.16620873 1.498
-0.073323108 0.16620873 1.498
-0.0707196 0.16620873 1.498
-0.068116091 0.16620873 1.498
-0.065512575 0.16620873 1.498
-0.062909067 0.16620873 1.498
-0.060305558 0.16620873 1.498
-0.05770205 0.16620873 1.498
-0.055098537 0.16620873 1.498
-0.052495029 0.16620873 1.498
-0.04989152 0.16620873 1.498
-0.047288008 0.16620873 1.498
-0.0446845 0.16620873 1.498
-0.042080991 0.16620873 1.498
-0.039477479 0.16620873 1.498
-0.03687397 0.16620873 1.498
-0.034270462 0.16620873 1.498
-0.031666949 0.16620873 1.498
-0.029063441 0.16620873 1.498
-0.02645993 0.16620873 1.498
-0.023856422 0.16620873 1.498
-0.021210348 0.16587587 1.495
-0.018612053 0.16587587 1.495
-0.016013756 0.16587587 1.495
-0.013415461 0.16587587 1.495
-0.010817165 0.16587587 1.495
-0.0082188696 0.16587587 1.495
-0.0056205736 0.16587587 1.495
-0.003022278 0.16587587 1.495
-0.00042398213 0.16587587 1.495
0.0021743136 0.16587587 1.495
0.0047726096 0.16587587 1.495
0.0073856968 0.16620873 1.498
0.0099892067 0.16620873 1.498
0.012592716 0.16620873 1.498
0.015196226 0.16620873 1.498
0.017799735 0.16620873 1.498
0.020403245 0.16620873 1.498
0.023006756 0.16620873 1.498
0.025610264 0.16620873 1.498
0.028213775 0.16620873 1.498
0.030817285 0.16620873 1.498
0.033353865 0.16587587 1.495
0.035952158 0.16587587 1.495
0.038550455 0.16587587 1.495
0.041148752 0.16587587 1.495
0.043747045 0.16587587 1.495
0.046345342 0.16587587 1.495
0.048943639 0.16587587 1.495
0.051541936 0.16587587 1.495
0.054140229 0.16587587 1.495
0.056738526 0.16587587 1.495
0.059336822 0.16587587 1.495
0.061935116 0.16587587 1.495
0.064533412 0.16587587 1.495
0.067131706 0.16587587 1.495
0.069730006 0.16587587 1.495
0.072328299 0.16587587 1.495
0.0749266 0.16587587 1.495
0.077524893 0.16587587 1.495
0.080123186 0.16587587 1.495
0.082721487 0.16587587 1.495
0.08531978 0.16587587 1.495
0.087918073 0.16587587 1.495
0.090516374 0.16587587 1.495
0.093114667 0.16587587 1.495
0.09571296 0.16587587 1.495
0.09831126 0.16587587 1.495
0.10090955 0.16587587 1.495
0.10350785 0.16587587 1.495
0.10610615 0.16587587 1.495
0.10870444 0.16587587 1.495
0.11130274 0.16587587 1.495
0.11390103 0.16587587 1.495
0.11673311 0.16620873 1.498
0.11933662 0.16620873 1.498
0.12194013 0.16620873 1.498
0.12454364 0.16620873 1.498
0.12714715 0.16620873 1.498
0.12975065 0.16620873 1.498
0.13235417 0.16620873 1.498
0.13495767 0.16620873 1.498
0.13756119 0.16620873 1.498
0.139884 0.16587587 1.495
0.14248228 0.16587587 1.495
0.14508058 0.16587587 1.495
0.14767888 0.16587587 1.495
0.15027718 0.16587587 1.495
0.15287547 0.16587587 1.495
0.15547377 0.16587587 1.495
0.15807207 0.16587587 1.495
0.16067035 0.16587587 1.495
0.16326866 0.16587587 1.495
0.16586696 0.16587587 1.495
0.1688033 0.16620873 1.498
0.17140682 0.16620873 1.498
0.17401032 0.16620873 1.498
0.17626013 0.16587587 1.495
0.17885843 0.16587587 1.495
0.18145673 0.16587587 1.495
0.18405502 0.16587587 1.495
0.18627876 0.165543 1.492
0.18887185 0.165543 1.492
0.19146492 0.165543 1.492
0.194058 0.165543 1.492
0.19665109 0.165543 1.492
0.19924417 0.165543 1.492
-0.19882105 0.16926301 1.502
-0.19660249 0.16960108 1.505
-0.19398682 0.16960108 1.505
-0.19137114 0.16960108 1.505
-0.18913172 0.16993916 1.508
-0.18651083 0.16993916 1.508
-0.18388996 0.16993916 1.508
-0.18126906 0.16993916 1.508
-0.17829277 0.16960108 1.505
-0.17567709 0.16960108 1.505
-0.17306142 0.16960108 1.505
-0.17044574 0.16960108 1.505
-0.16783006 0.16960108 1.505
-0.16521439 0.16960108 1.505
-0.16259871 0.16960108 1.505
-0.15998304 0.16960108 1.505
-0.15736736 0.16960108 1.505
-0.15475169 0.16960108 1.505
-0.15183274 0.16926301 1.502
-0.14922228 0.16926301 1.502
-0.14661182 0.16926301 1.502
-0.14400136 0.16926301 1.502
-0.1413909 0.16926301 1.502
-0.13878043 0.16926301 1.502
-0.13580735 0.16881225 1.498
-0.13320383 0.16881225 1.498
-0.13060032 0.16881225 1.498
-0.12799682 0.16881225 1.498
-0.1253933 0.16881225 1.498
-0.12278979 0.16881225 1.498
-0.12018628 0.16881225 1.498
-0.11758278 0.16881225 1.498
-0.11497927 0.16881225 1.498
-0.11267582 0.16926301 1.502
-0.11006536 0.16926301 1.502
-0.1074549 0.16926301 1.502
-0.10484444 0.16926301 1.502
-0.10223398 0.16926301 1.502
-0.099623509 0.16926301 1.502
-0.097013049 0.16926301 1.502
-0.094402589 0.16926301 1.502
-0.091792129 0.16926301 1.502
-0.088944167 0.16881225 1.498
-0.086340658 0.16881225 1.498
-0.08373715 0.16881225 1.498
-0.081133634 0.16881225 1.498
-0.078530125 0.16881225 1.498
-0.075926617 0.16881225 1.498
-0.073323108 0.16881225 1.498
-0.0707196 0.16881225 1.498
-0.068116091 0.16881225 1.498
-0.065512575 0.16881225 1.498
-0.062909067 0.16881225 1.498
-0.060305558 0.16881225 1.498
-0.05770205 0.16881225 1.498
-0.055098537 0.16881225 1.498
-0.052495029 0.16881225 1.498
-0.04989152 0.16881225 1.498
-0.047288008 0.16881225 1.498
-0.0446845 0.16881225 1.498
-0.042080991 0.16881225 1.498
-0.039477479 0.16881225 1.498
-0.03687397 0.16881225 1.498
-0.034270462 0.16881225 1.498
-0.031666949 0.16881225 1.498
-0.029063441 0.16881225 1.498
-0.02645993 0.16881225 1.498
-0.023856422 0.16881225 1.498
-0.021252912 0.16881225 1.498
-0.018612053 0.16847417 1.495
-0.016013756 0.16847417 1.495
-0.013415461 0.16847417 1.495
-0.010817165 0.16847417 1.495
-0.0082188696 0.16847417 1.495
-0.0056205736 0.16847417 1.495
-0.003022278 0.16847417 1.495
-0.00042398213 0.16847417 1.495
0.0021743136 0.16847417 1.495
0.0047726096 0.16847417 1.495
0.0073856968 0.16881225 1.498
0.0099892067 0.16881225 1.498
0.012592716 0.16881225 1.498
0.015196226 0.16881225 1.498
0.017847264 0.16926301 1.502
0.020403245 0.16881225 1.498
0.023006756 0.16881225 1.498
0.025610264 0.16881225 1.498
0.028213775 0.16881225 1.498
0.030817285 0.16881225 1.498
0.033420794 0.16881225 1.498
0.035952158 0.16847417 1.495
0.038550455 0.16847417 1.495
0.041148752 0.16847417 1.495
0.043747045 0.16847417 1.495
0.046345342 0.16847417 1.495
0.048943639 0.16847417 1.495
0.051541936 0.16847417 1.495
0.054140229 0.16847417 1.495
0.056738526 0.16847417 1.495
0.059336822 0.16847417 1.495
0.061935116 0.16847417 1.495
0.064533412 0.16847417 1.495
0.067131706 0.16847417 1.495
0.069730006 0.16847417 1.495
0.072328299 0.16847417 1.495
0.0749266 0.16847417 1.495
0.077524893 0.16847417 1.495
0.080123186 0.16847417 1.495
0.082721487 0.16847417 1.495
0.08531978 0.16847417 1.495
0.087918073 0.16847417 1.495
0.090516374 0.16847417 1.495
0.093114667 0.16847417 1.495
0.09571296 0.16847417 1.495
0.09831126 0.16847417 1.495
0.10090955 0.16847417 1.495
0.10371556 0.16881225 1.498
0.10610615 0.16847417 1.495
0.10870444 0.16847417 1.495
0.11152609 0.16881225 1.498
0.1141296 0.16881225 1.498
0.11673311 0.16881225 1.498
0.11933662 0.16881225 1.498
0.12194013 0.16881225 1.498
0.12454364 0.16881225 1.498
0.12714715 0.16881225 1.498
0.12975065 0.16881225 1.498
0.13235417 0.16881225 1.498
0.13495767 0.16881225 1.498
0.13756119 0.16881225 1.498
0.1401647 0.16881225 1.498
0.14248228 0.16847417 1.495
0.14508058 0.16847417 1.495
0.14767888 0.16847417 1.495
0.15027718 0.16847417 1.495
0.15287547 0.16847417 1.495
0.15547377 0.16847417 1.495
0.15807207 0.16847417 1.495
0.16067035 0.16847417 1.495
0.16326866 0.16847417 1.495
0.16586696 0.16847417 1.495
0.1688033 0.16881225 1.498
0.17140682 0.16881225 1.498
0.17401032 0.16881225 1.498
0.17661384 0.16881225 1.498
0.17885843 0.16847417 1.495
0.18145673 0.16847417 1.495
0.18405502 0.16847417 1.495
0.18627876 0.16813609 1.492
0.18887185 0.16813609 1.492
0.19146492 0.16813609 1.492
0.194058 0.16813609 1.492
0.19665109 0.16813609 1.492
0.19924417 0.16813609 1.492
-0.19921817 0.17221676 1.505
-0.19660249 0.17221676 1.505
-0.19398682 0.17221676 1.505
-0.19175261 0.17256005 1.508
-0.18913172 0.17256005 1.508
-0.18651083 0.17256005 1.508
-0.18388996 0.17256005 1.508
-0.18126906 0.17256005 1.508
-0.17864817 0.17256005 1.508
-0.17567709 0.17221676 1.505
-0.17306142 0.17221676 1.505
-0.17044574 0.17221676 1.505
-0.16783006 0.17221676 1.505
-0.16521439 0.17221676 1.505
-0.16259871 0.17221676 1.505
-0.15998304 0.17221676 1.505
-0.15736736 0.17221676 1.505
-0.15475169 0.17221676 1.505
-0.15183274 0.17187347 1.502
-0.14922228 0.17187347 1.502
-0.14661182 0.17187347 1.502
-0.14400136 0.17187347 1.502
-0.1413909 0.17187347 1.502
-0.13878043 0.17187347 1.502
-0.13580735 0.17141575 1.498
-0.13320383 0.17141575 1.498
-0.13060032 0.17141575 1.498
-0.12799682 0.17141575 1.498
-0.1253933 0.17141575 1.498
-0.12278979 0.17141575 1.498
-0.12018628 0.17141575 1.498
-0.11758278 0.17141575 1.498
-0.11497927 0.17141575 1.498
-0.11237576 0.17141575 1.498
-0.11006536 0.17187347 1.502
-0.1074549 0.17187347 1.502
-0.10484444 0.17187347 1.502
-0.10223398 0.17187347 1.502
-0.099623509 0.17187347 1.502
-0.0967547 0.17141575 1.498
-0.094151184 0.17141575 1.498
-0.091547675 0.17141575 1.498
-0.088944167 0.17141575 1.498
-0.086340658 0.17141575 1.498
-0.08373715 0.17141575 1.498
-0.081133634 0.17141575 1.498
-0.078530125 0.17141575 1.498
-0.075926617 0.17141575 1.498
-0.073323108 0.17141575 1.498
-0.0707196 0.17141575 1.498
-0.068116091 0.17141575 1.498
-0.065512575 0.17141575 1.498
-0.062909067 0.17141575 1.498
-0.060305558 0.17141575 1.498
-0.05770205 0.17141575 1.498
-0.055098537 0.17141575 1.498
-0.052495029 0.17141575 1.498
-0.04989152 0.17141575 1.498
-0.047193307 0.17107247 1.495
-0.044595011 0.17107247 1.495
-0.041996714 0.17107247 1.495
-0.039477479 0.17141575 1.498
-0.03687397 0.17141575 1.498
-0.034270462 0.17141575 1.498
-0.031666949 0.17141575 1.498
-0.029063441 0.17141575 1.498
-0.02645993 0.17141575 1.498
-0.023856422 0.17141575 1.498
-0.021252912 0.17141575 1.498
-0.018649401 0.17141575 1.498
-0.016013756 0.17107247 1.495
-0.013415461 0.17107247 1.495
-0.010817165 0.17107247 1.495
-0.0082188696 0.17107247 1.495
-0.0056205736 0.17107247 1.495
-0.003022278 0.17107247 1.495
-0.00042398213 0.17107247 1.495
0.0021743136 0.17107247 1.495
0.0047726096 0.17107247 1.495
0.0073856968 0.17141575 1.498
0.0099892067 0.17141575 1.498
0.012592716 0.17141575 1.498
0.015236803 0.17187347 1.502
0.017847264 0.17187347 1.502
0.020457726 0.17187347 1.502
0.023068188 0.17187347 1.502
0.02567865 0.17187347 1.502
0.028213775 0.17141575 1.498
0.030817285 0.17141575 1.498
0.033420794 0.17141575 1.498
0.036024306 0.17141575 1.498
0.038550455 0.17107247 1.495
0.041148752 0.17107247 1.495
0.043747045 0.17107247 1.495
0.046345342 0.17107247 1.495
0.048943639 0.17107247 1.495
0.051541936 0.17107247 1.495
0.054140229 0.17107247 1.495
0.056738526 0.17107247 1.495
0.059336822 0.17107247 1.495
0.061935116 0.17107247 1.495
0.064533412 0.17107247 1.495
0.067131706 0.17107247 1.495
0.069730006 0.17107247 1.495
0.072328299 0.17107247 1.495
0.0749266 0.17107247 1.495
0.077524893 0.17107247 1.495
0.080123186 0.17107247 1.495
0.082721487 0.17107247 1.495
0.08531978 0.17107247 1.495
0.087918073 0.17107247 1.495
0.090516374 0.17107247 1.495
0.093114667 0.17107247 1.495
0.09571296 0.17107247 1.495
0.09831126 0.17107247 1.495
0.10111205 0.17141575 1.498
0.10371556 0.17141575 1.498
0.10631907 0.17141575 1.498
0.10892258 0.17141575 1.498
0.11152609 0.17141575 1.498
0.1141296 0.17141575 1.498
0.11704481 0.17187347 1.502
0.11965527 0.17187347 1.502
0.12226573 0.17187347 1.502
0.12487619 0.17187347 1.502
0.12748666 0.17187347 1.502
0.12975065 0.17141575 1.498
0.13235417 0.17141575 1.498
0.13495767 0.17141575 1.498
0.13756119 0.17141575 1.498
0.1401647 0.17141575 1.498
0.14248228 0.17107247 1.495
0.14508058 0.17107247 1.495
0.14767888 0.17107247 1.495
0.15027718 0.17107247 1.495
0.15287547 0.17107247 1.495
0.15547377 0.17107247 1.495
0.15807207 0.17107247 1.495
0.16067035 0.17107247 1.495
0.16326866 0.17107247 1.495
0.16619979 0.17141575 1.498
0.1688033 0.17141575 1.498
0.17140682 0.17141575 1.498
0.17401032 0.17141575 1.498
0.17661384 0.17141575 1.498
0.17885843 0.17107247 1.495
0.18145673 0.17107247 1.495
0.18368568 0.17072918 1.492
0.18627876 0.17072918 1.492
0.18887185 0.17072918 1.492
0.19146492 0.17072918 1.492
0.194058 0.17072918 1.492
0.19665109 0.17072918 1.492
0.19924417 0.17072918 1.492
-0.19921817 0.17483243 1.505
-0.19660249 0.17483243 1.505
-0.1943735 0.17518094 1.508
-0.19175261 0.17518094 1.508
-0.18913172 0.17518094 1.508
-0.18651083 0.17518094 1.508
-0.18388996 0.17518094 1.508
-0.18126906 0.17518094 1.508
-0.17864817 0.17518094 1.508
-0.17602728 0.17518094 1.508
-0.17340639 0.17518094 1.508
-0.17044574 0.17483243 1.505
-0.16783006 0.17483243 1.505
-0.16521439 0.17483243 1.505
-0.16259871 0.17483243 1.505
-0.15998304 0.17483243 1.505
-0.15736736 0.17483243 1.505
-0.15475169 0.17483243 1.505
-0.15213601 0.17483243 1.505
-0.14952034 0.17483243 1.505
-0.14661182 0.17448393 1.502
-0.14400136 0.17448393 1.502
-0.1413909 0.17448393 1.502
-0.13878043 0.17448393 1.502
-0.13580735 0.17401926 1.498
-0.13320383 0.17401926 1.498
-0.13060032 0.17401926 1.498
-0.12799682 0.17401926 1.498
-0.1253933 0.17401926 1.498
-0.12278979 0.17401926 1.498
-0.12018628 0.17401926 1.498
-0.11758278 0.17401926 1.498
-0.11497927 0.17401926 1.498
-0.11237576 0.17401926 1.498
-0.10977224 0.17401926 1.498
-0.1074549 0.17448393 1.502
-0.10484444 0.17448393 1.502
-0.10223398 0.17448393 1.502
-0.099623509 0.17448393 1.502
-0.0967547 0.17401926 1.498
-0.094151184 0.17401926 1.498
-0.091547675 0.17401926 1.498
-0.088944167 0.17401926 1.498
-0.086340658 0.17401926 1.498
-0.08373715 0.17401926 1.498
-0.081133634 0.17401926 1.498
-0.078530125 0.17401926 1.498
-0.075926617 0.17401926 1.498
-0.073323108 0.17401926 1.498
-0.0707196 0.17401926 1.498
-0.068116091 0.17401926 1.498
-0.065512575 0.17401926 1.498
-0.062909067 0.17401926 1.498
-0.060305558 0.17401926 1.498
-0.05770205 0.17401926 1.498
-0.055098537 0.17401926 1.498
-0.052495029 0.17401926 1.498
-0.04989152 0.17401926 1.498
-0.047193307 0.17367075 1.495
-0.044595011 0.17367075 1.495
-0.041996714 0.17367075 1.495
-0.039477479 0.17401926 1.498
-0.03687397 0.17401926 1.498
-0.034270462 0.17401926 1.498
-0.031666949 0.17401926 1.498
-0.029063441 0.17401926 1.498
-0.02645993 0.17401926 1.498
-0.023856422 0.17401926 1.498
-0.021252912 0.17401926 1.498
-0.018649401 0.17401926 1.498
-0.016045893 0.17401926 1.498
-0.013415461 0.17367075 1.495
-0.010817165 0.17367075 1.495
-0.0082188696 0.17367075 1.495
-0.0056205736 0.17367075 1.495
-0.003022278 0.17367075 1.495
-0.00042398213 0.17367075 1.495
0.0021743136 0.17367075 1.495
0.0047821868 0.17401926 1.498
0.0073856968 0.17401926 1.498
0.0099892067 0.17401926 1.498
0.012626342 0.17448393 1.502
0.015236803 0.17448393 1.502
0.017847264 0.17448393 1.502
0.020457726 0.17448393 1.502
0.023068188 0.17448393 1.502
0.02567865 0.17448393 1.502
0.028289111 0.17448393 1.502
0.030817285 0.17401926 1.498
0.033420794 0.17401926 1.498
0.036024306 0.17401926 1.498
0.038627815 0.17401926 1.498
0.041148752 0.17367075 1.495
0.043747045 0.17367075 1.495
0.046345342 0.17367075 1.495
0.048943639 0.17367075 1.495
0.051541936 0.17367075 1.495
0.054140229 0.17367075 1.495
0.056738526 0.17367075 1.495
0.059336822 0.17367075 1.495
0.061935116 0.17367075 1.495
0.064533412 0.17367075 1.495
0.067131706 0.17367075 1.495
0.069730006 0.17367075 1.495
0.072328299 0.17367075 1.495
0.0749266 0.17367075 1.495
0.077524893 0.17367075 1.495
0.080123186 0.17367075 1.495
0.082721487 0.17367075 1.495
0.08531978 0.17367075 1.495
0.087918073 0.17367075 1.495
0.090516374 0.17367075 1.495
0.093114667 0.17367075 1.495
0.09571296 0.17367075 1.495
0.098508537 0.17401926 1.498
0.10111205 0.17401926 1.498
0.10371556 0.17401926 1.498
0.10631907 0.17401926 1.498
0.10892258 0.17401926 1.498
0.11152609 0.17401926 1.498
0.11443435 0.17448393 1.502
0.11704481 0.17448393 1.502
0.11965527 0.17448393 1.502
0.12226573 0.17448393 1.502
0.12487619 0.17448393 1.502
0.12748666 0.17448393 1.502
0.12975065 0.17401926 1.498
0.13235417 0.17401926 1.498
0.13495767 0.17401926 1.498
0.13756119 0.17401926 1.498
0.1401647 0.17401926 1.498
0.14248228 0.17367075 1.495
0.14508058 0.17367075 1.495
0.14767888 0.17367075 1.495
0.15027718 0.17367075 1.495
0.15287547 0.17367075 1.495
0.15547377 0.17367075 1.495
0.15807207 0.17367075 1.495
0.16067035 0.17367075 1.495
0.16326866 0.17367075 1.495
0.16619979 0.17401926 1.498
0.1688033 0.17401926 1.498
0.17140682 0.17401926 1.498
0.17401032 0.17401926 1.498
0.17626013 0.17367075 1.495
0.17885843 0.17367075 1.495
0.18145673 0.17367075 1.495
0.18368568 0.17332225 1.492
0.18627876 0.17332225 1.492
0.18887185 0.17332225 1.492
0.19146492 0.17332225 1.492
0.194058 0.17332225 1.492
0.19665109 0.17332225 1.492
0.19924417 0.17332225 1.492
-0.19921817 0.17744811 1.505
-0.19660249 0.17744811 1.505
-0.1943735 0.17780183 1.508
-0.19175261 0.17780183 1.508
-0.18913172 0.17780183 1.508
-0.18651083 0.17780183 1.508
-0.18388996 0.17780183 1.508
-0.18126906 0.17780183 1.508
-0.17864817 0.17780183 1.508
-0.17602728 0.17780183 1.508
-0.17340639 0.17780183 1.508
-0.17044574 0.17744811 1.505
-0.16783006 0.17744811 1.505
-0.16521439 0.17744811 1.505
-0.16259871 0.17744811 1.505
-0.15998304 0.17744811 1.505
-0.15736736 0.17744811 1.505
-0.15475169 0.17744811 1.505
-0.15183274 0.17709439 1.502
-0.14922228 0.17709439 1.502
-0.14661182 0.17709439 1.502
-0.14400136 0.17709439 1.502
-0.1413909 0.17709439 1.502
-0.13878043 0.17709439 1.502
-0.13580735 0.17662278 1.498
-0.13320383 0.17662278 1.498
-0.13060032 0.17662278 1.498
-0.12799682 0.17662278 1.498
-0.1253933 0.17662278 1.498
-0.12278979 0.17662278 1.498
-0.12018628 0.17662278 1.498
-0.11758278 0.17662278 1.498
-0.11497927 0.17662278 1.498
-0.11237576 0.17662278 1.498
-0.10977224 0.17662278 1.498
-0.10716873 0.17662278 1.498
-0.10484444 0.17709439 1.502
-0.10223398 0.17709439 1.502
-0.099358208 0.17662278 1.498
-0.0967547 0.17662278 1.498
-0.094151184 0.17662278 1.498
-0.091547675 0.17662278 1.498
-0.088944167 0.17662278 1.498
-0.086340658 0.17662278 1.498
-0.08373715 0.17662278 1.498
-0.081133634 0.17662278 1.498
-0.078530125 0.17662278 1.498
-0.075926617 0.17662278 1.498
-0.073323108 0.17662278 1.498
-0.0707196 0.17662278 1.498
-0.068116091 0.17662278 1.498
-0.065512575 0.17662278 1.498
-0.062909067 0.17662278 1.498
-0.060305558 0.17662278 1.498
-0.05770205 0.17662278 1.498
-0.055098537 0.17662278 1.498
-0.052495029 0.17662278 1.498
-0.049791604 0.17626905 1.495
-0.047193307 0.17626905 1.495
-0.044595011 0.17626905 1.495
-0.041996714 0.17626905 1.495
-0.039477479 0.17662278 1.498
-0.03687397 0.17662278 1.498
-0.034270462 0.17662278 1.498
-0.031666949 0.17662278 1.498
-0.029063441 0.17662278 1.498
-0.02645993 0.17662278 1.498
-0.023856422 0.17662278 1.498
-0.021252912 0.17662278 1.498
-0.018649401 0.17662278 1.498
-0.016045893 0.17662278 1.498
-0.013415461 0.17626905 1.495
-0.010817165 0.17626905 1.495
-0.0082188696 0.17626905 1.495
-0.0056205736 0.17626905 1.495
-0.003022278 0.17626905 1.495
-0.00042398213 0.17626905 1.495
0.0021743136 0.17626905 1.495
0.0047821868 0.17662278 1.498
0.0073856968 0.17662278 1.498
0.0099892067 0.17662278 1.498
0.012626342 0.17709439 1.502
0.015236803 0.17709439 1.502
0.017847264 0.17709439 1.502
0.020457726 0.17709439 1.502
0.023068188 0.17709439 1.502
0.02567865 0.17709439 1.502
0.028289111 0.17709439 1.502
0.030817285 0.17662278 1.498
0.033420794 0.17662278 1.498
0.036024306 0.17662278 1.498
0.038627815 0.17662278 1.498
0.041148752 0.17626905 1.495
0.043747045 0.17626905 1.495
0.046345342 0.17626905 1.495
0.048943639 0.17626905 1.495
0.051541936 0.17626905 1.495
0.054140229 0.17626905 1.495
0.056738526 0.17626905 1.495
0.059336822 0.17626905 1.495
0.061935116 0.17626905 1.495
0.064533412 0.17626905 1.495
0.067131706 0.17626905 1.495
0.069730006 0.17626905 1.495
0.072473444 0.17662278 1.498
0.0749266 0.17626905 1.495
0.077524893 0.17626905 1.495
0.080123186 0.17626905 1.495
0.082721487 0.17626905 1.495
0.08531978 0.17626905 1.495
0.087918073 0.17626905 1.495
0.090516374 0.17626905 1.495
0.093114667 0.17626905 1.495
0.09571296 0.17626905 1.495
0.098508537 0.17662278 1.498
0.10111205 0.17662278 1.498
0.10371556 0.17662278 1.498
0.10631907 0.17662278 1.498
0.10921343 0.17709439 1.502
0.11182389 0.17709439 1.502
0.11443435 0.17709439 1.502
0.11704481 0.17709439 1.502
0.11965527 0.17709439 1.502
0.12226573 0.17709439 1.502
0.12487619 0.17709439 1.502
0.12748666 0.17709439 1.502
0.12975065 0.17662278 1.498
0.13235417 0.17662278 1.498
0.13495767 0.17662278 1.498
0.13756119 0.17662278 1.498
0.1401647 0.17662278 1.498
0.14248228 0.17626905 1.495
0.14508058 0.17626905 1.495
0.14767888 0.17626905 1.495
0.15027718 0.17626905 1.495
0.15287547 0.17626905 1.495
0.15547377 0.17626905 1.495
0.15807207 0.17626905 1.495
0.16067035 0.17626905 1.495
0.16326866 0.17626905 1.495
0.16619979 0.17662278 1.498
0.1688033 0.17662278 1.498
0.17140682 0.17662278 1.498
0.17401032 0.17662278 1.498
0.17626013 0.17626905 1.495
0.17885843 0.17626905 1.495
0.18109259 0.17591533 1.492
0.18368568 0.17591533 1.492
0.18627876 0.17591533 1.492
0.18887185 0.17591533 1.492
0.19146492 0.17591533 1.492
0.194058 0.17591533 1.492
0.19665109 0.17591533 1.492
0.19924417 0.17591533 1.492
-0.19921817 0.18006378 1.505
-0.19699439 0.18042272 1.508
-0.1943735 0.18042272 1.508
-0.19175261 0.18042272 1.508
-0.18913172 0.18042272 1.508
-0.18651083 0.18042272 1.508
-0.18388996 0.18042272 1.508
-0.18126906 0.18042272 1.508
-0.17864817 0.18042272 1.508
-0.17602728 0.18042272 1.508
-0.17340639 0.18042272 1.508
-0.1707855 0.18042272 1.508
-0.16783006 0.18006378 1.505
-0.16521439 0.18006378 1.505
-0.16259871 0.18006378 1.505
-0.15998304 0.18006378 1.505
-0.15736736 0.18006378 1.505
-0.15475169 0.18006378 1.505
-0.15183274 0.17970484 1.502
-0.14922228 0.17970484 1.502
-0.14661182 0.17970484 1.502
-0.14400136 0.17970484 1.502
-0.1413909 0.17970484 1.502
-0.13841085 0.17922628 1.498
-0.13580735 0.17922628 1.498
-0.13320383 0.17922628 1.498
-0.13060032 0.17922628 1.498
-0.12799682 0.17922628 1.498
-0.1253933 0.17922628 1.498
-0.12278979 0.17922628 1.498
-0.12018628 0.17922628 1.498
-0.11758278 0.17922628 1.498
-0.11497927 0.17922628 1.498
-0.11237576 0.17922628 1.498
-0.10977224 0.17922628 1.498
-0.10716873 0.17922628 1.498
-0.10456523 0.17922628 1.498
-0.10196172 0.17922628 1.498
-0.099358208 0.17922628 1.498
-0.0967547 0.17922628 1.498
-0.094151184 0.17922628 1.498
-0.091547675 0.17922628 1.498
-0.088944167 0.17922628 1.498
-0.086340658 0.17922628 1.498
-0.08373715 0.17922628 1.498
-0.081133634 0.17922628 1.498
-0.078530125 0.17922628 1.498
-0.075926617 0.17922628 1.498
-0.073323108 0.17922628 1.498
-0.0707196 0.17922628 1.498
-0.068116091 0.17922628 1.498
-0.065512575 0.17922628 1.498
-0.062909067 0.17922628 1.498
-0.060305558 0.17922628 1.498
-0.05770205 0.17922628 1.498
-0.055098537 0.17922628 1.498
-0.052495029 0.17922628 1.498
-0.04989152 0.17922628 1.498
-0.047193307 0.17886735 1.495
-0.044595011 0.17886735 1.495
-0.041996714 0.17886735 1.495
-0.039477479 0.17922628 1.498
-0.03687397 0.17922628 1.498
-0.034270462 0.17922628 1.498
-0.031666949 0.17922628 1.498
-0.029063441 0.17922628 1.498
-0.02645993 0.17922628 1.498
-0.023856422 0.17922628 1.498
-0.021252912 0.17922628 1.498
-0.018649401 0.17922628 1.498
-0.016045893 0.17922628 1.498
-0.013415461 0.17886735 1.495
-0.010817165 0.17886735 1.495
-0.0082188696 0.17886735 1.495
-0.0056205736 0.17886735 1.495
-0.003022278 0.17886735 1.495
-0.00042398213 0.17886735 1.495
0.0021743136 0.17886735 1.495
0.0047821868 0.17922628 1.498
0.0073856968 0.17922628 1.498
0.0099892067 0.17922628 1.498
0.012626342 0.17970484 1.502
0.015236803 0.17970484 1.502
0.017847264 0.17970484 1.502
0.020457726 0.17970484 1.502
0.023068188 0.17970484 1.502
0.02567865 0.17970484 1.502
0.028213775 0.17922628 1.498
0.030817285 0.17922628 1.498
0.033420794 0.17922628 1.498
0.036024306 0.17922628 1.498
0.038627815 0.17922628 1.498
0.041148752 0.17886735 1.495
0.043747045 0.17886735 1.495
0.046345342 0.17886735 1.495
0.048943639 0.17886735 1.495
0.051541936 0.17886735 1.495
0.054140229 0.17886735 1.495
0.056738526 0.17886735 1.495
0.059336822 0.17886735 1.495
0.061935116 0.17886735 1.495
0.064533412 0.17886735 1.495
0.067131706 0.17886735 1.495
0.069730006 0.17886735 1.495
0.072473444 0.17922628 1.498
0.075076953 0.17922628 1.498
0.077680461 0.17922628 1.498
0.080123186 0.17886735 1.495
0.082721487 0.17886735 1.495
0.08531978 0.17886735 1.495
0.087918073 0.17886735 1.495
0.090516374 0.17886735 1.495
0.093114667 0.17886735 1.495
0.09571296 0.17886735 1.495
0.098508537 0.17922628 1.498
0.10111205 0.17922628 1.498
0.10371556 0.17922628 1.498
0.10631907 0.17922628 1.498
0.10921343 0.17970484 1.502
0.11182389 0.17970484 1.502
0.11443435 0.17970484 1.502
0.11704481 0.17970484 1.502
0.11965527 0.17970484 1.502
0.12226573 0.17970484 1.502
0.12487619 0.17970484 1.502
0.12748666 0.17970484 1.502
0.12975065 0.17922628 1.498
0.13235417 0.17922628 1.498
0.13495767 0.17922628 1.498
0.13756119 0.17922628 1.498
0.1401647 0.17922628 1.498
0.1427682 0.17922628 1.498
0.14508058 0.17886735 1.495
0.14767888 0.17886735 1.495
0.15027718 0.17886735 1.495
0.15287547 0.17886735 1.495
0.15547377 0.17886735 1.495
0.15807207 0.17886735 1.495
0.16067035 0.17886735 1.495
0.16326866 0.17886735 1.495
0.16619979 0.17922628 1.498
0.1688033 0.17922628 1.498
0.17140682 0.17922628 1.498
0.17366184 0.17886735 1.495
0.17626013 0.17886735 1.495
0.17885843 0.17886735 1.495
0.18109259 0.17850842 1.492
0.18368568 0.17850842 1.492
0.18627876 0.17850842 1.492
0.18887185 0.17850842 1.492
0.19146492 0.17850842 1.492
0.194058 0.17850842 1.492
0.19665109 0.17850842 1.492
0.19924417 0.17850842 1.492
-0.19921817 0.18267946 1.505
-0.19699439 0.18304361 1.508
-0.1943735 0.18304361 1.508
-0.19175261 0.18304361 1.508
-0.18913172 0.18304361 1.508
-0.18651083 0.18304361 1.508
-0.18388996 0.18304361 1.508
-0.18126906 0.18304361 1.508
-0.17864817 0.18304361 1.508
-0.17602728 0.18304361 1.508
-0.17340639 0.18304361 1.508
-0.1707855 0.18304361 1.508
-0.16783006 0.18267946 1.505
-0.16521439 0.18267946 1.505
-0.16259871 0.18267946 1.505
-0.15998304 0.18267946 1.505
-0.15736736 0.18267946 1.505
-0.15475169 0.18267946 1.505
-0.15183274 0.18231532 1.502
-0.14922228 0.18231532 1.502
-0.14661182 0.18231532 1.502
-0.14400136 0.18231532 1.502
-0.1413909 0.18231532 1.502
-0.13841085 0.1818298 1.498
-0.13580735 0.1818298 1.498
-0.13320383 0.1818298 1.498
-0.13060032 0.1818298 1.498
-0.12799682 0.1818298 1.498
-0.1253933 0.1818298 1.498
-0.12278979 0.1818298 1.498
-0.12018628 0.1818298 1.498
-0.11758278 0.1818298 1.498
-0.11497927 0.1818298 1.498
-0.11237576 0.1818298 1.498
-0.10977224 0.1818298 1.498
-0.10716873 0.1818298 1.498
-0.10456523 0.1818298 1.498
-0.10196172 0.1818298 1.498
-0.099358208 0.1818298 1.498
-0.0967547 0.1818298 1.498
-0.094151184 0.1818298 1.498
-0.091547675 0.1818298 1.498
-0.088766038 0.18146564 1.495
-0.086167745 0.18146564 1.495
-0.083569445 0.18146564 1.495
-0.080971152 0.18146564 1.495
-0.078530125 0.1818298 1.498
-0.075926617 0.1818298 1.498
-0.073323108 0.1818298 1.498
-0.0707196 0.1818298 1.498
-0.068116091 0.1818298 1.498
-0.065512575 0.1818298 1.498
-0.062909067 0.1818298 1.498
-0.060305558 0.1818298 1.498
-0.05770205 0.1818298 1.498
-0.055098537 0.1818298 1.498
-0.052495029 0.1818298 1.498
-0.04989152 0.1818298 1.498
-0.047288008 0.1818298 1.498
-0.0446845 0.1818298 1.498
-0.042080991 0.1818298 1.498
-0.039477479 0.1818298 1.498
-0.03687397 0.1818298 1.498
-0.034270462 0.1818298 1.498
-0.031666949 0.1818298 1.498
-0.029063441 0.1818298 1.498
-0.02645993 0.1818298 1.498
-0.023856422 0.1818298 1.498
-0.021252912 0.1818298 1.498
-0.018649401 0.1818298 1.498
-0.016045893 0.1818298 1.498
-0.013415461 0.18146564 1.495
-0.010817165 0.18146564 1.495
-0.0082188696 0.18146564 1.495
-0.0056205736 0.18146564 1.495
-0.003022278 0.18146564 1.495
-0.00042398213 0.18146564 1.495
0.0021743136 0.18146564 1.495
0.0047821868 0.1818298 1.498
0.0073856968 0.1818298 1.498
0.0099892067 0.1818298 1.498
0.012592716 0.1818298 1.498
0.015236803 0.18231532 1.502
0.017847264 0.18231532 1.502
0.020457726 0.18231532 1.502
0.023006756 0.1818298 1.498
0.025610264 0.1818298 1.498
0.028213775 0.1818298 1.498
0.030817285 0.1818298 1.498
0.033420794 0.1818298 1.498
0.035952158 0.18146564 1.495
0.038550455 0.18146564 1.495
0.041148752 0.18146564 1.495
0.043747045 0.18146564 1.495
0.046345342 0.18146564 1.495
0.048943639 0.18146564 1.495
0.051541936 0.18146564 1.495
0.054140229 0.18146564 1.495
0.056738526 0.18146564 1.495
0.059455894 0.1818298 1.498
0.062059402 0.1818298 1.498
0.064662911 0.1818298 1.498
0.06726642 0.1818298 1.498
0.069869936 0.1818298 1.498
0.072473444 0.1818298 1.498
0.075076953 0.1818298 1.498
0.077680461 0.1818298 1.498
0.08028397 0.1818298 1.498
0.082721487 0.18146564 1.495
0.08531978 0.18146564 1.495
0.087918073 0.18146564 1.495
0.090516374 0.18146564 1.495
0.093114667 0.18146564 1.495
0.09571296 0.18146564 1.495
0.098508537 0.1818298 1.498
0.10111205 0.1818298 1.498
0.10371556 0.1818298 1.498
0.10631907 0.1818298 1.498
0.10921343 0.18231532 1.502
0.11182389 0.18231532 1.502
0.11443435 0.18231532 1.502
0.11704481 0.18231532 1.502
0.11965527 0.18231532 1.502
0.12226573 0.18231532 1.502
0.12487619 0.18231532 1.502
0.12714715 0.1818298 1.498
0.12975065 0.1818298 1.498
0.13235417 0.1818298 1.498
0.13495767 0.1818298 1.498
0.13756119 0.1818298 1.498
0.1401647 0.1818298 1.498
0.1427682 0.1818298 1.498
0.14537172 0.1818298 1.498
0.14767888 0.18146564 1.495
0.15027718 0.18146564 1.495
0.15287547 0.18146564 1.495
0.15547377 0.18146564 1.495
0.15807207 0.18146564 1.495
0.16067035 0.18146564 1.495
0.16359629 0.1818298 1.498
0.16619979 0.1818298 1.498
0.1688033 0.1818298 1.498
0.17140682 0.1818298 1.498
0.17366184 0.18146564 1.495
0.17626013 0.18146564 1.495
0.17885843 0.18146564 1.495
0.18145673 0.18146564 1.495
0.18368568 0.1811015 1.492
0.18627876 0.1811015 1.492
0.18887185 0.1811015 1.492
0.19146492 0.1811015 1.492
0.194058 0.1811015 1.492
0.19665109 0.1811015 1.492
0.19924417 0.1811015 1.492
-0.19921817 0.18529513 1.505
-0.19699439 0.1856645 1.508
-0.1943735 0.1856645 1.508
-0.19175261 0.1856645 1.508
-0.18913172 0.1856645 1.508
-0.18651083 0.1856645 1.508
-0.18388996 0.1856645 1.508
-0.18126906 0.1856645 1.508
-0.17864817 0.1856645 1.508
-0.17602728 0.1856645 1.508
-0.17340639 0.1856645 1.508
-0.1707855 0.1856645 1.508
-0.16783006 0.18529513 1.505
-0.16521439 0.18529513 1.505
-0.16259871 0.18529513 1.505
-0.15998304 0.18529513 1.505
-0.15736736 0.18529513 1.505
-0.15475169 0.18529513 1.505
-0.15183274 0.18492578 1.502
-0.14922228 0.18492578 1.502
-0.14661182 0.18492578 1.502
-0.14400136 0.18492578 1.502
-0.14101437 0.1844333 1.498
-0.13841085 0.1844333 1.498
-0.13580735 0.1844333 1.498
-0.13320383 0.1844333 1.498
-0.13060032 0.1844333 1.498
-0.12774047 0.18406394 1.495
-0.1253933 0.1844333 1.498
-0.12278979 0.1844333 1.498
-0.12018628 0.1844333 1.498
-0.11758278 0.1844333 1.498
-0.11497927 0.1844333 1.498
-0.11237576 0.1844333 1.498
-0.10977224 0.1844333 1.498
-0.10716873 0.1844333 1.498
-0.10456523 0.1844333 1.498
-0.10196172 0.1844333 1.498
-0.099358208 0.1844333 1.498
-0.096560925 0.18406394 1.495
-0.094151184 0.1844333 1.498
-0.091364339 0.18406394 1.495
-0.088766038 0.18406394 1.495
-0.086167745 0.18406394 1.495
-0.083569445 0.18406394 1.495
-0.080971152 0.18406394 1.495
-0.078372858 0.18406394 1.495
-0.075926617 0.1844333 1.498
-0.073323108 0.1844333 1.498
-0.0707196 0.1844333 1.498
-0.068116091 0.1844333 1.498
-0.065512575 0.1844333 1.498
-0.062909067 0.1844333 1.498
-0.060305558 0.1844333 1.498
-0.05770205 0.1844333 1.498
-0.055098537 0.1844333 1.498
-0.052495029 0.1844333 1.498
-0.04989152 0.1844333 1.498
-0.047288008 0.1844333 1.498
-0.0446845 0.1844333 1.498
-0.042080991 0.1844333 1.498
-0.039477479 0.1844333 1.498
-0.03687397 0.1844333 1.498
-0.034270462 0.1844333 1.498
-0.031666949 0.1844333 1.498
-0.029063441 0.1844333 1.498
-0.02645993 0.1844333 1.498
-0.023856422 0.1844333 1.498
-0.021252912 0.1844333 1.498
-0.018649401 0.1844333 1.498
-0.016045893 0.1844333 1.498
-0.013415461 0.18406394 1.495
-0.010817165 0.18406394 1.495
-0.0082188696 0.18406394 1.495
-0.0056205736 0.18406394 1.495
-0.0030283427 0.1844333 1.498
-0.00042483292 0.1844333 1.498
0.0021786769 0.1844333 1.498
0.0047821868 0.1844333 1.498
0.0073856968 0.1844333 1.498
0.0099892067 0.1844333 1.498
0.012626342 0.18492578 1.502
0.015236803 0.18492578 1.502
0.017847264 0.18492578 1.502
0.020457726 0.18492578 1.502
0.023006756 0.1844333 1.498
0.025610264 0.1844333 1.498
0.028213775 0.1844333 1.498
0.030817285 0.1844333 1.498
0.033353865 0.18406394 1.495
0.035952158 0.18406394 1.495
0.038550455 0.18406394 1.495
0.041148752 0.18406394 1.495
0.043747045 0.18406394 1.495
0.046345342 0.18406394 1.495
0.048943639 0.18406394 1.495
0.051541936 0.18406394 1.495
0.054140229 0.18406394 1.495
0.056852382 0.1844333 1.498
0.059455894 0.1844333 1.498
0.062059402 0.1844333 1.498
0.064662911 0.1844333 1.498
0.06726642 0.1844333 1.498
0.069869936 0.1844333 1.498
0.072473444 0.1844333 1.498
0.075076953 0.1844333 1.498
0.077680461 0.1844333 1.498
0.08028397 0.1844333 1.498
0.082721487 0.18406394 1.495
0.08531978 0.18406394 1.495
0.087918073 0.18406394 1.495
0.090516374 0.18406394 1.495
0.093114667 0.18406394 1.495
0.09571296 0.18406394 1.495
0.09831126 0.18406394 1.495
0.10111205 0.1844333 1.498
0.10371556 0.1844333 1.498
0.10631907 0.1844333 1.498
0.10921343 0.18492578 1.502
0.11182389 0.18492578 1.502
0.11443435 0.18492578 1.502
0.11704481 0.18492578 1.502
0.11965527 0.18492578 1.502
0.12226573 0.18492578 1.502
0.12487619 0.18492578 1.502
0.12748666 0.18492578 1.502
0.12975065 0.1844333 1.498
0.13235417 0.1844333 1.498
0.13495767 0.1844333 1.498
0.13756119 0.1844333 1.498
0.1401647 0.1844333 1.498
0.1427682 0.1844333 1.498
0.14537172 0.1844333 1.498
0.14797522 0.1844333 1.498
0.15057874 0.1844333 1.498
0.15318225 0.1844333 1.498
0.15547377 0.18406394 1.495
0.15807207 0.18406394 1.495
0.16067035 0.18406394 1.495
0.16359629 0.1844333 1.498
0.16586696 0.18406394 1.495
0.1688033 0.1844333 1.498
0.17140682 0.1844333 1.498
0.17366184 0.18406394 1.495
0.17626013 0.18406394 1.495
0.17885843 0.18406394 1.495
0.18145673 0.18406394 1.495
0.18368568 0.18369459 1.492
0.18627876 0.18369459 1.492
0.18887185 0.18369459 1.492
0.19146492 0.18369459 1.492
0.194058 0.18369459 1.492
0.19665109 0.18369459 1.492
0.19924417 0.18369459 1.492
-0.19961528 0.18828538 1.508
-0.19699439 0.18828538 1.508
-0.1943735 0.18828538 1.508
-0.19175261 0.18828538 1.508
-0.18913172 0.18828538 1.508
-0.18651083 0.18828538 1.508
-0.18388996 0.18828538 1.508
-0.18126906 0.18828538 1.508
-0.17864817 0.18828538 1.508
-0.17602728 0.18828538 1.508
-0.17340639 0.18828538 1.508
-0.17044574 0.18791081 1.505
-0.16783006 0.18791081 1.505
-0.16521439 0.18791081 1.505
-0.16259871 0.18791081 1.505
-0.15998304 0.18791081 1.505
-0.15736736 0.18791081 1.505
-0.1544432 0.18753624 1.502
-0.15183274 0.18753624 1.502
-0.14922228 0.18753624 1.502
-0.14661182 0.18753624 1.502
-0.14400136 0.18753624 1.502
-0.14101437 0.18703681 1.498
-0.13841085 0.18703681 1.498
-0.13580735 0.18703681 1.498
-0.13293707 0.18666224 1.495
-0.13033877 0.18666224 1.495
-0.12774047 0.18666224 1.495
-0.12514219 0.18666224 1.495
-0.12254389 0.18666224 1.495
-0.11994559 0.18666224 1.495
-0.11734729 0.18666224 1.495
-0.114749 0.18666224 1.495
-0.1121507 0.18666224 1.495
-0.10955241 0.18666224 1.495
-0.10695411 0.18666224 1.495
-0.10435581 0.18666224 1.495
-0.10196172 0.18703681 1.498
-0.099159226 0.18666224 1.495
-0.096560925 0.18666224 1.495
-0.093962632 0.18666224 1.495
-0.091364339 0.18666224 1.495
-0.088766038 0.18666224 1.495
-0.086167745 0.18666224 1.495
-0.083569445 0.18666224 1.495
-0.080971152 0.18666224 1.495
-0.078372858 0.18666224 1.495
-0.075926617 0.18703681 1.498
-0.073323108 0.18703681 1.498
-0.0707196 0.18703681 1.498
-0.068116091 0.18703681 1.498
-0.065512575 0.18703681 1.498
-0.062909067 0.18703681 1.498
-0.060305558 0.18703681 1.498
-0.05770205 0.18703681 1.498
-0.055098537 0.18703681 1.498
-0.052495029 0.18703681 1.498
-0.049791604 0.18666224 1.495
-0.047288008 0.18703681 1.498
-0.0446845 0.18703681 1.498
-0.041996714 0.18666224 1.495
-0.039477479 0.18703681 1.498
-0.03687397 0.18703681 1.498
-0.034201827 0.18666224 1.495
-0.03160353 0.18666224 1.495
-0.029005237 0.18666224 1.495
-0.02640694 0.18666224 1.495
-0.023856422 0.18703681 1.498
-0.021252912 0.18703681 1.498
-0.018649401 0.18703681 1.498
-0.016013756 0.18666224 1.495
-0.013415461 0.18666224 1.495
-0.010817165 0.18666224 1.495
-0.0082188696 0.18666224 1.495
-0.0056318524 0.18703681 1.498
-0.0030283427 0.18703681 1.498
-0.00042483292 0.18703681 1.498
0.0021786769 0.18703681 1.498
0.0047821868 0.18703681 1.498
0.0073856968 0.18703681 1.498
0.0099892067 0.18703681 1.498
0.012626342 0.18753624 1.502
0.015236803 0.18753624 1.502
0.017847264 0.18753624 1.502
0.020403245 0.18703681 1.498
0.023006756 0.18703681 1.498
0.025610264 0.18703681 1.498
0.028213775 0.18703681 1.498
0.030755568 0.18666224 1.495
0.033353865 0.18666224 1.495
0.035952158 0.18666224 1.495
0.038550455 0.18666224 1.495
0.041148752 0.18666224 1.495
0.043747045 0.18666224 1.495
0.046345342 0.18666224 1.495
0.048943639 0.18666224 1.495
0.051541936 0.18666224 1.495
0.054140229 0.18666224 1.495
0.056852382 0.18703681 1.498
0.059455894 0.18703681 1.498
0.062059402 0.18703681 1.498
0.064662911 0.18703681 1.498
0.06726642 0.18703681 1.498
0.069869936 0.18703681 1.498
0.072473444 0.18703681 1.498
0.075076953 0.18703681 1.498
0.077680461 0.18703681 1.498
0.08028397 0.18703681 1.498
0.082887478 0.18703681 1.498
0.08531978 0.18666224 1.495
0.087918073 0.18666224 1.495
0.090516374 0.18666224 1.495
0.093114667 0.18666224 1.495
0.09571296 0.18666224 1.495
0.09831126 0.18666224 1.495
0.10111205 0.18703681 1.498
0.10371556 0.18703681 1.498
0.10631907 0.18703681 1.498
0.10921343 0.18753624 1.502
0.11182389 0.18753624 1.502
0.11443435 0.18753624 1.502
0.11704481 0.18753624 1.502
0.11965527 0.18753624 1.502
0.12226573 0.18753624 1.502
0.12487619 0.18753624 1.502
0.12748666 0.18753624 1.502
0.13009712 0.18753624 1.502
0.13235417 0.18703681 1.498
0.13495767 0.18703681 1.498
0.13756119 0.18703681 1.498
0.1401647 0.18703681 1.498
0.1427682 0.18703681 1.498
0.14537172 0.18703681 1.498
0.14797522 0.18703681 1.498
0.15057874 0.18703681 1.498
0.15318225 0.18703681 1.498
0.15578575 0.18703681 1.498
0.15807207 0.18666224 1.495
0.16099277 0.18703681 1.498
0.16359629 0.18703681 1.498
0.16586696 0.18666224 1.495
0.16846524 0.18666224 1.495
0.17106354 0.18666224 1.495
0.17366184 0.18666224 1.495
0.17626013 0.18666224 1.495
0.17885843 0.18666224 1.495
0.18145673 0.18666224 1.495
0.18368568 0.18628766 1.492
0.18627876 0.18628766 1.492
0.18887185 0.18628766 1.492
0.19146492 0.18628766 1.492
0.194058 0.18628766 1.492
0.19665109 0.18628766 1.492
0.19924417 0.18628766 1.492
-0.19921817 0.19052649 1.505
-0.19699439 0.19090627 1.508
-0.1943735 0.19090627 1.508
-0.19175261 0.19090627 1.508
-0.18913172 0.19090627 1.508
-0.18651083 0.19090627 1.508
-0.18388996 0.19090627 1.508
-0.18126906 0.19090627 1.508
-0.17864817 0.19090627 1.508
-0.17602728 0.19090627 1.508
-0.17306142 0.19052649 1.505
-0.17044574 0.19052649 1.505
-0.16783006 0.19052649 1.505
-0.16521439 0.19052649 1.505
-0.16259871 0.19052649 1.505
-0.15966412 0.1901467 1.502
-0.15705366 0.1901467 1.502
-0.1544432 0.1901467 1.502
-0.15183274 0.1901467 1.502
-0.14922228 0.1901467 1.502
-0.14661182 0.1901467 1.502
-0.14361787 0.18964033 1.498
-0.14101437 0.18964033 1.498
-0.13841085 0.18964033 1.498
-0.13580735 0.18964033 1.498
-0.13320383 0.18964033 1.498
-0.13033877 0.18926053 1.495
-0.12774047 0.18926053 1.495
-0.12514219 0.18926053 1.495
-0.12254389 0.18926053 1.495
-0.11994559 0.18926053 1.495
-0.11734729 0.18926053 1.495
-0.114749 0.18926053 1.495
-0.1121507 0.18926053 1.495
-0.10955241 0.18926053 1.495
-0.10695411 0.18926053 1.495
-0.10435581 0.18926053 1.495
-0.10175752 0.18926053 1.495
-0.099159226 0.18926053 1.495
-0.096560925 0.18926053 1.495
-0.093962632 0.18926053 1.495
-0.091364339 0.18926053 1.495
-0.088766038 0.18926053 1.495
-0.086167745 0.18926053 1.495
-0.083569445 0.18926053 1.495
-0.080971152 0.18926053 1.495
-0.078372858 0.18926053 1.495
-0.075926617 0.18964033 1.498
-0.073323108 0.18964033 1.498
-0.0707196 0.18964033 1.498
-0.068116091 0.18964033 1.498
-0.065512575 0.18964033 1.498
-0.062909067 0.18964033 1.498
-0.060305558 0.18964033 1.498
-0.05770205 0.18964033 1.498
-0.055098537 0.18964033 1.498
-0.052495029 0.18964033 1.498
-0.04989152 0.18964033 1.498
-0.047288008 0.18964033 1.498
-0.0446845 0.18964033 1.498
-0.042080991 0.18964033 1.498
-0.039477479 0.18964033 1.498
-0.03687397 0.18964033 1.498
-0.034201827 0.18926053 1.495
-0.03160353 0.18926053 1.495
-0.029005237 0.18926053 1.495
-0.02640694 0.18926053 1.495
-0.023856422 0.18964033 1.498
-0.021252912 0.18964033 1.498
-0.018612053 0.18926053 1.495
-0.016013756 0.18926053 1.495
-0.013415461 0.18926053 1.495
-0.010817165 0.18926053 1.495
-0.0082188696 0.18926053 1.495
-0.0056205736 0.18926053 1.495
-0.003022278 0.18926053 1.495
-0.00042483292 0.18964033 1.498
0.0021786769 0.18964033 1.498
0.0047821868 0.18964033 1.498
0.0073856968 0.18964033 1.498
0.0099892067 0.18964033 1.498
0.012592716 0.18964033 1.498
0.015196226 0.18964033 1.498
0.017799735 0.18964033 1.498
0.020403245 0.18964033 1.498
0.023006756 0.18964033 1.498
0.025610264 0.18964033 1.498
0.028213775 0.18964033 1.498
0.030755568 0.18926053 1.495
0.033353865 0.18926053 1.495
0.035952158 0.18926053 1.495
0.038550455 0.18926053 1.495
0.041148752 0.18926053 1.495
0.043747045 0.18926053 1.495
0.046345342 0.18926053 1.495
0.048943639 0.18926053 1.495
0.051541936 0.18926053 1.495
0.054140229 0.18926053 1.495
0.056852382 0.18964033 1.498
0.059455894 0.18964033 1.498
0.062059402 0.18964033 1.498
0.064662911 0.18964033 1.498
0.06726642 0.18964033 1.498
0.069869936 0.18964033 1.498
0.072473444 0.18964033 1.498
0.075076953 0.18964033 1.498
0.077680461 0.18964033 1.498
0.08028397 0.18964033 1.498
0.082887478 0.18964033 1.498
0.08531978 0.18926053 1.495
0.087918073 0.18926053 1.495
0.090516374 0.18926053 1.495
0.093114667 0.18926053 1.495
0.09571296 0.18926053 1.495
0.09831126 0.18926053 1.495
0.10111205 0.18964033 1.498
0.10371556 0.18964033 1.498
0.10631907 0.18964033 1.498
0.10892258 0.18964033 1.498
0.11182389 0.1901467 1.502
0.1141296 0.18964033 1.498
0.11704481 0.1901467 1.502
0.11965527 0.1901467 1.502
0.12226573 0.1901467 1.502
0.12454364 0.18964033 1.498
0.12748666 0.1901467 1.502
0.13009712 0.1901467 1.502
0.13235417 0.18964033 1.498
0.13495767 0.18964033 1.498
0.13756119 0.18964033 1.498
0.1401647 0.18964033 1.498
0.1427682 0.18964033 1.498
0.14537172 0.18964033 1.498
0.14797522 0.18964033 1.498
0.15057874 0.18964033 1.498
0.15318225 0.18964033 1.498
0.15578575 0.18964033 1.498
0.15838927 0.18964033 1.498
0.16099277 0.18964033 1.498
0.16359629 0.18964033 1.498
0.16586696 0.18926053 1.495
0.16846524 0.18926053 1.495
0.17106354 0.18926053 1.495
0.17366184 0.18926053 1.495
0.17626013 0.18926053 1.495
0.17885843 0.18926053 1.495
0.18109259 0.18888074 1.492
0.18368568 0.18888074 1.492
0.18627876 0.18888074 1.492
0.18887185 0.18888074 1.492
0.19146492 0.18888074 1.492
0.194058 0.18888074 1.492
0.19665109 0.18888074 1.492
0.19924417 0.18888074 1.492
-0.19921817 0.19314216 1.505
-0.19660249 0.19314216 1.505
-0.1943735 0.19352716 1.508
-0.19175261 0.19352716 1.508
-0.18913172 0.19352716 1.508
-0.18651083 0.19352716 1.508
-0.18388996 0.19352716 1.508
-0.18126906 0.19352716 1.508
-0.17829277 0.19314216 1.505
-0.17567709 0.19314216 1.505
-0.17306142 0.19314216 1.505
-0.17044574 0.19314216 1.505
-0.16783006 0.19314216 1.505
-0.16521439 0.19314216 1.505
-0.1622746 0.19275716 1.502
-0.15966412 0.19275716 1.502
-0.15705366 0.19275716 1.502
-0.1544432 0.19275716 1.502
-0.15183274 0.19275716 1.502
-0.14922228 0.19275716 1.502
-0.14622138 0.19224383 1.498
-0.14361787 0.19224383 1.498
-0.14101437 0.19224383 1.498
-0.13841085 0.19224383 1.498
-0.13580735 0.19224383 1.498
-0.13320383 0.19224383 1.498
-0.13060032 0.19224383 1.498
-0.12774047 0.19185883 1.495
-0.12514219 0.19185883 1.495
-0.12254389 0.19185883 1.495
-0.11994559 0.19185883 1.495
-0.11734729 0.19185883 1.495
-0.114749 0.19185883 1.495
-0.1121507 0.19185883 1.495
-0.10955241 0.19185883 1.495
-0.10695411 0.19185883 1.495
-0.10435581 0.19185883 1.495
-0.10175752 0.19185883 1.495
-0.099159226 0.19185883 1.495
-0.096560925 0.19185883 1.495
-0.093962632 0.19185883 1.495
-0.091364339 0.19185883 1.495
-0.088766038 0.19185883 1.495
-0.086167745 0.19185883 1.495
-0.083569445 0.19185883 1.495
-0.080971152 0.19185883 1.495
-0.078372858 0.19185883 1.495
-0.075926617 0.19224383 1.498
-0.073323108 0.19224383 1.498
-0.0707196 0.19224383 1.498
-0.068116091 0.19224383 1.498
-0.065512575 0.19224383 1.498
-0.062909067 0.19224383 1.498
-0.060305558 0.19224383 1.498
-0.05770205 0.19224383 1.498
-0.055098537 0.19224383 1.498
-0.052495029 0.19224383 1.498
-0.04989152 0.19224383 1.498
-0.047288008 0.19224383 1.498
-0.0446845 0.19224383 1.498
-0.042080991 0.19224383 1.498
-0.039477479 0.19224383 1.498
-0.036800124 0.19185883 1.495
-0.034201827 0.19185883 1.495
-0.03160353 0.19185883 1.495
-0.029005237 0.19185883 1.495
-0.02640694 0.19185883 1.495
-0.023808645 0.19185883 1.495
-0.021210348 0.19185883 1.495
-0.018612053 0.19185883 1.495
-0.016013756 0.19185883 1.495
-0.013415461 0.19185883 1.495
-0.010817165 0.19185883 1.495
-0.0082188696 0.19185883 1.495
-0.0056205736 0.19185883 1.495
-0.003022278 0.19185883 1.495
-0.00042483292 0.19224383 1.498
0.0021786769 0.19224383 1.498
0.0047821868 0.19224383 1.498
0.0073856968 0.19224383 1.498
0.0099892067 0.19224383 1.498
0.012592716 0.19224383 1.498
0.015196226 0.19224383 1.498
0.017799735 0.19224383 1.498
0.020403245 0.19224383 1.498
0.023006756 0.19224383 1.498
0.025610264 0.19224383 1.498
0.028157271 0.19185883 1.495
0.030755568 0.19185883 1.495
0.033353865 0.19185883 1.495
0.035952158 0.19185883 1.495
0.038550455 0.19185883 1.495
0.041148752 0.19185883 1.495
0.043747045 0.19185883 1.495
0.046345342 0.19185883 1.495
0.048943639 0.19185883 1.495
0.051541936 0.19185883 1.495
0.054140229 0.19185883 1.495
0.056852382 0.19224383 1.498
0.059455894 0.19224383 1.498
0.062059402 0.19224383 1.498
0.064662911 0.19224383 1.498
0.06726642 0.19224383 1.498
0.069869936 0.19224383 1.498
0.072473444 0.19224383 1.498
0.075076953 0.19224383 1.498
0.077680461 0.19224383 1.498
0.08028397 0.19224383 1.498
0.082721487 0.19185883 1.495
0.08531978 0.19185883 1.495
0.087918073 0.19185883 1.495
0.090516374 0.19185883 1.495
0.093114667 0.19185883 1.495
0.09571296 0.19185883 1.495
0.09831126 0.19185883 1.495
0.10090955 0.19185883 1.495
0.10371556 0.19224383 1.498
0.10631907 0.19224383 1.498
0.10892258 0.19224383 1.498
0.11152609 0.19224383 1.498
0.1141296 0.19224383 1.498
0.11673311 0.19224383 1.498
0.11933662 0.19224383 1.498
0.12194013 0.19224383 1.498
0.12454364 0.19224383 1.498
0.12714715 0.19224383 1.498
0.12975065 0.19224383 1.498
0.13235417 0.19224383 1.498
0.13495767 0.19224383 1.498
0.13756119 0.19224383 1.498
0.1401647 0.19224383 1.498
0.1427682 0.19224383 1.498
0.14537172 0.19224383 1.498
0.14797522 0.19224383 1.498
0.15057874 0.19224383 1.498
0.15318225 0.19224383 1.498
0.15578575 0.19224383 1.498
0.15838927 0.19224383 1.498
0.16099277 0.19224383 1.498
0.16326866 0.19185883 1.495
0.16586696 0.19185883 1.495
0.16846524 0.19185883 1.495
0.17106354 0.19185883 1.495
0.17366184 0.19185883 1.495
0.17626013 0.19185883 1.495
0.17849952 0.19147383 1.492
0.18109259 0.19147383 1.492
0.18368568 0.19147383 1.492
0.18627876 0.19147383 1.492
0.18887185 0.19147383 1.492
0.19146492 0.19147383 1.492
0.194058 0.19147383 1.492
0.19665109 0.19147383 1.492
0.19924417 0.19147383 1.492
-0.19921817 0.19575784 1.505
-0.19660249 0.19575784 1.505
-0.1943735 0.19614805 1.508
-0.19175261 0.19614805 1.508
-0.18913172 0.19614805 1.508
-0.18651083 0.19614805 1.508
-0.18388996 0.19614805 1.508
-0.18090844 0.19575784 1.505
-0.17829277 0.19575784 1.505
-0.17567709 0.19575784 1.505
-0.17306142 0.19575784 1.505
-0.17044574 0.19575784 1.505
-0.16783006 0.19575784 1.505
-0.16488506 0.19536762 1.502
-0.1622746 0.19536762 1.502
-0.15966412 0.19536762 1.502
-0.15705366 0.19536762 1.502
-0.1544432 0.19536762 1.502
-0.15183274 0.19536762 1.502
-0.14882489 0.19484735 1.498
-0.14622138 0.19484735 1.498
-0.14361787 0.19484735 1.498
-0.14101437 0.19484735 1.498
-0.13841085 0.19484735 1.498
-0.13580735 0.19484735 1.498
-0.13320383 0.19484735 1.498
-0.13060032 0.19484735 1.498
-0.12774047 0.19445713 1.495
-0.12514219 0.19445713 1.495
-0.12254389 0.19445713 1.495
-0.11994559 0.19445713 1.495
-0.11734729 0.19445713 1.495
-0.114749 0.19445713 1.495
-0.1121507 0.19445713 1.495
-0.10955241 0.19445713 1.495
-0.10695411 0.19445713 1.495
-0.10435581 0.19445713 1.495
-0.10175752 0.19445713 1.495
-0.099159226 0.19445713 1.495
-0.096560925 0.19445713 1.495
-0.094151184 0.19484735 1.498
-0.091547675 0.19484735 1.498
-0.088766038 0.19445713 1.495
-0.086167745 0.19445713 1.495
-0.083569445 0.19445713 1.495
-0.080971152 0.19445713 1.495
-0.078372858 0.19445713 1.495
-0.075926617 0.19484735 1.498
-0.073323108 0.19484735 1.498
-0.0707196 0.19484735 1.498
-0.068116091 0.19484735 1.498
-0.065512575 0.19484735 1.498
-0.062909067 0.19484735 1.498
-0.060305558 0.19484735 1.498
-0.05770205 0.19484735 1.498
-0.055098537 0.19484735 1.498
-0.052495029 0.19484735 1.498
-0.04989152 0.19484735 1.498
-0.047288008 0.19484735 1.498
-0.0446845 0.19484735 1.498
-0.042080991 0.19484735 1.498
-0.039477479 0.19484735 1.498
-0.036800124 0.19445713 1.495
-0.034201827 0.19445713 1.495
-0.03160353 0.19445713 1.495
-0.029005237 0.19445713 1.495
-0.02640694 0.19445713 1.495
-0.023808645 0.19445713 1.495
-0.021210348 0.19445713 1.495
-0.018612053 0.19445713 1.495
-0.016013756 0.19445713 1.495
-0.013415461 0.19445713 1.495
-0.010817165 0.19445713 1.495
-0.0082188696 0.19445713 1.495
-0.0056205736 0.19445713 1.495
-0.003022278 0.19445713 1.495
-0.00042398213 0.19445713 1.495
0.0021786769 0.19484735 1.498
0.0047821868 0.19484735 1.498
0.0073856968 0.19484735 1.498
0.01001588 0.19536762 1.502
0.012626342 0.19536762 1.502
0.015236803 0.19536762 1.502
0.017799735 0.19484735 1.498
0.020403245 0.19484735 1.498
0.023006756 0.19484735 1.498
0.025610264 0.19484735 1.498
0.028213775 0.19484735 1.498
0.030755568 0.19445713 1.495
0.033353865 0.19445713 1.495
0.035952158 0.19445713 1.495
0.038550455 0.19445713 1.495
0.041148752 0.19445713 1.495
0.043747045 0.19445713 1.495
0.046345342 0.19445713 1.495
0.048943639 0.19445713 1.495
0.051541936 0.19445713 1.495
0.054140229 0.19445713 1.495
0.056738526 0.19445713 1.495
0.059455894 0.19484735 1.498
0.062059402 0.19484735 1.498
0.064662911 0.19484735 1.498
0.06726642 0.19484735 1.498
0.069869936 0.19484735 1.498
0.072473444 0.19484735 1.498
0.075076953 0.19484735 1.498
0.077680461 0.19484735 1.498
0.08028397 0.19484735 1.498
0.082721487 0.19445713 1.495
0.08531978 0.19445713 1.495
0.087918073 0.19445713 1.495
0.090516374 0.19445713 1.495
0.093114667 0.19445713 1.495
0.09571296 0.19445713 1.495
0.09831126 0.19445713 1.495
0.10090955 0.19445713 1.495
0.10371556 0.19484735 1.498
0.10631907 0.19484735 1.498
0.10892258 0.19484735 1.498
0.11152609 0.19484735 1.498
0.1141296 0.19484735 1.498
0.11673311 0.19484735 1.498
0.11933662 0.19484735 1.498
0.12194013 0.19484735 1.498
0.12454364 0.19484735 1.498
0.12714715 0.19484735 1.498
0.12975065 0.19484735 1.498
0.13235417 0.19484735 1.498
0.13495767 0.19484735 1.498
0.13756119 0.19484735 1.498
0.1401647 0.19484735 1.498
0.1427682 0.19484735 1.498
0.14537172 0.19484735 1.498
0.14797522 0.19484735 1.498
0.15057874 0.19484735 1.498
0.15318225 0.19484735 1.498
0.15578575 0.19484735 1.498
0.15807207 0.19445713 1.495
0.16067035 0.19445713 1.495
0.16326866 0.19445713 1.495
0.16586696 0.19445713 1.495
0.16846524 0.19445713 1.495
0.17106354 0.19445713 1.495
0.17331335 0.19406691 1.492
0.17590643 0.19406691 1.492
0.17849952 0.19406691 1.492
0.18109259 0.19406691 1.492
0.18368568 0.19406691 1.492
0.18627876 0.19406691 1.492
0.18887185 0.19406691 1.492
0.19146492 0.19406691 1.492
0.194058 0.19406691 1.492
0.1970465 0.19445713 1.495
0.19964479 0.19445713 1.495
-0.19921817 0.19837351 1.505
-0.19660249 0.19837351 1.505
-0.1943735 0.19876894 1.508
-0.19175261 0.19876894 1.508
-0.18913172 0.19876894 1.508
-0.18651083 0.19876894 1.508
-0.18352412 0.19837351 1.505
-0.18090844 0.19837351 1.505
-0.17829277 0.19837351 1.505
-0.17567709 0.19837351 1.505
-0.17306142 0.19837351 1.505
-0.17044574 0.19837351 1.505
-0.16749552 0.19797808 1.502
-0.16488506 0.19797808 1.502
-0.1622746 0.19797808 1.502
-0.15923893 0.19745085 1.498
-0.15663542 0.19745085 1.498
-0.15403192 0.19745085 1.498
-0.1514284 0.19745085 1.498
-0.14882489 0.19745085 1.498
-0.14622138 0.19745085 1.498
-0.14361787 0.19745085 1.498
-0.14101437 0.19745085 1.498
-0.13841085 0.19745085 1.498
-0.13580735 0.19745085 1.498
-0.13320383 0.19745085 1.498
-0.13060032 0.19745085 1.498
-0.12774047 0.19705541 1.495
-0.12514219 0.19705541 1.495
-0.12254389 0.19705541 1.495
-0.11994559 0.19705541 1.495
-0.11758278 0.19745085 1.498
-0.11497927 0.19745085 1.498
-0.11237576 0.19745085 1.498
-0.10977224 0.19745085 1.498
-0.10716873 0.19745085 1.498
-0.10456523 0.19745085 1.498
-0.10196172 0.19745085 1.498
-0.099358208 0.19745085 1.498
-0.0967547 0.19745085 1.498
-0.094151184 0.19745085 1.498
-0.091547675 0.19745085 1.498
-0.088944167 0.19745085 1.498
-0.086167745 0.19705541 1.495
-0.083569445 0.19705541 1.495
-0.080971152 0.19705541 1.495
-0.078530125 0.19745085 1.498
-0.075926617 0.19745085 1.498
-0.073323108 0.19745085 1.498
-0.0707196 0.19745085 1.498
-0.068116091 0.19745085 1.498
-0.065512575 0.19745085 1.498
-0.062909067 0.19745085 1.498
-0.060305558 0.19745085 1.498
-0.05770205 0.19745085 1.498
-0.055098537 0.19745085 1.498
-0.052495029 0.19745085 1.498
-0.04989152 0.19745085 1.498
-0.047288008 0.19745085 1.498
-0.0446845 0.19745085 1.498
-0.042080991 0.19745085 1.498
-0.039477479 0.19745085 1.498
-0.03687397 0.19745085 1.498
-0.034201827 0.19705541 1.495
-0.03160353 0.19705541 1.495
-0.029005237 0.19705541 1.495
-0.02640694 0.19705541 1.495
-0.023808645 0.19705541 1.495
-0.021210348 0.19705541 1.495
-0.018612053 0.19705541 1.495
-0.016013756 0.19705541 1.495
-0.013415461 0.19705541 1.495
-0.010817165 0.19705541 1.495
-0.0082188696 0.19705541 1.495
-0.0056205736 0.19705541 1.495
-0.003022278 0.19705541 1.495
-0.00042398213 0.19705541 1.495
0.0021786769 0.19745085 1.498
0.0047821868 0.19745085 1.498
0.0073856968 0.19745085 1.498
0.01001588 0.19797808 1.502
0.012626342 0.19797808 1.502
0.015236803 0.19797808 1.502
0.017799735 0.19745085 1.498
0.020403245 0.19745085 1.498
0.023006756 0.19745085 1.498
0.025610264 0.19745085 1.498
0.028213775 0.19745085 1.498
0.030755568 0.19705541 1.495
0.033353865 0.19705541 1.495
0.035952158 0.19705541 1.495
0.038550455 0.19705541 1.495
0.041148752 0.19705541 1.495
0.043747045 0.19705541 1.495
0.046345342 0.19705541 1.495
0.048943639 0.19705541 1.495
0.051541936 0.19705541 1.495
0.054140229 0.19705541 1.495
0.056738526 0.19705541 1.495
0.059455894 0.19745085 1.498
0.062059402 0.19745085 1.498
0.064662911 0.19745085 1.498
0.06726642 0.19745085 1.498
0.069869936 0.19745085 1.498
0.072473444 0.19745085 1.498
0.075076953 0.19745085 1.498
0.077680461 0.19745085 1.498
0.08028397 0.19745085 1.498
0.082721487 0.19705541 1.495
0.08531978 0.19705541 1.495
0.087918073 0.19705541 1.495
0.090516374 0.19705541 1.495
0.093114667 0.19705541 1.495
0.09571296 0.19705541 1.495
0.09831126 0.19705541 1.495
0.10090955 0.19705541 1.495
0.10371556 0.19745085 1.498
0.10631907 0.19745085 1.498
0.10892258 0.19745085 1.498
0.11152609 0.19745085 1.498
0.11390103 0.19705541 1.495
0.11649933 0.19705541 1.495
0.11909763 0.19705541 1.495
0.12169592 0.19705541 1.495
0.12429421 0.19705541 1.495
0.12689251 0.19705541 1.495
0.12949081 0.19705541 1.495
0.13208911 0.19705541 1.495
0.13468739 0.19705541 1.495
0.13756119 0.19745085 1.498
0.1401647 0.19745085 1.498
0.1427682 0.19745085 1.498
0.14537172 0.19745085 1.498
0.14797522 0.19745085 1.498
0.15057874 0.19745085 1.498
0.15318225 0.19745085 1.498
0.15578575 0.19745085 1.498
0.15807207 0.19705541 1.495
0.16067035 0.19705541 1.495
0.16326866 0.19705541 1.495
0.16586696 0.19705541 1.495
0.16846524 0.19705541 1.495
0.17072026 0.19665998 1.492
0.17331335 0.19665998 1.492
0.17590643 0.19665998 1.492
0.17849952 0.19665998 1.492
0.18109259 0.19665998 1.492
0.18368568 0.19665998 1.492
0.18627876 0.19665998 1.492
0.18887185 0.19665998 1.492
0.1918499 0.19705541 1.495
0.1944482 0.19705541 1.495
0.1970465 0.19705541 1.495
0.19964479 0.19705541 1.495
-0.13033877 0.19965371 1.495
-0.12774047 0.19965371 1.495
-0.12514219 0.19965371 1.495
-0.12254389 0.19965371 1.495
-0.11994559 0.19965371 1.495
-0.034201827 0.19965371 1.495
-0.03160353 0.19965371 1.495
-0.029005237 0.19965371 1.495
-0.02640694 0.19965371 1.495
-0.023808645 0.19965371 1.495
-0.021210348 0.19965371 1.495
-0.018612053 0.19965371 1.495
-0.016013756 0.19965371 1.495
-0.013415461 0.19965371 1.495
-0.010817165 0.19965371 1.495
-0.0082188696 0.19965371 1.495
-0.0056205736 0.19965371 1.495
-0.003022278 0.19965371 1.495
-0.00042398213 0.19965371 1.495
0.033353865 0.19965371 1.495
0.035952158 0.19965371 1.495
0.038550455 0.19965371 1.495
0.041148752 0.19965371 1.495
0.043747045 0.19965371 1.495
0.046345342 0.19965371 1.495
0.048943639 0.19965371 1.495
0.051541936 0.19965371 1.495
0.054140229 0.19965371 1.495
0.056738526 0.19965371 1.495
0.059336822 0.19965371 1.495
0.061935116 0.19965371 1.495
0.072328299 0.19965371 1.495
0.0749266 0.19965371 1.495
0.077524893 0.19965371 1.495
0.080123186 0.19965371 1.495
0.082721487 0.19965371 1.495
0.08531978 0.19965371 1.495
0.087918073 0.19965371 1.495
0.090516374 0.19965371 1.495
0.093114667 0.19965371 1.495
0.09571296 0.19965371 1.495
0.09831126 0.19965371 1.495
0.10090955 0.19965371 1.495
0.10350785 0.19965371 1.495
0.10610615 0.19965371 1.495
0.10870444 0.19965371 1.495
0.11130274 0.19965371 1.495
0.11390103 0.19965371 1.495
0.11649933 0.19965371 1.495
0.11909763 0.19965371 1.495
0.12169592 0.19965371 1.495
0.12429421 0.19965371 1.495
0.12689251 0.19965371 1.495
0.12949081 0.19965371 1.495
0.13208911 0.19965371 1.495
0.13468739 0.19965371 1.495
0.13728569 0.19965371 1.495
0.139884 0.19965371 1.495
0.15547377 0.19965371 1.495
0.15807207 0.19965371 1.495
0.16067035 0.19965371 1.495
0.16326866 0.19965371 1.495
0.16586696 0.19965371 1.495
0.16812718 0.19925307 1.492
0.17072026 0.19925307 1.492
0.17331335 0.19925307 1.492
0.17590643 0.19925307 1.492
0.17849952 0.19925307 1.492
0.18109259 0.19925307 1.492
0.18405502 0.19965371 1.495
0.18665332 0.19965371 1.495
0.18925162 0.19965371 1.495
0.1918499 0.19965371 1.495
0.1944482 0.19965371 1.495
0.1970465 0.19965371 1.495
0.19964479 0.19965371 1.495
