# .PCD v0.7 - Point Cloud Data file format
VERSION 0.7
FIELDS x y z
SIZE 4 4 4
TYPE F F F
COUNT 1 1 1
WIDTH 9081
HEIGHT 1
VIEWPOINT 0 0 0 1 0 0 0
POINTS 9081
DATA ascii
-0.14882489 -0.14881596 1.498
-0.14622138 -0.14881596 1.498
-0.14361787 -0.14881596 1.498
-0.14101437 -0.14881596 1.498
-0.13060032 -0.14881596 1.498
-0.11237576 -0.14881596 1.498
-0.10977224 -0.14881596 1.498
-0.10716873 -0.14881596 1.498
-0.073323108 -0.14881596 1.498
-0.0707196 -0.14881596 1.498
-0.068116091 -0.14881596 1.498
-0.065512575 -0.14881596 1.498
-0.062909067 -0.14881596 1.498
-0.02645993 -0.14881596 1.498
-0.023856422 -0.14881596 1.498
-0.021252912 -0.14881596 1.498
-0.018649401 -0.14881596 1.498
-0.016045893 -0.14881596 1.498
-0.013442382 -0.14881596 1.498
0.043834835 -0.14881596 1.498
0.046438344 -0.14881596 1.498
0.049041852 -0.14881596 1.498
0.051645365 -0.14881596 1.498
0.054140229 -0.14851792 1.495
0.056738526 -0.14851792 1.495
0.059336822 -0.14851792 1.495
0.061935116 -0.14851792 1.495
0.064533412 -0.14851792 1.495
0.067131706 -0.14851792 1.495
0.069730006 -0.14851792 1.495
0.072183162 -0.1482199 1.492
0.0749266 -0.14851792 1.495
0.077524893 -0.14851792 1.495
0.080123186 -0.14851792 1.495
0.082887478 -0.14881596 1.498
0.085490994 -0.14881596 1.498
0.088094503 -0.14881596 1.498
0.090698011 -0.14881596 1.498
0.09330152 -0.14881596 1.498
0.095905028 -0.14881596 1.498
0.098508537 -0.14881596 1.498
0.10111205 -0.14881596 1.498
0.10350785 -0.14851792 1.495
0.10610615 -0.14851792 1.495
0.10870444 -0.14851792 1.495
0.11130274 -0.14851792 1.495
0.11390103 -0.14851792 1.495
0.11649933 -0.14851792 1.495
0.11909763 -0.14851792 1.495
0.12169592 -0.14851792 1.495
0.1240448 -0.1482199 1.492
0.12663788 -0.1482199 1.492
0.12923096 -0.1482199 1.492
0.13182405 -0.1482199 1.492
0.13468739 -0.14851792 1.495
0.13728569 -0.14851792 1.495
0.139884 -0.14851792 1.495
0.14248228 -0.14851792 1.495
0.14508058 -0.14851792 1.495
0.14767888 -0.14851792 1.495
-0.14882489 -0.14621244 1.498
-0.14622138 -0.14621244 1.498
-0.14361787 -0.14621244 1.498
-0.14101437 -0.14621244 1.498
-0.13841085 -0.14621244 1.498
-0.0707196 -0.14621244 1.498
-0.068116091 -0.14621244 1.498
-0.065512575 -0.14621244 1.498
-0.062909067 -0.14621244 1.498
-0.029063441 -0.14621244 1.498
-0.02645993 -0.14621244 1.498
-0.023856422 -0.14621244 1.498
-0.021252912 -0.14621244 1.498
-0.018649401 -0.14621244 1.498
-0.016045893 -0.14621244 1.498
-0.013442382 -0.14621244 1.498
0.046438344 -0.14621244 1.498
0.049041852 -0.14621244 1.498
0.051645365 -0.14621244 1.498
0.054140229 -0.14591962 1.495
0.056738526 -0.14591962 1.495
0.059336822 -0.14591962 1.495
0.061935116 -0.14591962 1.495
0.064533412 -0.14591962 1.495
0.067131706 -0.14591962 1.495
0.069730006 -0.14591962 1.495
0.072328299 -0.14591962 1.495
0.0749266 -0.14591962 1.495
0.077524893 -0.14591962 1.495
0.080123186 -0.14591962 1.495
0.082721487 -0.14591962 1.495
0.085490994 -0.14621244 1.498
0.088094503 -0.14621244 1.498
0.090698011 -0.14621244 1.498
0.09330152 -0.14621244 1.498
0.095905028 -0.14621244 1.498
0.098508537 -0.14621244 1.498
0.10111205 -0.14621244 1.498
0.10350785 -0.14591962 1.495
0.10610615 -0.14591962 1.495
0.10870444 -0.14591962 1.495
0.11130274 -0.14591962 1.495
0.11390103 -0.14591962 1.495
0.11649933 -0.14591962 1.495
0.11909763 -0.14591962 1.495
0.12169592 -0.14591962 1.495
0.12429421 -0.14591962 1.495
0.12663788 -0.14562681 1.492
0.12949081 -0.14591962 1.495
0.13208911 -0.14591962 1.495
0.13468739 -0.14591962 1.495
0.13728569 -0.14591962 1.495
0.139884 -0.14591962 1.495
0.14248228 -0.14591962 1.495
0.14508058 -0.14591962 1.495
0.14767888 -0.14591962 1.495
-0.14882489 -0.14360894 1.498
-0.14622138 -0.14360894 1.498
-0.14361787 -0.14360894 1.498
-0.14101437 -0.14360894 1.498
-0.13841085 -0.14360894 1.498
-0.0707196 -0.14360894 1.498
-0.068116091 -0.14360894 1.498
-0.065512575 -0.14360894 1.498
-0.062909067 -0.14360894 1.498
-0.029063441 -0.14360894 1.498
-0.02645993 -0.14360894 1.498
-0.023856422 -0.14360894 1.498
-0.021252912 -0.14360894 1.498
-0.018649401 -0.14360894 1.498
-0.016045893 -0.14360894 1.498
-0.013442382 -0.14360894 1.498
0.046438344 -0.14360894 1.498
0.049041852 -0.14360894 1.498
0.051645365 -0.14360894 1.498
0.054248873 -0.14360894 1.498
0.056738526 -0.14332134 1.495
0.059336822 -0.14332134 1.495
0.061935116 -0.14332134 1.495
0.064533412 -0.14332134 1.495
0.067131706 -0.14332134 1.495
0.069730006 -0.14332134 1.495
0.072328299 -0.14332134 1.495
0.0749266 -0.14332134 1.495
0.077524893 -0.14332134 1.495
0.080123186 -0.14332134 1.495
0.082721487 -0.14332134 1.495
0.08531978 -0.14332134 1.495
0.088094503 -0.14360894 1.498
0.090698011 -0.14360894 1.498
0.09330152 -0.14360894 1.498
0.09571296 -0.14332134 1.495
0.098508537 -0.14360894 1.498
0.10090955 -0.14332134 1.495
0.10350785 -0.14332134 1.495
0.10610615 -0.14332134 1.495
0.10870444 -0.14332134 1.495
0.11130274 -0.14332134 1.495
0.11390103 -0.14332134 1.495
0.11649933 -0.14332134 1.495
0.11909763 -0.14332134 1.495
0.12169592 -0.14332134 1.495
0.12429421 -0.14332134 1.495
0.12689251 -0.14332134 1.495
0.12949081 -0.14332134 1.495
0.13208911 -0.14332134 1.495
0.13468739 -0.14332134 1.495
0.13728569 -0.14332134 1.495
0.139884 -0.14332134 1.495
0.14248228 -0.14332134 1.495
0.14508058 -0.14332134 1.495
0.14767888 -0.14332134 1.495
-0.14882489 -0.14100543 1.498
-0.14622138 -0.14100543 1.498
-0.14361787 -0.14100543 1.498
-0.14101437 -0.14100543 1.498
-0.13841085 -0.14100543 1.498
-0.068116091 -0.14100543 1.498
-0.065512575 -0.14100543 1.498
-0.062909067 -0.14100543 1.498
-0.029063441 -0.14100543 1.498
-0.02645993 -0.14100543 1.498
-0.023856422 -0.14100543 1.498
-0.021252912 -0.14100543 1.498
-0.018649401 -0.14100543 1.498
-0.016045893 -0.14100543 1.498
0.049041852 -0.14100543 1.498
0.051645365 -0.14100543 1.498
0.054248873 -0.14100543 1.498
0.056852382 -0.14100543 1.498
0.059336822 -0.14072303 1.495
0.061935116 -0.14072303 1.495
0.064533412 -0.14072303 1.495
0.067131706 -0.14072303 1.495
0.069730006 -0.14072303 1.495
0.072328299 -0.14072303 1.495
0.0749266 -0.14072303 1.495
0.077524893 -0.14072303 1.495
0.080123186 -0.14072303 1.495
0.082721487 -0.14072303 1.495
0.08531978 -0.14072303 1.495
0.087918073 -0.14072303 1.495
0.090698011 -0.14100543 1.498
0.093114667 -0.14072303 1.495
0.09571296 -0.14072303 1.495
0.09831126 -0.14072303 1.495
0.10090955 -0.14072303 1.495
0.10350785 -0.14072303 1.495
0.10610615 -0.14072303 1.495
0.10892258 -0.14100543 1.498
0.11130274 -0.14072303 1.495
0.11390103 -0.14072303 1.495
0.11649933 -0.14072303 1.495
0.11909763 -0.14072303 1.495
0.12169592 -0.14072303 1.495
0.12429421 -0.14072303 1.495
0.12689251 -0.14072303 1.495
0.12949081 -0.14072303 1.495
0.13208911 -0.14072303 1.495
0.13468739 -0.14072303 1.495
0.13728569 -0.14072303 1.495
0.139884 -0.14072303 1.495
0.14248228 -0.14072303 1.495
0.14508058 -0.14072303 1.495
0.14767888 -0.14072303 1.495
-0.14882489 -0.13840191 1.498
-0.14622138 -0.13840191 1.498
-0.14361787 -0.13840191 1.498
-0.14101437 -0.13840191 1.498
-0.068116091 -0.13840191 1.498
-0.065512575 -0.13840191 1.498
-0.062909067 -0.13840191 1.498
-0.029063441 -0.13840191 1.498
-0.02645993 -0.13840191 1.498
-0.023856422 -0.13840191 1.498
-0.021252912 -0.13840191 1.498
-0.018649401 -0.13840191 1.498
-0.016045893 -0.13840191 1.498
0.051645365 -0.13840191 1.498
0.054248873 -0.13840191 1.498
0.056852382 -0.13840191 1.498
0.059455894 -0.13840191 1.498
0.061935116 -0.13812473 1.495
0.064533412 -0.13812473 1.495
0.067131706 -0.13812473 1.495
0.069730006 -0.13812473 1.495
0.072328299 -0.13812473 1.495
0.0749266 -0.13812473 1.495
0.077524893 -0.13812473 1.495
0.080123186 -0.13812473 1.495
0.082721487 -0.13812473 1.495
0.08531978 -0.13812473 1.495
0.087918073 -0.13812473 1.495
0.090516374 -0.13812473 1.495
0.093114667 -0.13812473 1.495
0.09571296 -0.13812473 1.495
0.09831126 -0.13812473 1.495
0.10090955 -0.13812473 1.495
0.10350785 -0.13812473 1.495
0.10631907 -0.13840191 1.498
0.10892258 -0.13840191 1.498
0.11152609 -0.13840191 1.498
0.1141296 -0.13840191 1.498
0.11673311 -0.13840191 1.498
0.11933662 -0.13840191 1.498
0.12169592 -0.13812473 1.495
0.12429421 -0.13812473 1.495
0.12689251 -0.13812473 1.495
0.12949081 -0.13812473 1.495
0.13208911 -0.13812473 1.495
0.13468739 -0.13812473 1.495
0.13728569 -0.13812473 1.495
0.139884 -0.13812473 1.495
0.14248228 -0.13812473 1.495
0.14508058 -0.13812473 1.495
0.14767888 -0.13812473 1.495
-0.14622138 -0.13579841 1.498
-0.068116091 -0.13579841 1.498
-0.065512575 -0.13579841 1.498
-0.062909067 -0.13579841 1.498
-0.02645993 -0.13579841 1.498
-0.023856422 -0.13579841 1.498
-0.021252912 -0.13579841 1.498
-0.018649401 -0.13579841 1.498
-0.016045893 -0.13579841 1.498
-0.013442382 -0.13579841 1.498
-0.0082353624 -0.13579841 1.498
-0.0056318524 -0.13579841 1.498
-0.0030283427 -0.13579841 1.498
-0.00042483292 -0.13579841 1.498
0.0021786769 -0.13579841 1.498
0.0047821868 -0.13579841 1.498
0.0073856968 -0.13579841 1.498
0.054248873 -0.13579841 1.498
0.056852382 -0.13579841 1.498
0.059455894 -0.13579841 1.498
0.062059402 -0.13579841 1.498
0.064662911 -0.13579841 1.498
0.06726642 -0.13579841 1.498
0.069730006 -0.13552645 1.495
0.072328299 -0.13552645 1.495
0.0749266 -0.13552645 1.495
0.077524893 -0.13552645 1.495
0.080123186 -0.13552645 1.495
0.082721487 -0.13552645 1.495
0.08531978 -0.13552645 1.495
0.087918073 -0.13552645 1.495
0.090516374 -0.13552645 1.495
0.093114667 -0.13552645 1.495
0.09571296 -0.13552645 1.495
0.09831126 -0.13552645 1.495
0.10090955 -0.13552645 1.495
0.10371556 -0.13579841 1.498
0.10631907 -0.13579841 1.498
0.10892258 -0.13579841 1.498
0.11152609 -0.13579841 1.498
0.1141296 -0.13579841 1.498
0.11673311 -0.13579841 1.498
0.11933662 -0.13579841 1.498
0.12194013 -0.13579841 1.498
0.12454364 -0.13579841 1.498
0.12689251 -0.13552645 1.495
0.12949081 -0.13552645 1.495
0.13208911 -0.13552645 1.495
0.13468739 -0.13552645 1.495
0.13728569 -0.13552645 1.495
0.139884 -0.13552645 1.495
0.14248228 -0.13552645 1.495
0.14508058 -0.13552645 1.495
0.14797522 -0.13579841 1.498
-0.068116091 -0.13319489 1.498
-0.065512575 -0.13319489 1.498
-0.062909067 -0.13319489 1.498
-0.02645993 -0.13319489 1.498
-0.023856422 -0.13319489 1.498
-0.021252912 -0.13319489 1.498
-0.018649401 -0.13319489 1.498
-0.016045893 -0.13319489 1.498
-0.013442382 -0.13319489 1.498
-0.010838872 -0.13319489 1.498
-0.0082353624 -0.13319489 1.498
-0.0056318524 -0.13319489 1.498
-0.0030283427 -0.13319489 1.498
-0.00042483292 -0.13319489 1.498
0.0021786769 -0.13319489 1.498
0.0047821868 -0.13319489 1.498
0.0073856968 -0.13319489 1.498
0.0099892067 -0.13319489 1.498
0.012592716 -0.13319489 1.498
0.056852382 -0.13319489 1.498
0.059455894 -0.13319489 1.498
0.062059402 -0.13319489 1.498
0.064662911 -0.13319489 1.498
0.06726642 -0.13319489 1.498
0.069869936 -0.13319489 1.498
0.072473444 -0.13319489 1.498
0.075076953 -0.13319489 1.498
0.077524893 -0.13292815 1.495
0.080123186 -0.13292815 1.495
0.082721487 -0.13292815 1.495
0.08531978 -0.13292815 1.495
0.087918073 -0.13292815 1.495
0.090516374 -0.13292815 1.495
0.093114667 -0.13292815 1.495
0.09571296 -0.13292815 1.495
0.09831126 -0.13292815 1.495
0.10090955 -0.13292815 1.495
0.10371556 -0.13319489 1.498
0.10631907 -0.13319489 1.498
0.10892258 -0.13319489 1.498
0.11152609 -0.13319489 1.498
0.1141296 -0.13319489 1.498
0.11673311 -0.13319489 1.498
0.11933662 -0.13319489 1.498
0.12194013 -0.13319489 1.498
0.12454364 -0.13319489 1.498
0.12714715 -0.13319489 1.498
0.12949081 -0.13292815 1.495
0.13208911 -0.13292815 1.495
0.13468739 -0.13292815 1.495
0.13728569 -0.13292815 1.495
0.139884 -0.13292815 1.495
0.14248228 -0.13292815 1.495
0.14537172 -0.13319489 1.498
0.14797522 -0.13319489 1.498
-0.068116091 -0.13059139 1.498
-0.065512575 -0.13059139 1.498
-0.062909067 -0.13059139 1.498
-0.060305558 -0.13059139 1.498
-0.02645993 -0.13059139 1.498
-0.023856422 -0.13059139 1.498
-0.021252912 -0.13059139 1.498
-0.018649401 -0.13059139 1.498
-0.016045893 -0.13059139 1.498
-0.013442382 -0.13059139 1.498
-0.010838872 -0.13059139 1.498
-0.0082353624 -0.13059139 1.498
-0.0056318524 -0.13059139 1.498
-0.0030283427 -0.13059139 1.498
-0.00042483292 -0.13059139 1.498
0.0021786769 -0.13059139 1.498
0.0047821868 -0.13059139 1.498
0.0073856968 -0.13059139 1.498
0.0099892067 -0.13059139 1.498
0.012592716 -0.13059139 1.498
0.062059402 -0.13059139 1.498
0.064662911 -0.13059139 1.498
0.06726642 -0.13059139 1.498
0.069869936 -0.13059139 1.498
0.072473444 -0.13059139 1.498
0.075076953 -0.13059139 1.498
0.077680461 -0.13059139 1.498
0.080123186 -0.13032985 1.495
0.082721487 -0.13032985 1.495
0.08531978 -0.13032985 1.495
0.087918073 -0.13032985 1.495
0.090516374 -0.13032985 1.495
0.093114667 -0.13032985 1.495
0.09571296 -0.13032985 1.495
0.09831126 -0.13032985 1.495
0.10090955 -0.13032985 1.495
0.10371556 -0.13059139 1.498
0.10631907 -0.13059139 1.498
0.10892258 -0.13059139 1.498
0.11152609 -0.13059139 1.498
0.1141296 -0.13059139 1.498
0.11673311 -0.13059139 1.498
0.11933662 -0.13059139 1.498
0.12194013 -0.13059139 1.498
0.12454364 -0.13059139 1.498
0.12714715 -0.13059139 1.498
0.12975065 -0.13059139 1.498
0.13208911 -0.13032985 1.495
0.13468739 -0.13032985 1.495
0.13728569 -0.13032985 1.495
0.139884 -0.13032985 1.495
0.14248228 -0.13032985 1.495
0.14508058 -0.13032985 1.495
0.14797522 -0.13059139 1.498
-0.14101437 -0.12798788 1.498
-0.073323108 -0.12798788 1.498
-0.0707196 -0.12798788 1.498
-0.068116091 -0.12798788 1.498
-0.065381378 -0.12773156 1.495
-0.062909067 -0.12798788 1.498
-0.060305558 -0.12798788 1.498
-0.023856422 -0.12798788 1.498
-0.018649401 -0.12798788 1.498
-0.016045893 -0.12798788 1.498
-0.013442382 -0.12798788 1.498
-0.010838872 -0.12798788 1.498
-0.0082353624 -0.12798788 1.498
-0.0056318524 -0.12798788 1.498
-0.0030283427 -0.12798788 1.498
-0.00042483292 -0.12798788 1.498
0.0021786769 -0.12798788 1.498
0.0047821868 -0.12798788 1.498
0.0073856968 -0.12798788 1.498
0.062059402 -0.12798788 1.498
0.064662911 -0.12798788 1.498
0.06726642 -0.12798788 1.498
0.069869936 -0.12798788 1.498
0.072473444 -0.12798788 1.498
0.075076953 -0.12798788 1.498
0.077680461 -0.12798788 1.498
0.080123186 -0.12773156 1.495
0.082721487 -0.12773156 1.495
0.08531978 -0.12773156 1.495
0.087918073 -0.12773156 1.495
0.090516374 -0.12773156 1.495
0.093114667 -0.12773156 1.495
0.09571296 -0.12773156 1.495
0.09831126 -0.12773156 1.495
0.10090955 -0.12773156 1.495
0.10371556 -0.12798788 1.498
0.10631907 -0.12798788 1.498
0.10892258 -0.12798788 1.498
0.11152609 -0.12798788 1.498
0.1141296 -0.12798788 1.498
0.11673311 -0.12798788 1.498
0.11933662 -0.12798788 1.498
0.12194013 -0.12798788 1.498
0.12454364 -0.12798788 1.498
0.12714715 -0.12798788 1.498
0.12975065 -0.12798788 1.498
0.13208911 -0.12773156 1.495
0.13468739 -0.12773156 1.495
0.13728569 -0.12773156 1.495
0.139884 -0.12773156 1.495
0.14248228 -0.12773156 1.495
0.14508058 -0.12773156 1.495
0.14797522 -0.12798788 1.498
-0.14101437 -0.12538436 1.498
-0.13841085 -0.12538436 1.498
-0.075926617 -0.12538436 1.498
-0.073323108 -0.12538436 1.498
-0.0707196 -0.12538436 1.498
-0.067979671 -0.12513326 1.495
-0.065381378 -0.12513326 1.495
-0.062783085 -0.12513326 1.495
-0.060305558 -0.12538436 1.498
0.064662911 -0.12538436 1.498
0.06726642 -0.12538436 1.498
0.069869936 -0.12538436 1.498
0.072473444 -0.12538436 1.498
0.075076953 -0.12538436 1.498
0.077680461 -0.12538436 1.498
0.080123186 -0.12513326 1.495
0.082721487 -0.12513326 1.495
0.08531978 -0.12513326 1.495
0.087918073 -0.12513326 1.495
0.090516374 -0.12513326 1.495
0.093114667 -0.12513326 1.495
0.09571296 -0.12513326 1.495
0.09831126 -0.12513326 1.495
0.10090955 -0.12513326 1.495
0.10371556 -0.12538436 1.498
0.10631907 -0.12538436 1.498
0.10892258 -0.12538436 1.498
0.11152609 -0.12538436 1.498
0.1141296 -0.12538436 1.498
0.11673311 -0.12538436 1.498
0.11933662 -0.12538436 1.498
0.12194013 -0.12538436 1.498
0.12454364 -0.12538436 1.498
0.12714715 -0.12538436 1.498
0.12949081 -0.12513326 1.495
0.13208911 -0.12513326 1.495
0.13468739 -0.12513326 1.495
0.13728569 -0.12513326 1.495
0.139884 -0.12513326 1.495
0.14248228 -0.12513326 1.495
0.14537172 -0.12538436 1.498
0.14797522 -0.12538436 1.498
-0.14101437 -0.12278086 1.498
-0.13841085 -0.12278086 1.498
-0.078530125 -0.12278086 1.498
-0.075926617 -0.12278086 1.498
-0.073323108 -0.12278086 1.498
-0.0707196 -0.12278086 1.498
-0.067979671 -0.12253497 1.495
-0.065381378 -0.12253497 1.495
-0.062783085 -0.12253497 1.495
-0.060305558 -0.12278086 1.498
-0.05770205 -0.12278086 1.498
-0.055098537 -0.12278086 1.498
0.064662911 -0.12278086 1.498
0.06726642 -0.12278086 1.498
0.069869936 -0.12278086 1.498
0.072473444 -0.12278086 1.498
0.075076953 -0.12278086 1.498
0.077680461 -0.12278086 1.498
0.080123186 -0.12253497 1.495
0.082721487 -0.12253497 1.495
0.08531978 -0.12253497 1.495
0.087918073 -0.12253497 1.495
0.090516374 -0.12253497 1.495
0.093114667 -0.12253497 1.495
0.09571296 -0.12253497 1.495
0.09831126 -0.12253497 1.495
0.10090955 -0.12253497 1.495
0.10371556 -0.12278086 1.498
0.10631907 -0.12278086 1.498
0.10892258 -0.12278086 1.498
0.11152609 -0.12278086 1.498
0.1141296 -0.12278086 1.498
0.11673311 -0.12278086 1.498
0.11933662 -0.12278086 1.498
0.12194013 -0.12278086 1.498
0.12454364 -0.12278086 1.498
0.12714715 -0.12278086 1.498
0.12949081 -0.12253497 1.495
0.13208911 -0.12253497 1.495
0.13468739 -0.12253497 1.495
0.13728569 -0.12253497 1.495
0.139884 -0.12253497 1.495
0.1427682 -0.12278086 1.498
0.14537172 -0.12278086 1.498
0.14797522 -0.12278086 1.498
-0.081133634 -0.12017734 1.498
-0.078530125 -0.12017734 1.498
-0.075926617 -0.12017734 1.498
-0.073176265 -0.11993667 1.495
-0.070577972 -0.11993667 1.495
-0.067979671 -0.11993667 1.495
-0.065381378 -0.11993667 1.495
-0.062909067 -0.12017734 1.498
-0.060305558 -0.12017734 1.498
-0.05770205 -0.12017734 1.498
-0.055098537 -0.12017734 1.498
0.064662911 -0.12017734 1.498
0.06726642 -0.12017734 1.498
0.069869936 -0.12017734 1.498
0.072473444 -0.12017734 1.498
0.075076953 -0.12017734 1.498
0.077680461 -0.12017734 1.498
0.080123186 -0.11993667 1.495
0.082721487 -0.11993667 1.495
0.08531978 -0.11993667 1.495
0.087918073 -0.11993667 1.495
0.090516374 -0.11993667 1.495
0.093114667 -0.11993667 1.495
0.09571296 -0.11993667 1.495
0.09831126 -0.11993667 1.495
0.10090955 -0.11993667 1.495
0.10350785 -0.11993667 1.495
0.10631907 -0.12017734 1.498
0.10892258 -0.12017734 1.498
0.11152609 -0.12017734 1.498
0.1141296 -0.12017734 1.498
0.11673311 -0.12017734 1.498
0.11933662 -0.12017734 1.498
0.12194013 -0.12017734 1.498
0.12454364 -0.12017734 1.498
0.12714715 -0.12017734 1.498
0.12949081 -0.11993667 1.495
0.13208911 -0.11993667 1.495
0.13468739 -0.11993667 1.495
0.13728569 -0.11993667 1.495
0.139884 -0.11993667 1.495
0.1427682 -0.12017734 1.498
0.14537172 -0.12017734 1.498
0.14797522 -0.12017734 1.498
-0.081133634 -0.11757383 1.498
-0.078530125 -0.11757383 1.498
-0.075774558 -0.11733837 1.495
-0.073176265 -0.11733837 1.495
-0.070577972 -0.11733837 1.495
-0.067979671 -0.11733837 1.495
-0.065381378 -0.11733837 1.495
-0.062909067 -0.11757383 1.498
-0.060305558 -0.11757383 1.498
0.064662911 -0.11757383 1.498
0.06726642 -0.11757383 1.498
0.069869936 -0.11757383 1.498
0.072473444 -0.11757383 1.498
0.075076953 -0.11757383 1.498
0.077524893 -0.11733837 1.495
0.080123186 -0.11733837 1.495
0.082721487 -0.11733837 1.495
0.08531978 -0.11733837 1.495
0.087918073 -0.11733837 1.495
0.090516374 -0.11733837 1.495
0.093114667 -0.11733837 1.495
0.09571296 -0.11733837 1.495
0.09831126 -0.11733837 1.495
0.10090955 -0.11733837 1.495
0.10350785 -0.11733837 1.495
0.10610615 -0.11733837 1.495
0.10870444 -0.11733837 1.495
0.11130274 -0.11733837 1.495
0.1141296 -0.11757383 1.498
0.11649933 -0.11733837 1.495
0.11909763 -0.11733837 1.495
0.12194013 -0.11757383 1.498
0.12454364 -0.11757383 1.498
0.12689251 -0.11733837 1.495
0.12949081 -0.11733837 1.495
0.13208911 -0.11733837 1.495
0.13468739 -0.11733837 1.495
0.13728569 -0.11733837 1.495
0.1401647 -0.11757383 1.498
0.1427682 -0.11757383 1.498
0.14537172 -0.11757383 1.498
0.14797522 -0.11757383 1.498
-0.081133634 -0.11497033 1.498
-0.078530125 -0.11497033 1.498
-0.075774558 -0.11474008 1.495
-0.073176265 -0.11474008 1.495
-0.070577972 -0.11474008 1.495
-0.067979671 -0.11474008 1.495
-0.065512575 -0.11497033 1.498
-0.062909067 -0.11497033 1.498
-0.060305558 -0.11497033 1.498
0.064662911 -0.11497033 1.498
0.06726642 -0.11497033 1.498
0.069869936 -0.11497033 1.498
0.072473444 -0.11497033 1.498
0.075076953 -0.11497033 1.498
0.077524893 -0.11474008 1.495
0.080123186 -0.11474008 1.495
0.082721487 -0.11474008 1.495
0.08531978 -0.11474008 1.495
0.087918073 -0.11474008 1.495
0.090516374 -0.11474008 1.495
0.093114667 -0.11474008 1.495
0.09571296 -0.11474008 1.495
0.09831126 -0.11474008 1.495
0.10090955 -0.11474008 1.495
0.10350785 -0.11474008 1.495
0.10610615 -0.11474008 1.495
0.10870444 -0.11474008 1.495
0.11130274 -0.11474008 1.495
0.11390103 -0.11474008 1.495
0.11649933 -0.11474008 1.495
0.11909763 -0.11474008 1.495
0.12169592 -0.11474008 1.495
0.12429421 -0.11474008 1.495
0.12689251 -0.11474008 1.495
0.12949081 -0.11474008 1.495
0.13208911 -0.11474008 1.495
0.13495767 -0.11497033 1.498
0.13756119 -0.11497033 1.498
0.1401647 -0.11497033 1.498
0.1427682 -0.11497033 1.498
-0.081133634 -0.11236682 1.498
-0.078530125 -0.11236682 1.498
-0.075774558 -0.11214178 1.495
-0.073176265 -0.11214178 1.495
-0.0707196 -0.11236682 1.498
-0.068116091 -0.11236682 1.498
-0.065512575 -0.11236682 1.498
-0.062909067 -0.11236682 1.498
0.064662911 -0.11236682 1.498
0.06726642 -0.11236682 1.498
0.069869936 -0.11236682 1.498
0.072473444 -0.11236682 1.498
0.075076953 -0.11236682 1.498
0.077524893 -0.11214178 1.495
0.080123186 -0.11214178 1.495
0.082721487 -0.11214178 1.495
0.08531978 -0.11214178 1.495
0.087918073 -0.11214178 1.495
0.090516374 -0.11214178 1.495
0.093114667 -0.11214178 1.495
0.09571296 -0.11214178 1.495
0.09831126 -0.11214178 1.495
0.10090955 -0.11214178 1.495
0.10350785 -0.11214178 1.495
0.10610615 -0.11214178 1.495
0.10870444 -0.11214178 1.495
0.11130274 -0.11214178 1.495
0.11390103 -0.11214178 1.495
0.11649933 -0.11214178 1.495
0.11909763 -0.11214178 1.495
0.12169592 -0.11214178 1.495
0.12429421 -0.11214178 1.495
0.12689251 -0.11214178 1.495
0.12949081 -0.11214178 1.495
0.13235417 -0.11236682 1.498
0.13495767 -0.11236682 1.498
0.13756119 -0.11236682 1.498
0.1401647 -0.11236682 1.498
-0.078530125 -0.10976331 1.498
-0.075926617 -0.10976331 1.498
-0.073323108 -0.10976331 1.498
-0.0707196 -0.10976331 1.498
-0.068116091 -0.10976331 1.498
-0.065512575 -0.10976331 1.498
0.06726642 -0.10976331 1.498
0.069869936 -0.10976331 1.498
0.072473444 -0.10976331 1.498
0.075076953 -0.10976331 1.498
0.077524893 -0.10954349 1.495
0.080123186 -0.10954349 1.495
0.082721487 -0.10954349 1.495
0.08531978 -0.10954349 1.495
0.087918073 -0.10954349 1.495
0.090516374 -0.10954349 1.495
0.093114667 -0.10954349 1.495
0.09571296 -0.10954349 1.495
0.09831126 -0.10954349 1.495
0.10090955 -0.10954349 1.495
0.10350785 -0.10954349 1.495
0.10610615 -0.10954349 1.495
0.10870444 -0.10954349 1.495
0.11107939 -0.10932367 1.492
0.11367247 -0.10932367 1.492
0.11626555 -0.10932367 1.492
0.11909763 -0.10954349 1.495
0.12169592 -0.10954349 1.495
0.12429421 -0.10954349 1.495
0.12689251 -0.10954349 1.495
0.12949081 -0.10954349 1.495
0.13235417 -0.10976331 1.498
0.13495767 -0.10976331 1.498
0.13756119 -0.10976331 1.498
-0.11758278 -0.1071598 1.498
-0.078530125 -0.1071598 1.498
-0.075926617 -0.1071598 1.498
-0.073323108 -0.1071598 1.498
-0.0707196 -0.1071598 1.498
-0.068116091 -0.1071598 1.498
0.025610264 -0.1071598 1.498
0.028213775 -0.1071598 1.498
0.030817285 -0.1071598 1.498
0.033420794 -0.1071598 1.498
0.069869936 -0.1071598 1.498
0.072473444 -0.1071598 1.498
0.075076953 -0.1071598 1.498
0.077680461 -0.1071598 1.498
0.080123186 -0.10694519 1.495
0.082721487 -0.10694519 1.495
0.08531978 -0.10694519 1.495
0.087918073 -0.10694519 1.495
0.090516374 -0.10694519 1.495
0.093114667 -0.10694519 1.495
0.09571296 -0.10694519 1.495
0.09831126 -0.10694519 1.495
0.10090955 -0.10694519 1.495
0.10350785 -0.10694519 1.495
0.10610615 -0.10694519 1.495
0.1084863 -0.10673058 1.492
0.11107939 -0.10673058 1.492
0.11367247 -0.10673058 1.492
0.11626555 -0.10673058 1.492
0.11885864 -0.10673058 1.492
0.12169592 -0.10694519 1.495
0.12429421 -0.10694519 1.495
0.12689251 -0.10694519 1.495
0.12975065 -0.1071598 1.498
0.13235417 -0.1071598 1.498
0.13495767 -0.1071598 1.498
-0.12799682 -0.10455628 1.498
-0.1253933 -0.10455628 1.498
-0.12278979 -0.10455628 1.498
-0.12018628 -0.10455628 1.498
-0.11758278 -0.10455628 1.498
0.020403245 -0.10455628 1.498
0.023006756 -0.10455628 1.498
0.025610264 -0.10455628 1.498
0.028213775 -0.10455628 1.498
0.030817285 -0.10455628 1.498
0.033420794 -0.10455628 1.498
0.036024306 -0.10455628 1.498
0.038627815 -0.10455628 1.498
0.041231323 -0.10455628 1.498
0.072473444 -0.10455628 1.498
0.075076953 -0.10455628 1.498
0.077680461 -0.10455628 1.498
0.08028397 -0.10455628 1.498
0.082887478 -0.10455628 1.498
0.08531978 -0.10434689 1.495
0.087918073 -0.10434689 1.495
0.090516374 -0.10434689 1.495
0.093114667 -0.10434689 1.495
0.09571296 -0.10434689 1.495
0.09831126 -0.10434689 1.495
0.10090955 -0.10434689 1.495
0.10350785 -0.10434689 1.495
0.10589322 -0.1041375 1.492
0.1084863 -0.1041375 1.492
0.11107939 -0.1041375 1.492
0.11367247 -0.1041375 1.492
0.11626555 -0.1041375 1.492
0.11885864 -0.1041375 1.492
0.12145171 -0.1041375 1.492
0.12429421 -0.10434689 1.495
0.12689251 -0.10434689 1.495
0.12975065 -0.10455628 1.498
0.13235417 -0.10455628 1.498
-0.12799682 -0.10195278 1.498
-0.12278979 -0.10195278 1.498
-0.12018628 -0.10195278 1.498
-0.11758278 -0.10195278 1.498
-0.010838872 -0.10195278 1.498
0.017799735 -0.10195278 1.498
0.020403245 -0.10195278 1.498
0.023006756 -0.10195278 1.498
0.025610264 -0.10195278 1.498
0.028157271 -0.1017486 1.495
0.030755568 -0.1017486 1.495
0.033353865 -0.1017486 1.495
0.036024306 -0.10195278 1.498
0.038627815 -0.10195278 1.498
0.041231323 -0.10195278 1.498
0.043834835 -0.10195278 1.498
0.075076953 -0.10195278 1.498
0.077680461 -0.10195278 1.498
0.08028397 -0.10195278 1.498
0.082887478 -0.10195278 1.498
0.085490994 -0.10195278 1.498
0.087918073 -0.1017486 1.495
0.090516374 -0.1017486 1.495
0.093114667 -0.1017486 1.495
0.09571296 -0.1017486 1.495
0.09831126 -0.1017486 1.495
0.10090955 -0.1017486 1.495
0.10350785 -0.1017486 1.495
0.10589322 -0.10154442 1.492
0.1084863 -0.10154442 1.492
0.11107939 -0.10154442 1.492
0.11367247 -0.10154442 1.492
0.11626555 -0.10154442 1.492
0.11885864 -0.10154442 1.492
0.12145171 -0.10154442 1.492
0.12429421 -0.1017486 1.495
0.12714715 -0.10195278 1.498
0.12975065 -0.10195278 1.498
-0.12799682 -0.099349268 1.498
-0.12018628 -0.099349268 1.498
-0.013442382 -0.099349268 1.498
-0.010838872 -0.099349268 1.498
0.012592716 -0.099349268 1.498
0.015196226 -0.099349268 1.498
0.017799735 -0.099349268 1.498
0.020403245 -0.099349268 1.498
0.023006756 -0.099349268 1.498
0.025558976 -0.0991503 1.495
0.028157271 -0.0991503 1.495
0.030755568 -0.0991503 1.495
0.033353865 -0.0991503 1.495
0.035952158 -0.0991503 1.495
0.038550455 -0.0991503 1.495
0.041231323 -0.099349268 1.498
0.043834835 -0.099349268 1.498
0.046438344 -0.099349268 1.498
0.075076953 -0.099349268 1.498
0.077680461 -0.099349268 1.498
0.08028397 -0.099349268 1.498
0.082887478 -0.099349268 1.498
0.085490994 -0.099349268 1.498
0.088094503 -0.099349268 1.498
0.090516374 -0.0991503 1.495
0.093114667 -0.0991503 1.495
0.09571296 -0.0991503 1.495
0.09831126 -0.0991503 1.495
0.10090955 -0.0991503 1.495
0.10350785 -0.0991503 1.495
0.10589322 -0.09895134 1.492
0.1084863 -0.09895134 1.492
0.11107939 -0.09895134 1.492
0.11367247 -0.09895134 1.492
0.11626555 -0.09895134 1.492
0.11885864 -0.09895134 1.492
0.12169592 -0.0991503 1.495
0.12429421 -0.0991503 1.495
0.12714715 -0.099349268 1.498
-0.13060032 -0.096745759 1.498
-0.12799682 -0.096745759 1.498
-0.1253933 -0.096745759 1.498
-0.12278979 -0.096745759 1.498
-0.12018628 -0.096745759 1.498
-0.11758278 -0.096745759 1.498
-0.023856422 -0.096745759 1.498
-0.021252912 -0.096745759 1.498
-0.018649401 -0.096745759 1.498
-0.016045893 -0.096745759 1.498
-0.013442382 -0.096745759 1.498
-0.010838872 -0.096745759 1.498
-0.0082353624 -0.096745759 1.498
0.0099892067 -0.096745759 1.498
0.012592716 -0.096745759 1.498
0.015196226 -0.096745759 1.498
0.017799735 -0.096745759 1.498
0.020403245 -0.096745759 1.498
0.02296068 -0.096552007 1.495
0.025558976 -0.096552007 1.495
0.028157271 -0.096552007 1.495
0.030755568 -0.096552007 1.495
0.033353865 -0.096552007 1.495
0.035952158 -0.096552007 1.495
0.038550455 -0.096552007 1.495
0.041148752 -0.096552007 1.495
0.043834835 -0.096745759 1.498
0.046438344 -0.096745759 1.498
0.075076953 -0.096745759 1.498
0.077680461 -0.096745759 1.498
0.08028397 -0.096745759 1.498
0.082887478 -0.096745759 1.498
0.085490994 -0.096745759 1.498
0.088094503 -0.096745759 1.498
0.090516374 -0.096552007 1.495
0.093114667 -0.096552007 1.495
0.09571296 -0.096552007 1.495
0.09831126 -0.096552007 1.495
0.10090955 -0.096552007 1.495
0.10350785 -0.096552007 1.495
0.10610615 -0.096552007 1.495
0.1084863 -0.096358255 1.492
0.11107939 -0.096358255 1.492
0.11367247 -0.096358255 1.492
0.11626555 -0.096358255 1.492
0.11909763 -0.096552007 1.495
0.12169592 -0.096552007 1.495
0.12429421 -0.096552007 1.495
0.12714715 -0.096745759 1.498
-0.13320383 -0.094142251 1.498
-0.13060032 -0.094142251 1.498
-0.12799682 -0.094142251 1.498
-0.1253933 -0.094142251 1.498
-0.12278979 -0.094142251 1.498
-0.12018628 -0.094142251 1.498
-0.11758278 -0.094142251 1.498
-0.042080991 -0.094142251 1.498
-0.02645993 -0.094142251 1.498
-0.023856422 -0.094142251 1.498
-0.021252912 -0.094142251 1.498
-0.018649401 -0.094142251 1.498
-0.016045893 -0.094142251 1.498
-0.013442382 -0.094142251 1.498
-0.010838872 -0.094142251 1.498
-0.0082353624 -0.094142251 1.498
-0.0056318524 -0.094142251 1.498
0.0073856968 -0.094142251 1.498
0.0099892067 -0.094142251 1.498
0.012592716 -0.094142251 1.498
0.015196226 -0.094142251 1.498
0.017799735 -0.094142251 1.498
0.020403245 -0.094142251 1.498
0.02296068 -0.093953714 1.495
0.025558976 -0.093953714 1.495
0.028157271 -0.093953714 1.495
0.030755568 -0.093953714 1.495
0.033353865 -0.093953714 1.495
0.035952158 -0.093953714 1.495
0.038550455 -0.093953714 1.495
0.041148752 -0.093953714 1.495
0.043747045 -0.093953714 1.495
0.046438344 -0.094142251 1.498
0.049041852 -0.094142251 1.498
0.077680461 -0.094142251 1.498
0.08028397 -0.094142251 1.498
0.082887478 -0.094142251 1.498
0.085490994 -0.094142251 1.498
0.088094503 -0.094142251 1.498
0.090698011 -0.094142251 1.498
0.093114667 -0.093953714 1.495
0.09571296 -0.093953714 1.495
0.09831126 -0.093953714 1.495
0.10090955 -0.093953714 1.495
0.10350785 -0.093953714 1.495
0.10610615 -0.093953714 1.495
0.10870444 -0.093953714 1.495
0.11130274 -0.093953714 1.495
0.11390103 -0.093953714 1.495
0.11649933 -0.093953714 1.495
0.11909763 -0.093953714 1.495
0.12169592 -0.093953714 1.495
0.12454364 -0.094142251 1.498
-0.13320383 -0.091538742 1.498
-0.13060032 -0.091538742 1.498
-0.12799682 -0.091538742 1.498
-0.1253933 -0.091538742 1.498
-0.12278979 -0.091538742 1.498
-0.12018628 -0.091538742 1.498
-0.11758278 -0.091538742 1.498
-0.11497927 -0.091538742 1.498
-0.0446845 -0.091538742 1.498
-0.042080991 -0.091538742 1.498
-0.029063441 -0.091538742 1.498
-0.02645993 -0.091538742 1.498
-0.023856422 -0.091538742 1.498
-0.021252912 -0.091538742 1.498
-0.018649401 -0.091538742 1.498
-0.016045893 -0.091538742 1.498
-0.013442382 -0.091538742 1.498
-0.010838872 -0.091538742 1.498
-0.0082353624 -0.091538742 1.498
-0.0056318524 -0.091538742 1.498
-0.0030283427 -0.091538742 1.498
-0.00042483292 -0.091538742 1.498
0.0021786769 -0.091538742 1.498
0.0047821868 -0.091538742 1.498
0.0073856968 -0.091538742 1.498
0.0099892067 -0.091538742 1.498
0.012592716 -0.091538742 1.498
0.015196226 -0.091538742 1.498
0.017799735 -0.091538742 1.498
0.020403245 -0.091538742 1.498
0.023006756 -0.091538742 1.498
0.025558976 -0.091355413 1.495
0.028157271 -0.091355413 1.495
0.030755568 -0.091355413 1.495
0.033353865 -0.091355413 1.495
0.035952158 -0.091355413 1.495
0.038550455 -0.091355413 1.495
0.041148752 -0.091355413 1.495
0.043834835 -0.091538742 1.498
0.046438344 -0.091538742 1.498
0.049041852 -0.091538742 1.498
0.077680461 -0.091538742 1.498
0.08028397 -0.091538742 1.498
0.082887478 -0.091538742 1.498
0.085490994 -0.091538742 1.498
0.088094503 -0.091538742 1.498
0.090698011 -0.091538742 1.498
0.09330152 -0.091538742 1.498
0.09571296 -0.091355413 1.495
0.09831126 -0.091355413 1.495
0.10090955 -0.091355413 1.495
0.10350785 -0.091355413 1.495
0.10610615 -0.091355413 1.495
0.10870444 -0.091355413 1.495
0.11130274 -0.091355413 1.495
0.11390103 -0.091355413 1.495
0.11649933 -0.091355413 1.495
0.11909763 -0.091355413 1.495
0.12169592 -0.091355413 1.495
0.12454364 -0.091538742 1.498
-0.13580735 -0.088935226 1.498
-0.13320383 -0.088935226 1.498
-0.13060032 -0.088935226 1.498
-0.12799682 -0.088935226 1.498
-0.1253933 -0.088935226 1.498
-0.12278979 -0.088935226 1.498
-0.12018628 -0.088935226 1.498
-0.11758278 -0.088935226 1.498
-0.11497927 -0.088935226 1.498
-0.11237576 -0.088935226 1.498
-0.060305558 -0.088935226 1.498
-0.05770205 -0.088935226 1.498
-0.052495029 -0.088935226 1.498
-0.029063441 -0.088935226 1.498
-0.02645993 -0.088935226 1.498
-0.023856422 -0.088935226 1.498
-0.021252912 -0.088935226 1.498
-0.018649401 -0.088935226 1.498
-0.016045893 -0.088935226 1.498
-0.013442382 -0.088935226 1.498
-0.010838872 -0.088935226 1.498
-0.0082353624 -0.088935226 1.498
-0.0056318524 -0.088935226 1.498
-0.0030283427 -0.088935226 1.498
-0.00042483292 -0.088935226 1.498
0.0021786769 -0.088935226 1.498
0.0047821868 -0.088935226 1.498
0.0073856968 -0.088935226 1.498
0.0099892067 -0.088935226 1.498
0.012592716 -0.088935226 1.498
0.015196226 -0.088935226 1.498
0.017799735 -0.088935226 1.498
0.020403245 -0.088935226 1.498
0.023006756 -0.088935226 1.498
0.025610264 -0.088935226 1.498
0.028157271 -0.08875712 1.495
0.030755568 -0.08875712 1.495
0.033353865 -0.08875712 1.495
0.035952158 -0.08875712 1.495
0.038550455 -0.08875712 1.495
0.041148752 -0.08875712 1.495
0.043834835 -0.088935226 1.498
0.046438344 -0.088935226 1.498
0.049041852 -0.088935226 1.498
0.082887478 -0.088935226 1.498
0.085490994 -0.088935226 1.498
0.088094503 -0.088935226 1.498
0.090698011 -0.088935226 1.498
0.09330152 -0.088935226 1.498
0.095905028 -0.088935226 1.498
0.098508537 -0.088935226 1.498
0.10090955 -0.08875712 1.495
0.10350785 -0.08875712 1.495
0.10610615 -0.08875712 1.495
0.10870444 -0.08875712 1.495
0.11130274 -0.08875712 1.495
0.11390103 -0.08875712 1.495
0.11649933 -0.08875712 1.495
0.11909763 -0.08875712 1.495
0.12194013 -0.088935226 1.498
0.12454364 -0.088935226 1.498
-0.13580735 -0.086331718 1.498
-0.13320383 -0.086331718 1.498
-0.13060032 -0.086331718 1.498
-0.12799682 -0.086331718 1.498
-0.1253933 -0.086331718 1.498
-0.12278979 -0.086331718 1.498
-0.12018628 -0.086331718 1.498
-0.11758278 -0.086331718 1.498
-0.11497927 -0.086331718 1.498
-0.11237576 -0.086331718 1.498
-0.062909067 -0.086331718 1.498
-0.060305558 -0.086331718 1.498
-0.05770205 -0.086331718 1.498
-0.055098537 -0.086331718 1.498
-0.052495029 -0.086331718 1.498
-0.04989152 -0.086331718 1.498
-0.029063441 -0.086331718 1.498
-0.02645993 -0.086331718 1.498
-0.023856422 -0.086331718 1.498
-0.021252912 -0.086331718 1.498
-0.018649401 -0.086331718 1.498
-0.016045893 -0.086331718 1.498
-0.013442382 -0.086331718 1.498
-0.010838872 -0.086331718 1.498
-0.0082353624 -0.086331718 1.498
-0.0056318524 -0.086331718 1.498
-0.0030283427 -0.086331718 1.498
-0.00042483292 -0.086331718 1.498
0.0021786769 -0.086331718 1.498
0.0047821868 -0.086331718 1.498
0.0073856968 -0.086331718 1.498
0.0099892067 -0.086331718 1.498
0.012592716 -0.086331718 1.498
0.015196226 -0.086331718 1.498
0.017799735 -0.086331718 1.498
0.020403245 -0.086331718 1.498
0.023006756 -0.086331718 1.498
0.025610264 -0.086331718 1.498
0.028213775 -0.086331718 1.498
0.030817285 -0.086331718 1.498
0.033420794 -0.086331718 1.498
0.036024306 -0.086331718 1.498
0.038627815 -0.086331718 1.498
0.041231323 -0.086331718 1.498
0.043834835 -0.086331718 1.498
0.046438344 -0.086331718 1.498
0.082887478 -0.086331718 1.498
0.085490994 -0.086331718 1.498
0.088094503 -0.086331718 1.498
0.090698011 -0.086331718 1.498
0.09330152 -0.086331718 1.498
0.095905028 -0.086331718 1.498
0.098508537 -0.086331718 1.498
0.10111205 -0.086331718 1.498
0.10350785 -0.086158827 1.495
0.10610615 -0.086158827 1.495
0.10870444 -0.086158827 1.495
0.11130274 -0.086158827 1.495
0.11390103 -0.086158827 1.495
0.11649933 -0.086158827 1.495
0.11933662 -0.086331718 1.498
0.12194013 -0.086331718 1.498
0.12454364 -0.086331718 1.498
-0.13580735 -0.083728209 1.498
-0.13320383 -0.083728209 1.498
-0.13060032 -0.083728209 1.498
-0.12799682 -0.083728209 1.498
-0.1253933 -0.083728209 1.498
-0.12278979 -0.083728209 1.498
-0.12018628 -0.083728209 1.498
-0.11758278 -0.083728209 1.498
-0.11497927 -0.083728209 1.498
-0.11237576 -0.083728209 1.498
-0.10977224 -0.083728209 1.498
-0.065512575 -0.083728209 1.498
-0.062909067 -0.083728209 1.498
-0.060305558 -0.083728209 1.498
-0.05770205 -0.083728209 1.498
-0.055098537 -0.083728209 1.498
-0.052495029 -0.083728209 1.498
-0.04989152 -0.083728209 1.498
-0.0446845 -0.083728209 1.498
-0.029063441 -0.083728209 1.498
-0.02645993 -0.083728209 1.498
-0.023856422 -0.083728209 1.498
-0.021252912 -0.083728209 1.498
-0.018649401 -0.083728209 1.498
-0.016045893 -0.083728209 1.498
-0.013442382 -0.083728209 1.498
-0.010838872 -0.083728209 1.498
-0.0082353624 -0.083728209 1.498
-0.0056318524 -0.083728209 1.498
-0.0030283427 -0.083728209 1.498
-0.00042483292 -0.083728209 1.498
0.0047821868 -0.083728209 1.498
0.0073856968 -0.083728209 1.498
0.0099892067 -0.083728209 1.498
0.012592716 -0.083728209 1.498
0.015196226 -0.083728209 1.498
0.017799735 -0.083728209 1.498
0.020403245 -0.083728209 1.498
0.023006756 -0.083728209 1.498
0.025610264 -0.083728209 1.498
0.028213775 -0.083728209 1.498
0.030817285 -0.083728209 1.498
0.033420794 -0.083728209 1.498
0.036024306 -0.083728209 1.498
0.038627815 -0.083728209 1.498
0.041231323 -0.083728209 1.498
0.043834835 -0.083728209 1.498
0.046438344 -0.083728209 1.498
0.085490994 -0.083728209 1.498
0.088094503 -0.083728209 1.498
0.09330152 -0.083728209 1.498
0.095905028 -0.083728209 1.498
0.098508537 -0.083728209 1.498
0.10111205 -0.083728209 1.498
0.10371556 -0.083728209 1.498
0.10610615 -0.083560526 1.495
0.10870444 -0.083560526 1.495
0.11130274 -0.083560526 1.495
0.11390103 -0.083560526 1.495
0.11649933 -0.083560526 1.495
0.11933662 -0.083728209 1.498
0.12194013 -0.083728209 1.498
0.12454364 -0.083728209 1.498
-0.13580735 -0.081124701 1.498
-0.13320383 -0.081124701 1.498
-0.13060032 -0.081124701 1.498
-0.12799682 -0.081124701 1.498
-0.1253933 -0.081124701 1.498
-0.12278979 -0.081124701 1.498
-0.12018628 -0.081124701 1.498
-0.11758278 -0.081124701 1.498
-0.11497927 -0.081124701 1.498
-0.11237576 -0.081124701 1.498
-0.10977224 -0.081124701 1.498
-0.10716873 -0.081124701 1.498
-0.10456523 -0.081124701 1.498
-0.068116091 -0.081124701 1.498
-0.065512575 -0.081124701 1.498
-0.062909067 -0.081124701 1.498
-0.060305558 -0.081124701 1.498
-0.05770205 -0.081124701 1.498
-0.055098537 -0.081124701 1.498
-0.052495029 -0.081124701 1.498
-0.04989152 -0.081124701 1.498
-0.047288008 -0.081124701 1.498
-0.0446845 -0.081124701 1.498
-0.042080991 -0.081124701 1.498
-0.031666949 -0.081124701 1.498
-0.029063441 -0.081124701 1.498
-0.02645993 -0.081124701 1.498
-0.023856422 -0.081124701 1.498
-0.021252912 -0.081124701 1.498
-0.018649401 -0.081124701 1.498
-0.016045893 -0.081124701 1.498
-0.013442382 -0.081124701 1.498
-0.010838872 -0.081124701 1.498
-0.0082353624 -0.081124701 1.498
-0.0056318524 -0.081124701 1.498
-0.0030283427 -0.081124701 1.498
0.0073856968 -0.081124701 1.498
0.0099892067 -0.081124701 1.498
0.012592716 -0.081124701 1.498
0.015196226 -0.081124701 1.498
0.017799735 -0.081124701 1.498
0.020403245 -0.081124701 1.498
0.023006756 -0.081124701 1.498
0.025610264 -0.081124701 1.498
0.028213775 -0.081124701 1.498
0.030817285 -0.081124701 1.498
0.033420794 -0.081124701 1.498
0.036024306 -0.081124701 1.498
0.038627815 -0.081124701 1.498
0.041231323 -0.081124701 1.498
0.043834835 -0.081124701 1.498
0.082887478 -0.081124701 1.498
0.085490994 -0.081124701 1.498
0.088094503 -0.081124701 1.498
0.098508537 -0.081124701 1.498
0.10111205 -0.081124701 1.498
0.10371556 -0.081124701 1.498
0.10610615 -0.080962233 1.495
0.10870444 -0.080962233 1.495
0.11130274 -0.080962233 1.495
0.11390103 -0.080962233 1.495
0.11673311 -0.081124701 1.498
0.11933662 -0.081124701 1.498
0.12194013 -0.081124701 1.498
0.12454364 -0.081124701 1.498
0.12714715 -0.081124701 1.498
-0.13580735 -0.078521192 1.498
-0.13320383 -0.078521192 1.498
-0.13060032 -0.078521192 1.498
-0.12799682 -0.078521192 1.498
-0.1253933 -0.078521192 1.498
-0.12278979 -0.078521192 1.498
-0.12018628 -0.078521192 1.498
-0.11758278 -0.078521192 1.498
-0.11497927 -0.078521192 1.498
-0.11237576 -0.078521192 1.498
-0.10977224 -0.078521192 1.498
-0.10716873 -0.078521192 1.498
-0.10456523 -0.078521192 1.498
-0.10196172 -0.078521192 1.498
-0.099358208 -0.078521192 1.498
-0.0967547 -0.078521192 1.498
-0.073323108 -0.078521192 1.498
-0.0707196 -0.078521192 1.498
-0.068116091 -0.078521192 1.498
-0.065512575 -0.078521192 1.498
-0.062909067 -0.078521192 1.498
-0.060305558 -0.078521192 1.498
-0.05770205 -0.078521192 1.498
-0.055098537 -0.078521192 1.498
-0.052495029 -0.078521192 1.498
-0.04989152 -0.078521192 1.498
-0.047288008 -0.078521192 1.498
-0.0446845 -0.078521192 1.498
-0.042080991 -0.078521192 1.498
-0.039477479 -0.078521192 1.498
-0.034270462 -0.078521192 1.498
-0.031666949 -0.078521192 1.498
-0.029063441 -0.078521192 1.498
-0.02645993 -0.078521192 1.498
-0.023856422 -0.078521192 1.498
-0.021252912 -0.078521192 1.498
-0.018649401 -0.078521192 1.498
-0.016045893 -0.078521192 1.498
-0.013442382 -0.078521192 1.498
-0.010838872 -0.078521192 1.498
-0.0082353624 -0.078521192 1.498
-0.0056318524 -0.078521192 1.498
-0.0030283427 -0.078521192 1.498
0.082887478 -0.078521192 1.498
0.085490994 -0.078521192 1.498
0.088094503 -0.078521192 1.498
0.10111205 -0.078521192 1.498
0.10371556 -0.078521192 1.498
0.10631907 -0.078521192 1.498
0.10870444 -0.07836394 1.495
0.11130274 -0.07836394 1.495
0.1141296 -0.078521192 1.498
0.11673311 -0.078521192 1.498
0.11933662 -0.078521192 1.498
0.12194013 -0.078521192 1.498
0.12454364 -0.078521192 1.498
0.12714715 -0.078521192 1.498
0.12975065 -0.078521192 1.498
-0.13060032 -0.075917684 1.498
-0.12799682 -0.075917684 1.498
-0.1253933 -0.075917684 1.498
-0.12278979 -0.075917684 1.498
-0.12018628 -0.075917684 1.498
-0.11758278 -0.075917684 1.498
-0.11497927 -0.075917684 1.498
-0.11237576 -0.075917684 1.498
-0.10977224 -0.075917684 1.498
-0.10716873 -0.075917684 1.498
-0.10456523 -0.075917684 1.498
-0.10196172 -0.075917684 1.498
-0.099358208 -0.075917684 1.498
-0.0967547 -0.075917684 1.498
-0.094151184 -0.075917684 1.498
-0.091547675 -0.075917684 1.498
-0.081133634 -0.075917684 1.498
-0.078530125 -0.075917684 1.498
-0.075926617 -0.075917684 1.498
-0.073323108 -0.075917684 1.498
-0.0707196 -0.075917684 1.498
-0.068116091 -0.075917684 1.498
-0.065512575 -0.075917684 1.498
-0.062909067 -0.075917684 1.498
-0.060184784 -0.07576564 1.495
-0.057586491 -0.07576564 1.495
-0.055098537 -0.075917684 1.498
-0.052495029 -0.075917684 1.498
-0.04989152 -0.075917684 1.498
-0.047288008 -0.075917684 1.498
-0.0446845 -0.075917684 1.498
-0.042080991 -0.075917684 1.498
-0.039477479 -0.075917684 1.498
-0.03687397 -0.075917684 1.498
-0.034270462 -0.075917684 1.498
-0.031666949 -0.075917684 1.498
-0.029063441 -0.075917684 1.498
-0.02645993 -0.075917684 1.498
-0.023856422 -0.075917684 1.498
-0.021252912 -0.075917684 1.498
-0.018649401 -0.075917684 1.498
-0.016045893 -0.075917684 1.498
-0.013442382 -0.075917684 1.498
-0.010838872 -0.075917684 1.498
-0.0082353624 -0.075917684 1.498
-0.0056318524 -0.075917684 1.498
-0.0030283427 -0.075917684 1.498
0.08028397 -0.075917684 1.498
0.082887478 -0.075917684 1.498
0.085490994 -0.075917684 1.498
0.088094503 -0.075917684 1.498
0.090698011 -0.075917684 1.498
0.10371556 -0.075917684 1.498
0.10631907 -0.075917684 1.498
0.10892258 -0.075917684 1.498
0.11152609 -0.075917684 1.498
0.1141296 -0.075917684 1.498
0.11673311 -0.075917684 1.498
0.11933662 -0.075917684 1.498
0.12194013 -0.075917684 1.498
0.12454364 -0.075917684 1.498
0.12714715 -0.075917684 1.498
0.12975065 -0.075917684 1.498
0.13235417 -0.075917684 1.498
-0.13060032 -0.073314168 1.498
-0.12799682 -0.073314168 1.498
-0.1253933 -0.073314168 1.498
-0.12278979 -0.073314168 1.498
-0.12018628 -0.073314168 1.498
-0.11758278 -0.073314168 1.498
-0.11497927 -0.073314168 1.498
-0.11237576 -0.073314168 1.498
-0.10977224 -0.073314168 1.498
-0.10716873 -0.073314168 1.498
-0.10456523 -0.073314168 1.498
-0.10196172 -0.073314168 1.498
-0.099358208 -0.073314168 1.498
-0.0967547 -0.073314168 1.498
-0.094151184 -0.073314168 1.498
-0.091547675 -0.073314168 1.498
-0.088944167 -0.073314168 1.498
-0.086340658 -0.073314168 1.498
-0.08373715 -0.073314168 1.498
-0.081133634 -0.073314168 1.498
-0.078530125 -0.073314168 1.498
-0.075926617 -0.073314168 1.498
-0.073323108 -0.073314168 1.498
-0.0707196 -0.073314168 1.498
-0.068116091 -0.073314168 1.498
-0.065512575 -0.073314168 1.498
-0.062783085 -0.073167346 1.495
-0.060184784 -0.073167346 1.495
-0.057586491 -0.073167346 1.495
-0.055098537 -0.073314168 1.498
-0.052495029 -0.073314168 1.498
-0.04989152 -0.073314168 1.498
-0.047288008 -0.073314168 1.498
-0.0446845 -0.073314168 1.498
-0.042080991 -0.073314168 1.498
-0.039477479 -0.073314168 1.498
-0.03687397 -0.073314168 1.498
-0.034270462 -0.073314168 1.498
-0.031666949 -0.073314168 1.498
-0.029063441 -0.073314168 1.498
-0.02645993 -0.073314168 1.498
-0.023856422 -0.073314168 1.498
-0.021252912 -0.073314168 1.498
-0.018649401 -0.073314168 1.498
-0.016045893 -0.073314168 1.498
-0.013442382 -0.073314168 1.498
-0.010838872 -0.073314168 1.498
-0.0082353624 -0.073314168 1.498
-0.0056318524 -0.073314168 1.498
-0.0030283427 -0.073314168 1.498
0.08028397 -0.073314168 1.498
0.082887478 -0.073314168 1.498
0.085490994 -0.073314168 1.498
0.088094503 -0.073314168 1.498
0.090698011 -0.073314168 1.498
0.10371556 -0.073314168 1.498
0.10631907 -0.073314168 1.498
0.10892258 -0.073314168 1.498
0.11152609 -0.073314168 1.498
0.1141296 -0.073314168 1.498
0.11673311 -0.073314168 1.498
0.11933662 -0.073314168 1.498
0.12194013 -0.073314168 1.498
0.12454364 -0.073314168 1.498
0.12714715 -0.073314168 1.498
0.12975065 -0.073314168 1.498
0.13235417 -0.073314168 1.498
0.13495767 -0.073314168 1.498
-0.12799682 -0.070710659 1.498
-0.1253933 -0.070710659 1.498
-0.12278979 -0.070710659 1.498
-0.12018628 -0.070710659 1.498
-0.11758278 -0.070710659 1.498
-0.11497927 -0.070710659 1.498
-0.11237576 -0.070710659 1.498
-0.10977224 -0.070710659 1.498
-0.10716873 -0.070710659 1.498
-0.10456523 -0.070710659 1.498
-0.10196172 -0.070710659 1.498
-0.099358208 -0.070710659 1.498
-0.0967547 -0.070710659 1.498
-0.094151184 -0.070710659 1.498
-0.091547675 -0.070710659 1.498
-0.088944167 -0.070710659 1.498
-0.086340658 -0.070710659 1.498
-0.08373715 -0.070710659 1.498
-0.081133634 -0.070710659 1.498
-0.078530125 -0.070710659 1.498
-0.075926617 -0.070710659 1.498
-0.073323108 -0.070710659 1.498
-0.0707196 -0.070710659 1.498
-0.068116091 -0.070710659 1.498
-0.065381378 -0.070569046 1.495
-0.062783085 -0.070569046 1.495
-0.060184784 -0.070569046 1.495
-0.057586491 -0.070569046 1.495
-0.054988194 -0.070569046 1.495
-0.052495029 -0.070710659 1.498
-0.04989152 -0.070710659 1.498
-0.047288008 -0.070710659 1.498
-0.0446845 -0.070710659 1.498
-0.042080991 -0.070710659 1.498
-0.039477479 -0.070710659 1.498
-0.03687397 -0.070710659 1.498
-0.034270462 -0.070710659 1.498
-0.031666949 -0.070710659 1.498
-0.029063441 -0.070710659 1.498
-0.02645993 -0.070710659 1.498
-0.023856422 -0.070710659 1.498
-0.021252912 -0.070710659 1.498
-0.018649401 -0.070710659 1.498
-0.016045893 -0.070710659 1.498
-0.013442382 -0.070710659 1.498
-0.010838872 -0.070710659 1.498
-0.0082353624 -0.070710659 1.498
-0.0056318524 -0.070710659 1.498
-0.0030283427 -0.070710659 1.498
0.082887478 -0.070710659 1.498
0.085490994 -0.070710659 1.498
0.088094503 -0.070710659 1.498
0.10371556 -0.070710659 1.498
0.10631907 -0.070710659 1.498
0.10892258 -0.070710659 1.498
0.11152609 -0.070710659 1.498
0.1141296 -0.070710659 1.498
0.11673311 -0.070710659 1.498
0.11933662 -0.070710659 1.498
0.12194013 -0.070710659 1.498
0.12454364 -0.070710659 1.498
0.12714715 -0.070710659 1.498
0.12975065 -0.070710659 1.498
0.13235417 -0.070710659 1.498
0.13495767 -0.070710659 1.498
0.13756119 -0.070710659 1.498
0.1401647 -0.070710659 1.498
-0.11758278 -0.06810715 1.498
-0.11497927 -0.06810715 1.498
-0.11237576 -0.06810715 1.498
-0.10977224 -0.06810715 1.498
-0.10716873 -0.06810715 1.498
-0.10456523 -0.06810715 1.498
-0.10196172 -0.06810715 1.498
-0.099358208 -0.06810715 1.498
-0.0967547 -0.06810715 1.498
-0.094151184 -0.06810715 1.498
-0.091547675 -0.06810715 1.498
-0.088944167 -0.06810715 1.498
-0.086340658 -0.06810715 1.498
-0.08373715 -0.06810715 1.498
-0.081133634 -0.06810715 1.498
-0.078530125 -0.06810715 1.498
-0.075926617 -0.06810715 1.498
-0.073323108 -0.06810715 1.498
-0.070577972 -0.067970753 1.495
-0.067979671 -0.067970753 1.495
-0.065381378 -0.067970753 1.495
-0.062783085 -0.067970753 1.495
-0.060184784 -0.067970753 1.495
-0.057586491 -0.067970753 1.495
-0.054988194 -0.067970753 1.495
-0.052389897 -0.067970753 1.495
-0.04989152 -0.06810715 1.498
-0.047288008 -0.06810715 1.498
-0.0446845 -0.06810715 1.498
-0.042080991 -0.06810715 1.498
-0.039477479 -0.06810715 1.498
-0.03687397 -0.06810715 1.498
-0.034270462 -0.06810715 1.498
-0.029063441 -0.06810715 1.498
-0.02645993 -0.06810715 1.498
-0.023856422 -0.06810715 1.498
-0.021252912 -0.06810715 1.498
-0.018649401 -0.06810715 1.498
-0.016045893 -0.06810715 1.498
-0.013442382 -0.06810715 1.498
-0.010838872 -0.06810715 1.498
-0.0082353624 -0.06810715 1.498
-0.0056318524 -0.06810715 1.498
-0.0030283427 -0.06810715 1.498
0.085490994 -0.06810715 1.498
0.10371556 -0.06810715 1.498
0.10631907 -0.06810715 1.498
0.10892258 -0.06810715 1.498
0.11152609 -0.06810715 1.498
0.1141296 -0.06810715 1.498
0.11673311 -0.06810715 1.498
0.11933662 -0.06810715 1.498
0.12194013 -0.06810715 1.498
0.12454364 -0.06810715 1.498
0.12689251 -0.067970753 1.495
0.12949081 -0.067970753 1.495
0.13235417 -0.06810715 1.498
0.13495767 -0.06810715 1.498
0.13756119 -0.06810715 1.498
0.1401647 -0.06810715 1.498
0.1427682 -0.06810715 1.498
-0.10716873 -0.065503642 1.498
-0.10456523 -0.065503642 1.498
-0.10196172 -0.065503642 1.498
-0.099358208 -0.065503642 1.498
-0.0967547 -0.065503642 1.498
-0.094151184 -0.065503642 1.498
-0.091547675 -0.065503642 1.498
-0.088944167 -0.065503642 1.498
-0.086340658 -0.065503642 1.498
-0.08373715 -0.065503642 1.498
-0.081133634 -0.065503642 1.498
-0.078530125 -0.065503642 1.498
-0.075926617 -0.065503642 1.498
-0.073323108 -0.065503642 1.498
-0.070577972 -0.06537246 1.495
-0.067979671 -0.06537246 1.495
-0.065381378 -0.06537246 1.495
-0.062783085 -0.06537246 1.495
-0.060184784 -0.06537246 1.495
-0.057586491 -0.06537246 1.495
-0.054988194 -0.06537246 1.495
-0.052389897 -0.06537246 1.495
-0.04989152 -0.065503642 1.498
-0.047288008 -0.065503642 1.498
-0.0446845 -0.065503642 1.498
-0.042080991 -0.065503642 1.498
-0.039477479 -0.065503642 1.498
-0.03687397 -0.065503642 1.498
-0.034270462 -0.065503642 1.498
-0.029063441 -0.065503642 1.498
-0.02645993 -0.065503642 1.498
-0.023856422 -0.065503642 1.498
-0.021252912 -0.065503642 1.498
-0.018649401 -0.065503642 1.498
-0.016045893 -0.065503642 1.498
-0.013442382 -0.065503642 1.498
-0.010838872 -0.065503642 1.498
-0.0082353624 -0.065503642 1.498
0.085490994 -0.065503642 1.498
0.088094503 -0.065503642 1.498
0.10371556 -0.065503642 1.498
0.10631907 -0.065503642 1.498
0.10892258 -0.065503642 1.498
0.11152609 -0.065503642 1.498
0.1141296 -0.065503642 1.498
0.11673311 -0.065503642 1.498
0.11933662 -0.065503642 1.498
0.12194013 -0.065503642 1.498
0.12454364 -0.065503642 1.498
0.12689251 -0.06537246 1.495
0.12949081 -0.06537246 1.495
0.13235417 -0.065503642 1.498
0.13495767 -0.065503642 1.498
0.13756119 -0.065503642 1.498
0.1401647 -0.065503642 1.498
0.1427682 -0.065503642 1.498
0.14537172 -0.065503642 1.498
0.14797522 -0.065503642 1.498
-0.14882489 -0.062900133 1.498
-0.10716873 -0.062900133 1.498
-0.10456523 -0.062900133 1.498
-0.10196172 -0.062900133 1.498
-0.099358208 -0.062900133 1.498
-0.0967547 -0.062900133 1.498
-0.094151184 -0.062900133 1.498
-0.091547675 -0.062900133 1.498
-0.088944167 -0.062900133 1.498
-0.086340658 -0.062900133 1.498
-0.08373715 -0.062900133 1.498
-0.081133634 -0.062900133 1.498
-0.078530125 -0.062900133 1.498
-0.075926617 -0.062900133 1.498
-0.073323108 -0.062900133 1.498
-0.0707196 -0.062900133 1.498
-0.067979671 -0.062774159 1.495
-0.065381378 -0.062774159 1.495
-0.062783085 -0.062774159 1.495
-0.060184784 -0.062774159 1.495
-0.057586491 -0.062774159 1.495
-0.054988194 -0.062774159 1.495
-0.052389897 -0.062774159 1.495
-0.049791604 -0.062774159 1.495
-0.047288008 -0.062900133 1.498
-0.0446845 -0.062900133 1.498
-0.042080991 -0.062900133 1.498
-0.039477479 -0.062900133 1.498
-0.03687397 -0.062900133 1.498
-0.034270462 -0.062900133 1.498
-0.031666949 -0.062900133 1.498
-0.029063441 -0.062900133 1.498
-0.02645993 -0.062900133 1.498
-0.023856422 -0.062900133 1.498
-0.021252912 -0.062900133 1.498
-0.018649401 -0.062900133 1.498
-0.016045893 -0.062900133 1.498
-0.013442382 -0.062900133 1.498
-0.010838872 -0.062900133 1.498
0.085490994 -0.062900133 1.498
0.088094503 -0.062900133 1.498
0.090698011 -0.062900133 1.498
0.10371556 -0.062900133 1.498
0.10631907 -0.062900133 1.498
0.10892258 -0.062900133 1.498
0.11152609 -0.062900133 1.498
0.1141296 -0.062900133 1.498
0.11673311 -0.062900133 1.498
0.11933662 -0.062900133 1.498
0.12194013 -0.062900133 1.498
0.12454364 -0.062900133 1.498
0.12689251 -0.062774159 1.495
0.12949081 -0.062774159 1.495
0.13208911 -0.062774159 1.495
0.13468739 -0.062774159 1.495
0.13756119 -0.062900133 1.498
0.1401647 -0.062900133 1.498
0.1427682 -0.062900133 1.498
0.14537172 -0.062900133 1.498
0.14797522 -0.062900133 1.498
-0.14882489 -0.060296621 1.498
-0.14622138 -0.060296621 1.498
-0.14361787 -0.060296621 1.498
-0.14101437 -0.060296621 1.498
-0.13841085 -0.060296621 1.498
-0.13580735 -0.060296621 1.498
-0.13320383 -0.060296621 1.498
-0.10196172 -0.060296621 1.498
-0.099358208 -0.060296621 1.498
-0.0967547 -0.060296621 1.498
-0.094151184 -0.060296621 1.498
-0.091547675 -0.060296621 1.498
-0.088944167 -0.060296621 1.498
-0.086340658 -0.060296621 1.498
-0.08373715 -0.060296621 1.498
-0.081133634 -0.060296621 1.498
-0.078530125 -0.060296621 1.498
-0.075926617 -0.060296621 1.498
-0.073323108 -0.060296621 1.498
-0.0707196 -0.060296621 1.498
-0.067979671 -0.060175866 1.495
-0.065381378 -0.060175866 1.495
-0.062783085 -0.060175866 1.495
-0.060184784 -0.060175866 1.495
-0.057586491 -0.060175866 1.495
-0.054988194 -0.060175866 1.495
-0.052389897 -0.060175866 1.495
-0.049791604 -0.060175866 1.495
-0.047288008 -0.060296621 1.498
-0.0446845 -0.060296621 1.498
-0.042080991 -0.060296621 1.498
-0.039477479 -0.060296621 1.498
-0.03687397 -0.060296621 1.498
-0.034270462 -0.060296621 1.498
-0.031666949 -0.060296621 1.498
-0.029063441 -0.060296621 1.498
-0.02645993 -0.060296621 1.498
-0.023856422 -0.060296621 1.498
-0.021252912 -0.060296621 1.498
-0.018649401 -0.060296621 1.498
-0.016045893 -0.060296621 1.498
-0.013442382 -0.060296621 1.498
-0.010838872 -0.060296621 1.498
0.082887478 -0.060296621 1.498
0.085490994 -0.060296621 1.498
0.088094503 -0.060296621 1.498
0.090698011 -0.060296621 1.498
0.10892258 -0.060296621 1.498
0.11933662 -0.060296621 1.498
0.12194013 -0.060296621 1.498
0.12454364 -0.060296621 1.498
0.12689251 -0.060175866 1.495
0.12949081 -0.060175866 1.495
0.13208911 -0.060175866 1.495
0.13468739 -0.060175866 1.495
0.13728569 -0.060175866 1.495
0.139884 -0.060175866 1.495
0.14248228 -0.060175866 1.495
0.14508058 -0.060175866 1.495
0.14767888 -0.060175866 1.495
-0.14882489 -0.057693113 1.498
-0.14622138 -0.057693113 1.498
-0.14361787 -0.057693113 1.498
-0.14101437 -0.057693113 1.498
-0.13841085 -0.057693113 1.498
-0.13580735 -0.057693113 1.498
-0.13320383 -0.057693113 1.498
-0.099358208 -0.057693113 1.498
-0.0967547 -0.057693113 1.498
-0.094151184 -0.057693113 1.498
-0.091547675 -0.057693113 1.498
-0.088944167 -0.057693113 1.498
-0.086340658 -0.057693113 1.498
-0.08373715 -0.057693113 1.498
-0.081133634 -0.057693113 1.498
-0.078530125 -0.057693113 1.498
-0.075926617 -0.057693113 1.498
-0.073323108 -0.057693113 1.498
-0.0707196 -0.057693113 1.498
-0.068116091 -0.057693113 1.498
-0.065381378 -0.057577569 1.495
-0.062783085 -0.057577569 1.495
-0.060184784 -0.057577569 1.495
-0.057586491 -0.057577569 1.495
-0.054988194 -0.057577569 1.495
-0.052389897 -0.057577569 1.495
-0.04989152 -0.057693113 1.498
-0.047288008 -0.057693113 1.498
-0.0446845 -0.057693113 1.498
-0.042080991 -0.057693113 1.498
-0.039477479 -0.057693113 1.498
-0.03687397 -0.057693113 1.498
-0.034270462 -0.057693113 1.498
-0.031666949 -0.057693113 1.498
-0.029063441 -0.057693113 1.498
-0.02645993 -0.057693113 1.498
-0.023856422 -0.057693113 1.498
-0.021252912 -0.057693113 1.498
-0.018649401 -0.057693113 1.498
-0.016045893 -0.057693113 1.498
-0.013442382 -0.057693113 1.498
-0.010838872 -0.057693113 1.498
-0.0082353624 -0.057693113 1.498
0.0073856968 -0.057693113 1.498
0.0099892067 -0.057693113 1.498
0.012592716 -0.057693113 1.498
0.015196226 -0.057693113 1.498
0.017799735 -0.057693113 1.498
0.020403245 -0.057693113 1.498
0.023006756 -0.057693113 1.498
0.025610264 -0.057693113 1.498
0.028213775 -0.057693113 1.498
0.08028397 -0.057693113 1.498
0.082887478 -0.057693113 1.498
0.085490994 -0.057693113 1.498
0.088094503 -0.057693113 1.498
0.090698011 -0.057693113 1.498
0.09330152 -0.057693113 1.498
0.12194013 -0.057693113 1.498
0.12454364 -0.057693113 1.498
0.12714715 -0.057693113 1.498
0.12975065 -0.057693113 1.498
0.13208911 -0.057577569 1.495
0.13468739 -0.057577569 1.495
0.13728569 -0.057577569 1.495
0.139884 -0.057577569 1.495
0.14248228 -0.057577569 1.495
0.14508058 -0.057577569 1.495
0.14767888 -0.057577569 1.495
-0.14882489 -0.0550896 1.498
-0.14622138 -0.0550896 1.498
-0.14361787 -0.0550896 1.498
-0.14101437 -0.0550896 1.498
-0.13841085 -0.0550896 1.498
-0.13580735 -0.0550896 1.498
-0.13320383 -0.0550896 1.498
-0.13060032 -0.0550896 1.498
-0.0967547 -0.0550896 1.498
-0.094151184 -0.0550896 1.498
-0.091547675 -0.0550896 1.498
-0.088944167 -0.0550896 1.498
-0.086340658 -0.0550896 1.498
-0.08373715 -0.0550896 1.498
-0.081133634 -0.0550896 1.498
-0.078530125 -0.0550896 1.498
-0.075926617 -0.0550896 1.498
-0.073323108 -0.0550896 1.498
-0.0707196 -0.0550896 1.498
-0.068116091 -0.0550896 1.498
-0.065512575 -0.0550896 1.498
-0.062783085 -0.054979276 1.495
-0.060184784 -0.054979276 1.495
-0.057586491 -0.054979276 1.495
-0.054988194 -0.054979276 1.495
-0.052495029 -0.0550896 1.498
-0.04989152 -0.0550896 1.498
-0.047288008 -0.0550896 1.498
-0.0446845 -0.0550896 1.498
-0.042080991 -0.0550896 1.498
-0.039477479 -0.0550896 1.498
-0.03687397 -0.0550896 1.498
-0.034270462 -0.0550896 1.498
-0.031666949 -0.0550896 1.498
-0.029063441 -0.0550896 1.498
-0.02645993 -0.0550896 1.498
-0.023856422 -0.0550896 1.498
-0.021252912 -0.0550896 1.498
-0.018649401 -0.0550896 1.498
-0.016045893 -0.0550896 1.498
-0.013442382 -0.0550896 1.498
-0.010838872 -0.0550896 1.498
-0.00042483292 -0.0550896 1.498
0.0047821868 -0.0550896 1.498
0.0073856968 -0.0550896 1.498
0.0099892067 -0.0550896 1.498
0.012592716 -0.0550896 1.498
0.015196226 -0.0550896 1.498
0.017799735 -0.0550896 1.498
0.020403245 -0.0550896 1.498
0.023006756 -0.0550896 1.498
0.025610264 -0.0550896 1.498
0.028213775 -0.0550896 1.498
0.030817285 -0.0550896 1.498
0.08028397 -0.0550896 1.498
0.082887478 -0.0550896 1.498
0.085490994 -0.0550896 1.498
0.088094503 -0.0550896 1.498
0.090698011 -0.0550896 1.498
0.09330152 -0.0550896 1.498
0.12194013 -0.0550896 1.498
0.12454364 -0.0550896 1.498
0.12714715 -0.0550896 1.498
0.12975065 -0.0550896 1.498
0.13235417 -0.0550896 1.498
0.13495767 -0.0550896 1.498
0.13728569 -0.054979276 1.495
0.139884 -0.054979276 1.495
0.14248228 -0.054979276 1.495
0.14508058 -0.054979276 1.495
0.14767888 -0.054979276 1.495
-0.14882489 -0.052486092 1.498
-0.14622138 -0.052486092 1.498
-0.14361787 -0.052486092 1.498
-0.14101437 -0.052486092 1.498
-0.13841085 -0.052486092 1.498
-0.13580735 -0.052486092 1.498
-0.13320383 -0.052486092 1.498
-0.13060032 -0.052486092 1.498
-0.091547675 -0.052486092 1.498
-0.088944167 -0.052486092 1.498
-0.086340658 -0.052486092 1.498
-0.08373715 -0.052486092 1.498
-0.081133634 -0.052486092 1.498
-0.078530125 -0.052486092 1.498
-0.075926617 -0.052486092 1.498
-0.073323108 -0.052486092 1.498
-0.0707196 -0.052486092 1.498
-0.068116091 -0.052486092 1.498
-0.065512575 -0.052486092 1.498
-0.062909067 -0.052486092 1.498
-0.060305558 -0.052486092 1.498
-0.05770205 -0.052486092 1.498
-0.055098537 -0.052486092 1.498
-0.052495029 -0.052486092 1.498
-0.04989152 -0.052486092 1.498
-0.047288008 -0.052486092 1.498
-0.0446845 -0.052486092 1.498
-0.042080991 -0.052486092 1.498
-0.039477479 -0.052486092 1.498
-0.03687397 -0.052486092 1.498
-0.034270462 -0.052486092 1.498
-0.031666949 -0.052486092 1.498
-0.029063441 -0.052486092 1.498
-0.02645993 -0.052486092 1.498
-0.023856422 -0.052486092 1.498
-0.021252912 -0.052486092 1.498
-0.018649401 -0.052486092 1.498
-0.016045893 -0.052486092 1.498
-0.013442382 -0.052486092 1.498
-0.010838872 -0.052486092 1.498
-0.00042483292 -0.052486092 1.498
0.0021786769 -0.052486092 1.498
0.0047821868 -0.052486092 1.498
0.0073856968 -0.052486092 1.498
0.0099892067 -0.052486092 1.498
0.012592716 -0.052486092 1.498
0.015165793 -0.052380979 1.495
0.017764088 -0.052380979 1.495
0.020362385 -0.052380979 1.495
0.02296068 -0.052380979 1.495
0.025610264 -0.052486092 1.498
0.028213775 -0.052486092 1.498
0.030817285 -0.052486092 1.498
0.033420794 -0.052486092 1.498
0.077680461 -0.052486092 1.498
0.08028397 -0.052486092 1.498
0.082887478 -0.052486092 1.498
0.085490994 -0.052486092 1.498
0.088094503 -0.052486092 1.498
0.090698011 -0.052486092 1.498
0.09330152 -0.052486092 1.498
0.095905028 -0.052486092 1.498
0.12194013 -0.052486092 1.498
0.12454364 -0.052486092 1.498
0.12714715 -0.052486092 1.498
0.12975065 -0.052486092 1.498
0.13235417 -0.052486092 1.498
0.13495767 -0.052486092 1.498
0.13756119 -0.052486092 1.498
0.139884 -0.052380979 1.495
0.14248228 -0.052380979 1.495
0.14508058 -0.052380979 1.495
0.14767888 -0.052380979 1.495
-0.14882489 -0.049882583 1.498
-0.14622138 -0.049882583 1.498
-0.14361787 -0.049882583 1.498
-0.14101437 -0.049882583 1.498
-0.13841085 -0.049882583 1.498
-0.13580735 -0.049882583 1.498
-0.13320383 -0.049882583 1.498
-0.13060032 -0.049882583 1.498
-0.091547675 -0.049882583 1.498
-0.088944167 -0.049882583 1.498
-0.086340658 -0.049882583 1.498
-0.08373715 -0.049882583 1.498
-0.081133634 -0.049882583 1.498
-0.078530125 -0.049882583 1.498
-0.075926617 -0.049882583 1.498
-0.073323108 -0.049882583 1.498
-0.0707196 -0.049882583 1.498
-0.068116091 -0.049882583 1.498
-0.065512575 -0.049882583 1.498
-0.062909067 -0.049882583 1.498
-0.060305558 -0.049882583 1.498
-0.05770205 -0.049882583 1.498
-0.055098537 -0.049882583 1.498
-0.052495029 -0.049882583 1.498
-0.04989152 -0.049882583 1.498
-0.047288008 -0.049882583 1.498
-0.0446845 -0.049882583 1.498
-0.042080991 -0.049882583 1.498
-0.039477479 -0.049882583 1.498
-0.03687397 -0.049882583 1.498
-0.034270462 -0.049882583 1.498
-0.03160353 -0.049782682 1.495
-0.029063441 -0.049882583 1.498
-0.02645993 -0.049882583 1.498
-0.023808645 -0.049782682 1.495
-0.021210348 -0.049782682 1.495
-0.018649401 -0.049882583 1.498
-0.016045893 -0.049882583 1.498
-0.013442382 -0.049882583 1.498
-0.010838872 -0.049882583 1.498
-0.00042483292 -0.049882583 1.498
0.0021786769 -0.049882583 1.498
0.0047821868 -0.049882583 1.498
0.0073856968 -0.049882583 1.498
0.0099892067 -0.049882583 1.498
0.012567497 -0.049782682 1.495
0.015165793 -0.049782682 1.495
0.017764088 -0.049782682 1.495
0.020362385 -0.049782682 1.495
0.02296068 -0.049782682 1.495
0.025558976 -0.049782682 1.495
0.028157271 -0.049782682 1.495
0.030817285 -0.049882583 1.498
0.033420794 -0.049882583 1.498
0.036024306 -0.049882583 1.498
0.075076953 -0.049882583 1.498
0.077680461 -0.049882583 1.498
0.08028397 -0.049882583 1.498
0.082887478 -0.049882583 1.498
0.085490994 -0.049882583 1.498
0.088094503 -0.049882583 1.498
0.090698011 -0.049882583 1.498
0.09330152 -0.049882583 1.498
0.095905028 -0.049882583 1.498
0.098508537 -0.049882583 1.498
0.10111205 -0.049882583 1.498
0.10371556 -0.049882583 1.498
0.10892258 -0.049882583 1.498
0.12454364 -0.049882583 1.498
0.12714715 -0.049882583 1.498
0.12975065 -0.049882583 1.498
0.13235417 -0.049882583 1.498
0.13495767 -0.049882583 1.498
0.13756119 -0.049882583 1.498
0.1401647 -0.049882583 1.498
0.14248228 -0.049782682 1.495
0.14508058 -0.049782682 1.495
0.14767888 -0.049782682 1.495
-0.14361787 -0.047279071 1.498
-0.14101437 -0.047279071 1.498
-0.13841085 -0.047279071 1.498
-0.13580735 -0.047279071 1.498
-0.13320383 -0.047279071 1.498
-0.13060032 -0.047279071 1.498
-0.091547675 -0.047279071 1.498
-0.088944167 -0.047279071 1.498
-0.086340658 -0.047279071 1.498
-0.08373715 -0.047279071 1.498
-0.081133634 -0.047279071 1.498
-0.075926617 -0.047279071 1.498
-0.073323108 -0.047279071 1.498
-0.0707196 -0.047279071 1.498
-0.068116091 -0.047279071 1.498
-0.065512575 -0.047279071 1.498
-0.062909067 -0.047279071 1.498
-0.060305558 -0.047279071 1.498
-0.05770205 -0.047279071 1.498
-0.055098537 -0.047279071 1.498
-0.052495029 -0.047279071 1.498
-0.04989152 -0.047279071 1.498
-0.047288008 -0.047279071 1.498
-0.0446845 -0.047279071 1.498
-0.042080991 -0.047279071 1.498
-0.039477479 -0.047279071 1.498
-0.036800124 -0.047184385 1.495
-0.034201827 -0.047184385 1.495
-0.03160353 -0.047184385 1.495
-0.029005237 -0.047184385 1.495
-0.02640694 -0.047184385 1.495
-0.023808645 -0.047184385 1.495
-0.021210348 -0.047184385 1.495
-0.018612053 -0.047184385 1.495
-0.016045893 -0.047279071 1.498
-0.013442382 -0.047279071 1.498
-0.010838872 -0.047279071 1.498
-0.0030283427 -0.047279071 1.498
-0.00042483292 -0.047279071 1.498
0.0021786769 -0.047279071 1.498
0.0047821868 -0.047279071 1.498
0.0073856968 -0.047279071 1.498
0.0099692009 -0.047184385 1.495
0.012567497 -0.047184385 1.495
0.015165793 -0.047184385 1.495
0.017764088 -0.047184385 1.495
0.020362385 -0.047184385 1.495
0.02296068 -0.047184385 1.495
0.025558976 -0.047184385 1.495
0.028157271 -0.047184385 1.495
0.030817285 -0.047279071 1.498
0.033420794 -0.047279071 1.498
0.036024306 -0.047279071 1.498
0.072473444 -0.047279071 1.498
0.075076953 -0.047279071 1.498
0.077680461 -0.047279071 1.498
0.08028397 -0.047279071 1.498
0.082887478 -0.047279071 1.498
0.085490994 -0.047279071 1.498
0.088094503 -0.047279071 1.498
0.090698011 -0.047279071 1.498
0.09330152 -0.047279071 1.498
0.095905028 -0.047279071 1.498
0.098508537 -0.047279071 1.498
0.10111205 -0.047279071 1.498
0.10371556 -0.047279071 1.498
0.10631907 -0.047279071 1.498
0.10892258 -0.047279071 1.498
0.11152609 -0.047279071 1.498
0.1141296 -0.047279071 1.498
0.11933662 -0.047279071 1.498
0.12194013 -0.047279071 1.498
0.12454364 -0.047279071 1.498
0.12714715 -0.047279071 1.498
0.12975065 -0.047279071 1.498
0.13235417 -0.047279071 1.498
0.13495767 -0.047279071 1.498
0.13756119 -0.047279071 1.498
0.1401647 -0.047279071 1.498
0.1427682 -0.047279071 1.498
0.14508058 -0.047184385 1.495
0.14767888 -0.047184385 1.495
-0.14101437 -0.044675563 1.498
-0.13841085 -0.044675563 1.498
-0.13580735 -0.044675563 1.498
-0.13320383 -0.044675563 1.498
-0.13060032 -0.044675563 1.498
-0.091547675 -0.044675563 1.498
-0.088944167 -0.044675563 1.498
-0.086340658 -0.044675563 1.498
-0.08373715 -0.044675563 1.498
-0.081133634 -0.044675563 1.498
-0.0707196 -0.044675563 1.498
-0.068116091 -0.044675563 1.498
-0.065512575 -0.044675563 1.498
-0.062909067 -0.044675563 1.498
-0.060305558 -0.044675563 1.498
-0.05770205 -0.044675563 1.498
-0.055098537 -0.044675563 1.498
-0.052495029 -0.044675563 1.498
-0.04989152 -0.044675563 1.498
-0.047288008 -0.044675563 1.498
-0.0446845 -0.044675563 1.498
-0.042080991 -0.044675563 1.498
-0.039477479 -0.044675563 1.498
-0.036800124 -0.044586092 1.495
-0.034201827 -0.044586092 1.495
-0.03160353 -0.044586092 1.495
-0.029005237 -0.044586092 1.495
-0.02640694 -0.044586092 1.495
-0.023808645 -0.044586092 1.495
-0.021210348 -0.044586092 1.495
-0.018612053 -0.044586092 1.495
-0.016045893 -0.044675563 1.498
-0.013442382 -0.044675563 1.498
-0.010838872 -0.044675563 1.498
-0.0030283427 -0.044675563 1.498
-0.00042483292 -0.044675563 1.498
0.0021786769 -0.044675563 1.498
0.0047821868 -0.044675563 1.498
0.0073856968 -0.044675563 1.498
0.0099692009 -0.044586092 1.495
0.012567497 -0.044586092 1.495
0.015165793 -0.044586092 1.495
0.017764088 -0.044586092 1.495
0.020362385 -0.044586092 1.495
0.02296068 -0.044586092 1.495
0.025558976 -0.044586092 1.495
0.028157271 -0.044586092 1.495
0.030755568 -0.044586092 1.495
0.033420794 -0.044675563 1.498
0.036024306 -0.044675563 1.498
0.038627815 -0.044675563 1.498
0.069869936 -0.044675563 1.498
0.072473444 -0.044675563 1.498
0.075076953 -0.044675563 1.498
0.077680461 -0.044675563 1.498
0.08028397 -0.044675563 1.498
0.082887478 -0.044675563 1.498
0.085490994 -0.044675563 1.498
0.087918073 -0.044586092 1.495
0.090516374 -0.044586092 1.495
0.09330152 -0.044675563 1.498
0.095905028 -0.044675563 1.498
0.098508537 -0.044675563 1.498
0.10111205 -0.044675563 1.498
0.10371556 -0.044675563 1.498
0.10631907 -0.044675563 1.498
0.10892258 -0.044675563 1.498
0.11152609 -0.044675563 1.498
0.1141296 -0.044675563 1.498
0.11673311 -0.044675563 1.498
0.11933662 -0.044675563 1.498
0.12194013 -0.044675563 1.498
0.12454364 -0.044675563 1.498
0.12714715 -0.044675563 1.498
0.12975065 -0.044675563 1.498
0.13235417 -0.044675563 1.498
0.13495767 -0.044675563 1.498
0.13756119 -0.044675563 1.498
0.1401647 -0.044675563 1.498
0.1427682 -0.044675563 1.498
0.14537172 -0.044675563 1.498
0.14797522 -0.044675563 1.498
-0.13841085 -0.042072054 1.498
-0.13580735 -0.042072054 1.498
-0.13320383 -0.042072054 1.498
-0.13060032 -0.042072054 1.498
-0.091547675 -0.042072054 1.498
-0.088944167 -0.042072054 1.498
-0.086340658 -0.042072054 1.498
-0.08373715 -0.042072054 1.498
-0.081133634 -0.042072054 1.498
-0.068116091 -0.042072054 1.498
-0.065512575 -0.042072054 1.498
-0.062909067 -0.042072054 1.498
-0.060305558 -0.042072054 1.498
-0.05770205 -0.042072054 1.498
-0.055098537 -0.042072054 1.498
-0.052495029 -0.042072054 1.498
-0.04989152 -0.042072054 1.498
-0.047288008 -0.042072054 1.498
-0.0446845 -0.042072054 1.498
-0.042080991 -0.042072054 1.498
-0.039398421 -0.041987795 1.495
-0.036800124 -0.041987795 1.495
-0.034201827 -0.041987795 1.495
-0.03160353 -0.041987795 1.495
-0.029005237 -0.041987795 1.495
-0.02640694 -0.041987795 1.495
-0.023808645 -0.041987795 1.495
-0.021210348 -0.041987795 1.495
-0.018612053 -0.041987795 1.495
-0.016045893 -0.042072054 1.498
-0.013442382 -0.042072054 1.498
-0.010838872 -0.042072054 1.498
-0.0082353624 -0.042072054 1.498
-0.0056318524 -0.042072054 1.498
-0.0030283427 -0.042072054 1.498
-0.00042483292 -0.042072054 1.498
0.0021786769 -0.042072054 1.498
0.0047821868 -0.042072054 1.498
0.0073856968 -0.042072054 1.498
0.0099692009 -0.041987795 1.495
0.012567497 -0.041987795 1.495
0.015165793 -0.041987795 1.495
0.017764088 -0.041987795 1.495
0.020362385 -0.041987795 1.495
0.02296068 -0.041987795 1.495
0.025558976 -0.041987795 1.495
0.028157271 -0.041987795 1.495
0.030755568 -0.041987795 1.495
0.033420794 -0.042072054 1.498
0.036024306 -0.042072054 1.498
0.038627815 -0.042072054 1.498
0.041231323 -0.042072054 1.498
0.043834835 -0.042072054 1.498
0.06726642 -0.042072054 1.498
0.069869936 -0.042072054 1.498
0.072473444 -0.042072054 1.498
0.075076953 -0.042072054 1.498
0.077680461 -0.042072054 1.498
0.08028397 -0.042072054 1.498
0.082721487 -0.041987795 1.495
0.08531978 -0.041987795 1.495
0.087918073 -0.041987795 1.495
0.090516374 -0.041987795 1.495
0.093114667 -0.041987795 1.495
0.095905028 -0.042072054 1.498
0.098508537 -0.042072054 1.498
0.10111205 -0.042072054 1.498
0.10371556 -0.042072054 1.498
0.10631907 -0.042072054 1.498
0.10892258 -0.042072054 1.498
0.11152609 -0.042072054 1.498
0.1141296 -0.042072054 1.498
0.11673311 -0.042072054 1.498
0.11933662 -0.042072054 1.498
0.12194013 -0.042072054 1.498
0.12454364 -0.042072054 1.498
0.12714715 -0.042072054 1.498
0.12975065 -0.042072054 1.498
0.13756119 -0.042072054 1.498
0.1401647 -0.042072054 1.498
0.1427682 -0.042072054 1.498
0.14537172 -0.042072054 1.498
0.14797522 -0.042072054 1.498
-0.13580735 -0.039468542 1.498
-0.13320383 -0.039468542 1.498
-0.13060032 -0.039468542 1.498
-0.094151184 -0.039468542 1.498
-0.091547675 -0.039468542 1.498
-0.088944167 -0.039468542 1.498
-0.086340658 -0.039468542 1.498
-0.08373715 -0.039468542 1.498
-0.081133634 -0.039468542 1.498
-0.078530125 -0.039468542 1.498
-0.075926617 -0.039468542 1.498
-0.073323108 -0.039468542 1.498
-0.0707196 -0.039468542 1.498
-0.055098537 -0.039468542 1.498
-0.052495029 -0.039468542 1.498
-0.04989152 -0.039468542 1.498
-0.047288008 -0.039468542 1.498
-0.0446845 -0.039468542 1.498
-0.042080991 -0.039468542 1.498
-0.039477479 -0.039468542 1.498
-0.036800124 -0.039389499 1.495
-0.034201827 -0.039389499 1.495
-0.03160353 -0.039389499 1.495
-0.029005237 -0.039389499 1.495
-0.02640694 -0.039389499 1.495
-0.023808645 -0.039389499 1.495
-0.021210348 -0.039389499 1.495
-0.018612053 -0.039389499 1.495
-0.016045893 -0.039468542 1.498
-0.013442382 -0.039468542 1.498
-0.010838872 -0.039468542 1.498
-0.0082353624 -0.039468542 1.498
-0.0056318524 -0.039468542 1.498
-0.0030283427 -0.039468542 1.498
-0.00042483292 -0.039468542 1.498
0.0021786769 -0.039468542 1.498
0.0047821868 -0.039468542 1.498
0.0073709055 -0.039389499 1.495
0.0099692009 -0.039389499 1.495
0.012567497 -0.039389499 1.495
0.015165793 -0.039389499 1.495
0.017764088 -0.039389499 1.495
0.020362385 -0.039389499 1.495
0.02296068 -0.039389499 1.495
0.025558976 -0.039389499 1.495
0.028157271 -0.039389499 1.495
0.030755568 -0.039389499 1.495
0.033420794 -0.039468542 1.498
0.036024306 -0.039468542 1.498
0.038627815 -0.039468542 1.498
0.041231323 -0.039468542 1.498
0.043834835 -0.039468542 1.498
0.046438344 -0.039468542 1.498
0.049041852 -0.039468542 1.498
0.051645365 -0.039468542 1.498
0.06726642 -0.039468542 1.498
0.069869936 -0.039468542 1.498
0.072473444 -0.039468542 1.498
0.075076953 -0.039468542 1.498
0.077680461 -0.039468542 1.498
0.08028397 -0.039468542 1.498
0.082721487 -0.039389499 1.495
0.08531978 -0.039389499 1.495
0.087918073 -0.039389499 1.495
0.090516374 -0.039389499 1.495
0.093114667 -0.039389499 1.495
0.09571296 -0.039389499 1.495
0.09831126 -0.039389499 1.495
0.10090955 -0.039389499 1.495
0.10371556 -0.039468542 1.498
0.10631907 -0.039468542 1.498
0.10892258 -0.039468542 1.498
0.11152609 -0.039468542 1.498
0.1141296 -0.039468542 1.498
0.11673311 -0.039468542 1.498
0.11933662 -0.039468542 1.498
0.12194013 -0.039468542 1.498
0.12454364 -0.039468542 1.498
0.12714715 -0.039468542 1.498
0.1427682 -0.039468542 1.498
0.14537172 -0.039468542 1.498
0.14797522 -0.039468542 1.498
-0.094151184 -0.036865033 1.498
-0.091547675 -0.036865033 1.498
-0.088944167 -0.036865033 1.498
-0.086340658 -0.036865033 1.498
-0.08373715 -0.036865033 1.498
-0.081133634 -0.036865033 1.498
-0.078530125 -0.036865033 1.498
-0.075926617 -0.036865033 1.498
-0.073323108 -0.036865033 1.498
-0.0707196 -0.036865033 1.498
-0.0446845 -0.036865033 1.498
-0.042080991 -0.036865033 1.498
-0.039477479 -0.036865033 1.498
-0.036800124 -0.036791205 1.495
-0.034201827 -0.036791205 1.495
-0.03160353 -0.036791205 1.495
-0.029005237 -0.036791205 1.495
-0.02640694 -0.036791205 1.495
-0.023808645 -0.036791205 1.495
-0.021210348 -0.036791205 1.495
-0.018612053 -0.036791205 1.495
-0.016045893 -0.036865033 1.498
-0.013442382 -0.036865033 1.498
-0.010838872 -0.036865033 1.498
-0.0082353624 -0.036865033 1.498
-0.0056318524 -0.036865033 1.498
-0.0030283427 -0.036865033 1.498
-0.00042483292 -0.036865033 1.498
0.0021786769 -0.036865033 1.498
0.0047821868 -0.036865033 1.498
0.0073709055 -0.036791205 1.495
0.0099692009 -0.036791205 1.495
0.012567497 -0.036791205 1.495
0.015165793 -0.036791205 1.495
0.017764088 -0.036791205 1.495
0.020362385 -0.036791205 1.495
0.02296068 -0.036791205 1.495
0.025558976 -0.036791205 1.495
0.028157271 -0.036791205 1.495
0.030755568 -0.036791205 1.495
0.033420794 -0.036865033 1.498
0.036024306 -0.036865033 1.498
0.038627815 -0.036865033 1.498
0.041231323 -0.036865033 1.498
0.043834835 -0.036865033 1.498
0.046438344 -0.036865033 1.498
0.049041852 -0.036865033 1.498
0.051645365 -0.036865033 1.498
0.054248873 -0.036865033 1.498
0.064662911 -0.036865033 1.498
0.06726642 -0.036865033 1.498
0.069869936 -0.036865033 1.498
0.072328299 -0.036791205 1.495
0.0749266 -0.036791205 1.495
0.077524893 -0.036791205 1.495
0.08028397 -0.036865033 1.498
0.082721487 -0.036791205 1.495
0.08531978 -0.036791205 1.495
0.087918073 -0.036791205 1.495
0.090516374 -0.036791205 1.495
0.093114667 -0.036791205 1.495
0.09571296 -0.036791205 1.495
0.09831126 -0.036791205 1.495
0.10111205 -0.036865033 1.498
0.10371556 -0.036865033 1.498
0.10631907 -0.036865033 1.498
0.10892258 -0.036865033 1.498
0.11152609 -0.036865033 1.498
0.1141296 -0.036865033 1.498
0.11673311 -0.036865033 1.498
0.11933662 -0.036865033 1.498
0.12194013 -0.036865033 1.498
0.12454364 -0.036865033 1.498
0.12714715 -0.036865033 1.498
0.14537172 -0.036865033 1.498
0.14797522 -0.036865033 1.498
-0.094151184 -0.034261521 1.498
-0.091547675 -0.034261521 1.498
-0.088944167 -0.034261521 1.498
-0.086167745 -0.034192909 1.495
-0.08373715 -0.034261521 1.498
-0.081133634 -0.034261521 1.498
-0.078530125 -0.034261521 1.498
-0.075926617 -0.034261521 1.498
-0.073323108 -0.034261521 1.498
-0.0707196 -0.034261521 1.498
-0.0446845 -0.034261521 1.498
-0.042080991 -0.034261521 1.498
-0.039477479 -0.034261521 1.498
-0.03687397 -0.034261521 1.498
-0.034201827 -0.034192909 1.495
-0.03160353 -0.034192909 1.495
-0.029005237 -0.034192909 1.495
-0.02640694 -0.034192909 1.495
-0.023808645 -0.034192909 1.495
-0.021210348 -0.034192909 1.495
-0.018649401 -0.034261521 1.498
-0.016045893 -0.034261521 1.498
-0.013442382 -0.034261521 1.498
-0.010838872 -0.034261521 1.498
-0.0082353624 -0.034261521 1.498
-0.0056318524 -0.034261521 1.498
-0.0030283427 -0.034261521 1.498
-0.00042483292 -0.034261521 1.498
0.0021786769 -0.034261521 1.498
0.0047726096 -0.034192909 1.495
0.0073709055 -0.034192909 1.495
0.0099692009 -0.034192909 1.495
0.012567497 -0.034192909 1.495
0.015165793 -0.034192909 1.495
0.017764088 -0.034192909 1.495
0.020362385 -0.034192909 1.495
0.02296068 -0.034192909 1.495
0.025558976 -0.034192909 1.495
0.028157271 -0.034192909 1.495
0.030755568 -0.034192909 1.495
0.033420794 -0.034261521 1.498
0.036024306 -0.034261521 1.498
0.038627815 -0.034261521 1.498
0.041231323 -0.034261521 1.498
0.043834835 -0.034261521 1.498
0.046438344 -0.034261521 1.498
0.049041852 -0.034261521 1.498
0.051645365 -0.034261521 1.498
0.054248873 -0.034261521 1.498
0.056852382 -0.034261521 1.498
0.059455894 -0.034261521 1.498
0.062059402 -0.034261521 1.498
0.064662911 -0.034261521 1.498
0.06726642 -0.034261521 1.498
0.069730006 -0.034192909 1.495
0.072328299 -0.034192909 1.495
0.0749266 -0.034192909 1.495
0.077680461 -0.034261521 1.498
0.08028397 -0.034261521 1.498
0.082887478 -0.034261521 1.498
0.08531978 -0.034192909 1.495
0.087918073 -0.034192909 1.495
0.090516374 -0.034192909 1.495
0.093114667 -0.034192909 1.495
0.095905028 -0.034261521 1.498
0.098508537 -0.034261521 1.498
0.10111205 -0.034261521 1.498
0.10371556 -0.034261521 1.498
0.10631907 -0.034261521 1.498
0.10892258 -0.034261521 1.498
0.11152609 -0.034261521 1.498
0.1141296 -0.034261521 1.498
0.11673311 -0.034261521 1.498
0.11933662 -0.034261521 1.498
0.12194013 -0.034261521 1.498
0.12454364 -0.034261521 1.498
0.12714715 -0.034261521 1.498
-0.094151184 -0.031658012 1.498
-0.091547675 -0.031658012 1.498
-0.088944167 -0.031658012 1.498
-0.086167745 -0.031594612 1.495
-0.08373715 -0.031658012 1.498
-0.081133634 -0.031658012 1.498
-0.078530125 -0.031658012 1.498
-0.075926617 -0.031658012 1.498
-0.073323108 -0.031658012 1.498
-0.0707196 -0.031658012 1.498
-0.068116091 -0.031658012 1.498
-0.047288008 -0.031658012 1.498
-0.0446845 -0.031658012 1.498
-0.042080991 -0.031658012 1.498
-0.039477479 -0.031658012 1.498
-0.03687397 -0.031658012 1.498
-0.034270462 -0.031658012 1.498
-0.03160353 -0.031594612 1.495
-0.029005237 -0.031594612 1.495
-0.02645993 -0.031658012 1.498
-0.023808645 -0.031594612 1.495
-0.021252912 -0.031658012 1.498
-0.018649401 -0.031658012 1.498
-0.016045893 -0.031658012 1.498
-0.013442382 -0.031658012 1.498
-0.010838872 -0.031658012 1.498
-0.0056318524 -0.031658012 1.498
-0.0030283427 -0.031658012 1.498
-0.00042483292 -0.031658012 1.498
0.0021786769 -0.031658012 1.498
0.0047726096 -0.031594612 1.495
0.0073709055 -0.031594612 1.495
0.0099692009 -0.031594612 1.495
0.012567497 -0.031594612 1.495
0.015165793 -0.031594612 1.495
0.017764088 -0.031594612 1.495
0.020362385 -0.031594612 1.495
0.02296068 -0.031594612 1.495
0.025558976 -0.031594612 1.495
0.028157271 -0.031594612 1.495
0.030755568 -0.031594612 1.495
0.033420794 -0.031658012 1.498
0.036024306 -0.031658012 1.498
0.038627815 -0.031658012 1.498
0.041231323 -0.031658012 1.498
0.043834835 -0.031658012 1.498
0.046438344 -0.031658012 1.498
0.049041852 -0.031658012 1.498
0.051645365 -0.031658012 1.498
0.054248873 -0.031658012 1.498
0.056852382 -0.031658012 1.498
0.059455894 -0.031658012 1.498
0.062059402 -0.031658012 1.498
0.064662911 -0.031658012 1.498
0.06726642 -0.031658012 1.498
0.069730006 -0.031594612 1.495
0.072328299 -0.031594612 1.495
0.0749266 -0.031594612 1.495
0.077524893 -0.031594612 1.495
0.08028397 -0.031658012 1.498
0.082887478 -0.031658012 1.498
0.08531978 -0.031594612 1.495
0.087918073 -0.031594612 1.495
0.090516374 -0.031594612 1.495
0.09330152 -0.031658012 1.498
0.095905028 -0.031658012 1.498
0.098508537 -0.031658012 1.498
0.10111205 -0.031658012 1.498
0.10371556 -0.031658012 1.498
0.10631907 -0.031658012 1.498
0.10892258 -0.031658012 1.498
0.11152609 -0.031658012 1.498
0.1141296 -0.031658012 1.498
0.11673311 -0.031658012 1.498
0.11933662 -0.031658012 1.498
0.12194013 -0.031658012 1.498
0.12454364 -0.031658012 1.498
0.12714715 -0.031658012 1.498
-0.094151184 -0.029054504 1.498
-0.091547675 -0.029054504 1.498
-0.088944167 -0.029054504 1.498
-0.086340658 -0.029054504 1.498
-0.08373715 -0.029054504 1.498
-0.081133634 -0.029054504 1.498
-0.078530125 -0.029054504 1.498
-0.075926617 -0.029054504 1.498
-0.073323108 -0.029054504 1.498
-0.0707196 -0.029054504 1.498
-0.068116091 -0.029054504 1.498
-0.065512575 -0.029054504 1.498
-0.062909067 -0.029054504 1.498
-0.060305558 -0.029054504 1.498
-0.05770205 -0.029054504 1.498
-0.055098537 -0.029054504 1.498
-0.052495029 -0.029054504 1.498
-0.04989152 -0.029054504 1.498
-0.047288008 -0.029054504 1.498
-0.0446845 -0.029054504 1.498
-0.042080991 -0.029054504 1.498
-0.039477479 -0.029054504 1.498
-0.03687397 -0.029054504 1.498
-0.034270462 -0.029054504 1.498
-0.031666949 -0.029054504 1.498
-0.029063441 -0.029054504 1.498
-0.02645993 -0.029054504 1.498
-0.023856422 -0.029054504 1.498
-0.021252912 -0.029054504 1.498
-0.018649401 -0.029054504 1.498
-0.016045893 -0.029054504 1.498
-0.013442382 -0.029054504 1.498
-0.010838872 -0.029054504 1.498
-0.0082353624 -0.029054504 1.498
-0.0056318524 -0.029054504 1.498
-0.0030283427 -0.029054504 1.498
-0.00042483292 -0.029054504 1.498
0.0021786769 -0.029054504 1.498
0.0047726096 -0.028996317 1.495
0.0073709055 -0.028996317 1.495
0.0099692009 -0.028996317 1.495
0.012567497 -0.028996317 1.495
0.015165793 -0.028996317 1.495
0.017764088 -0.028996317 1.495
0.020362385 -0.028996317 1.495
0.02296068 -0.028996317 1.495
0.025558976 -0.028996317 1.495
0.028157271 -0.028996317 1.495
0.030755568 -0.028996317 1.495
0.033420794 -0.029054504 1.498
0.036024306 -0.029054504 1.498
0.038627815 -0.029054504 1.498
0.041231323 -0.029054504 1.498
0.043834835 -0.029054504 1.498
0.046438344 -0.029054504 1.498
0.049041852 -0.029054504 1.498
0.051645365 -0.029054504 1.498
0.054248873 -0.029054504 1.498
0.056852382 -0.029054504 1.498
0.059455894 -0.029054504 1.498
0.062059402 -0.029054504 1.498
0.064662911 -0.029054504 1.498
0.06726642 -0.029054504 1.498
0.069730006 -0.028996317 1.495
0.072328299 -0.028996317 1.495
0.0749266 -0.028996317 1.495
0.077524893 -0.028996317 1.495
0.08028397 -0.029054504 1.498
0.082887478 -0.029054504 1.498
0.08531978 -0.028996317 1.495
0.087918073 -0.028996317 1.495
0.090516374 -0.028996317 1.495
0.09330152 -0.029054504 1.498
0.095905028 -0.029054504 1.498
0.098508537 -0.029054504 1.498
0.10111205 -0.029054504 1.498
0.10371556 -0.029054504 1.498
0.10631907 -0.029054504 1.498
0.10892258 -0.029054504 1.498
0.11152609 -0.029054504 1.498
0.1141296 -0.029054504 1.498
0.11673311 -0.029054504 1.498
0.11933662 -0.029054504 1.498
0.12194013 -0.029054504 1.498
0.12454364 -0.029054504 1.498
0.12714715 -0.029054504 1.498
-0.094151184 -0.026450993 1.498
-0.091547675 -0.026450993 1.498
-0.088944167 -0.026450993 1.498
-0.086340658 -0.026450993 1.498
-0.08373715 -0.026450993 1.498
-0.081133634 -0.026450993 1.498
-0.078530125 -0.026450993 1.498
-0.075926617 -0.026450993 1.498
-0.073323108 -0.026450993 1.498
-0.0707196 -0.026450993 1.498
-0.068116091 -0.026450993 1.498
-0.065512575 -0.026450993 1.498
-0.062909067 -0.026450993 1.498
-0.060305558 -0.026450993 1.498
-0.05770205 -0.026450993 1.498
-0.055098537 -0.026450993 1.498
-0.052495029 -0.026450993 1.498
-0.04989152 -0.026450993 1.498
-0.047288008 -0.026450993 1.498
-0.0446845 -0.026450993 1.498
-0.042080991 -0.026450993 1.498
-0.039477479 -0.026450993 1.498
-0.03687397 -0.026450993 1.498
-0.034270462 -0.026450993 1.498
-0.031666949 -0.026450993 1.498
-0.029063441 -0.026450993 1.498
-0.02645993 -0.026450993 1.498
-0.023856422 -0.026450993 1.498
-0.021252912 -0.026450993 1.498
-0.018649401 -0.026450993 1.498
-0.016045893 -0.026450993 1.498
-0.013442382 -0.026450993 1.498
-0.010838872 -0.026450993 1.498
-0.0082353624 -0.026450993 1.498
-0.0056318524 -0.026450993 1.498
-0.0030283427 -0.026450993 1.498
-0.00042483292 -0.026450993 1.498
0.0021786769 -0.026450993 1.498
0.0047726096 -0.02639802 1.495
0.0073709055 -0.02639802 1.495
0.0099692009 -0.02639802 1.495
0.012567497 -0.02639802 1.495
0.015165793 -0.02639802 1.495
0.017764088 -0.02639802 1.495
0.020362385 -0.02639802 1.495
0.02296068 -0.02639802 1.495
0.025558976 -0.02639802 1.495
0.028157271 -0.02639802 1.495
0.030755568 -0.02639802 1.495
0.033420794 -0.026450993 1.498
0.036024306 -0.026450993 1.498
0.038627815 -0.026450993 1.498
0.041231323 -0.026450993 1.498
0.043834835 -0.026450993 1.498
0.046438344 -0.026450993 1.498
0.049041852 -0.026450993 1.498
0.051645365 -0.026450993 1.498
0.054248873 -0.026450993 1.498
0.056852382 -0.026450993 1.498
0.059455894 -0.026450993 1.498
0.062059402 -0.026450993 1.498
0.064662911 -0.026450993 1.498
0.06726642 -0.026450993 1.498
0.069730006 -0.02639802 1.495
0.072328299 -0.02639802 1.495
0.0749266 -0.02639802 1.495
0.077524893 -0.02639802 1.495
0.080123186 -0.02639802 1.495
0.082721487 -0.02639802 1.495
0.08531978 -0.02639802 1.495
0.087918073 -0.02639802 1.495
0.090516374 -0.02639802 1.495
0.09330152 -0.026450993 1.498
0.095905028 -0.026450993 1.498
0.098508537 -0.026450993 1.498
0.10111205 -0.026450993 1.498
0.10371556 -0.026450993 1.498
0.10631907 -0.026450993 1.498
0.10892258 -0.026450993 1.498
0.11152609 -0.026450993 1.498
0.1141296 -0.026450993 1.498
0.11673311 -0.026450993 1.498
0.11933662 -0.026450993 1.498
0.12194013 -0.026450993 1.498
0.12454364 -0.026450993 1.498
0.12714715 -0.026450993 1.498
0.12975065 -0.026450993 1.498
-0.094151184 -0.023847483 1.498
-0.091547675 -0.023847483 1.498
-0.088944167 -0.023847483 1.498
-0.086340658 -0.023847483 1.498
-0.08373715 -0.023847483 1.498
-0.081133634 -0.023847483 1.498
-0.078530125 -0.023847483 1.498
-0.075774558 -0.023799725 1.495
-0.073323108 -0.023847483 1.498
-0.0707196 -0.023847483 1.498
-0.068116091 -0.023847483 1.498
-0.065512575 -0.023847483 1.498
-0.062909067 -0.023847483 1.498
-0.060305558 -0.023847483 1.498
-0.05770205 -0.023847483 1.498
-0.055098537 -0.023847483 1.498
-0.052495029 -0.023847483 1.498
-0.04989152 -0.023847483 1.498
-0.047288008 -0.023847483 1.498
-0.0446845 -0.023847483 1.498
-0.042080991 -0.023847483 1.498
-0.039477479 -0.023847483 1.498
-0.03687397 -0.023847483 1.498
-0.034270462 -0.023847483 1.498
-0.031666949 -0.023847483 1.498
-0.029063441 -0.023847483 1.498
-0.02645993 -0.023847483 1.498
-0.023856422 -0.023847483 1.498
-0.021252912 -0.023847483 1.498
-0.018649401 -0.023847483 1.498
-0.016045893 -0.023847483 1.498
-0.013442382 -0.023847483 1.498
-0.010838872 -0.023847483 1.498
-0.0082353624 -0.023847483 1.498
-0.0056318524 -0.023847483 1.498
-0.0030283427 -0.023847483 1.498
-0.00042483292 -0.023847483 1.498
0.0021743136 -0.023799725 1.495
0.0047726096 -0.023799725 1.495
0.0073709055 -0.023799725 1.495
0.0099692009 -0.023799725 1.495
0.012567497 -0.023799725 1.495
0.015165793 -0.023799725 1.495
0.017764088 -0.023799725 1.495
0.020362385 -0.023799725 1.495
0.02296068 -0.023799725 1.495
0.025558976 -0.023799725 1.495
0.028157271 -0.023799725 1.495
0.030817285 -0.023847483 1.498
0.033420794 -0.023847483 1.498
0.036024306 -0.023847483 1.498
0.038627815 -0.023847483 1.498
0.041231323 -0.023847483 1.498
0.043834835 -0.023847483 1.498
0.046438344 -0.023847483 1.498
0.049041852 -0.023847483 1.498
0.051645365 -0.023847483 1.498
0.054248873 -0.023847483 1.498
0.056852382 -0.023847483 1.498
0.059455894 -0.023847483 1.498
0.062059402 -0.023847483 1.498
0.064662911 -0.023847483 1.498
0.06726642 -0.023847483 1.498
0.069869936 -0.023847483 1.498
0.072328299 -0.023799725 1.495
0.0749266 -0.023799725 1.495
0.077524893 -0.023799725 1.495
0.080123186 -0.023799725 1.495
0.082721487 -0.023799725 1.495
0.08531978 -0.023799725 1.495
0.087918073 -0.023799725 1.495
0.090516374 -0.023799725 1.495
0.093114667 -0.023799725 1.495
0.095905028 -0.023847483 1.498
0.098508537 -0.023847483 1.498
0.10111205 -0.023847483 1.498
0.10371556 -0.023847483 1.498
0.10631907 -0.023847483 1.498
0.10892258 -0.023847483 1.498
0.11152609 -0.023847483 1.498
0.1141296 -0.023847483 1.498
0.11673311 -0.023847483 1.498
0.11933662 -0.023847483 1.498
0.12194013 -0.023847483 1.498
0.12454364 -0.023847483 1.498
0.12714715 -0.023847483 1.498
0.12975065 -0.023847483 1.498
0.13235417 -0.023847483 1.498
-0.088944167 -0.021243975 1.498
-0.086340658 -0.021243975 1.498
-0.08373715 -0.021243975 1.498
-0.081133634 -0.021243975 1.498
-0.078530125 -0.021243975 1.498
-0.075774558 -0.021201428 1.495
-0.073323108 -0.021243975 1.498
-0.0707196 -0.021243975 1.498
-0.068116091 -0.021243975 1.498
-0.065512575 -0.021243975 1.498
-0.062909067 -0.021243975 1.498
-0.060305558 -0.021243975 1.498
-0.05770205 -0.021243975 1.498
-0.055098537 -0.021243975 1.498
-0.052495029 -0.021243975 1.498
-0.04989152 -0.021243975 1.498
-0.047288008 -0.021243975 1.498
-0.0446845 -0.021243975 1.498
-0.042080991 -0.021243975 1.498
-0.039477479 -0.021243975 1.498
-0.03687397 -0.021243975 1.498
-0.034270462 -0.021243975 1.498
-0.031666949 -0.021243975 1.498
-0.029063441 -0.021243975 1.498
-0.02645993 -0.021243975 1.498
-0.023856422 -0.021243975 1.498
-0.021252912 -0.021243975 1.498
-0.018649401 -0.021243975 1.498
-0.016045893 -0.021243975 1.498
-0.013442382 -0.021243975 1.498
-0.010838872 -0.021243975 1.498
-0.0082353624 -0.021243975 1.498
-0.0056318524 -0.021243975 1.498
-0.0030283427 -0.021243975 1.498
-0.00042483292 -0.021243975 1.498
0.0021743136 -0.021201428 1.495
0.0047726096 -0.021201428 1.495
0.0073709055 -0.021201428 1.495
0.0099692009 -0.021201428 1.495
0.012567497 -0.021201428 1.495
0.015165793 -0.021201428 1.495
0.017764088 -0.021201428 1.495
0.020403245 -0.021243975 1.498
0.02296068 -0.021201428 1.495
0.025558976 -0.021201428 1.495
0.028157271 -0.021201428 1.495
0.030817285 -0.021243975 1.498
0.033420794 -0.021243975 1.498
0.036024306 -0.021243975 1.498
0.038627815 -0.021243975 1.498
0.041231323 -0.021243975 1.498
0.043834835 -0.021243975 1.498
0.046438344 -0.021243975 1.498
0.049041852 -0.021243975 1.498
0.051645365 -0.021243975 1.498
0.054248873 -0.021243975 1.498
0.056852382 -0.021243975 1.498
0.059455894 -0.021243975 1.498
0.062059402 -0.021243975 1.498
0.064662911 -0.021243975 1.498
0.06726642 -0.021243975 1.498
0.069869936 -0.021243975 1.498
0.072328299 -0.021201428 1.495
0.0749266 -0.021201428 1.495
0.077524893 -0.021201428 1.495
0.080123186 -0.021201428 1.495
0.082721487 -0.021201428 1.495
0.08531978 -0.021201428 1.495
0.087918073 -0.021201428 1.495
0.090516374 -0.021201428 1.495
0.093114667 -0.021201428 1.495
0.095905028 -0.021243975 1.498
0.098508537 -0.021243975 1.498
0.10111205 -0.021243975 1.498
0.10371556 -0.021243975 1.498
0.10631907 -0.021243975 1.498
0.10892258 -0.021243975 1.498
0.11152609 -0.021243975 1.498
0.1141296 -0.021243975 1.498
0.11673311 -0.021243975 1.498
0.11933662 -0.021243975 1.498
0.12169592 -0.021201428 1.495
0.12429421 -0.021201428 1.495
0.12689251 -0.021201428 1.495
0.12975065 -0.021243975 1.498
0.13235417 -0.021243975 1.498
0.13495767 -0.021243975 1.498
0.13756119 -0.021243975 1.498
-0.088944167 -0.018640464 1.498
-0.086340658 -0.018640464 1.498
-0.08373715 -0.018640464 1.498
-0.081133634 -0.018640464 1.498
-0.078530125 -0.018640464 1.498
-0.075774558 -0.018603133 1.495
-0.073176265 -0.018603133 1.495
-0.070577972 -0.018603133 1.495
-0.067979671 -0.018603133 1.495
-0.065381378 -0.018603133 1.495
-0.062783085 -0.018603133 1.495
-0.060184784 -0.018603133 1.495
-0.05770205 -0.018640464 1.498
-0.055098537 -0.018640464 1.498
-0.052495029 -0.018640464 1.498
-0.04989152 -0.018640464 1.498
-0.047288008 -0.018640464 1.498
-0.0446845 -0.018640464 1.498
-0.042080991 -0.018640464 1.498
-0.039477479 -0.018640464 1.498
-0.03687397 -0.018640464 1.498
-0.034270462 -0.018640464 1.498
-0.031666949 -0.018640464 1.498
-0.029063441 -0.018640464 1.498
-0.02645993 -0.018640464 1.498
-0.023856422 -0.018640464 1.498
-0.021252912 -0.018640464 1.498
-0.018649401 -0.018640464 1.498
-0.016045893 -0.018640464 1.498
-0.013442382 -0.018640464 1.498
-0.010838872 -0.018640464 1.498
-0.0082353624 -0.018640464 1.498
-0.0056318524 -0.018640464 1.498
-0.0030283427 -0.018640464 1.498
-0.00042398213 -0.018603133 1.495
0.0021743136 -0.018603133 1.495
0.0047726096 -0.018603133 1.495
0.0073709055 -0.018603133 1.495
0.0099692009 -0.018603133 1.495
0.012567497 -0.018603133 1.495
0.015165793 -0.018603133 1.495
0.017764088 -0.018603133 1.495
0.020403245 -0.018640464 1.498
0.023006756 -0.018640464 1.498
0.025558976 -0.018603133 1.495
0.028157271 -0.018603133 1.495
0.030817285 -0.018640464 1.498
0.033420794 -0.018640464 1.498
0.036024306 -0.018640464 1.498
0.038627815 -0.018640464 1.498
0.041231323 -0.018640464 1.498
0.043834835 -0.018640464 1.498
0.046438344 -0.018640464 1.498
0.049041852 -0.018640464 1.498
0.051645365 -0.018640464 1.498
0.054248873 -0.018640464 1.498
0.056852382 -0.018640464 1.498
0.064662911 -0.018640464 1.498
0.06726642 -0.018640464 1.498
0.069869936 -0.018640464 1.498
0.072328299 -0.018603133 1.495
0.0749266 -0.018603133 1.495
0.077524893 -0.018603133 1.495
0.080123186 -0.018603133 1.495
0.082721487 -0.018603133 1.495
0.08531978 -0.018603133 1.495
0.087918073 -0.018603133 1.495
0.090516374 -0.018603133 1.495
0.093114667 -0.018603133 1.495
0.09571296 -0.018603133 1.495
0.098508537 -0.018640464 1.498
0.10111205 -0.018640464 1.498
0.10371556 -0.018640464 1.498
0.10631907 -0.018640464 1.498
0.10892258 -0.018640464 1.498
0.11152609 -0.018640464 1.498
0.1141296 -0.018640464 1.498
0.11673311 -0.018640464 1.498
0.11909763 -0.018603133 1.495
0.12169592 -0.018603133 1.495
0.12429421 -0.018603133 1.495
0.12689251 -0.018603133 1.495
0.12975065 -0.018640464 1.498
0.13235417 -0.018640464 1.498
0.13495767 -0.018640464 1.498
0.13756119 -0.018640464 1.498
0.1401647 -0.018640464 1.498
0.1427682 -0.018640464 1.498
-0.086340658 -0.016036954 1.498
-0.08373715 -0.016036954 1.498
-0.081133634 -0.016036954 1.498
-0.078530125 -0.016036954 1.498
-0.075774558 -0.016004836 1.495
-0.073176265 -0.016004836 1.495
-0.070577972 -0.016004836 1.495
-0.067979671 -0.016004836 1.495
-0.065381378 -0.016004836 1.495
-0.062783085 -0.016004836 1.495
-0.060184784 -0.016004836 1.495
-0.057586491 -0.016004836 1.495
-0.054988194 -0.016004836 1.495
-0.052495029 -0.016036954 1.498
-0.04989152 -0.016036954 1.498
-0.047288008 -0.016036954 1.498
-0.0446845 -0.016036954 1.498
-0.042080991 -0.016036954 1.498
-0.039477479 -0.016036954 1.498
-0.03687397 -0.016036954 1.498
-0.034270462 -0.016036954 1.498
-0.031666949 -0.016036954 1.498
-0.029063441 -0.016036954 1.498
-0.02645993 -0.016036954 1.498
-0.023856422 -0.016036954 1.498
-0.021252912 -0.016036954 1.498
-0.018649401 -0.016036954 1.498
-0.016045893 -0.016036954 1.498
-0.013442382 -0.016036954 1.498
-0.010838872 -0.016036954 1.498
-0.0082188696 -0.016004836 1.495
-0.0056205736 -0.016004836 1.495
-0.003022278 -0.016004836 1.495
-0.00042398213 -0.016004836 1.495
0.0021743136 -0.016004836 1.495
0.0047726096 -0.016004836 1.495
0.0073709055 -0.016004836 1.495
0.0099692009 -0.016004836 1.495
0.012567497 -0.016004836 1.495
0.015165793 -0.016004836 1.495
0.017764088 -0.016004836 1.495
0.020403245 -0.016036954 1.498
0.023006756 -0.016036954 1.498
0.025558976 -0.016004836 1.495
0.028157271 -0.016004836 1.495
0.030817285 -0.016036954 1.498
0.033420794 -0.016036954 1.498
0.036024306 -0.016036954 1.498
0.038627815 -0.016036954 1.498
0.041231323 -0.016036954 1.498
0.043834835 -0.016036954 1.498
0.046438344 -0.016036954 1.498
0.049041852 -0.016036954 1.498
0.051645365 -0.016036954 1.498
0.054248873 -0.016036954 1.498
0.056852382 -0.016036954 1.498
0.059455894 -0.016036954 1.498
0.062059402 -0.016036954 1.498
0.064662911 -0.016036954 1.498
0.06726642 -0.016036954 1.498
0.069869936 -0.016036954 1.498
0.072473444 -0.016036954 1.498
0.0749266 -0.016004836 1.495
0.077524893 -0.016004836 1.495
0.080123186 -0.016004836 1.495
0.082721487 -0.016004836 1.495
0.08531978 -0.016004836 1.495
0.087918073 -0.016004836 1.495
0.090516374 -0.016004836 1.495
0.093114667 -0.016004836 1.495
0.09571296 -0.016004836 1.495
0.098508537 -0.016036954 1.498
0.10111205 -0.016036954 1.498
0.10371556 -0.016036954 1.498
0.10631907 -0.016036954 1.498
0.10892258 -0.016036954 1.498
0.11152609 -0.016036954 1.498
0.1141296 -0.016036954 1.498
0.11673311 -0.016036954 1.498
0.11909763 -0.016004836 1.495
0.12169592 -0.016004836 1.495
0.12429421 -0.016004836 1.495
0.12689251 -0.016004836 1.495
0.12949081 -0.016004836 1.495
0.13235417 -0.016036954 1.498
0.13495767 -0.016036954 1.498
0.13756119 -0.016036954 1.498
0.1401647 -0.016036954 1.498
0.1427682 -0.016036954 1.498
-0.086340658 -0.013433444 1.498
-0.08373715 -0.013433444 1.498
-0.081133634 -0.013433444 1.498
-0.078530125 -0.013433444 1.498
-0.075926617 -0.013433444 1.498
-0.073176265 -0.013406541 1.495
-0.070577972 -0.013406541 1.495
-0.067979671 -0.013406541 1.495
-0.065381378 -0.013406541 1.495
-0.062783085 -0.013406541 1.495
-0.060184784 -0.013406541 1.495
-0.057586491 -0.013406541 1.495
-0.054988194 -0.013406541 1.495
-0.052389897 -0.013406541 1.495
-0.04989152 -0.013433444 1.498
-0.047288008 -0.013433444 1.498
-0.0446845 -0.013433444 1.498
-0.042080991 -0.013433444 1.498
-0.039477479 -0.013433444 1.498
-0.03687397 -0.013433444 1.498
-0.034270462 -0.013433444 1.498
-0.031666949 -0.013433444 1.498
-0.029063441 -0.013433444 1.498
-0.02645993 -0.013433444 1.498
-0.023856422 -0.013433444 1.498
-0.021252912 -0.013433444 1.498
-0.018649401 -0.013433444 1.498
-0.016045893 -0.013433444 1.498
-0.013415461 -0.013406541 1.495
-0.010817165 -0.013406541 1.495
-0.0082188696 -0.013406541 1.495
-0.0056205736 -0.013406541 1.495
-0.003022278 -0.013406541 1.495
-0.00042398213 -0.013406541 1.495
0.0021743136 -0.013406541 1.495
0.0047726096 -0.013406541 1.495
0.0073709055 -0.013406541 1.495
0.0099692009 -0.013406541 1.495
0.012567497 -0.013406541 1.495
0.015165793 -0.013406541 1.495
0.017764088 -0.013406541 1.495
0.020362385 -0.013406541 1.495
0.02296068 -0.013406541 1.495
0.025558976 -0.013406541 1.495
0.028157271 -0.013406541 1.495
0.030817285 -0.013433444 1.498
0.033420794 -0.013433444 1.498
0.036024306 -0.013433444 1.498
0.038627815 -0.013433444 1.498
0.041231323 -0.013433444 1.498
0.043834835 -0.013433444 1.498
0.046438344 -0.013433444 1.498
0.049041852 -0.013433444 1.498
0.051645365 -0.013433444 1.498
0.054248873 -0.013433444 1.498
0.056852382 -0.013433444 1.498
0.059455894 -0.013433444 1.498
0.062059402 -0.013433444 1.498
0.064662911 -0.013433444 1.498
0.06726642 -0.013433444 1.498
0.069869936 -0.013433444 1.498
0.072473444 -0.013433444 1.498
0.075076953 -0.013433444 1.498
0.077524893 -0.013406541 1.495
0.080123186 -0.013406541 1.495
0.082721487 -0.013406541 1.495
0.08531978 -0.013406541 1.495
0.087918073 -0.013406541 1.495
0.090516374 -0.013406541 1.495
0.093114667 -0.013406541 1.495
0.095905028 -0.013433444 1.498
0.098508537 -0.013433444 1.498
0.10111205 -0.013433444 1.498
0.10371556 -0.013433444 1.498
0.10631907 -0.013433444 1.498
0.10892258 -0.013433444 1.498
0.11152609 -0.013433444 1.498
0.1141296 -0.013433444 1.498
0.11649933 -0.013406541 1.495
0.11909763 -0.013406541 1.495
0.12169592 -0.013406541 1.495
0.12429421 -0.013406541 1.495
0.12689251 -0.013406541 1.495
0.12949081 -0.013406541 1.495
0.13235417 -0.013433444 1.498
0.13495767 -0.013433444 1.498
0.13756119 -0.013433444 1.498
0.1401647 -0.013433444 1.498
0.1427682 -0.013433444 1.498
0.14537172 -0.013433444 1.498
-0.10456523 -0.010829934 1.498
-0.10196172 -0.010829934 1.498
-0.099358208 -0.010829934 1.498
-0.086340658 -0.010829934 1.498
-0.08373715 -0.010829934 1.498
-0.081133634 -0.010829934 1.498
-0.078530125 -0.010829934 1.498
-0.075926617 -0.010829934 1.498
-0.073323108 -0.010829934 1.498
-0.070577972 -0.010808245 1.495
-0.067979671 -0.010808245 1.495
-0.065381378 -0.010808245 1.495
-0.062783085 -0.010808245 1.495
-0.060184784 -0.010808245 1.495
-0.057586491 -0.010808245 1.495
-0.054988194 -0.010808245 1.495
-0.052389897 -0.010808245 1.495
-0.049791604 -0.010808245 1.495
-0.047193307 -0.010808245 1.495
-0.044595011 -0.010808245 1.495
-0.042080991 -0.010829934 1.498
-0.039477479 -0.010829934 1.498
-0.03687397 -0.010829934 1.498
-0.034270462 -0.010829934 1.498
-0.031666949 -0.010829934 1.498
-0.029063441 -0.010829934 1.498
-0.02645993 -0.010829934 1.498
-0.023856422 -0.010829934 1.498
-0.021252912 -0.010829934 1.498
-0.018649401 -0.010829934 1.498
-0.016045893 -0.010829934 1.498
-0.013415461 -0.010808245 1.495
-0.010817165 -0.010808245 1.495
-0.0082188696 -0.010808245 1.495
-0.0056205736 -0.010808245 1.495
-0.003022278 -0.010808245 1.495
-0.00042398213 -0.010808245 1.495
0.0021743136 -0.010808245 1.495
0.0047726096 -0.010808245 1.495
0.0073709055 -0.010808245 1.495
0.0099692009 -0.010808245 1.495
0.012567497 -0.010808245 1.495
0.015165793 -0.010808245 1.495
0.017764088 -0.010808245 1.495
0.020362385 -0.010808245 1.495
0.02296068 -0.010808245 1.495
0.025558976 -0.010808245 1.495
0.028157271 -0.010808245 1.495
0.030817285 -0.010829934 1.498
0.033420794 -0.010829934 1.498
0.036024306 -0.010829934 1.498
0.038627815 -0.010829934 1.498
0.041231323 -0.010829934 1.498
0.043834835 -0.010829934 1.498
0.046438344 -0.010829934 1.498
0.049041852 -0.010829934 1.498
0.051645365 -0.010829934 1.498
0.054248873 -0.010829934 1.498
0.056852382 -0.010829934 1.498
0.059455894 -0.010829934 1.498
0.062059402 -0.010829934 1.498
0.064662911 -0.010829934 1.498
0.06726642 -0.010829934 1.498
0.069869936 -0.010829934 1.498
0.072473444 -0.010829934 1.498
0.075076953 -0.010829934 1.498
0.077680461 -0.010829934 1.498
0.080123186 -0.010808245 1.495
0.082721487 -0.010808245 1.495
0.08531978 -0.010808245 1.495
0.087918073 -0.010808245 1.495
0.090516374 -0.010808245 1.495
0.093114667 -0.010808245 1.495
0.09571296 -0.010808245 1.495
0.098508537 -0.010829934 1.498
0.10111205 -0.010829934 1.498
0.10371556 -0.010829934 1.498
0.10631907 -0.010829934 1.498
0.10892258 -0.010829934 1.498
0.11152609 -0.010829934 1.498
0.1141296 -0.010829934 1.498
0.11649933 -0.010808245 1.495
0.11909763 -0.010808245 1.495
0.12169592 -0.010808245 1.495
0.12429421 -0.010808245 1.495
0.12689251 -0.010808245 1.495
0.12975065 -0.010829934 1.498
0.13235417 -0.010829934 1.498
0.13495767 -0.010829934 1.498
0.13756119 -0.010829934 1.498
0.1401647 -0.010829934 1.498
0.1427682 -0.010829934 1.498
0.14537172 -0.010829934 1.498
-0.10456523 -0.0082264245 1.498
-0.10196172 -0.0082264245 1.498
-0.099358208 -0.0082264245 1.498
-0.0967547 -0.0082264245 1.498
-0.094151184 -0.0082264245 1.498
-0.091547675 -0.0082264245 1.498
-0.088944167 -0.0082264245 1.498
-0.086340658 -0.0082264245 1.498
-0.08373715 -0.0082264245 1.498
-0.081133634 -0.0082264245 1.498
-0.078530125 -0.0082264245 1.498
-0.075926617 -0.0082264245 1.498
-0.073323108 -0.0082264245 1.498
-0.070577972 -0.0082099494 1.495
-0.067979671 -0.0082099494 1.495
-0.065381378 -0.0082099494 1.495
-0.062783085 -0.0082099494 1.495
-0.060184784 -0.0082099494 1.495
-0.057586491 -0.0082099494 1.495
-0.054988194 -0.0082099494 1.495
-0.052389897 -0.0082099494 1.495
-0.049791604 -0.0082099494 1.495
-0.047193307 -0.0082099494 1.495
-0.044595011 -0.0082099494 1.495
-0.041996714 -0.0082099494 1.495
-0.039477479 -0.0082264245 1.498
-0.03687397 -0.0082264245 1.498
-0.034270462 -0.0082264245 1.498
-0.031666949 -0.0082264245 1.498
-0.029063441 -0.0082264245 1.498
-0.02645993 -0.0082264245 1.498
-0.023856422 -0.0082264245 1.498
-0.021252912 -0.0082264245 1.498
-0.018649401 -0.0082264245 1.498
-0.016013756 -0.0082099494 1.495
-0.013415461 -0.0082099494 1.495
-0.010817165 -0.0082099494 1.495
-0.0082188696 -0.0082099494 1.495
-0.0056205736 -0.0082099494 1.495
-0.003022278 -0.0082099494 1.495
-0.00042398213 -0.0082099494 1.495
0.0021743136 -0.0082099494 1.495
0.0047726096 -0.0082099494 1.495
0.0073709055 -0.0082099494 1.495
0.0099692009 -0.0082099494 1.495
0.012567497 -0.0082099494 1.495
0.015165793 -0.0082099494 1.495
0.017764088 -0.0082099494 1.495
0.020362385 -0.0082099494 1.495
0.02296068 -0.0082099494 1.495
0.025558976 -0.0082099494 1.495
0.028157271 -0.0082099494 1.495
0.030817285 -0.0082264245 1.498
0.033420794 -0.0082264245 1.498
0.036024306 -0.0082264245 1.498
0.038627815 -0.0082264245 1.498
0.041231323 -0.0082264245 1.498
0.043834835 -0.0082264245 1.498
0.046438344 -0.0082264245 1.498
0.049041852 -0.0082264245 1.498
0.051541936 -0.0082099494 1.495
0.054248873 -0.0082264245 1.498
0.056852382 -0.0082264245 1.498
0.059455894 -0.0082264245 1.498
0.062059402 -0.0082264245 1.498
0.064662911 -0.0082264245 1.498
0.06726642 -0.0082264245 1.498
0.069869936 -0.0082264245 1.498
0.072473444 -0.0082264245 1.498
0.075076953 -0.0082264245 1.498
0.077680461 -0.0082264245 1.498
0.080123186 -0.0082099494 1.495
0.082721487 -0.0082099494 1.495
0.08531978 -0.0082099494 1.495
0.087918073 -0.0082099494 1.495
0.090516374 -0.0082099494 1.495
0.093114667 -0.0082099494 1.495
0.09571296 -0.0082099494 1.495
0.09831126 -0.0082099494 1.495
0.10090955 -0.0082099494 1.495
0.10350785 -0.0082099494 1.495
0.10610615 -0.0082099494 1.495
0.10892258 -0.0082264245 1.498
0.11130274 -0.0082099494 1.495
0.11390103 -0.0082099494 1.495
0.11649933 -0.0082099494 1.495
0.11909763 -0.0082099494 1.495
0.12169592 -0.0082099494 1.495
0.12429421 -0.0082099494 1.495
0.12689251 -0.0082099494 1.495
0.12975065 -0.0082264245 1.498
0.13235417 -0.0082264245 1.498
0.13495767 -0.0082264245 1.498
0.13756119 -0.0082264245 1.498
0.1401647 -0.0082264245 1.498
0.1427682 -0.0082264245 1.498
0.14537172 -0.0082264245 1.498
-0.10716873 -0.0056229145 1.498
-0.10456523 -0.0056229145 1.498
-0.10196172 -0.0056229145 1.498
-0.099358208 -0.0056229145 1.498
-0.0967547 -0.0056229145 1.498
-0.094151184 -0.0056229145 1.498
-0.091547675 -0.0056229145 1.498
-0.088944167 -0.0056229145 1.498
-0.086340658 -0.0056229145 1.498
-0.08373715 -0.0056229145 1.498
-0.081133634 -0.0056229145 1.498
-0.078530125 -0.0056229145 1.498
-0.075926617 -0.0056229145 1.498
-0.073323108 -0.0056229145 1.498
-0.0707196 -0.0056229145 1.498
-0.067979671 -0.0056116539 1.495
-0.065381378 -0.0056116539 1.495
-0.062783085 -0.0056116539 1.495
-0.060184784 -0.0056116539 1.495
-0.057586491 -0.0056116539 1.495
-0.054988194 -0.0056116539 1.495
-0.052389897 -0.0056116539 1.495
-0.049791604 -0.0056116539 1.495
-0.047193307 -0.0056116539 1.495
-0.044595011 -0.0056116539 1.495
-0.041996714 -0.0056116539 1.495
-0.039398421 -0.0056116539 1.495
-0.03687397 -0.0056229145 1.498
-0.034270462 -0.0056229145 1.498
-0.031666949 -0.0056229145 1.498
-0.029063441 -0.0056229145 1.498
-0.02645993 -0.0056229145 1.498
-0.023856422 -0.0056229145 1.498
-0.021252912 -0.0056229145 1.498
-0.018649401 -0.0056229145 1.498
-0.016013756 -0.0056116539 1.495
-0.013415461 -0.0056116539 1.495
-0.010817165 -0.0056116539 1.495
-0.0082188696 -0.0056116539 1.495
-0.0056205736 -0.0056116539 1.495
-0.003022278 -0.0056116539 1.495
-0.00042398213 -0.0056116539 1.495
0.0021743136 -0.0056116539 1.495
0.0047726096 -0.0056116539 1.495
0.0073709055 -0.0056116539 1.495
0.0099692009 -0.0056116539 1.495
0.012567497 -0.0056116539 1.495
0.015165793 -0.0056116539 1.495
0.017764088 -0.0056116539 1.495
0.020362385 -0.0056116539 1.495
0.02296068 -0.0056116539 1.495
0.025558976 -0.0056116539 1.495
0.028157271 -0.0056116539 1.495
0.030755568 -0.0056116539 1.495
0.033353865 -0.0056116539 1.495
0.036024306 -0.0056229145 1.498
0.038627815 -0.0056229145 1.498
0.041231323 -0.0056229145 1.498
0.043747045 -0.0056116539 1.495
0.046345342 -0.0056116539 1.495
0.048943639 -0.0056116539 1.495
0.051541936 -0.0056116539 1.495
0.054140229 -0.0056116539 1.495
0.056738526 -0.0056116539 1.495
0.059336822 -0.0056116539 1.495
0.062059402 -0.0056229145 1.498
0.064662911 -0.0056229145 1.498
0.06726642 -0.0056229145 1.498
0.069869936 -0.0056229145 1.498
0.072473444 -0.0056229145 1.498
0.075076953 -0.0056229145 1.498
0.077680461 -0.0056229145 1.498
0.080123186 -0.0056116539 1.495
0.082721487 -0.0056116539 1.495
0.08531978 -0.0056116539 1.495
0.087918073 -0.0056116539 1.495
0.090516374 -0.0056116539 1.495
0.093114667 -0.0056116539 1.495
0.09571296 -0.0056116539 1.495
0.09831126 -0.0056116539 1.495
0.10090955 -0.0056116539 1.495
0.10350785 -0.0056116539 1.495
0.10610615 -0.0056116539 1.495
0.10870444 -0.0056116539 1.495
0.11130274 -0.0056116539 1.495
0.11390103 -0.0056116539 1.495
0.11649933 -0.0056116539 1.495
0.11909763 -0.0056116539 1.495
0.12169592 -0.0056116539 1.495
0.12429421 -0.0056116539 1.495
0.12689251 -0.0056116539 1.495
0.12975065 -0.0056229145 1.498
0.13235417 -0.0056229145 1.498
0.13495767 -0.0056229145 1.498
0.13756119 -0.0056229145 1.498
0.1401647 -0.0056229145 1.498
0.1427682 -0.0056229145 1.498
0.14537172 -0.0056229145 1.498
-0.10716873 -0.0030194048 1.498
-0.10456523 -0.0030194048 1.498
-0.10196172 -0.0030194048 1.498
-0.099358208 -0.0030194048 1.498
-0.0967547 -0.0030194048 1.498
-0.094151184 -0.0030194048 1.498
-0.091547675 -0.0030194048 1.498
-0.088944167 -0.0030194048 1.498
-0.086340658 -0.0030194048 1.498
-0.08373715 -0.0030194048 1.498
-0.081133634 -0.0030194048 1.498
-0.078530125 -0.0030194048 1.498
-0.075926617 -0.0030194048 1.498
-0.073323108 -0.0030194048 1.498
-0.0707196 -0.0030194048 1.498
-0.067979671 -0.003013358 1.495
-0.065381378 -0.003013358 1.495
-0.062783085 -0.003013358 1.495
-0.060184784 -0.003013358 1.495
-0.057586491 -0.003013358 1.495
-0.054988194 -0.003013358 1.495
-0.052389897 -0.003013358 1.495
-0.049791604 -0.003013358 1.495
-0.047193307 -0.003013358 1.495
-0.044595011 -0.003013358 1.495
-0.041996714 -0.003013358 1.495
-0.039398421 -0.003013358 1.495
-0.03687397 -0.0030194048 1.498
-0.034270462 -0.0030194048 1.498
-0.031666949 -0.0030194048 1.498
-0.029063441 -0.0030194048 1.498
-0.02645993 -0.0030194048 1.498
-0.023856422 -0.0030194048 1.498
-0.021252912 -0.0030194048 1.498
-0.018649401 -0.0030194048 1.498
-0.016013756 -0.003013358 1.495
-0.013415461 -0.003013358 1.495
-0.010817165 -0.003013358 1.495
-0.0082188696 -0.003013358 1.495
-0.0056205736 -0.003013358 1.495
-0.003022278 -0.003013358 1.495
-0.00042398213 -0.003013358 1.495
0.0021743136 -0.003013358 1.495
0.0047726096 -0.003013358 1.495
0.0073709055 -0.003013358 1.495
0.0099692009 -0.003013358 1.495
0.012567497 -0.003013358 1.495
0.015165793 -0.003013358 1.495
0.017764088 -0.003013358 1.495
0.020362385 -0.003013358 1.495
0.02296068 -0.003013358 1.495
0.025558976 -0.003013358 1.495
0.028157271 -0.003013358 1.495
0.030755568 -0.003013358 1.495
0.033353865 -0.003013358 1.495
0.035952158 -0.003013358 1.495
0.038627815 -0.0030194048 1.498
0.041148752 -0.003013358 1.495
0.043747045 -0.003013358 1.495
0.046345342 -0.003013358 1.495
0.048943639 -0.003013358 1.495
0.051541936 -0.003013358 1.495
0.054140229 -0.003013358 1.495
0.056738526 -0.003013358 1.495
0.059336822 -0.003013358 1.495
0.061935116 -0.003013358 1.495
0.064533412 -0.003013358 1.495
0.067131706 -0.003013358 1.495
0.069730006 -0.003013358 1.495
0.072328299 -0.003013358 1.495
0.0749266 -0.003013358 1.495
0.077524893 -0.003013358 1.495
0.080123186 -0.003013358 1.495
0.082721487 -0.003013358 1.495
0.08531978 -0.003013358 1.495
0.087918073 -0.003013358 1.495
0.090516374 -0.003013358 1.495
0.093114667 -0.003013358 1.495
0.09571296 -0.003013358 1.495
0.09831126 -0.003013358 1.495
0.10090955 -0.003013358 1.495
0.10350785 -0.003013358 1.495
0.10610615 -0.003013358 1.495
0.10870444 -0.003013358 1.495
0.11130274 -0.003013358 1.495
0.11390103 -0.003013358 1.495
0.11649933 -0.003013358 1.495
0.11909763 -0.003013358 1.495
0.12169592 -0.003013358 1.495
0.12429421 -0.003013358 1.495
0.12714715 -0.0030194048 1.498
0.12975065 -0.0030194048 1.498
0.13235417 -0.0030194048 1.498
0.13495767 -0.0030194048 1.498
0.13756119 -0.0030194048 1.498
0.1401647 -0.0030194048 1.498
0.1427682 -0.0030194048 1.498
0.14537172 -0.0030194048 1.498
-0.10716873 -0.00041589508 1.498
-0.10456523 -0.00041589508 1.498
-0.10196172 -0.00041589508 1.498
-0.099358208 -0.00041589508 1.498
-0.0967547 -0.00041589508 1.498
-0.094151184 -0.00041589508 1.498
-0.091547675 -0.00041589508 1.498
-0.088944167 -0.00041589508 1.498
-0.086340658 -0.00041589508 1.498
-0.08373715 -0.00041589508 1.498
-0.081133634 -0.00041589508 1.498
-0.078530125 -0.00041589508 1.498
-0.075926617 -0.00041589508 1.498
-0.073323108 -0.00041589508 1.498
-0.0707196 -0.00041589508 1.498
-0.068116091 -0.00041589508 1.498
-0.065381378 -0.00041506215 1.495
-0.062783085 -0.00041506215 1.495
-0.060184784 -0.00041506215 1.495
-0.057586491 -0.00041506215 1.495
-0.054988194 -0.00041506215 1.495
-0.052389897 -0.00041506215 1.495
-0.049791604 -0.00041506215 1.495
-0.047193307 -0.00041506215 1.495
-0.044595011 -0.00041506215 1.495
-0.041996714 -0.00041506215 1.495
-0.039398421 -0.00041506215 1.495
-0.03687397 -0.00041589508 1.498
-0.034270462 -0.00041589508 1.498
-0.031666949 -0.00041589508 1.498
-0.029063441 -0.00041589508 1.498
-0.02645993 -0.00041589508 1.498
-0.023856422 -0.00041589508 1.498
-0.021252912 -0.00041589508 1.498
-0.018649401 -0.00041589508 1.498
-0.016013756 -0.00041506215 1.495
-0.013415461 -0.00041506215 1.495
-0.010817165 -0.00041506215 1.495
-0.0082188696 -0.00041506215 1.495
-0.0056205736 -0.00041506215 1.495
-0.003022278 -0.00041506215 1.495
-0.00042398213 -0.00041506215 1.495
0.0021743136 -0.00041506215 1.495
0.0047726096 -0.00041506215 1.495
0.0073709055 -0.00041506215 1.495
0.0099692009 -0.00041506215 1.495
0.012567497 -0.00041506215 1.495
0.015165793 -0.00041506215 1.495
0.017764088 -0.00041506215 1.495
0.020362385 -0.00041506215 1.495
0.02296068 -0.00041506215 1.495
0.025558976 -0.00041506215 1.495
0.028157271 -0.00041506215 1.495
0.030755568 -0.00041506215 1.495
0.033353865 -0.00041506215 1.495
0.035952158 -0.00041506215 1.495
0.038550455 -0.00041506215 1.495
0.041148752 -0.00041506215 1.495
0.043747045 -0.00041506215 1.495
0.046345342 -0.00041506215 1.495
0.048943639 -0.00041506215 1.495
0.051541936 -0.00041506215 1.495
0.054140229 -0.00041506215 1.495
0.056738526 -0.00041506215 1.495
0.059336822 -0.00041506215 1.495
0.061935116 -0.00041506215 1.495
0.064533412 -0.00041506215 1.495
0.067131706 -0.00041506215 1.495
0.069730006 -0.00041506215 1.495
0.072328299 -0.00041506215 1.495
0.0749266 -0.00041506215 1.495
0.077524893 -0.00041506215 1.495
0.080123186 -0.00041506215 1.495
0.082721487 -0.00041506215 1.495
0.08531978 -0.00041506215 1.495
0.087918073 -0.00041506215 1.495
0.090516374 -0.00041506215 1.495
0.093114667 -0.00041506215 1.495
0.09571296 -0.00041506215 1.495
0.09831126 -0.00041506215 1.495
0.10090955 -0.00041506215 1.495
0.10350785 -0.00041506215 1.495
0.10610615 -0.00041506215 1.495
0.10870444 -0.00041506215 1.495
0.11130274 -0.00041506215 1.495
0.11390103 -0.00041506215 1.495
0.11649933 -0.00041506215 1.495
0.11909763 -0.00041506215 1.495
0.12169592 -0.00041506215 1.495
0.12429421 -0.00041506215 1.495
0.12714715 -0.00041589508 1.498
0.12975065 -0.00041589508 1.498
0.13235417 -0.00041589508 1.498
0.13495767 -0.00041589508 1.498
0.13756119 -0.00041589508 1.498
0.1401647 -0.00041589508 1.498
0.1427682 -0.00041589508 1.498
0.14537172 -0.00041589508 1.498
0.14797522 -0.00041589508 1.498
-0.10716873 0.0021876148 1.498
-0.10456523 0.0021876148 1.498
-0.10196172 0.0021876148 1.498
-0.099358208 0.0021876148 1.498
-0.0967547 0.0021876148 1.498
-0.094151184 0.0021876148 1.498
-0.091547675 0.0021876148 1.498
-0.088944167 0.0021876148 1.498
-0.086340658 0.0021876148 1.498
-0.08373715 0.0021876148 1.498
-0.081133634 0.0021876148 1.498
-0.078530125 0.0021876148 1.498
-0.075926617 0.0021876148 1.498
-0.073323108 0.0021876148 1.498
-0.0707196 0.0021876148 1.498
-0.068116091 0.0021876148 1.498
-0.065381378 0.0021832336 1.495
-0.062783085 0.0021832336 1.495
-0.060184784 0.0021832336 1.495
-0.057586491 0.0021832336 1.495
-0.054988194 0.0021832336 1.495
-0.052389897 0.0021832336 1.495
-0.049791604 0.0021832336 1.495
-0.047193307 0.0021832336 1.495
-0.044595011 0.0021832336 1.495
-0.041996714 0.0021832336 1.495
-0.039398421 0.0021832336 1.495
-0.03687397 0.0021876148 1.498
-0.034270462 0.0021876148 1.498
-0.031666949 0.0021876148 1.498
-0.029063441 0.0021876148 1.498
-0.02645993 0.0021876148 1.498
-0.023856422 0.0021876148 1.498
-0.021252912 0.0021876148 1.498
-0.018649401 0.0021876148 1.498
-0.016045893 0.0021876148 1.498
-0.013415461 0.0021832336 1.495
-0.010817165 0.0021832336 1.495
-0.0082188696 0.0021832336 1.495
-0.0056205736 0.0021832336 1.495
-0.003022278 0.0021832336 1.495
-0.00042398213 0.0021832336 1.495
0.0021743136 0.0021832336 1.495
0.0047726096 0.0021832336 1.495
0.0073709055 0.0021832336 1.495
0.0099692009 0.0021832336 1.495
0.012567497 0.0021832336 1.495
0.015165793 0.0021832336 1.495
0.017764088 0.0021832336 1.495
0.020362385 0.0021832336 1.495
0.02296068 0.0021832336 1.495
0.025558976 0.0021832336 1.495
0.028157271 0.0021832336 1.495
0.030755568 0.0021832336 1.495
0.033353865 0.0021832336 1.495
0.035952158 0.0021832336 1.495
0.038550455 0.0021832336 1.495
0.041148752 0.0021832336 1.495
0.043747045 0.0021832336 1.495
0.046345342 0.0021832336 1.495
0.048943639 0.0021832336 1.495
0.051438507 0.0021788524 1.492
0.054031588 0.0021788524 1.492
0.05662467 0.0021788524 1.492
0.059336822 0.0021832336 1.495
0.061935116 0.0021832336 1.495
0.064533412 0.0021832336 1.495
0.067131706 0.0021832336 1.495
0.069730006 0.0021832336 1.495
0.072328299 0.0021832336 1.495
0.0749266 0.0021832336 1.495
0.077524893 0.0021832336 1.495
0.080123186 0.0021832336 1.495
0.082721487 0.0021832336 1.495
0.08531978 0.0021832336 1.495
0.087918073 0.0021832336 1.495
0.090516374 0.0021832336 1.495
0.093114667 0.0021832336 1.495
0.09571296 0.0021832336 1.495
0.09831126 0.0021832336 1.495
0.10090955 0.0021832336 1.495
0.10350785 0.0021832336 1.495
0.10610615 0.0021832336 1.495
0.10870444 0.0021832336 1.495
0.11130274 0.0021832336 1.495
0.11390103 0.0021832336 1.495
0.11649933 0.0021832336 1.495
0.11909763 0.0021832336 1.495
0.12169592 0.0021832336 1.495
0.12429421 0.0021832336 1.495
0.12714715 0.0021876148 1.498
0.12975065 0.0021876148 1.498
0.13235417 0.0021876148 1.498
0.13495767 0.0021876148 1.498
0.13756119 0.0021876148 1.498
0.1401647 0.0021876148 1.498
0.1427682 0.0021876148 1.498
0.14537172 0.0021876148 1.498
0.14797522 0.0021876148 1.498
-0.14622138 0.0047911247 1.498
-0.14361787 0.0047911247 1.498
-0.14101437 0.0047911247 1.498
-0.10716873 0.0047911247 1.498
-0.10456523 0.0047911247 1.498
-0.10196172 0.0047911247 1.498
-0.099358208 0.0047911247 1.498
-0.0967547 0.0047911247 1.498
-0.094151184 0.0047911247 1.498
-0.091547675 0.0047911247 1.498
-0.088944167 0.0047911247 1.498
-0.086340658 0.0047911247 1.498
-0.08373715 0.0047911247 1.498
-0.081133634 0.0047911247 1.498
-0.0707196 0.0047911247 1.498
-0.068116091 0.0047911247 1.498
-0.065512575 0.0047911247 1.498
-0.062783085 0.0047815293 1.495
-0.060184784 0.0047815293 1.495
-0.057586491 0.0047815293 1.495
-0.054988194 0.0047815293 1.495
-0.052389897 0.0047815293 1.495
-0.049791604 0.0047815293 1.495
-0.047193307 0.0047815293 1.495
-0.044595011 0.0047815293 1.495
-0.041996714 0.0047815293 1.495
-0.039398421 0.0047815293 1.495
-0.03687397 0.0047911247 1.498
-0.034270462 0.0047911247 1.498
-0.031666949 0.0047911247 1.498
-0.018649401 0.0047911247 1.498
-0.016045893 0.0047911247 1.498
-0.013442382 0.0047911247 1.498
-0.010838872 0.0047911247 1.498
-0.0082188696 0.0047815293 1.495
-0.0056205736 0.0047815293 1.495
-0.003022278 0.0047815293 1.495
-0.00042398213 0.0047815293 1.495
0.0021743136 0.0047815293 1.495
0.0047726096 0.0047815293 1.495
0.0073709055 0.0047815293 1.495
0.0099692009 0.0047815293 1.495
0.012567497 0.0047815293 1.495
0.015165793 0.0047815293 1.495
0.017764088 0.0047815293 1.495
0.020362385 0.0047815293 1.495
0.02296068 0.0047815293 1.495
0.025558976 0.0047815293 1.495
0.028157271 0.0047815293 1.495
0.030755568 0.0047815293 1.495
0.033353865 0.0047815293 1.495
0.035952158 0.0047815293 1.495
0.038550455 0.0047815293 1.495
0.041148752 0.0047815293 1.495
0.043747045 0.0047815293 1.495
0.046345342 0.0047815293 1.495
0.048845422 0.0047719344 1.492
0.051438507 0.0047719344 1.492
0.054031588 0.0047719344 1.492
0.05662467 0.0047719344 1.492
0.059217751 0.0047719344 1.492
0.061810832 0.0047719344 1.492
0.064403914 0.0047719344 1.492
0.066996999 0.0047719344 1.492
0.069730006 0.0047815293 1.495
0.072328299 0.0047815293 1.495
0.0749266 0.0047815293 1.495
0.077524893 0.0047815293 1.495
0.080123186 0.0047815293 1.495
0.082721487 0.0047815293 1.495
0.08531978 0.0047815293 1.495
0.087918073 0.0047815293 1.495
0.090516374 0.0047815293 1.495
0.093114667 0.0047815293 1.495
0.09571296 0.0047815293 1.495
0.09831126 0.0047815293 1.495
0.10090955 0.0047815293 1.495
0.10350785 0.0047815293 1.495
0.10610615 0.0047815293 1.495
0.10870444 0.0047815293 1.495
0.11130274 0.0047815293 1.495
0.11390103 0.0047815293 1.495
0.11649933 0.0047815293 1.495
0.11909763 0.0047815293 1.495
0.12169592 0.0047815293 1.495
0.12429421 0.0047815293 1.495
0.12689251 0.0047815293 1.495
0.12975065 0.0047911247 1.498
0.13235417 0.0047911247 1.498
0.13495767 0.0047911247 1.498
0.13756119 0.0047911247 1.498
0.1401647 0.0047911247 1.498
0.1427682 0.0047911247 1.498
0.14537172 0.0047911247 1.498
0.14797522 0.0047911247 1.498
-0.14622138 0.0073946342 1.498
-0.14361787 0.0073946342 1.498
-0.14101437 0.0073946342 1.498
-0.13841085 0.0073946342 1.498
-0.10716873 0.0073946342 1.498
-0.10456523 0.0073946342 1.498
-0.10196172 0.0073946342 1.498
-0.099358208 0.0073946342 1.498
-0.0967547 0.0073946342 1.498
-0.094151184 0.0073946342 1.498
-0.091547675 0.0073946342 1.498
-0.088944167 0.0073946342 1.498
-0.086340658 0.0073946342 1.498
-0.08373715 0.0073946342 1.498
-0.081133634 0.0073946342 1.498
-0.078530125 0.0073946342 1.498
-0.075926617 0.0073946342 1.498
-0.073323108 0.0073946342 1.498
-0.0707196 0.0073946342 1.498
-0.068116091 0.0073946342 1.498
-0.065512575 0.0073946342 1.498
-0.062783085 0.0073798252 1.495
-0.060184784 0.0073798252 1.495
-0.057586491 0.0073798252 1.495
-0.054988194 0.0073798252 1.495
-0.052389897 0.0073798252 1.495
-0.049791604 0.0073798252 1.495
-0.047193307 0.0073798252 1.495
-0.044595011 0.0073798252 1.495
-0.041996714 0.0073798252 1.495
-0.039398421 0.0073798252 1.495
-0.03687397 0.0073946342 1.498
-0.034270462 0.0073946342 1.498
-0.016045893 0.0073946342 1.498
-0.013442382 0.0073946342 1.498
-0.010838872 0.0073946342 1.498
-0.0082353624 0.0073946342 1.498
-0.0056205736 0.0073798252 1.495
-0.003022278 0.0073798252 1.495
-0.00042398213 0.0073798252 1.495
0.0021743136 0.0073798252 1.495
0.0047726096 0.0073798252 1.495
0.0073709055 0.0073798252 1.495
0.0099692009 0.0073798252 1.495
0.012567497 0.0073798252 1.495
0.015165793 0.0073798252 1.495
0.017764088 0.0073798252 1.495
0.020403245 0.0073946342 1.498
0.023006756 0.0073946342 1.498
0.025610264 0.0073946342 1.498
0.028213775 0.0073946342 1.498
0.030755568 0.0073798252 1.495
0.033353865 0.0073798252 1.495
0.035952158 0.0073798252 1.495
0.038550455 0.0073798252 1.495
0.041148752 0.0073798252 1.495
0.043747045 0.0073798252 1.495
0.046345342 0.0073798252 1.495
0.048845422 0.0073650163 1.492
0.051438507 0.0073650163 1.492
0.054031588 0.0073650163 1.492
0.05662467 0.0073650163 1.492
0.059217751 0.0073650163 1.492
0.061810832 0.0073650163 1.492
0.064403914 0.0073650163 1.492
0.066996999 0.0073650163 1.492
0.069590077 0.0073650163 1.492
0.072183162 0.0073650163 1.492
0.0749266 0.0073798252 1.495
0.077524893 0.0073798252 1.495
0.080123186 0.0073798252 1.495
0.082721487 0.0073798252 1.495
0.08531978 0.0073798252 1.495
0.087918073 0.0073798252 1.495
0.090516374 0.0073798252 1.495
0.093114667 0.0073798252 1.495
0.09571296 0.0073798252 1.495
0.09831126 0.0073798252 1.495
0.10090955 0.0073798252 1.495
0.10350785 0.0073798252 1.495
0.10610615 0.0073798252 1.495
0.10870444 0.0073798252 1.495
0.11130274 0.0073798252 1.495
0.11390103 0.0073798252 1.495
0.11649933 0.0073798252 1.495
0.11909763 0.0073798252 1.495
0.12169592 0.0073798252 1.495
0.12429421 0.0073798252 1.495
0.12689251 0.0073798252 1.495
0.12949081 0.0073798252 1.495
0.13208911 0.0073798252 1.495
0.13468739 0.0073798252 1.495
0.13728569 0.0073798252 1.495
0.139884 0.0073798252 1.495
0.1427682 0.0073946342 1.498
0.14537172 0.0073946342 1.498
0.14797522 0.0073946342 1.498
-0.14622138 0.0099981446 1.498
-0.14361787 0.0099981446 1.498
-0.14101437 0.0099981446 1.498
-0.13841085 0.0099981446 1.498
-0.10456523 0.0099981446 1.498
-0.10196172 0.0099981446 1.498
-0.099358208 0.0099981446 1.498
-0.0967547 0.0099981446 1.498
-0.094151184 0.0099981446 1.498
-0.091547675 0.0099981446 1.498
-0.088944167 0.0099981446 1.498
-0.086340658 0.0099981446 1.498
-0.08373715 0.0099981446 1.498
-0.081133634 0.0099981446 1.498
-0.078530125 0.0099981446 1.498
-0.075926617 0.0099981446 1.498
-0.073323108 0.0099981446 1.498
-0.0707196 0.0099981446 1.498
-0.068116091 0.0099981446 1.498
-0.065512575 0.0099981446 1.498
-0.062783085 0.0099781211 1.495
-0.060184784 0.0099781211 1.495
-0.057586491 0.0099781211 1.495
-0.054988194 0.0099781211 1.495
-0.052389897 0.0099781211 1.495
-0.049791604 0.0099781211 1.495
-0.047193307 0.0099781211 1.495
-0.044595011 0.0099781211 1.495
-0.041996714 0.0099781211 1.495
-0.039477479 0.0099981446 1.498
-0.03687397 0.0099981446 1.498
-0.034270462 0.0099981446 1.498
-0.016045893 0.0099981446 1.498
-0.013442382 0.0099981446 1.498
-0.010838872 0.0099981446 1.498
-0.0082353624 0.0099981446 1.498
-0.0056318524 0.0099981446 1.498
-0.003022278 0.0099781211 1.495
-0.00042398213 0.0099781211 1.495
0.0021743136 0.0099781211 1.495
0.0047726096 0.0099781211 1.495
0.0073709055 0.0099781211 1.495
0.0099692009 0.0099781211 1.495
0.012567497 0.0099781211 1.495
0.015165793 0.0099781211 1.495
0.017764088 0.0099781211 1.495
0.020403245 0.0099981446 1.498
0.023006756 0.0099981446 1.498
0.025610264 0.0099981446 1.498
0.028213775 0.0099981446 1.498
0.030817285 0.0099981446 1.498
0.033353865 0.0099781211 1.495
0.035952158 0.0099781211 1.495
0.038550455 0.0099781211 1.495
0.041148752 0.0099781211 1.495
0.043747045 0.0099781211 1.495
0.046345342 0.0099781211 1.495
0.048943639 0.0099781211 1.495
0.051438507 0.0099580977 1.492
0.054031588 0.0099580977 1.492
0.05662467 0.0099580977 1.492
0.059217751 0.0099580977 1.492
0.061810832 0.0099580977 1.492
0.064403914 0.0099580977 1.492
0.066996999 0.0099580977 1.492
0.069590077 0.0099580977 1.492
0.072183162 0.0099580977 1.492
0.0749266 0.0099781211 1.495
0.077524893 0.0099781211 1.495
0.080123186 0.0099781211 1.495
0.082721487 0.0099781211 1.495
0.08531978 0.0099781211 1.495
0.087918073 0.0099781211 1.495
0.090516374 0.0099781211 1.495
0.093114667 0.0099781211 1.495
0.09571296 0.0099781211 1.495
0.09831126 0.0099781211 1.495
0.10090955 0.0099781211 1.495
0.10350785 0.0099781211 1.495
0.10610615 0.0099781211 1.495
0.10870444 0.0099781211 1.495
0.11130274 0.0099781211 1.495
0.11390103 0.0099781211 1.495
0.11649933 0.0099781211 1.495
0.11909763 0.0099781211 1.495
0.12169592 0.0099781211 1.495
0.12429421 0.0099781211 1.495
0.12689251 0.0099781211 1.495
0.12949081 0.0099781211 1.495
0.13208911 0.0099781211 1.495
0.13468739 0.0099781211 1.495
0.13728569 0.0099781211 1.495
0.139884 0.0099781211 1.495
0.14248228 0.0099781211 1.495
0.14537172 0.0099981446 1.498
0.14797522 0.0099981446 1.498
-0.14622138 0.012601654 1.498
-0.14361787 0.012601654 1.498
-0.14101437 0.012601654 1.498
-0.13841085 0.012601654 1.498
-0.10456523 0.012601654 1.498
-0.10196172 0.012601654 1.498
-0.099358208 0.012601654 1.498
-0.0967547 0.012601654 1.498
-0.094151184 0.012601654 1.498
-0.091547675 0.012601654 1.498
-0.088944167 0.012601654 1.498
-0.086340658 0.012601654 1.498
-0.08373715 0.012601654 1.498
-0.081133634 0.012601654 1.498
-0.078530125 0.012601654 1.498
-0.075926617 0.012601654 1.498
-0.073323108 0.012601654 1.498
-0.0707196 0.012601654 1.498
-0.068116091 0.012601654 1.498
-0.065512575 0.012601654 1.498
-0.062909067 0.012601654 1.498
-0.060184784 0.012576417 1.495
-0.057586491 0.012576417 1.495
-0.054988194 0.012576417 1.495
-0.052389897 0.012576417 1.495
-0.049791604 0.012576417 1.495
-0.047193307 0.012576417 1.495
-0.044595011 0.012576417 1.495
-0.041996714 0.012576417 1.495
-0.039477479 0.012601654 1.498
-0.03687397 0.012601654 1.498
-0.013442382 0.012601654 1.498
-0.010838872 0.012601654 1.498
-0.0082353624 0.012601654 1.498
-0.0056318524 0.012601654 1.498
-0.003022278 0.012576417 1.495
-0.00042398213 0.012576417 1.495
0.0021743136 0.012576417 1.495
0.0047726096 0.012576417 1.495
0.0073709055 0.012576417 1.495
0.0099692009 0.012576417 1.495
0.012592716 0.012601654 1.498
0.015196226 0.012601654 1.498
0.017799735 0.012601654 1.498
0.020403245 0.012601654 1.498
0.023006756 0.012601654 1.498
0.025610264 0.012601654 1.498
0.028213775 0.012601654 1.498
0.030817285 0.012601654 1.498
0.033420794 0.012601654 1.498
0.035952158 0.012576417 1.495
0.038550455 0.012576417 1.495
0.041148752 0.012576417 1.495
0.043747045 0.012576417 1.495
0.046345342 0.012576417 1.495
0.048943639 0.012576417 1.495
0.051541936 0.012576417 1.495
0.054031588 0.01255118 1.492
0.05662467 0.01255118 1.492
0.059217751 0.01255118 1.492
0.061810832 0.01255118 1.492
0.064403914 0.01255118 1.492
0.066996999 0.01255118 1.492
0.069590077 0.01255118 1.492
0.072183162 0.01255118 1.492
0.0749266 0.012576417 1.495
0.077524893 0.012576417 1.495
0.080123186 0.012576417 1.495
0.082721487 0.012576417 1.495
0.08531978 0.012576417 1.495
0.087918073 0.012576417 1.495
0.090516374 0.012576417 1.495
0.093114667 0.012576417 1.495
0.09571296 0.012576417 1.495
0.09831126 0.012576417 1.495
0.10090955 0.012576417 1.495
0.10350785 0.012576417 1.495
0.10610615 0.012576417 1.495
0.10870444 0.012576417 1.495
0.11130274 0.012576417 1.495
0.11390103 0.012576417 1.495
0.11649933 0.012576417 1.495
0.11909763 0.012576417 1.495
0.12169592 0.012576417 1.495
0.12429421 0.012576417 1.495
0.12689251 0.012576417 1.495
0.12949081 0.012576417 1.495
0.13208911 0.012576417 1.495
0.13468739 0.012576417 1.495
0.13728569 0.012576417 1.495
0.139884 0.012576417 1.495
0.14248228 0.012576417 1.495
0.14508058 0.012576417 1.495
0.14767888 0.012576417 1.495
-0.14361787 0.015205164 1.498
-0.14101437 0.015205164 1.498
-0.13841085 0.015205164 1.498
-0.10196172 0.015205164 1.498
-0.099358208 0.015205164 1.498
-0.0967547 0.015205164 1.498
-0.094151184 0.015205164 1.498
-0.091547675 0.015205164 1.498
-0.088944167 0.015205164 1.498
-0.086340658 0.015205164 1.498
-0.08373715 0.015205164 1.498
-0.081133634 0.015205164 1.498
-0.078530125 0.015205164 1.498
-0.075926617 0.015205164 1.498
-0.073323108 0.015205164 1.498
-0.0707196 0.015205164 1.498
-0.068116091 0.015205164 1.498
-0.065512575 0.015205164 1.498
-0.062909067 0.015205164 1.498
-0.060305558 0.015205164 1.498
-0.057586491 0.015174713 1.495
-0.054988194 0.015174713 1.495
-0.052389897 0.015174713 1.495
-0.049791604 0.015174713 1.495
-0.047193307 0.015174713 1.495
-0.044595011 0.015174713 1.495
-0.041996714 0.015174713 1.495
-0.039477479 0.015205164 1.498
-0.03687397 0.015205164 1.498
-0.013442382 0.015205164 1.498
-0.010838872 0.015205164 1.498
-0.0082353624 0.015205164 1.498
-0.0056318524 0.015205164 1.498
-0.003022278 0.015174713 1.495
-0.00042398213 0.015174713 1.495
0.0021743136 0.015174713 1.495
0.0047726096 0.015174713 1.495
0.0073709055 0.015174713 1.495
0.0099892067 0.015205164 1.498
0.012592716 0.015205164 1.498
0.015196226 0.015205164 1.498
0.017799735 0.015205164 1.498
0.020403245 0.015205164 1.498
0.023006756 0.015205164 1.498
0.025610264 0.015205164 1.498
0.028213775 0.015205164 1.498
0.030817285 0.015205164 1.498
0.033420794 0.015205164 1.498
0.035952158 0.015174713 1.495
0.038550455 0.015174713 1.495
0.041148752 0.015174713 1.495
0.043747045 0.015174713 1.495
0.046345342 0.015174713 1.495
0.048943639 0.015174713 1.495
0.051541936 0.015174713 1.495
0.054140229 0.015174713 1.495
0.056738526 0.015174713 1.495
0.059336822 0.015174713 1.495
0.061810832 0.015144262 1.492
0.064403914 0.015144262 1.492
0.066996999 0.015144262 1.492
0.069730006 0.015174713 1.495
0.072183162 0.015144262 1.492
0.0749266 0.015174713 1.495
0.077524893 0.015174713 1.495
0.080123186 0.015174713 1.495
0.082721487 0.015174713 1.495
0.08531978 0.015174713 1.495
0.087918073 0.015174713 1.495
0.090516374 0.015174713 1.495
0.093114667 0.015174713 1.495
0.09571296 0.015174713 1.495
0.09831126 0.015174713 1.495
0.10090955 0.015174713 1.495
0.10350785 0.015174713 1.495
0.10610615 0.015174713 1.495
0.10870444 0.015174713 1.495
0.11130274 0.015174713 1.495
0.11390103 0.015174713 1.495
0.11649933 0.015174713 1.495
0.11909763 0.015174713 1.495
0.12169592 0.015174713 1.495
0.12429421 0.015174713 1.495
0.12689251 0.015174713 1.495
0.12949081 0.015174713 1.495
0.13208911 0.015174713 1.495
0.13468739 0.015174713 1.495
0.13728569 0.015174713 1.495
0.139884 0.015174713 1.495
0.14248228 0.015174713 1.495
0.14508058 0.015174713 1.495
0.14767888 0.015174713 1.495
-0.14101437 0.017808674 1.498
-0.13841085 0.017808674 1.498
-0.099358208 0.017808674 1.498
-0.0967547 0.017808674 1.498
-0.094151184 0.017808674 1.498
-0.091547675 0.017808674 1.498
-0.088944167 0.017808674 1.498
-0.086340658 0.017808674 1.498
-0.08373715 0.017808674 1.498
-0.081133634 0.017808674 1.498
-0.078530125 0.017808674 1.498
-0.075926617 0.017808674 1.498
-0.073323108 0.017808674 1.498
-0.0707196 0.017808674 1.498
-0.068116091 0.017808674 1.498
-0.065512575 0.017808674 1.498
-0.062909067 0.017808674 1.498
-0.060305558 0.017808674 1.498
-0.057586491 0.017773008 1.495
-0.054988194 0.017773008 1.495
-0.052389897 0.017773008 1.495
-0.049791604 0.017773008 1.495
-0.047193307 0.017773008 1.495
-0.044595011 0.017773008 1.495
-0.042080991 0.017808674 1.498
-0.039477479 0.017808674 1.498
-0.013442382 0.017808674 1.498
-0.010838872 0.017808674 1.498
-0.0082353624 0.017808674 1.498
-0.0056318524 0.017808674 1.498
-0.003022278 0.017773008 1.495
-0.00042398213 0.017773008 1.495
0.0021743136 0.017773008 1.495
0.0047726096 0.017773008 1.495
0.0073709055 0.017773008 1.495
0.0099892067 0.017808674 1.498
0.012592716 0.017808674 1.498
0.015196226 0.017808674 1.498
0.017799735 0.017808674 1.498
0.020403245 0.017808674 1.498
0.023006756 0.017808674 1.498
0.025610264 0.017808674 1.498
0.028213775 0.017808674 1.498
0.030817285 0.017808674 1.498
0.033420794 0.017808674 1.498
0.036024306 0.017808674 1.498
0.038550455 0.017773008 1.495
0.041148752 0.017773008 1.495
0.043747045 0.017773008 1.495
0.046345342 0.017773008 1.495
0.048943639 0.017773008 1.495
0.051541936 0.017773008 1.495
0.054140229 0.017773008 1.495
0.056738526 0.017773008 1.495
0.059336822 0.017773008 1.495
0.061935116 0.017773008 1.495
0.064533412 0.017773008 1.495
0.067131706 0.017773008 1.495
0.069730006 0.017773008 1.495
0.072328299 0.017773008 1.495
0.0749266 0.017773008 1.495
0.077524893 0.017773008 1.495
0.080123186 0.017773008 1.495
0.082721487 0.017773008 1.495
0.08531978 0.017773008 1.495
0.087918073 0.017773008 1.495
0.090516374 0.017773008 1.495
0.093114667 0.017773008 1.495
0.09571296 0.017773008 1.495
0.09831126 0.017773008 1.495
0.10090955 0.017773008 1.495
0.10350785 0.017773008 1.495
0.10610615 0.017773008 1.495
0.10892258 0.017808674 1.498
0.11152609 0.017808674 1.498
0.1141296 0.017808674 1.498
0.11649933 0.017773008 1.495
0.11909763 0.017773008 1.495
0.12169592 0.017773008 1.495
0.12429421 0.017773008 1.495
0.12689251 0.017773008 1.495
0.12949081 0.017773008 1.495
0.13208911 0.017773008 1.495
0.13468739 0.017773008 1.495
0.13728569 0.017773008 1.495
0.139884 0.017773008 1.495
0.14248228 0.017773008 1.495
0.14508058 0.017773008 1.495
0.14767888 0.017773008 1.495
-0.0967547 0.020412184 1.498
-0.094151184 0.020412184 1.498
-0.091547675 0.020412184 1.498
-0.088944167 0.020412184 1.498
-0.086340658 0.020412184 1.498
-0.08373715 0.020412184 1.498
-0.081133634 0.020412184 1.498
-0.078530125 0.020412184 1.498
-0.075926617 0.020412184 1.498
-0.073323108 0.020412184 1.498
-0.0707196 0.020412184 1.498
-0.068116091 0.020412184 1.498
-0.065512575 0.020412184 1.498
-0.062909067 0.020412184 1.498
-0.060305558 0.020412184 1.498
-0.05770205 0.020412184 1.498
-0.054988194 0.020371305 1.495
-0.052389897 0.020371305 1.495
-0.049791604 0.020371305 1.495
-0.047193307 0.020371305 1.495
-0.0446845 0.020412184 1.498
-0.042080991 0.020412184 1.498
-0.039477479 0.020412184 1.498
-0.010838872 0.020412184 1.498
-0.0082353624 0.020412184 1.498
-0.0056318524 0.020412184 1.498
-0.003022278 0.020371305 1.495
-0.00042398213 0.020371305 1.495
0.0021743136 0.020371305 1.495
0.0047726096 0.020371305 1.495
0.0073709055 0.020371305 1.495
0.0099892067 0.020412184 1.498
0.012592716 0.020412184 1.498
0.015196226 0.020412184 1.498
0.017799735 0.020412184 1.498
0.020403245 0.020412184 1.498
0.023006756 0.020412184 1.498
0.025610264 0.020412184 1.498
0.028213775 0.020412184 1.498
0.030817285 0.020412184 1.498
0.033420794 0.020412184 1.498
0.036024306 0.020412184 1.498
0.038627815 0.020412184 1.498
0.041148752 0.020371305 1.495
0.043747045 0.020371305 1.495
0.046345342 0.020371305 1.495
0.048943639 0.020371305 1.495
0.051541936 0.020371305 1.495
0.054140229 0.020371305 1.495
0.056738526 0.020371305 1.495
0.059336822 0.020371305 1.495
0.061935116 0.020371305 1.495
0.064533412 0.020371305 1.495
0.067131706 0.020371305 1.495
0.069730006 0.020371305 1.495
0.072328299 0.020371305 1.495
0.0749266 0.020371305 1.495
0.077524893 0.020371305 1.495
0.080123186 0.020371305 1.495
0.082721487 0.020371305 1.495
0.08531978 0.020371305 1.495
0.087918073 0.020371305 1.495
0.090516374 0.020371305 1.495
0.093114667 0.020371305 1.495
0.09571296 0.020371305 1.495
0.09831126 0.020371305 1.495
0.10090955 0.020371305 1.495
0.10350785 0.020371305 1.495
0.10631907 0.020412184 1.498
0.10892258 0.020412184 1.498
0.11152609 0.020412184 1.498
0.1141296 0.020412184 1.498
0.11673311 0.020412184 1.498
0.11933662 0.020412184 1.498
0.12194013 0.020412184 1.498
0.12454364 0.020412184 1.498
0.12714715 0.020412184 1.498
0.12949081 0.020371305 1.495
0.13208911 0.020371305 1.495
0.13468739 0.020371305 1.495
0.13728569 0.020371305 1.495
0.139884 0.020371305 1.495
0.14248228 0.020371305 1.495
0.14508058 0.020371305 1.495
0.14767888 0.020371305 1.495
-0.12018628 0.023015693 1.498
-0.094151184 0.023015693 1.498
-0.091547675 0.023015693 1.498
-0.088944167 0.023015693 1.498
-0.086340658 0.023015693 1.498
-0.08373715 0.023015693 1.498
-0.081133634 0.023015693 1.498
-0.078530125 0.023015693 1.498
-0.075926617 0.023015693 1.498
-0.073323108 0.023015693 1.498
-0.0707196 0.023015693 1.498
-0.068116091 0.023015693 1.498
-0.065512575 0.023015693 1.498
-0.062909067 0.023015693 1.498
-0.060305558 0.023015693 1.498
-0.05770205 0.023015693 1.498
-0.055098537 0.023015693 1.498
-0.052495029 0.023015693 1.498
-0.04989152 0.023015693 1.498
-0.047288008 0.023015693 1.498
-0.0446845 0.023015693 1.498
-0.042080991 0.023015693 1.498
-0.039477479 0.023015693 1.498
-0.03687397 0.023015693 1.498
-0.010838872 0.023015693 1.498
-0.0082353624 0.023015693 1.498
-0.0056318524 0.023015693 1.498
-0.0030283427 0.023015693 1.498
-0.00042398213 0.0229696 1.495
0.0021743136 0.0229696 1.495
0.0047726096 0.0229696 1.495
0.0073856968 0.023015693 1.498
0.0099892067 0.023015693 1.498
0.012592716 0.023015693 1.498
0.015196226 0.023015693 1.498
0.017799735 0.023015693 1.498
0.030817285 0.023015693 1.498
0.033420794 0.023015693 1.498
0.036024306 0.023015693 1.498
0.038627815 0.023015693 1.498
0.041231323 0.023015693 1.498
0.043747045 0.0229696 1.495
0.046345342 0.0229696 1.495
0.048943639 0.0229696 1.495
0.051541936 0.0229696 1.495
0.054140229 0.0229696 1.495
0.056852382 0.023015693 1.498
0.059455894 0.023015693 1.498
0.061935116 0.0229696 1.495
0.064533412 0.0229696 1.495
0.067131706 0.0229696 1.495
0.069730006 0.0229696 1.495
0.072328299 0.0229696 1.495
0.0749266 0.0229696 1.495
0.077524893 0.0229696 1.495
0.080123186 0.0229696 1.495
0.082721487 0.0229696 1.495
0.08531978 0.0229696 1.495
0.087918073 0.0229696 1.495
0.090516374 0.0229696 1.495
0.093114667 0.0229696 1.495
0.09571296 0.0229696 1.495
0.09831126 0.0229696 1.495
0.10090955 0.0229696 1.495
0.10371556 0.023015693 1.498
0.10631907 0.023015693 1.498
0.10892258 0.023015693 1.498
0.11152609 0.023015693 1.498
0.1141296 0.023015693 1.498
0.11673311 0.023015693 1.498
0.11933662 0.023015693 1.498
0.12194013 0.023015693 1.498
0.12454364 0.023015693 1.498
0.12714715 0.023015693 1.498
0.12975065 0.023015693 1.498
0.13208911 0.0229696 1.495
0.13468739 0.0229696 1.495
0.13728569 0.0229696 1.495
0.139884 0.0229696 1.495
0.14248228 0.0229696 1.495
0.14508058 0.0229696 1.495
0.14767888 0.0229696 1.495
-0.12799682 0.025619203 1.498
-0.1253933 0.025619203 1.498
-0.12278979 0.025619203 1.498
-0.12018628 0.025619203 1.498
-0.11758278 0.025619203 1.498
-0.11497927 0.025619203 1.498
-0.091547675 0.025619203 1.498
-0.088944167 0.025619203 1.498
-0.086340658 0.025619203 1.498
-0.08373715 0.025619203 1.498
-0.081133634 0.025619203 1.498
-0.078530125 0.025619203 1.498
-0.075926617 0.025619203 1.498
-0.073323108 0.025619203 1.498
-0.0707196 0.025619203 1.498
-0.068116091 0.025619203 1.498
-0.065512575 0.025619203 1.498
-0.062909067 0.025619203 1.498
-0.060305558 0.025619203 1.498
-0.05770205 0.025619203 1.498
-0.055098537 0.025619203 1.498
-0.052495029 0.025619203 1.498
-0.04989152 0.025619203 1.498
-0.047288008 0.025619203 1.498
-0.0446845 0.025619203 1.498
-0.042080991 0.025619203 1.498
-0.039477479 0.025619203 1.498
-0.03687397 0.025619203 1.498
-0.034270462 0.025619203 1.498
-0.013442382 0.025619203 1.498
-0.010838872 0.025619203 1.498
-0.0082353624 0.025619203 1.498
-0.0056318524 0.025619203 1.498
-0.0030283427 0.025619203 1.498
-0.00042483292 0.025619203 1.498
0.0021786769 0.025619203 1.498
0.0047821868 0.025619203 1.498
0.0073856968 0.025619203 1.498
0.0099892067 0.025619203 1.498
0.012592716 0.025619203 1.498
0.015196226 0.025619203 1.498
0.036024306 0.025619203 1.498
0.038627815 0.025619203 1.498
0.041231323 0.025619203 1.498
0.043834835 0.025619203 1.498
0.046438344 0.025619203 1.498
0.048943639 0.025567897 1.495
0.051541936 0.025567897 1.495
0.054248873 0.025619203 1.498
0.056852382 0.025619203 1.498
0.059455894 0.025619203 1.498
0.062059402 0.025619203 1.498
0.064533412 0.025567897 1.495
0.067131706 0.025567897 1.495
0.069730006 0.025567897 1.495
0.072328299 0.025567897 1.495
0.075076953 0.025619203 1.498
0.077680461 0.025619203 1.498
0.080123186 0.025567897 1.495
0.082721487 0.025567897 1.495
0.08531978 0.025567897 1.495
0.087918073 0.025567897 1.495
0.090516374 0.025567897 1.495
0.093114667 0.025567897 1.495
0.09571296 0.025567897 1.495
0.09831126 0.025567897 1.495
0.10090955 0.025567897 1.495
0.10371556 0.025619203 1.498
0.10631907 0.025619203 1.498
0.10892258 0.025619203 1.498
0.11152609 0.025619203 1.498
0.1141296 0.025619203 1.498
0.11673311 0.025619203 1.498
0.11933662 0.025619203 1.498
0.12194013 0.025619203 1.498
0.12454364 0.025619203 1.498
0.12714715 0.025619203 1.498
0.12975065 0.025619203 1.498
0.13208911 0.025567897 1.495
0.13468739 0.025567897 1.495
0.13728569 0.025567897 1.495
0.139884 0.025567897 1.495
0.14248228 0.025567897 1.495
0.14478946 0.025516588 1.492
0.14738253 0.025516588 1.492
0.14997561 0.025516588 1.492
-0.13060032 0.028222714 1.498
-0.12799682 0.028222714 1.498
-0.1253933 0.028222714 1.498
-0.12278979 0.028222714 1.498
-0.12018628 0.028222714 1.498
-0.11758278 0.028222714 1.498
-0.11497927 0.028222714 1.498
-0.091547675 0.028222714 1.498
-0.088944167 0.028222714 1.498
-0.086340658 0.028222714 1.498
-0.08373715 0.028222714 1.498
-0.081133634 0.028222714 1.498
-0.078530125 0.028222714 1.498
-0.075926617 0.028222714 1.498
-0.073323108 0.028222714 1.498
-0.0707196 0.028222714 1.498
-0.068116091 0.028222714 1.498
-0.065512575 0.028222714 1.498
-0.062909067 0.028222714 1.498
-0.060305558 0.028222714 1.498
-0.05770205 0.028222714 1.498
-0.055098537 0.028222714 1.498
-0.052495029 0.028222714 1.498
-0.04989152 0.028222714 1.498
-0.047288008 0.028222714 1.498
-0.0446845 0.028222714 1.498
-0.042080991 0.028222714 1.498
-0.039477479 0.028222714 1.498
-0.03687397 0.028222714 1.498
-0.034270462 0.028222714 1.498
-0.031666949 0.028222714 1.498
-0.016045893 0.028222714 1.498
-0.013442382 0.028222714 1.498
-0.010838872 0.028222714 1.498
-0.0082353624 0.028222714 1.498
-0.0056318524 0.028222714 1.498
-0.0030283427 0.028222714 1.498
-0.00042483292 0.028222714 1.498
0.0021786769 0.028222714 1.498
0.0047821868 0.028222714 1.498
0.0073856968 0.028222714 1.498
0.0099892067 0.028222714 1.498
0.012592716 0.028222714 1.498
0.038627815 0.028222714 1.498
0.041231323 0.028222714 1.498
0.043834835 0.028222714 1.498
0.046438344 0.028222714 1.498
0.049041852 0.028222714 1.498
0.051645365 0.028222714 1.498
0.054248873 0.028222714 1.498
0.056852382 0.028222714 1.498
0.059455894 0.028222714 1.498
0.062059402 0.028222714 1.498
0.064662911 0.028222714 1.498
0.06726642 0.028222714 1.498
0.069869936 0.028222714 1.498
0.072473444 0.028222714 1.498
0.075076953 0.028222714 1.498
0.077680461 0.028222714 1.498
0.080123186 0.028166192 1.495
0.082721487 0.028166192 1.495
0.08531978 0.028166192 1.495
0.087918073 0.028166192 1.495
0.090516374 0.028166192 1.495
0.093114667 0.028166192 1.495
0.09571296 0.028166192 1.495
0.09831126 0.028166192 1.495
0.10090955 0.028166192 1.495
0.10350785 0.028166192 1.495
0.10631907 0.028222714 1.498
0.10892258 0.028222714 1.498
0.11152609 0.028222714 1.498
0.1141296 0.028222714 1.498
0.11673311 0.028222714 1.498
0.11933662 0.028222714 1.498
0.12194013 0.028222714 1.498
0.12454364 0.028222714 1.498
0.12714715 0.028222714 1.498
0.12949081 0.028166192 1.495
0.13208911 0.028166192 1.495
0.13468739 0.028166192 1.495
0.13728569 0.028166192 1.495
0.139884 0.028166192 1.495
0.14219637 0.028109672 1.492
0.14478946 0.028109672 1.492
0.14738253 0.028109672 1.492
0.14997561 0.028109672 1.492
-0.13060032 0.030826222 1.498
-0.12799682 0.030826222 1.498
-0.1253933 0.030826222 1.498
-0.12278979 0.030826222 1.498
-0.12018628 0.030826222 1.498
-0.11758278 0.030826222 1.498
-0.11497927 0.030826222 1.498
-0.091547675 0.030826222 1.498
-0.088944167 0.030826222 1.498
-0.086340658 0.030826222 1.498
-0.08373715 0.030826222 1.498
-0.081133634 0.030826222 1.498
-0.078530125 0.030826222 1.498
-0.075926617 0.030826222 1.498
-0.073323108 0.030826222 1.498
-0.0707196 0.030826222 1.498
-0.068116091 0.030826222 1.498
-0.065512575 0.030826222 1.498
-0.062909067 0.030826222 1.498
-0.060305558 0.030826222 1.498
-0.05770205 0.030826222 1.498
-0.055098537 0.030826222 1.498
-0.052495029 0.030826222 1.498
-0.04989152 0.030826222 1.498
-0.047288008 0.030826222 1.498
-0.0446845 0.030826222 1.498
-0.042080991 0.030826222 1.498
-0.039477479 0.030826222 1.498
-0.03687397 0.030826222 1.498
-0.034270462 0.030826222 1.498
-0.031666949 0.030826222 1.498
-0.029063441 0.030826222 1.498
-0.016045893 0.030826222 1.498
-0.013442382 0.030826222 1.498
-0.010838872 0.030826222 1.498
-0.0082353624 0.030826222 1.498
-0.0056318524 0.030826222 1.498
-0.0030283427 0.030826222 1.498
-0.00042483292 0.030826222 1.498
0.0021743136 0.030764489 1.495
0.0047726096 0.030764489 1.495
0.0073856968 0.030826222 1.498
0.0099892067 0.030826222 1.498
0.012592716 0.030826222 1.498
0.041231323 0.030826222 1.498
0.043834835 0.030826222 1.498
0.046438344 0.030826222 1.498
0.049041852 0.030826222 1.498
0.051645365 0.030826222 1.498
0.054248873 0.030826222 1.498
0.056852382 0.030826222 1.498
0.059455894 0.030826222 1.498
0.062059402 0.030826222 1.498
0.064662911 0.030826222 1.498
0.06726642 0.030826222 1.498
0.069869936 0.030826222 1.498
0.072473444 0.030826222 1.498
0.075076953 0.030826222 1.498
0.077680461 0.030826222 1.498
0.08028397 0.030826222 1.498
0.082721487 0.030764489 1.495
0.08531978 0.030764489 1.495
0.087918073 0.030764489 1.495
0.090516374 0.030764489 1.495
0.093114667 0.030764489 1.495
0.09571296 0.030764489 1.495
0.09831126 0.030764489 1.495
0.10090955 0.030764489 1.495
0.10350785 0.030764489 1.495
0.10610615 0.030764489 1.495
0.10892258 0.030826222 1.498
0.11152609 0.030826222 1.498
0.1141296 0.030826222 1.498
0.11673311 0.030826222 1.498
0.11909763 0.030764489 1.495
0.12169592 0.030764489 1.495
0.12429421 0.030764489 1.495
0.12689251 0.030764489 1.495
0.12949081 0.030764489 1.495
0.13208911 0.030764489 1.495
0.13468739 0.030764489 1.495
0.13728569 0.030764489 1.495
0.139884 0.030764489 1.495
0.14219637 0.030702753 1.492
0.14478946 0.030702753 1.492
0.14738253 0.030702753 1.492
0.14997561 0.030702753 1.492
-0.13060032 0.033429734 1.498
-0.12799682 0.033429734 1.498
-0.1253933 0.033429734 1.498
-0.12278979 0.033429734 1.498
-0.12018628 0.033429734 1.498
-0.11758278 0.033429734 1.498
-0.11497927 0.033429734 1.498
-0.11237576 0.033429734 1.498
-0.091547675 0.033429734 1.498
-0.088944167 0.033429734 1.498
-0.086340658 0.033429734 1.498
-0.08373715 0.033429734 1.498
-0.081133634 0.033429734 1.498
-0.078530125 0.033429734 1.498
-0.075926617 0.033429734 1.498
-0.073323108 0.033429734 1.498
-0.0707196 0.033429734 1.498
-0.068116091 0.033429734 1.498
-0.065512575 0.033429734 1.498
-0.062909067 0.033429734 1.498
-0.060305558 0.033429734 1.498
-0.05770205 0.033429734 1.498
-0.055098537 0.033429734 1.498
-0.052495029 0.033429734 1.498
-0.04989152 0.033429734 1.498
-0.047288008 0.033429734 1.498
-0.0446845 0.033429734 1.498
-0.042080991 0.033429734 1.498
-0.039477479 0.033429734 1.498
-0.036800124 0.033362783 1.495
-0.034201827 0.033362783 1.495
-0.031666949 0.033429734 1.498
-0.029063441 0.033429734 1.498
-0.02645993 0.033429734 1.498
-0.021252912 0.033429734 1.498
-0.016045893 0.033429734 1.498
-0.013442382 0.033429734 1.498
-0.010838872 0.033429734 1.498
-0.0082353624 0.033429734 1.498
-0.0056318524 0.033429734 1.498
-0.0030283427 0.033429734 1.498
-0.00042483292 0.033429734 1.498
0.0021743136 0.033362783 1.495
0.0047726096 0.033362783 1.495
0.0073709055 0.033362783 1.495
0.0099892067 0.033429734 1.498
0.012592716 0.033429734 1.498
0.015196226 0.033429734 1.498
0.041231323 0.033429734 1.498
0.043834835 0.033429734 1.498
0.046438344 0.033429734 1.498
0.049041852 0.033429734 1.498
0.051645365 0.033429734 1.498
0.054248873 0.033429734 1.498
0.056852382 0.033429734 1.498
0.059455894 0.033429734 1.498
0.075076953 0.033429734 1.498
0.077680461 0.033429734 1.498
0.08028397 0.033429734 1.498
0.082887478 0.033429734 1.498
0.08531978 0.033362783 1.495
0.087918073 0.033362783 1.495
0.090516374 0.033362783 1.495
0.093114667 0.033362783 1.495
0.09571296 0.033362783 1.495
0.09831126 0.033362783 1.495
0.10090955 0.033362783 1.495
0.10350785 0.033362783 1.495
0.10610615 0.033362783 1.495
0.10892258 0.033429734 1.498
0.11152609 0.033429734 1.498
0.1141296 0.033429734 1.498
0.11649933 0.033362783 1.495
0.11909763 0.033362783 1.495
0.12169592 0.033362783 1.495
0.12429421 0.033362783 1.495
0.12689251 0.033362783 1.495
0.12949081 0.033362783 1.495
0.13208911 0.033362783 1.495
0.13468739 0.033362783 1.495
0.13728569 0.033362783 1.495
0.139884 0.033362783 1.495
0.14219637 0.033295833 1.492
0.14478946 0.033295833 1.492
0.14738253 0.033295833 1.492
0.14997561 0.033295833 1.492
-0.13060032 0.036033243 1.498
-0.12799682 0.036033243 1.498
-0.1253933 0.036033243 1.498
-0.12278979 0.036033243 1.498
-0.12018628 0.036033243 1.498
-0.11758278 0.036033243 1.498
-0.11497927 0.036033243 1.498
-0.11237576 0.036033243 1.498
-0.10977224 0.036033243 1.498
-0.091547675 0.036033243 1.498
-0.088944167 0.036033243 1.498
-0.086340658 0.036033243 1.498
-0.08373715 0.036033243 1.498
-0.081133634 0.036033243 1.498
-0.078530125 0.036033243 1.498
-0.075926617 0.036033243 1.498
-0.073323108 0.036033243 1.498
-0.0707196 0.036033243 1.498
-0.068116091 0.036033243 1.498
-0.065512575 0.036033243 1.498
-0.062909067 0.036033243 1.498
-0.060305558 0.036033243 1.498
-0.05770205 0.036033243 1.498
-0.055098537 0.036033243 1.498
-0.052495029 0.036033243 1.498
-0.04989152 0.036033243 1.498
-0.047288008 0.036033243 1.498
-0.0446845 0.036033243 1.498
-0.042080991 0.036033243 1.498
-0.039398421 0.03596108 1.495
-0.036800124 0.03596108 1.495
-0.034201827 0.03596108 1.495
-0.03160353 0.03596108 1.495
-0.029063441 0.036033243 1.498
-0.02645993 0.036033243 1.498
-0.023856422 0.036033243 1.498
-0.021252912 0.036033243 1.498
-0.016045893 0.036033243 1.498
-0.013442382 0.036033243 1.498
-0.010838872 0.036033243 1.498
-0.0082353624 0.036033243 1.498
-0.0056318524 0.036033243 1.498
-0.0030283427 0.036033243 1.498
-0.00042483292 0.036033243 1.498
0.0021743136 0.03596108 1.495
0.0047726096 0.03596108 1.495
0.0073709055 0.03596108 1.495
0.0099692009 0.03596108 1.495
0.012592716 0.036033243 1.498
0.015196226 0.036033243 1.498
0.017799735 0.036033243 1.498
0.041231323 0.036033243 1.498
0.043834835 0.036033243 1.498
0.046438344 0.036033243 1.498
0.049041852 0.036033243 1.498
0.051645365 0.036033243 1.498
0.054248873 0.036033243 1.498
0.077680461 0.036033243 1.498
0.08028397 0.036033243 1.498
0.082887478 0.036033243 1.498
0.08531978 0.03596108 1.495
0.087918073 0.03596108 1.495
0.090516374 0.03596108 1.495
0.093114667 0.03596108 1.495
0.09571296 0.03596108 1.495
0.09831126 0.03596108 1.495
0.10090955 0.03596108 1.495
0.10350785 0.03596108 1.495
0.10610615 0.03596108 1.495
0.10870444 0.03596108 1.495
0.11130274 0.03596108 1.495
0.11390103 0.03596108 1.495
0.11649933 0.03596108 1.495
0.11909763 0.03596108 1.495
0.12169592 0.03596108 1.495
0.12429421 0.03596108 1.495
0.12689251 0.03596108 1.495
0.12949081 0.03596108 1.495
0.13208911 0.03596108 1.495
0.13468739 0.03596108 1.495
0.13728569 0.03596108 1.495
0.139884 0.03596108 1.495
0.14248228 0.03596108 1.495
0.14508058 0.03596108 1.495
0.14767888 0.03596108 1.495
0.14997561 0.035888918 1.492
-0.13060032 0.038636751 1.498
-0.12799682 0.038636751 1.498
-0.1253933 0.038636751 1.498
-0.12278979 0.038636751 1.498
-0.12018628 0.038636751 1.498
-0.11758278 0.038636751 1.498
-0.11497927 0.038636751 1.498
-0.11237576 0.038636751 1.498
-0.10977224 0.038636751 1.498
-0.094151184 0.038636751 1.498
-0.091547675 0.038636751 1.498
-0.088944167 0.038636751 1.498
-0.086340658 0.038636751 1.498
-0.08373715 0.038636751 1.498
-0.081133634 0.038636751 1.498
-0.078530125 0.038636751 1.498
-0.075926617 0.038636751 1.498
-0.073323108 0.038636751 1.498
-0.0707196 0.038636751 1.498
-0.068116091 0.038636751 1.498
-0.065512575 0.038636751 1.498
-0.062909067 0.038636751 1.498
-0.060305558 0.038636751 1.498
-0.05770205 0.038636751 1.498
-0.055098537 0.038636751 1.498
-0.052495029 0.038636751 1.498
-0.04989152 0.038636751 1.498
-0.047288008 0.038636751 1.498
-0.0446845 0.038636751 1.498
-0.042080991 0.038636751 1.498
-0.039398421 0.038559373 1.495
-0.036800124 0.038559373 1.495
-0.034201827 0.038559373 1.495
-0.03160353 0.038559373 1.495
-0.029005237 0.038559373 1.495
-0.02645993 0.038636751 1.498
-0.013442382 0.038636751 1.498
-0.010838872 0.038636751 1.498
-0.0082353624 0.038636751 1.498
-0.0056318524 0.038636751 1.498
-0.0030283427 0.038636751 1.498
-0.00042483292 0.038636751 1.498
0.0021743136 0.038559373 1.495
0.0047726096 0.038559373 1.495
0.0073709055 0.038559373 1.495
0.0099692009 0.038559373 1.495
0.012592716 0.038636751 1.498
0.015196226 0.038636751 1.498
0.017799735 0.038636751 1.498
0.020403245 0.038636751 1.498
0.023006756 0.038636751 1.498
0.041231323 0.038636751 1.498
0.043834835 0.038636751 1.498
0.046438344 0.038636751 1.498
0.049041852 0.038636751 1.498
0.051645365 0.038636751 1.498
0.054248873 0.038636751 1.498
0.08028397 0.038636751 1.498
0.082887478 0.038636751 1.498
0.085490994 0.038636751 1.498
0.087918073 0.038559373 1.495
0.090516374 0.038559373 1.495
0.093114667 0.038559373 1.495
0.09571296 0.038559373 1.495
0.09831126 0.038559373 1.495
0.10090955 0.038559373 1.495
0.10350785 0.038559373 1.495
0.10610615 0.038559373 1.495
0.10870444 0.038559373 1.495
0.11130274 0.038559373 1.495
0.11390103 0.038559373 1.495
0.11649933 0.038559373 1.495
0.11909763 0.038559373 1.495
0.12169592 0.038559373 1.495
0.12429421 0.038559373 1.495
0.12689251 0.038559373 1.495
0.12949081 0.038559373 1.495
0.13208911 0.038559373 1.495
0.13468739 0.038559373 1.495
0.13728569 0.038559373 1.495
0.139884 0.038559373 1.495
0.14248228 0.038559373 1.495
0.14508058 0.038559373 1.495
0.14767888 0.038559373 1.495
-0.12799682 0.041240264 1.498
-0.1253933 0.041240264 1.498
-0.12278979 0.041240264 1.498
-0.12018628 0.041240264 1.498
-0.11758278 0.041240264 1.498
-0.11497927 0.041240264 1.498
-0.11237576 0.041240264 1.498
-0.10977224 0.041240264 1.498
-0.094151184 0.041240264 1.498
-0.091547675 0.041240264 1.498
-0.088944167 0.041240264 1.498
-0.086340658 0.041240264 1.498
-0.08373715 0.041240264 1.498
-0.081133634 0.041240264 1.498
-0.078530125 0.041240264 1.498
-0.075926617 0.041240264 1.498
-0.073323108 0.041240264 1.498
-0.0707196 0.041240264 1.498
-0.068116091 0.041240264 1.498
-0.065512575 0.041240264 1.498
-0.062909067 0.041240264 1.498
-0.060305558 0.041240264 1.498
-0.05770205 0.041240264 1.498
-0.055098537 0.041240264 1.498
-0.052495029 0.041240264 1.498
-0.04989152 0.041240264 1.498
-0.047288008 0.041240264 1.498
-0.0446845 0.041240264 1.498
-0.042080991 0.041240264 1.498
-0.039398421 0.04115767 1.495
-0.036800124 0.04115767 1.495
-0.034201827 0.04115767 1.495
-0.03160353 0.04115767 1.495
-0.029005237 0.04115767 1.495
-0.02645993 0.041240264 1.498
-0.010838872 0.041240264 1.498
-0.0082353624 0.041240264 1.498
-0.0056318524 0.041240264 1.498
-0.0030283427 0.041240264 1.498
-0.00042483292 0.041240264 1.498
0.0021743136 0.04115767 1.495
0.0047726096 0.04115767 1.495
0.0073709055 0.04115767 1.495
0.0099692009 0.04115767 1.495
0.012567497 0.04115767 1.495
0.015196226 0.041240264 1.498
0.017799735 0.041240264 1.498
0.020403245 0.041240264 1.498
0.023006756 0.041240264 1.498
0.025610264 0.041240264 1.498
0.041231323 0.041240264 1.498
0.043834835 0.041240264 1.498
0.046438344 0.041240264 1.498
0.049041852 0.041240264 1.498
0.051645365 0.041240264 1.498
0.082887478 0.041240264 1.498
0.085490994 0.041240264 1.498
0.088094503 0.041240264 1.498
0.090516374 0.04115767 1.495
0.093114667 0.04115767 1.495
0.09571296 0.04115767 1.495
0.09831126 0.04115767 1.495
0.10090955 0.04115767 1.495
0.10350785 0.04115767 1.495
0.10610615 0.04115767 1.495
0.10870444 0.04115767 1.495
0.11130274 0.04115767 1.495
0.11390103 0.04115767 1.495
0.11649933 0.04115767 1.495
0.11909763 0.04115767 1.495
0.12169592 0.04115767 1.495
0.12429421 0.04115767 1.495
0.12689251 0.04115767 1.495
0.12949081 0.04115767 1.495
0.13208911 0.04115767 1.495
0.13468739 0.04115767 1.495
0.13728569 0.04115767 1.495
0.139884 0.04115767 1.495
0.14248228 0.04115767 1.495
0.14508058 0.04115767 1.495
0.14767888 0.04115767 1.495
-0.13060032 0.043843772 1.498
-0.12799682 0.043843772 1.498
-0.1253933 0.043843772 1.498
-0.12278979 0.043843772 1.498
-0.12018628 0.043843772 1.498
-0.11758278 0.043843772 1.498
-0.11497927 0.043843772 1.498
-0.11237576 0.043843772 1.498
-0.10977224 0.043843772 1.498
-0.0967547 0.043843772 1.498
-0.094151184 0.043843772 1.498
-0.091547675 0.043843772 1.498
-0.088944167 0.043843772 1.498
-0.086340658 0.043843772 1.498
-0.08373715 0.043843772 1.498
-0.081133634 0.043843772 1.498
-0.078530125 0.043843772 1.498
-0.075926617 0.043843772 1.498
-0.073323108 0.043843772 1.498
-0.0707196 0.043843772 1.498
-0.068116091 0.043843772 1.498
-0.065512575 0.043843772 1.498
-0.062909067 0.043843772 1.498
-0.060305558 0.043843772 1.498
-0.05770205 0.043843772 1.498
-0.055098537 0.043843772 1.498
-0.052495029 0.043843772 1.498
-0.04989152 0.043843772 1.498
-0.047288008 0.043843772 1.498
-0.0446845 0.043843772 1.498
-0.042080991 0.043843772 1.498
-0.039398421 0.043755967 1.495
-0.036800124 0.043755967 1.495
-0.034201827 0.043755967 1.495
-0.03160353 0.043755967 1.495
-0.029005237 0.043755967 1.495
-0.02645993 0.043843772 1.498
-0.010838872 0.043843772 1.498
-0.0082353624 0.043843772 1.498
-0.0056318524 0.043843772 1.498
-0.0030283427 0.043843772 1.498
-0.00042483292 0.043843772 1.498
0.0021743136 0.043755967 1.495
0.0047726096 0.043755967 1.495
0.0073709055 0.043755967 1.495
0.0099692009 0.043755967 1.495
0.012567497 0.043755967 1.495
0.015196226 0.043843772 1.498
0.017799735 0.043843772 1.498
0.020403245 0.043843772 1.498
0.023006756 0.043843772 1.498
0.025610264 0.043843772 1.498
0.028213775 0.043843772 1.498
0.041231323 0.043843772 1.498
0.043834835 0.043843772 1.498
0.046438344 0.043843772 1.498
0.049041852 0.043843772 1.498
0.051645365 0.043843772 1.498
0.088094503 0.043843772 1.498
0.090516374 0.043755967 1.495
0.093114667 0.043755967 1.495
0.09571296 0.043755967 1.495
0.09831126 0.043755967 1.495
0.10090955 0.043755967 1.495
0.10350785 0.043755967 1.495
0.10610615 0.043755967 1.495
0.10870444 0.043755967 1.495
0.11130274 0.043755967 1.495
0.11390103 0.043755967 1.495
0.11649933 0.043755967 1.495
0.11909763 0.043755967 1.495
0.12169592 0.043755967 1.495
0.12429421 0.043755967 1.495
0.12689251 0.043755967 1.495
0.12949081 0.043755967 1.495
0.13208911 0.043755967 1.495
0.13468739 0.043755967 1.495
0.13728569 0.043755967 1.495
0.139884 0.043755967 1.495
0.14248228 0.043755967 1.495
0.14508058 0.043755967 1.495
0.14767888 0.043755967 1.495
-0.12799682 0.046447281 1.498
-0.1253933 0.046447281 1.498
-0.12278979 0.046447281 1.498
-0.12018628 0.046447281 1.498
-0.11758278 0.046447281 1.498
-0.11497927 0.046447281 1.498
-0.11237576 0.046447281 1.498
-0.0967547 0.046447281 1.498
-0.094151184 0.046447281 1.498
-0.091547675 0.046447281 1.498
-0.088944167 0.046447281 1.498
-0.086340658 0.046447281 1.498
-0.08373715 0.046447281 1.498
-0.081133634 0.046447281 1.498
-0.078372858 0.046354264 1.495
-0.075774558 0.046354264 1.495
-0.073176265 0.046354264 1.495
-0.070577972 0.046354264 1.495
-0.068116091 0.046447281 1.498
-0.065512575 0.046447281 1.498
-0.062909067 0.046447281 1.498
-0.060305558 0.046447281 1.498
-0.05770205 0.046447281 1.498
-0.055098537 0.046447281 1.498
-0.052495029 0.046447281 1.498
-0.04989152 0.046447281 1.498
-0.047288008 0.046447281 1.498
-0.0446845 0.046447281 1.498
-0.042080991 0.046447281 1.498
-0.039477479 0.046447281 1.498
-0.036800124 0.046354264 1.495
-0.034201827 0.046354264 1.495
-0.03160353 0.046354264 1.495
-0.029005237 0.046354264 1.495
-0.02645993 0.046447281 1.498
-0.023856422 0.046447281 1.498
-0.010838872 0.046447281 1.498
-0.0082353624 0.046447281 1.498
-0.0056318524 0.046447281 1.498
-0.0030283427 0.046447281 1.498
-0.00042483292 0.046447281 1.498
0.0021743136 0.046354264 1.495
0.0047726096 0.046354264 1.495
0.0073709055 0.046354264 1.495
0.0099692009 0.046354264 1.495
0.012567497 0.046354264 1.495
0.015196226 0.046447281 1.498
0.017799735 0.046447281 1.498
0.020403245 0.046447281 1.498
0.023006756 0.046447281 1.498
0.025610264 0.046447281 1.498
0.028213775 0.046447281 1.498
0.088094503 0.046447281 1.498
0.090698011 0.046447281 1.498
0.09330152 0.046447281 1.498
0.09571296 0.046354264 1.495
0.09831126 0.046354264 1.495
0.10090955 0.046354264 1.495
0.10350785 0.046354264 1.495
0.10610615 0.046354264 1.495
0.10870444 0.046354264 1.495
0.11130274 0.046354264 1.495
0.11390103 0.046354264 1.495
0.11649933 0.046354264 1.495
0.11909763 0.046354264 1.495
0.12169592 0.046354264 1.495
0.12429421 0.046354264 1.495
0.12689251 0.046354264 1.495
0.12949081 0.046354264 1.495
0.13208911 0.046354264 1.495
0.13468739 0.046354264 1.495
0.13728569 0.046354264 1.495
0.139884 0.046354264 1.495
0.14248228 0.046354264 1.495
0.14508058 0.046354264 1.495
0.14767888 0.046354264 1.495
-0.13060032 0.049050793 1.498
-0.12799682 0.049050793 1.498
-0.1253933 0.049050793 1.498
-0.12278979 0.049050793 1.498
-0.12018628 0.049050793 1.498
-0.11758278 0.049050793 1.498
-0.11497927 0.049050793 1.498
-0.11237576 0.049050793 1.498
-0.0967547 0.049050793 1.498
-0.094151184 0.049050793 1.498
-0.091547675 0.049050793 1.498
-0.088944167 0.049050793 1.498
-0.086340658 0.049050793 1.498
-0.08373715 0.049050793 1.498
-0.080971152 0.048952557 1.495
-0.078372858 0.048952557 1.495
-0.075774558 0.048952557 1.495
-0.073176265 0.048952557 1.495
-0.070577972 0.048952557 1.495
-0.067979671 0.048952557 1.495
-0.065512575 0.049050793 1.498
-0.062909067 0.049050793 1.498
-0.060305558 0.049050793 1.498
-0.05770205 0.049050793 1.498
-0.055098537 0.049050793 1.498
-0.052495029 0.049050793 1.498
-0.04989152 0.049050793 1.498
-0.047288008 0.049050793 1.498
-0.0446845 0.049050793 1.498
-0.042080991 0.049050793 1.498
-0.039477479 0.049050793 1.498
-0.03687397 0.049050793 1.498
-0.034201827 0.048952557 1.495
-0.03160353 0.048952557 1.495
-0.029063441 0.049050793 1.498
-0.02645993 0.049050793 1.498
-0.023856422 0.049050793 1.498
-0.010838872 0.049050793 1.498
-0.0082353624 0.049050793 1.498
-0.0056318524 0.049050793 1.498
-0.0030283427 0.049050793 1.498
-0.00042483292 0.049050793 1.498
0.0021743136 0.048952557 1.495
0.0047726096 0.048952557 1.495
0.0073709055 0.048952557 1.495
0.0099692009 0.048952557 1.495
0.012567497 0.048952557 1.495
0.015196226 0.049050793 1.498
0.017799735 0.049050793 1.498
0.020403245 0.049050793 1.498
0.023006756 0.049050793 1.498
0.025610264 0.049050793 1.498
0.028213775 0.049050793 1.498
0.056852382 0.049050793 1.498
0.059455894 0.049050793 1.498
0.090698011 0.049050793 1.498
0.09330152 0.049050793 1.498
0.095905028 0.049050793 1.498
0.09831126 0.048952557 1.495
0.10090955 0.048952557 1.495
0.10350785 0.048952557 1.495
0.10610615 0.048952557 1.495
0.10870444 0.048952557 1.495
0.11130274 0.048952557 1.495
0.11390103 0.048952557 1.495
0.11649933 0.048952557 1.495
0.11909763 0.048952557 1.495
0.12169592 0.048952557 1.495
0.12429421 0.048952557 1.495
0.12689251 0.048952557 1.495
0.12949081 0.048952557 1.495
0.13208911 0.048952557 1.495
0.13468739 0.048952557 1.495
0.13728569 0.048952557 1.495
0.139884 0.048952557 1.495
0.14248228 0.048952557 1.495
0.14508058 0.048952557 1.495
0.14767888 0.048952557 1.495
-0.13580735 0.051654302 1.498
-0.13060032 0.051654302 1.498
-0.12799682 0.051654302 1.498
-0.1253933 0.051654302 1.498
-0.12278979 0.051654302 1.498
-0.12018628 0.051654302 1.498
-0.11758278 0.051654302 1.498
-0.11497927 0.051654302 1.498
-0.11237576 0.051654302 1.498
-0.0967547 0.051654302 1.498
-0.094151184 0.051654302 1.498
-0.091547675 0.051654302 1.498
-0.088944167 0.051654302 1.498
-0.086167745 0.051550854 1.495
-0.083569445 0.051550854 1.495
-0.080971152 0.051550854 1.495
-0.078372858 0.051550854 1.495
-0.075774558 0.051550854 1.495
-0.073176265 0.051550854 1.495
-0.070577972 0.051550854 1.495
-0.067979671 0.051550854 1.495
-0.065381378 0.051550854 1.495
-0.062909067 0.051654302 1.498
-0.060305558 0.051654302 1.498
-0.05770205 0.051654302 1.498
-0.047288008 0.051654302 1.498
-0.0446845 0.051654302 1.498
-0.042080991 0.051654302 1.498
-0.039477479 0.051654302 1.498
-0.03687397 0.051654302 1.498
-0.034270462 0.051654302 1.498
-0.031666949 0.051654302 1.498
-0.029063441 0.051654302 1.498
-0.02645993 0.051654302 1.498
-0.023856422 0.051654302 1.498
-0.010838872 0.051654302 1.498
-0.0082353624 0.051654302 1.498
-0.0056318524 0.051654302 1.498
-0.0030283427 0.051654302 1.498
-0.00042483292 0.051654302 1.498
0.0021743136 0.051550854 1.495
0.0047726096 0.051550854 1.495
0.0073709055 0.051550854 1.495
0.0099692009 0.051550854 1.495
0.012567497 0.051550854 1.495
0.015196226 0.051654302 1.498
0.017799735 0.051654302 1.498
0.020403245 0.051654302 1.498
0.023006756 0.051654302 1.498
0.025610264 0.051654302 1.498
0.028213775 0.051654302 1.498
0.030817285 0.051654302 1.498
0.038627815 0.051654302 1.498
0.041231323 0.051654302 1.498
0.056852382 0.051654302 1.498
0.059455894 0.051654302 1.498
0.062059402 0.051654302 1.498
0.09330152 0.051654302 1.498
0.095905028 0.051654302 1.498
0.09831126 0.051550854 1.495
0.10090955 0.051550854 1.495
0.10350785 0.051550854 1.495
0.10610615 0.051550854 1.495
0.10870444 0.051550854 1.495
0.11130274 0.051550854 1.495
0.11390103 0.051550854 1.495
0.11649933 0.051550854 1.495
0.11909763 0.051550854 1.495
0.12169592 0.051550854 1.495
0.12429421 0.051550854 1.495
0.12689251 0.051550854 1.495
0.12949081 0.051550854 1.495
0.13208911 0.051550854 1.495
0.13468739 0.051550854 1.495
0.13728569 0.051550854 1.495
0.139884 0.051550854 1.495
0.14248228 0.051550854 1.495
0.14508058 0.051550854 1.495
0.14767888 0.051550854 1.495
-0.13841085 0.05425781 1.498
-0.13580735 0.05425781 1.498
-0.13320383 0.05425781 1.498
-0.13060032 0.05425781 1.498
-0.12799682 0.05425781 1.498
-0.1253933 0.05425781 1.498
-0.12278979 0.05425781 1.498
-0.12018628 0.05425781 1.498
-0.11758278 0.05425781 1.498
-0.11497927 0.05425781 1.498
-0.11237576 0.05425781 1.498
-0.0967547 0.05425781 1.498
-0.094151184 0.05425781 1.498
-0.091547675 0.05425781 1.498
-0.088766038 0.054149151 1.495
-0.086167745 0.054149151 1.495
-0.083569445 0.054149151 1.495
-0.080808669 0.054040488 1.492
-0.078215584 0.054040488 1.492
-0.075622506 0.054040488 1.492
-0.073176265 0.054149151 1.495
-0.070577972 0.054149151 1.495
-0.067979671 0.054149151 1.495
-0.065381378 0.054149151 1.495
-0.062783085 0.054149151 1.495
-0.060305558 0.05425781 1.498
-0.05770205 0.05425781 1.498
-0.0446845 0.05425781 1.498
-0.042080991 0.05425781 1.498
-0.039477479 0.05425781 1.498
-0.03687397 0.05425781 1.498
-0.034270462 0.05425781 1.498
-0.031666949 0.05425781 1.498
-0.029063441 0.05425781 1.498
-0.02645993 0.05425781 1.498
-0.023856422 0.05425781 1.498
-0.013442382 0.05425781 1.498
-0.010838872 0.05425781 1.498
-0.0082353624 0.05425781 1.498
-0.0056318524 0.05425781 1.498
-0.0030283427 0.05425781 1.498
-0.00042483292 0.05425781 1.498
0.0021743136 0.054149151 1.495
0.0047726096 0.054149151 1.495
0.0073709055 0.054149151 1.495
0.0099692009 0.054149151 1.495
0.012567497 0.054149151 1.495
0.015165793 0.054149151 1.495
0.017764088 0.054149151 1.495
0.020362385 0.054149151 1.495
0.023006756 0.05425781 1.498
0.025610264 0.05425781 1.498
0.028213775 0.05425781 1.498
0.030817285 0.05425781 1.498
0.033420794 0.05425781 1.498
0.036024306 0.05425781 1.498
0.038627815 0.05425781 1.498
0.041231323 0.05425781 1.498
0.043834835 0.05425781 1.498
0.056852382 0.05425781 1.498
0.059455894 0.05425781 1.498
0.062059402 0.05425781 1.498
0.064662911 0.05425781 1.498
0.09330152 0.05425781 1.498
0.095905028 0.05425781 1.498
0.098508537 0.05425781 1.498
0.10111205 0.05425781 1.498
0.10350785 0.054149151 1.495
0.10610615 0.054149151 1.495
0.10870444 0.054149151 1.495
0.11130274 0.054149151 1.495
0.11390103 0.054149151 1.495
0.11649933 0.054149151 1.495
0.11909763 0.054149151 1.495
0.12169592 0.054149151 1.495
0.12429421 0.054149151 1.495
0.12689251 0.054149151 1.495
0.12975065 0.05425781 1.498
0.13235417 0.05425781 1.498
0.13495767 0.05425781 1.498
0.13756119 0.05425781 1.498
0.1401647 0.05425781 1.498
0.1427682 0.05425781 1.498
0.14537172 0.05425781 1.498
0.14797522 0.05425781 1.498
-0.14101437 0.056861322 1.498
-0.13841085 0.056861322 1.498
-0.13580735 0.056861322 1.498
-0.13320383 0.056861322 1.498
-0.13060032 0.056861322 1.498
-0.12799682 0.056861322 1.498
-0.1253933 0.056861322 1.498
-0.12278979 0.056861322 1.498
-0.12018628 0.056861322 1.498
-0.11758278 0.056861322 1.498
-0.11497927 0.056861322 1.498
-0.11237576 0.056861322 1.498
-0.099358208 0.056861322 1.498
-0.0967547 0.056861322 1.498
-0.094151184 0.056861322 1.498
-0.091547675 0.056861322 1.498
-0.088766038 0.056747444 1.495
-0.086167745 0.056747444 1.495
-0.083569445 0.056747444 1.495
-0.080808669 0.056633569 1.492
-0.078215584 0.056633569 1.492
-0.075622506 0.056633569 1.492
-0.073029421 0.056633569 1.492
-0.070577972 0.056747444 1.495
-0.067979671 0.056747444 1.495
-0.065381378 0.056747444 1.495
-0.062783085 0.056747444 1.495
-0.060305558 0.056861322 1.498
-0.042080991 0.056861322 1.498
-0.039477479 0.056861322 1.498
-0.03687397 0.056861322 1.498
-0.034270462 0.056861322 1.498
-0.031666949 0.056861322 1.498
-0.029063441 0.056861322 1.498
-0.02645993 0.056861322 1.498
-0.023856422 0.056861322 1.498
-0.021252912 0.056861322 1.498
-0.013442382 0.056861322 1.498
-0.010838872 0.056861322 1.498
-0.0082353624 0.056861322 1.498
-0.0056318524 0.056861322 1.498
-0.0030283427 0.056861322 1.498
-0.00042398213 0.056747444 1.495
0.0021743136 0.056747444 1.495
0.0047726096 0.056747444 1.495
0.0073709055 0.056747444 1.495
0.0099692009 0.056747444 1.495
0.012567497 0.056747444 1.495
0.015165793 0.056747444 1.495
0.017764088 0.056747444 1.495
0.020362385 0.056747444 1.495
0.02296068 0.056747444 1.495
0.025610264 0.056861322 1.498
0.028213775 0.056861322 1.498
0.030817285 0.056861322 1.498
0.033420794 0.056861322 1.498
0.036024306 0.056861322 1.498
0.038627815 0.056861322 1.498
0.041231323 0.056861322 1.498
0.043834835 0.056861322 1.498
0.056852382 0.056861322 1.498
0.059455894 0.056861322 1.498
0.062059402 0.056861322 1.498
0.064662911 0.056861322 1.498
0.095905028 0.056861322 1.498
0.098508537 0.056861322 1.498
0.10111205 0.056861322 1.498
0.10371556 0.056861322 1.498
0.10631907 0.056861322 1.498
0.10892258 0.056861322 1.498
0.11152609 0.056861322 1.498
0.1141296 0.056861322 1.498
0.11649933 0.056747444 1.495
0.11909763 0.056747444 1.495
0.12169592 0.056747444 1.495
0.12454364 0.056861322 1.498
0.12714715 0.056861322 1.498
0.12975065 0.056861322 1.498
0.13235417 0.056861322 1.498
0.13495767 0.056861322 1.498
0.13756119 0.056861322 1.498
0.1401647 0.056861322 1.498
0.1427682 0.056861322 1.498
0.14537172 0.056861322 1.498
0.14797522 0.056861322 1.498
-0.14361787 0.059464831 1.498
-0.14101437 0.059464831 1.498
-0.13841085 0.059464831 1.498
-0.13580735 0.059464831 1.498
-0.13320383 0.059464831 1.498
-0.13060032 0.059464831 1.498
-0.12799682 0.059464831 1.498
-0.1253933 0.059464831 1.498
-0.12278979 0.059464831 1.498
-0.12018628 0.059464831 1.498
-0.11758278 0.059464831 1.498
-0.11497927 0.059464831 1.498
-0.0967547 0.059464831 1.498
-0.094151184 0.059464831 1.498
-0.091547675 0.059464831 1.498
-0.088766038 0.059345741 1.495
-0.086167745 0.059345741 1.495
-0.083401747 0.059226651 1.492
-0.080808669 0.059226651 1.492
-0.078215584 0.059226651 1.492
-0.075622506 0.059226651 1.492
-0.073029421 0.059226651 1.492
-0.070577972 0.059345741 1.495
-0.067979671 0.059345741 1.495
-0.065381378 0.059345741 1.495
-0.062783085 0.059345741 1.495
-0.060305558 0.059464831 1.498
-0.039477479 0.059464831 1.498
-0.03687397 0.059464831 1.498
-0.034270462 0.059464831 1.498
-0.031666949 0.059464831 1.498
-0.029063441 0.059464831 1.498
-0.02645993 0.059464831 1.498
-0.023856422 0.059464831 1.498
-0.021252912 0.059464831 1.498
-0.018649401 0.059464831 1.498
-0.013442382 0.059464831 1.498
-0.010838872 0.059464831 1.498
-0.0082353624 0.059464831 1.498
-0.0056318524 0.059464831 1.498
-0.003022278 0.059345741 1.495
-0.00042398213 0.059345741 1.495
0.0021743136 0.059345741 1.495
0.0047726096 0.059345741 1.495
0.0073709055 0.059345741 1.495
0.0099692009 0.059345741 1.495
0.012567497 0.059345741 1.495
0.015165793 0.059345741 1.495
0.017764088 0.059345741 1.495
0.020362385 0.059345741 1.495
0.02296068 0.059345741 1.495
0.025610264 0.059464831 1.498
0.028213775 0.059464831 1.498
0.030817285 0.059464831 1.498
0.033420794 0.059464831 1.498
0.036024306 0.059464831 1.498
0.038627815 0.059464831 1.498
0.041231323 0.059464831 1.498
0.043834835 0.059464831 1.498
0.046438344 0.059464831 1.498
0.056852382 0.059464831 1.498
0.059455894 0.059464831 1.498
0.062059402 0.059464831 1.498
0.064662911 0.059464831 1.498
0.06726642 0.059464831 1.498
0.095905028 0.059464831 1.498
0.098508537 0.059464831 1.498
0.10111205 0.059464831 1.498
0.10371556 0.059464831 1.498
0.10631907 0.059464831 1.498
0.10892258 0.059464831 1.498
0.11152609 0.059464831 1.498
0.1141296 0.059464831 1.498
0.11673311 0.059464831 1.498
0.11933662 0.059464831 1.498
0.12194013 0.059464831 1.498
0.12454364 0.059464831 1.498
0.12714715 0.059464831 1.498
0.12975065 0.059464831 1.498
0.13235417 0.059464831 1.498
0.13495767 0.059464831 1.498
0.13756119 0.059464831 1.498
0.1401647 0.059464831 1.498
0.1427682 0.059464831 1.498
0.14537172 0.059464831 1.498
0.14797522 0.059464831 1.498
-0.14101437 0.062068339 1.498
-0.13841085 0.062068339 1.498
-0.13580735 0.062068339 1.498
-0.13320383 0.062068339 1.498
-0.13060032 0.062068339 1.498
-0.12799682 0.062068339 1.498
-0.1253933 0.062068339 1.498
-0.12278979 0.062068339 1.498
-0.12018628 0.062068339 1.498
-0.11758278 0.062068339 1.498
-0.11497927 0.062068339 1.498
-0.0967547 0.062068339 1.498
-0.094151184 0.062068339 1.498
-0.091547675 0.062068339 1.498
-0.088766038 0.061944038 1.495
-0.086167745 0.061944038 1.495
-0.083569445 0.061944038 1.495
-0.080808669 0.061819736 1.492
-0.078215584 0.061819736 1.492
-0.075622506 0.061819736 1.492
-0.073176265 0.061944038 1.495
-0.070577972 0.061944038 1.495
-0.067979671 0.061944038 1.495
-0.065381378 0.061944038 1.495
-0.062909067 0.062068339 1.498
-0.060305558 0.062068339 1.498
-0.039477479 0.062068339 1.498
-0.03687397 0.062068339 1.498
-0.034270462 0.062068339 1.498
-0.031666949 0.062068339 1.498
-0.029063441 0.062068339 1.498
-0.02645993 0.062068339 1.498
-0.023856422 0.062068339 1.498
-0.021252912 0.062068339 1.498
-0.018649401 0.062068339 1.498
-0.016045893 0.062068339 1.498
-0.013442382 0.062068339 1.498
-0.010817165 0.061944038 1.495
-0.0082188696 0.061944038 1.495
-0.0056205736 0.061944038 1.495
-0.003022278 0.061944038 1.495
-0.00042398213 0.061944038 1.495
0.0021743136 0.061944038 1.495
0.0047726096 0.061944038 1.495
0.0073709055 0.061944038 1.495
0.0099692009 0.061944038 1.495
0.012567497 0.061944038 1.495
0.015165793 0.061944038 1.495
0.017764088 0.061944038 1.495
0.020362385 0.061944038 1.495
0.023006756 0.062068339 1.498
0.025610264 0.062068339 1.498
0.028213775 0.062068339 1.498
0.030817285 0.062068339 1.498
0.033420794 0.062068339 1.498
0.036024306 0.062068339 1.498
0.038627815 0.062068339 1.498
0.041231323 0.062068339 1.498
0.043834835 0.062068339 1.498
0.046438344 0.062068339 1.498
0.059455894 0.062068339 1.498
0.062059402 0.062068339 1.498
0.064662911 0.062068339 1.498
0.06726642 0.062068339 1.498
0.09330152 0.062068339 1.498
0.095905028 0.062068339 1.498
0.098508537 0.062068339 1.498
0.10111205 0.062068339 1.498
0.10371556 0.062068339 1.498
0.10631907 0.062068339 1.498
0.10892258 0.062068339 1.498
0.11152609 0.062068339 1.498
0.1141296 0.062068339 1.498
0.11673311 0.062068339 1.498
0.11933662 0.062068339 1.498
0.12194013 0.062068339 1.498
0.12454364 0.062068339 1.498
0.12714715 0.062068339 1.498
0.12975065 0.062068339 1.498
0.13235417 0.062068339 1.498
0.13495767 0.062068339 1.498
0.13756119 0.062068339 1.498
0.1401647 0.062068339 1.498
0.1427682 0.062068339 1.498
0.14537172 0.062068339 1.498
0.14797522 0.062068339 1.498
-0.14101437 0.064671852 1.498
-0.13841085 0.064671852 1.498
-0.13580735 0.064671852 1.498
-0.13320383 0.064671852 1.498
-0.13060032 0.064671852 1.498
-0.12799682 0.064671852 1.498
-0.1253933 0.064671852 1.498
-0.12278979 0.064671852 1.498
-0.12018628 0.064671852 1.498
-0.11758278 0.064671852 1.498
-0.0967547 0.064671852 1.498
-0.094151184 0.064671852 1.498
-0.091547675 0.064671852 1.498
-0.088944167 0.064671852 1.498
-0.086167745 0.064542331 1.495
-0.083569445 0.064542331 1.495
-0.080808669 0.064412817 1.492
-0.078215584 0.064412817 1.492
-0.075774558 0.064542331 1.495
-0.073176265 0.064542331 1.495
-0.070577972 0.064542331 1.495
-0.067979671 0.064542331 1.495
-0.065512575 0.064671852 1.498
-0.062909067 0.064671852 1.498
-0.060305558 0.064671852 1.498
-0.034270462 0.064671852 1.498
-0.031666949 0.064671852 1.498
-0.029063441 0.064671852 1.498
-0.02645993 0.064671852 1.498
-0.023856422 0.064671852 1.498
-0.021252912 0.064671852 1.498
-0.018649401 0.064671852 1.498
-0.016045893 0.064671852 1.498
-0.013415461 0.064542331 1.495
-0.010817165 0.064542331 1.495
-0.0082188696 0.064542331 1.495
-0.0056205736 0.064542331 1.495
-0.003022278 0.064542331 1.495
-0.00042398213 0.064542331 1.495
0.0021743136 0.064542331 1.495
0.0047726096 0.064542331 1.495
0.0073709055 0.064542331 1.495
0.0099692009 0.064542331 1.495
0.012592716 0.064671852 1.498
0.015196226 0.064671852 1.498
0.017799735 0.064671852 1.498
0.020403245 0.064671852 1.498
0.023006756 0.064671852 1.498
0.025610264 0.064671852 1.498
0.028213775 0.064671852 1.498
0.030817285 0.064671852 1.498
0.033420794 0.064671852 1.498
0.036024306 0.064671852 1.498
0.038627815 0.064671852 1.498
0.041231323 0.064671852 1.498
0.043834835 0.064671852 1.498
0.046438344 0.064671852 1.498
0.059455894 0.064671852 1.498
0.062059402 0.064671852 1.498
0.064662911 0.064671852 1.498
0.06726642 0.064671852 1.498
0.069869936 0.064671852 1.498
0.088094503 0.064671852 1.498
0.090698011 0.064671852 1.498
0.09330152 0.064671852 1.498
0.095905028 0.064671852 1.498
0.098508537 0.064671852 1.498
0.10111205 0.064671852 1.498
0.10371556 0.064671852 1.498
0.10631907 0.064671852 1.498
0.10892258 0.064671852 1.498
0.11152609 0.064671852 1.498
0.1141296 0.064671852 1.498
0.11673311 0.064671852 1.498
0.12454364 0.064671852 1.498
0.12714715 0.064671852 1.498
0.12975065 0.064671852 1.498
0.13235417 0.064671852 1.498
0.13495767 0.064671852 1.498
0.13756119 0.064671852 1.498
0.1401647 0.064671852 1.498
0.1427682 0.064671852 1.498
0.14537172 0.064671852 1.498
0.14797522 0.064671852 1.498
-0.14101437 0.06727536 1.498
-0.13841085 0.06727536 1.498
-0.13580735 0.06727536 1.498
-0.13320383 0.06727536 1.498
-0.13060032 0.06727536 1.498
-0.12799682 0.06727536 1.498
-0.1253933 0.06727536 1.498
-0.12278979 0.06727536 1.498
-0.12018628 0.06727536 1.498
-0.11758278 0.06727536 1.498
-0.0967547 0.06727536 1.498
-0.094151184 0.06727536 1.498
-0.091547675 0.06727536 1.498
-0.088944167 0.06727536 1.498
-0.086167745 0.067140631 1.495
-0.083569445 0.067140631 1.495
-0.080971152 0.067140631 1.495
-0.078372858 0.067140631 1.495
-0.075774558 0.067140631 1.495
-0.073176265 0.067140631 1.495
-0.070577972 0.067140631 1.495
-0.068116091 0.06727536 1.498
-0.065512575 0.06727536 1.498
-0.062909067 0.06727536 1.498
-0.060305558 0.06727536 1.498
-0.03687397 0.06727536 1.498
-0.034270462 0.06727536 1.498
-0.031666949 0.06727536 1.498
-0.029063441 0.06727536 1.498
-0.02645993 0.06727536 1.498
-0.023856422 0.06727536 1.498
-0.021252912 0.06727536 1.498
-0.018649401 0.06727536 1.498
-0.016045893 0.06727536 1.498
-0.013415461 0.067140631 1.495
-0.010817165 0.067140631 1.495
-0.0082188696 0.067140631 1.495
-0.0056205736 0.067140631 1.495
-0.003022278 0.067140631 1.495
-0.00042398213 0.067140631 1.495
0.0021743136 0.067140631 1.495
0.0047726096 0.067140631 1.495
0.0073856968 0.06727536 1.498
0.0099892067 0.06727536 1.498
0.012592716 0.06727536 1.498
0.015196226 0.06727536 1.498
0.017799735 0.06727536 1.498
0.020403245 0.06727536 1.498
0.023006756 0.06727536 1.498
0.025610264 0.06727536 1.498
0.028213775 0.06727536 1.498
0.030817285 0.06727536 1.498
0.033420794 0.06727536 1.498
0.036024306 0.06727536 1.498
0.038627815 0.06727536 1.498
0.041231323 0.06727536 1.498
0.043834835 0.06727536 1.498
0.046438344 0.06727536 1.498
0.049041852 0.06727536 1.498
0.062059402 0.06727536 1.498
0.064662911 0.06727536 1.498
0.06726642 0.06727536 1.498
0.069869936 0.06727536 1.498
0.072473444 0.06727536 1.498
0.077680461 0.06727536 1.498
0.08028397 0.06727536 1.498
0.085490994 0.06727536 1.498
0.088094503 0.06727536 1.498
0.090698011 0.06727536 1.498
0.09330152 0.06727536 1.498
0.095905028 0.06727536 1.498
0.098508537 0.06727536 1.498
0.10111205 0.06727536 1.498
0.10371556 0.06727536 1.498
0.10631907 0.06727536 1.498
0.10892258 0.06727536 1.498
0.11152609 0.06727536 1.498
0.1141296 0.06727536 1.498
0.11673311 0.06727536 1.498
0.12454364 0.06727536 1.498
0.12714715 0.06727536 1.498
0.12975065 0.06727536 1.498
0.13235417 0.06727536 1.498
0.13495767 0.06727536 1.498
0.13756119 0.06727536 1.498
0.1401647 0.06727536 1.498
0.1427682 0.06727536 1.498
0.14537172 0.06727536 1.498
0.14797522 0.06727536 1.498
-0.14101437 0.069878869 1.498
-0.13841085 0.069878869 1.498
-0.13580735 0.069878869 1.498
-0.13320383 0.069878869 1.498
-0.13060032 0.069878869 1.498
-0.12799682 0.069878869 1.498
-0.1253933 0.069878869 1.498
-0.12278979 0.069878869 1.498
-0.12018628 0.069878869 1.498
-0.11758278 0.069878869 1.498
-0.11497927 0.069878869 1.498
-0.099358208 0.069878869 1.498
-0.0967547 0.069878869 1.498
-0.094151184 0.069878869 1.498
-0.091547675 0.069878869 1.498
-0.088944167 0.069878869 1.498
-0.086167745 0.069738925 1.495
-0.083569445 0.069738925 1.495
-0.080971152 0.069738925 1.495
-0.078372858 0.069738925 1.495
-0.075774558 0.069738925 1.495
-0.073176265 0.069738925 1.495
-0.070577972 0.069738925 1.495
-0.068116091 0.069878869 1.498
-0.065512575 0.069878869 1.498
-0.062909067 0.069878869 1.498
-0.039477479 0.069878869 1.498
-0.03687397 0.069878869 1.498
-0.034270462 0.069878869 1.498
-0.031666949 0.069878869 1.498
-0.029063441 0.069878869 1.498
-0.02645993 0.069878869 1.498
-0.023856422 0.069878869 1.498
-0.021252912 0.069878869 1.498
-0.018649401 0.069878869 1.498
-0.016045893 0.069878869 1.498
-0.013415461 0.069738925 1.495
-0.010817165 0.069738925 1.495
-0.0082188696 0.069738925 1.495
-0.0056205736 0.069738925 1.495
-0.003022278 0.069738925 1.495
-0.00042398213 0.069738925 1.495
0.0021743136 0.069738925 1.495
0.0047821868 0.069878869 1.498
0.0073856968 0.069878869 1.498
0.0099892067 0.069878869 1.498
0.012592716 0.069878869 1.498
0.015196226 0.069878869 1.498
0.017799735 0.069878869 1.498
0.020403245 0.069878869 1.498
0.023006756 0.069878869 1.498
0.025610264 0.069878869 1.498
0.028213775 0.069878869 1.498
0.030817285 0.069878869 1.498
0.033420794 0.069878869 1.498
0.036024306 0.069878869 1.498
0.038627815 0.069878869 1.498
0.041231323 0.069878869 1.498
0.043834835 0.069878869 1.498
0.046438344 0.069878869 1.498
0.049041852 0.069878869 1.498
0.062059402 0.069878869 1.498
0.064662911 0.069878869 1.498
0.06726642 0.069878869 1.498
0.069869936 0.069878869 1.498
0.072473444 0.069878869 1.498
0.075076953 0.069878869 1.498
0.077680461 0.069878869 1.498
0.08028397 0.069878869 1.498
0.082887478 0.069878869 1.498
0.085490994 0.069878869 1.498
0.087918073 0.069738925 1.495
0.090516374 0.069738925 1.495
0.09330152 0.069878869 1.498
0.095905028 0.069878869 1.498
0.098508537 0.069878869 1.498
0.10111205 0.069878869 1.498
0.10371556 0.069878869 1.498
0.10631907 0.069878869 1.498
0.10892258 0.069878869 1.498
0.11152609 0.069878869 1.498
0.1141296 0.069878869 1.498
0.11673311 0.069878869 1.498
0.11933662 0.069878869 1.498
0.12194013 0.069878869 1.498
0.12454364 0.069878869 1.498
0.12714715 0.069878869 1.498
0.12975065 0.069878869 1.498
0.13235417 0.069878869 1.498
0.13495767 0.069878869 1.498
0.13756119 0.069878869 1.498
0.1401647 0.069878869 1.498
0.1427682 0.069878869 1.498
0.14537172 0.069878869 1.498
0.14797522 0.069878869 1.498
-0.14101437 0.072482377 1.498
-0.13841085 0.072482377 1.498
-0.13580735 0.072482377 1.498
-0.13320383 0.072482377 1.498
-0.13060032 0.072482377 1.498
-0.12799682 0.072482377 1.498
-0.1253933 0.072482377 1.498
-0.12278979 0.072482377 1.498
-0.12018628 0.072482377 1.498
-0.11758278 0.072482377 1.498
-0.11497927 0.072482377 1.498
-0.11237576 0.072482377 1.498
-0.10716873 0.072482377 1.498
-0.10456523 0.072482377 1.498
-0.10196172 0.072482377 1.498
-0.099358208 0.072482377 1.498
-0.0967547 0.072482377 1.498
-0.094151184 0.072482377 1.498
-0.091547675 0.072482377 1.498
-0.088944167 0.072482377 1.498
-0.086167745 0.072337218 1.495
-0.083569445 0.072337218 1.495
-0.080971152 0.072337218 1.495
-0.078372858 0.072337218 1.495
-0.075774558 0.072337218 1.495
-0.073176265 0.072337218 1.495
-0.0707196 0.072482377 1.498
-0.068116091 0.072482377 1.498
-0.065512575 0.072482377 1.498
-0.062909067 0.072482377 1.498
-0.039477479 0.072482377 1.498
-0.03687397 0.072482377 1.498
-0.034270462 0.072482377 1.498
-0.031666949 0.072482377 1.498
-0.029063441 0.072482377 1.498
-0.02645993 0.072482377 1.498
-0.023856422 0.072482377 1.498
-0.021252912 0.072482377 1.498
-0.018649401 0.072482377 1.498
-0.016045893 0.072482377 1.498
-0.013415461 0.072337218 1.495
-0.010817165 0.072337218 1.495
-0.0082188696 0.072337218 1.495
-0.0056205736 0.072337218 1.495
-0.003022278 0.072337218 1.495
-0.00042483292 0.072482377 1.498
0.0021786769 0.072482377 1.498
0.0047821868 0.072482377 1.498
0.0073856968 0.072482377 1.498
0.0099892067 0.072482377 1.498
0.012592716 0.072482377 1.498
0.017799735 0.072482377 1.498
0.020403245 0.072482377 1.498
0.023006756 0.072482377 1.498
0.025610264 0.072482377 1.498
0.028213775 0.072482377 1.498
0.030817285 0.072482377 1.498
0.033420794 0.072482377 1.498
0.036024306 0.072482377 1.498
0.038550455 0.072337218 1.495
0.041148752 0.072337218 1.495
0.043747045 0.072337218 1.495
0.046345342 0.072337218 1.495
0.049041852 0.072482377 1.498
0.051645365 0.072482377 1.498
0.062059402 0.072482377 1.498
0.064662911 0.072482377 1.498
0.06726642 0.072482377 1.498
0.069869936 0.072482377 1.498
0.072473444 0.072482377 1.498
0.075076953 0.072482377 1.498
0.077524893 0.072337218 1.495
0.080123186 0.072337218 1.495
0.082721487 0.072337218 1.495
0.08531978 0.072337218 1.495
0.087918073 0.072337218 1.495
0.090516374 0.072337218 1.495
0.093114667 0.072337218 1.495
0.09571296 0.072337218 1.495
0.098508537 0.072482377 1.498
0.10111205 0.072482377 1.498
0.10371556 0.072482377 1.498
0.10631907 0.072482377 1.498
0.10892258 0.072482377 1.498
0.11152609 0.072482377 1.498
0.1141296 0.072482377 1.498
0.11673311 0.072482377 1.498
0.11933662 0.072482377 1.498
0.12194013 0.072482377 1.498
0.12454364 0.072482377 1.498
0.12714715 0.072482377 1.498
0.12949081 0.072337218 1.495
0.13208911 0.072337218 1.495
0.13468739 0.072337218 1.495
0.13728569 0.072337218 1.495
0.139884 0.072337218 1.495
0.14248228 0.072337218 1.495
0.14508058 0.072337218 1.495
0.14767888 0.072337218 1.495
-0.13841085 0.075085893 1.498
-0.13580735 0.075085893 1.498
-0.13320383 0.075085893 1.498
-0.13060032 0.075085893 1.498
-0.12799682 0.075085893 1.498
-0.1253933 0.075085893 1.498
-0.12278979 0.075085893 1.498
-0.12018628 0.075085893 1.498
-0.11758278 0.075085893 1.498
-0.11497927 0.075085893 1.498
-0.11237576 0.075085893 1.498
-0.10977224 0.075085893 1.498
-0.10716873 0.075085893 1.498
-0.10456523 0.075085893 1.498
-0.10196172 0.075085893 1.498
-0.099358208 0.075085893 1.498
-0.0967547 0.075085893 1.498
-0.094151184 0.075085893 1.498
-0.091547675 0.075085893 1.498
-0.088944167 0.075085893 1.498
-0.086340658 0.075085893 1.498
-0.08373715 0.075085893 1.498
-0.080971152 0.074935518 1.495
-0.078372858 0.074935518 1.495
-0.075926617 0.075085893 1.498
-0.073323108 0.075085893 1.498
-0.0707196 0.075085893 1.498
-0.068116091 0.075085893 1.498
-0.065512575 0.075085893 1.498
-0.062909067 0.075085893 1.498
-0.0446845 0.075085893 1.498
-0.042080991 0.075085893 1.498
-0.039477479 0.075085893 1.498
-0.03687397 0.075085893 1.498
-0.034270462 0.075085893 1.498
-0.031666949 0.075085893 1.498
-0.029063441 0.075085893 1.498
-0.02645993 0.075085893 1.498
-0.023856422 0.075085893 1.498
-0.021252912 0.075085893 1.498
-0.018649401 0.075085893 1.498
-0.016045893 0.075085893 1.498
-0.013442382 0.075085893 1.498
-0.010817165 0.074935518 1.495
-0.0082188696 0.074935518 1.495
-0.0056205736 0.074935518 1.495
-0.0030283427 0.075085893 1.498
-0.00042483292 0.075085893 1.498
0.0021786769 0.075085893 1.498
0.0047821868 0.075085893 1.498
0.0073856968 0.075085893 1.498
0.0099892067 0.075085893 1.498
0.012592716 0.075085893 1.498
0.015196226 0.075085893 1.498
0.017799735 0.075085893 1.498
0.020403245 0.075085893 1.498
0.023006756 0.075085893 1.498
0.025610264 0.075085893 1.498
0.028213775 0.075085893 1.498
0.030817285 0.075085893 1.498
0.033420794 0.075085893 1.498
0.035952158 0.074935518 1.495
0.038550455 0.074935518 1.495
0.041148752 0.074935518 1.495
0.043747045 0.074935518 1.495
0.046345342 0.074935518 1.495
0.049041852 0.075085893 1.498
0.051645365 0.075085893 1.498
0.054248873 0.075085893 1.498
0.064662911 0.075085893 1.498
0.06726642 0.075085893 1.498
0.069869936 0.075085893 1.498
0.072473444 0.075085893 1.498
0.075076953 0.075085893 1.498
0.077524893 0.074935518 1.495
0.080123186 0.074935518 1.495
0.082721487 0.074935518 1.495
0.085148565 0.074785143 1.492
0.087741651 0.074785143 1.492
0.090334728 0.074785143 1.492
0.093114667 0.074935518 1.495
0.09571296 0.074935518 1.495
0.09831126 0.074935518 1.495
0.10090955 0.074935518 1.495
0.10371556 0.075085893 1.498
0.10631907 0.075085893 1.498
0.10892258 0.075085893 1.498
0.11152609 0.075085893 1.498
0.1141296 0.075085893 1.498
0.11673311 0.075085893 1.498
0.11933662 0.075085893 1.498
0.12194013 0.075085893 1.498
0.12429421 0.074935518 1.495
0.12689251 0.074935518 1.495
0.12949081 0.074935518 1.495
0.13208911 0.074935518 1.495
0.13468739 0.074935518 1.495
0.13728569 0.074935518 1.495
0.139884 0.074935518 1.495
0.14248228 0.074935518 1.495
0.14508058 0.074935518 1.495
0.14767888 0.074935518 1.495
-0.13320383 0.077689402 1.498
-0.13060032 0.077689402 1.498
-0.12799682 0.077689402 1.498
-0.1253933 0.077689402 1.498
-0.12278979 0.077689402 1.498
-0.12018628 0.077689402 1.498
-0.11758278 0.077689402 1.498
-0.11497927 0.077689402 1.498
-0.11237576 0.077689402 1.498
-0.10977224 0.077689402 1.498
-0.10716873 0.077689402 1.498
-0.10456523 0.077689402 1.498
-0.10196172 0.077689402 1.498
-0.099358208 0.077689402 1.498
-0.0967547 0.077689402 1.498
-0.094151184 0.077689402 1.498
-0.091547675 0.077689402 1.498
-0.088944167 0.077689402 1.498
-0.086340658 0.077689402 1.498
-0.08373715 0.077689402 1.498
-0.081133634 0.077689402 1.498
-0.078530125 0.077689402 1.498
-0.075926617 0.077689402 1.498
-0.073323108 0.077689402 1.498
-0.0707196 0.077689402 1.498
-0.068116091 0.077689402 1.498
-0.065512575 0.077689402 1.498
-0.047288008 0.077689402 1.498
-0.0446845 0.077689402 1.498
-0.042080991 0.077689402 1.498
-0.039477479 0.077689402 1.498
-0.03687397 0.077689402 1.498
-0.034201827 0.077533811 1.495
-0.03160353 0.077533811 1.495
-0.029005237 0.077533811 1.495
-0.02645993 0.077689402 1.498
-0.023856422 0.077689402 1.498
-0.021252912 0.077689402 1.498
-0.018649401 0.077689402 1.498
-0.016045893 0.077689402 1.498
-0.013442382 0.077689402 1.498
-0.010817165 0.077533811 1.495
-0.0082353624 0.077689402 1.498
-0.0056318524 0.077689402 1.498
-0.0030283427 0.077689402 1.498
-0.00042483292 0.077689402 1.498
0.0021786769 0.077689402 1.498
0.0047821868 0.077689402 1.498
0.0073856968 0.077689402 1.498
0.0099892067 0.077689402 1.498
0.012592716 0.077689402 1.498
0.015196226 0.077689402 1.498
0.017799735 0.077689402 1.498
0.020403245 0.077689402 1.498
0.023006756 0.077689402 1.498
0.025610264 0.077689402 1.498
0.028213775 0.077689402 1.498
0.030817285 0.077689402 1.498
0.033420794 0.077689402 1.498
0.035952158 0.077533811 1.495
0.038550455 0.077533811 1.495
0.041148752 0.077533811 1.495
0.043747045 0.077533811 1.495
0.046345342 0.077533811 1.495
0.048943639 0.077533811 1.495
0.051645365 0.077689402 1.498
0.054248873 0.077689402 1.498
0.06726642 0.077689402 1.498
0.069869936 0.077689402 1.498
0.072473444 0.077689402 1.498
0.0749266 0.077533811 1.495
0.077524893 0.077533811 1.495
0.080123186 0.077533811 1.495
0.082555488 0.077378228 1.492
0.085148565 0.077378228 1.492
0.087741651 0.077378228 1.492
0.090334728 0.077378228 1.492
0.092927814 0.077378228 1.492
0.095520899 0.077378228 1.492
0.09831126 0.077533811 1.495
0.10090955 0.077533811 1.495
0.10350785 0.077533811 1.495
0.10610615 0.077533811 1.495
0.10892258 0.077689402 1.498
0.11152609 0.077689402 1.498
0.1141296 0.077689402 1.498
0.11673311 0.077689402 1.498
0.11933662 0.077689402 1.498
0.12194013 0.077689402 1.498
0.12429421 0.077533811 1.495
0.12689251 0.077533811 1.495
0.12949081 0.077533811 1.495
0.13182405 0.077378228 1.492
0.13441712 0.077378228 1.492
0.1370102 0.077378228 1.492
0.139884 0.077533811 1.495
0.14248228 0.077533811 1.495
0.14508058 0.077533811 1.495
0.14767888 0.077533811 1.495
-0.13320383 0.08029291 1.498
-0.13060032 0.08029291 1.498
-0.12799682 0.08029291 1.498
-0.1253933 0.08029291 1.498
-0.12278979 0.08029291 1.498
-0.12018628 0.08029291 1.498
-0.11758278 0.08029291 1.498
-0.11497927 0.08029291 1.498
-0.11237576 0.08029291 1.498
-0.10977224 0.08029291 1.498
-0.10716873 0.08029291 1.498
-0.10456523 0.08029291 1.498
-0.10196172 0.08029291 1.498
-0.099358208 0.08029291 1.498
-0.0967547 0.08029291 1.498
-0.094151184 0.08029291 1.498
-0.091547675 0.08029291 1.498
-0.088944167 0.08029291 1.498
-0.086340658 0.08029291 1.498
-0.08373715 0.08029291 1.498
-0.081133634 0.08029291 1.498
-0.078530125 0.08029291 1.498
-0.075926617 0.08029291 1.498
-0.073323108 0.08029291 1.498
-0.0707196 0.08029291 1.498
-0.068116091 0.08029291 1.498
-0.065512575 0.08029291 1.498
-0.062909067 0.08029291 1.498
-0.04989152 0.08029291 1.498
-0.047288008 0.08029291 1.498
-0.0446845 0.08029291 1.498
-0.042080991 0.08029291 1.498
-0.039477479 0.08029291 1.498
-0.03687397 0.08029291 1.498
-0.034201827 0.080132104 1.495
-0.03160353 0.080132104 1.495
-0.029063441 0.08029291 1.498
-0.02645993 0.08029291 1.498
-0.023856422 0.08029291 1.498
-0.021252912 0.08029291 1.498
-0.018649401 0.08029291 1.498
-0.016045893 0.08029291 1.498
-0.013442382 0.08029291 1.498
-0.010838872 0.08029291 1.498
-0.0082353624 0.08029291 1.498
-0.0056318524 0.08029291 1.498
-0.0030283427 0.08029291 1.498
-0.00042483292 0.08029291 1.498
0.0021786769 0.08029291 1.498
0.0047821868 0.08029291 1.498
0.0073856968 0.08029291 1.498
0.0099892067 0.08029291 1.498
0.012592716 0.08029291 1.498
0.015196226 0.08029291 1.498
0.017799735 0.08029291 1.498
0.025610264 0.08029291 1.498
0.028213775 0.08029291 1.498
0.030817285 0.08029291 1.498
0.033420794 0.08029291 1.498
0.035952158 0.080132104 1.495
0.038550455 0.080132104 1.495
0.041148752 0.080132104 1.495
0.043747045 0.080132104 1.495
0.046345342 0.080132104 1.495
0.049041852 0.08029291 1.498
0.051645365 0.08029291 1.498
0.054248873 0.08029291 1.498
0.06726642 0.08029291 1.498
0.069869936 0.08029291 1.498
0.072473444 0.08029291 1.498
0.0749266 0.080132104 1.495
0.077524893 0.080132104 1.495
0.080123186 0.080132104 1.495
0.082555488 0.079971306 1.492
0.085148565 0.079971306 1.492
0.087741651 0.079971306 1.492
0.090334728 0.079971306 1.492
0.092927814 0.079971306 1.492
0.095520899 0.079971306 1.492
0.098113976 0.079971306 1.492
0.10090955 0.080132104 1.495
0.10350785 0.080132104 1.495
0.10610615 0.080132104 1.495
0.10870444 0.080132104 1.495
0.11152609 0.08029291 1.498
0.1141296 0.08029291 1.498
0.11673311 0.08029291 1.498
0.11933662 0.08029291 1.498
0.12169592 0.080132104 1.495
0.12429421 0.080132104 1.495
0.12689251 0.080132104 1.495
0.12923096 0.079971306 1.492
0.13182405 0.079971306 1.492
0.13441712 0.079971306 1.492
0.1370102 0.079971306 1.492
0.13960329 0.079971306 1.492
0.14248228 0.080132104 1.495
0.14508058 0.080132104 1.495
0.14767888 0.080132104 1.495
-0.13060032 0.082896419 1.498
-0.12799682 0.082896419 1.498
-0.1253933 0.082896419 1.498
-0.12278979 0.082896419 1.498
-0.12018628 0.082896419 1.498
-0.11758278 0.082896419 1.498
-0.11497927 0.082896419 1.498
-0.11237576 0.082896419 1.498
-0.10977224 0.082896419 1.498
-0.10716873 0.082896419 1.498
-0.10456523 0.082896419 1.498
-0.10196172 0.082896419 1.498
-0.099358208 0.082896419 1.498
-0.0967547 0.082896419 1.498
-0.094151184 0.082896419 1.498
-0.091547675 0.082896419 1.498
-0.088944167 0.082896419 1.498
-0.086340658 0.082896419 1.498
-0.08373715 0.082896419 1.498
-0.081133634 0.082896419 1.498
-0.078530125 0.082896419 1.498
-0.075926617 0.082896419 1.498
-0.073323108 0.082896419 1.498
-0.0707196 0.082896419 1.498
-0.068116091 0.082896419 1.498
-0.065512575 0.082896419 1.498
-0.062909067 0.082896419 1.498
-0.060305558 0.082896419 1.498
-0.055098537 0.082896419 1.498
-0.052495029 0.082896419 1.498
-0.04989152 0.082896419 1.498
-0.047288008 0.082896419 1.498
-0.0446845 0.082896419 1.498
-0.042080991 0.082896419 1.498
-0.039477479 0.082896419 1.498
-0.036800124 0.082730405 1.495
-0.034201827 0.082730405 1.495
-0.03160353 0.082730405 1.495
-0.029063441 0.082896419 1.498
-0.02645993 0.082896419 1.498
-0.023856422 0.082896419 1.498
-0.021252912 0.082896419 1.498
-0.018649401 0.082896419 1.498
-0.016045893 0.082896419 1.498
-0.013442382 0.082896419 1.498
-0.010838872 0.082896419 1.498
-0.0082353624 0.082896419 1.498
-0.0056318524 0.082896419 1.498
-0.0030283427 0.082896419 1.498
-0.00042483292 0.082896419 1.498
0.0021786769 0.082896419 1.498
0.0047821868 0.082896419 1.498
0.0073856968 0.082896419 1.498
0.0099892067 0.082896419 1.498
0.012592716 0.082896419 1.498
0.015196226 0.082896419 1.498
0.028213775 0.082896419 1.498
0.030817285 0.082896419 1.498
0.033420794 0.082896419 1.498
0.036024306 0.082896419 1.498
0.038627815 0.082896419 1.498
0.041231323 0.082896419 1.498
0.043834835 0.082896419 1.498
0.046438344 0.082896419 1.498
0.049041852 0.082896419 1.498
0.051645365 0.082896419 1.498
0.069869936 0.082896419 1.498
0.072473444 0.082896419 1.498
0.075076953 0.082896419 1.498
0.077524893 0.082730405 1.495
0.080123186 0.082730405 1.495
0.082721487 0.082730405 1.495
0.085148565 0.082564391 1.492
0.087741651 0.082564391 1.492
0.090334728 0.082564391 1.492
0.092927814 0.082564391 1.492
0.095520899 0.082564391 1.492
0.098113976 0.082564391 1.492
0.10070706 0.082564391 1.492
0.10350785 0.082730405 1.495
0.10610615 0.082730405 1.495
0.10870444 0.082730405 1.495
0.11130274 0.082730405 1.495
0.11390103 0.082730405 1.495
0.11649933 0.082730405 1.495
0.11909763 0.082730405 1.495
0.12169592 0.082730405 1.495
0.12429421 0.082730405 1.495
0.12663788 0.082564391 1.492
0.12923096 0.082564391 1.492
0.13182405 0.082564391 1.492
0.13441712 0.082564391 1.492
0.1370102 0.082564391 1.492
0.13960329 0.082564391 1.492
0.14219637 0.082564391 1.492
0.14508058 0.082730405 1.495
0.14767888 0.082730405 1.495
-0.13320383 0.085499927 1.498
-0.13060032 0.085499927 1.498
-0.12799682 0.085499927 1.498
-0.1253933 0.085499927 1.498
-0.12278979 0.085499927 1.498
-0.12018628 0.085499927 1.498
-0.11758278 0.085499927 1.498
-0.11497927 0.085499927 1.498
-0.11237576 0.085499927 1.498
-0.10977224 0.085499927 1.498
-0.10716873 0.085499927 1.498
-0.10435581 0.085328698 1.495
-0.10196172 0.085499927 1.498
-0.099358208 0.085499927 1.498
-0.096560925 0.085328698 1.495
-0.094151184 0.085499927 1.498
-0.091547675 0.085499927 1.498
-0.088944167 0.085499927 1.498
-0.086340658 0.085499927 1.498
-0.08373715 0.085499927 1.498
-0.081133634 0.085499927 1.498
-0.078530125 0.085499927 1.498
-0.075926617 0.085499927 1.498
-0.073323108 0.085499927 1.498
-0.0707196 0.085499927 1.498
-0.068116091 0.085499927 1.498
-0.065512575 0.085499927 1.498
-0.062909067 0.085499927 1.498
-0.060305558 0.085499927 1.498
-0.05770205 0.085499927 1.498
-0.055098537 0.085499927 1.498
-0.052495029 0.085499927 1.498
-0.04989152 0.085499927 1.498
-0.047288008 0.085499927 1.498
-0.044595011 0.085328698 1.495
-0.042080991 0.085499927 1.498
-0.039477479 0.085499927 1.498
-0.036800124 0.085328698 1.495
-0.034270462 0.085499927 1.498
-0.031666949 0.085499927 1.498
-0.029063441 0.085499927 1.498
-0.02645993 0.085499927 1.498
-0.023856422 0.085499927 1.498
-0.021252912 0.085499927 1.498
-0.018649401 0.085499927 1.498
-0.013442382 0.085499927 1.498
-0.010838872 0.085499927 1.498
-0.0082353624 0.085499927 1.498
-0.0056318524 0.085499927 1.498
-0.0030283427 0.085499927 1.498
-0.00042483292 0.085499927 1.498
0.0021786769 0.085499927 1.498
0.0047821868 0.085499927 1.498
0.0073856968 0.085499927 1.498
0.0099892067 0.085499927 1.498
0.012592716 0.085499927 1.498
0.015196226 0.085499927 1.498
0.030817285 0.085499927 1.498
0.033420794 0.085499927 1.498
0.036024306 0.085499927 1.498
0.038627815 0.085499927 1.498
0.041231323 0.085499927 1.498
0.043834835 0.085499927 1.498
0.046438344 0.085499927 1.498
0.049041852 0.085499927 1.498
0.072473444 0.085499927 1.498
0.075076953 0.085499927 1.498
0.077680461 0.085499927 1.498
0.080123186 0.085328698 1.495
0.082721487 0.085328698 1.495
0.085148565 0.085157469 1.492
0.087741651 0.085157469 1.492
0.090334728 0.085157469 1.492
0.092927814 0.085157469 1.492
0.095520899 0.085157469 1.492
0.098113976 0.085157469 1.492
0.10070706 0.085157469 1.492
0.10330014 0.085157469 1.492
0.10610615 0.085328698 1.495
0.10870444 0.085328698 1.495
0.11130274 0.085328698 1.495
0.11390103 0.085328698 1.495
0.11649933 0.085328698 1.495
0.11909763 0.085328698 1.495
0.12169592 0.085328698 1.495
0.12429421 0.085328698 1.495
0.12663788 0.085157469 1.492
0.12923096 0.085157469 1.492
0.13182405 0.085157469 1.492
0.13441712 0.085157469 1.492
0.1370102 0.085157469 1.492
0.13960329 0.085157469 1.492
0.14219637 0.085157469 1.492
0.14508058 0.085328698 1.495
0.14767888 0.085328698 1.495
-0.13580735 0.088103436 1.498
-0.13320383 0.088103436 1.498
-0.13060032 0.088103436 1.498
-0.12799682 0.088103436 1.498
-0.1253933 0.088103436 1.498
-0.12278979 0.088103436 1.498
-0.12018628 0.088103436 1.498
-0.11758278 0.088103436 1.498
-0.11497927 0.088103436 1.498
-0.11237576 0.088103436 1.498
-0.10977224 0.088103436 1.498
-0.10695411 0.087926999 1.495
-0.10435581 0.087926999 1.495
-0.10175752 0.087926999 1.495
-0.099159226 0.087926999 1.495
-0.096560925 0.087926999 1.495
-0.093962632 0.087926999 1.495
-0.091364339 0.087926999 1.495
-0.088766038 0.087926999 1.495
-0.086340658 0.088103436 1.498
-0.08373715 0.088103436 1.498
-0.081133634 0.088103436 1.498
-0.078530125 0.088103436 1.498
-0.075926617 0.088103436 1.498
-0.073323108 0.088103436 1.498
-0.0707196 0.088103436 1.498
-0.068116091 0.088103436 1.498
-0.065512575 0.088103436 1.498
-0.062909067 0.088103436 1.498
-0.060305558 0.088103436 1.498
-0.05770205 0.088103436 1.498
-0.055098537 0.088103436 1.498
-0.052495029 0.088103436 1.498
-0.04989152 0.088103436 1.498
-0.047288008 0.088103436 1.498
-0.044595011 0.087926999 1.495
-0.041996714 0.087926999 1.495
-0.039477479 0.088103436 1.498
-0.03687397 0.088103436 1.498
-0.034270462 0.088103436 1.498
-0.031666949 0.088103436 1.498
-0.029063441 0.088103436 1.498
-0.02645993 0.088103436 1.498
-0.023856422 0.088103436 1.498
-0.0056318524 0.088103436 1.498
-0.0030283427 0.088103436 1.498
-0.00042483292 0.088103436 1.498
0.0021786769 0.088103436 1.498
0.0047821868 0.088103436 1.498
0.0073856968 0.088103436 1.498
0.0099892067 0.088103436 1.498
0.012592716 0.088103436 1.498
0.030817285 0.088103436 1.498
0.033420794 0.088103436 1.498
0.036024306 0.088103436 1.498
0.038627815 0.088103436 1.498
0.041231323 0.088103436 1.498
0.043834835 0.088103436 1.498
0.046438344 0.088103436 1.498
0.049041852 0.088103436 1.498
0.075076953 0.088103436 1.498
0.077680461 0.088103436 1.498
0.08028397 0.088103436 1.498
0.082721487 0.087926999 1.495
0.08531978 0.087926999 1.495
0.087741651 0.087750554 1.492
0.090334728 0.087750554 1.492
0.092927814 0.087750554 1.492
0.095520899 0.087750554 1.492
0.098113976 0.087750554 1.492
0.10070706 0.087750554 1.492
0.10330014 0.087750554 1.492
0.10589322 0.087750554 1.492
0.10870444 0.087926999 1.495
0.11130274 0.087926999 1.495
0.11390103 0.087926999 1.495
0.11649933 0.087926999 1.495
0.11909763 0.087926999 1.495
0.12169592 0.087926999 1.495
0.1240448 0.087750554 1.492
0.12663788 0.087750554 1.492
0.12923096 0.087750554 1.492
0.13182405 0.087750554 1.492
0.13441712 0.087750554 1.492
0.1370102 0.087750554 1.492
0.13960329 0.087750554 1.492
0.14248228 0.087926999 1.495
0.14508058 0.087926999 1.495
0.14767888 0.087926999 1.495
-0.13580735 0.090706952 1.498
-0.13320383 0.090706952 1.498
-0.13060032 0.090706952 1.498
-0.12799682 0.090706952 1.498
-0.1253933 0.090706952 1.498
-0.11497927 0.090706952 1.498
-0.11237576 0.090706952 1.498
-0.10977224 0.090706952 1.498
-0.10695411 0.090525292 1.495
-0.10435581 0.090525292 1.495
-0.10175752 0.090525292 1.495
-0.099159226 0.090525292 1.495
-0.096560925 0.090525292 1.495
-0.093962632 0.090525292 1.495
-0.091364339 0.090525292 1.495
-0.088766038 0.090525292 1.495
-0.086340658 0.090706952 1.498
-0.08373715 0.090706952 1.498
-0.081133634 0.090706952 1.498
-0.078530125 0.090706952 1.498
-0.075926617 0.090706952 1.498
-0.073323108 0.090706952 1.498
-0.0707196 0.090706952 1.498
-0.068116091 0.090706952 1.498
-0.065512575 0.090706952 1.498
-0.062909067 0.090706952 1.498
-0.060305558 0.090706952 1.498
-0.05770205 0.090706952 1.498
-0.054988194 0.090525292 1.495
-0.052389897 0.090525292 1.495
-0.049791604 0.090525292 1.495
-0.047193307 0.090525292 1.495
-0.044595011 0.090525292 1.495
-0.041996714 0.090525292 1.495
-0.039398421 0.090525292 1.495
-0.036800124 0.090525292 1.495
-0.034270462 0.090706952 1.498
-0.031666949 0.090706952 1.498
-0.029063441 0.090706952 1.498
-0.02645993 0.090706952 1.498
-0.0030283427 0.090706952 1.498
-0.00042483292 0.090706952 1.498
0.0021786769 0.090706952 1.498
0.0047821868 0.090706952 1.498
0.0073856968 0.090706952 1.498
0.0099892067 0.090706952 1.498
0.012592716 0.090706952 1.498
0.030817285 0.090706952 1.498
0.033420794 0.090706952 1.498
0.036024306 0.090706952 1.498
0.038627815 0.090706952 1.498
0.041231323 0.090706952 1.498
0.043834835 0.090706952 1.498
0.046438344 0.090706952 1.498
0.049041852 0.090706952 1.498
0.075076953 0.090706952 1.498
0.077680461 0.090706952 1.498
0.08028397 0.090706952 1.498
0.082721487 0.090525292 1.495
0.08531978 0.090525292 1.495
0.087741651 0.090343632 1.492
0.090334728 0.090343632 1.492
0.092927814 0.090343632 1.492
0.095520899 0.090343632 1.492
0.098113976 0.090343632 1.492
0.10070706 0.090343632 1.492
0.10330014 0.090343632 1.492
0.10589322 0.090343632 1.492
0.1084863 0.090343632 1.492
0.11130274 0.090525292 1.495
0.11390103 0.090525292 1.495
0.11649933 0.090525292 1.495
0.11909763 0.090525292 1.495
0.12169592 0.090525292 1.495
0.1240448 0.090343632 1.492
0.12663788 0.090343632 1.492
0.12923096 0.090343632 1.492
0.13182405 0.090343632 1.492
0.13441712 0.090343632 1.492
0.1370102 0.090343632 1.492
0.13960329 0.090343632 1.492
0.14248228 0.090525292 1.495
0.14508058 0.090525292 1.495
0.14767888 0.090525292 1.495
-0.13841085 0.09331046 1.498
-0.13580735 0.09331046 1.498
-0.13320383 0.09331046 1.498
-0.13060032 0.09331046 1.498
-0.12799682 0.09331046 1.498
-0.1253933 0.09331046 1.498
-0.11497927 0.09331046 1.498
-0.11237576 0.09331046 1.498
-0.10977224 0.09331046 1.498
-0.10695411 0.093123585 1.495
-0.10435581 0.093123585 1.495
-0.10175752 0.093123585 1.495
-0.099159226 0.093123585 1.495
-0.096560925 0.093123585 1.495
-0.093962632 0.093123585 1.495
-0.091364339 0.093123585 1.495
-0.088766038 0.093123585 1.495
-0.086340658 0.09331046 1.498
-0.08373715 0.09331046 1.498
-0.081133634 0.09331046 1.498
-0.078530125 0.09331046 1.498
-0.075926617 0.09331046 1.498
-0.073323108 0.09331046 1.498
-0.0707196 0.09331046 1.498
-0.068116091 0.09331046 1.498
-0.065381378 0.093123585 1.495
-0.062783085 0.093123585 1.495
-0.060184784 0.093123585 1.495
-0.057586491 0.093123585 1.495
-0.054988194 0.093123585 1.495
-0.052389897 0.093123585 1.495
-0.049791604 0.093123585 1.495
-0.047193307 0.093123585 1.495
-0.044595011 0.093123585 1.495
-0.041996714 0.093123585 1.495
-0.039398421 0.093123585 1.495
-0.036800124 0.093123585 1.495
-0.034270462 0.09331046 1.498
-0.031666949 0.09331046 1.498
-0.029063441 0.09331046 1.498
-0.02645993 0.09331046 1.498
-0.00042483292 0.09331046 1.498
0.0021786769 0.09331046 1.498
0.0047821868 0.09331046 1.498
0.0073856968 0.09331046 1.498
0.0099892067 0.09331046 1.498
0.012592716 0.09331046 1.498
0.015196226 0.09331046 1.498
0.017799735 0.09331046 1.498
0.020403245 0.09331046 1.498
0.028213775 0.09331046 1.498
0.030817285 0.09331046 1.498
0.033420794 0.09331046 1.498
0.036024306 0.09331046 1.498
0.038627815 0.09331046 1.498
0.041231323 0.09331046 1.498
0.043834835 0.09331046 1.498
0.046438344 0.09331046 1.498
0.049041852 0.09331046 1.498
0.051645365 0.09331046 1.498
0.077680461 0.09331046 1.498
0.08028397 0.09331046 1.498
0.082887478 0.09331046 1.498
0.08531978 0.093123585 1.495
0.087918073 0.093123585 1.495
0.090334728 0.092936717 1.492
0.092927814 0.092936717 1.492
0.095520899 0.092936717 1.492
0.098113976 0.092936717 1.492
0.10070706 0.092936717 1.492
0.10330014 0.092936717 1.492
0.10589322 0.092936717 1.492
0.1084863 0.092936717 1.492
0.11107939 0.092936717 1.492
0.11390103 0.093123585 1.495
0.11649933 0.093123585 1.495
0.11909763 0.093123585 1.495
0.12169592 0.093123585 1.495
0.1240448 0.092936717 1.492
0.12663788 0.092936717 1.492
0.12923096 0.092936717 1.492
0.13182405 0.092936717 1.492
0.13441712 0.092936717 1.492
0.1370102 0.092936717 1.492
0.13960329 0.092936717 1.492
0.14248228 0.093123585 1.495
0.14508058 0.093123585 1.495
0.14767888 0.093123585 1.495
-0.13841085 0.095913969 1.498
-0.13580735 0.095913969 1.498
-0.13320383 0.095913969 1.498
-0.13060032 0.095913969 1.498
-0.12799682 0.095913969 1.498
-0.1253933 0.095913969 1.498
-0.11497927 0.095913969 1.498
-0.11237576 0.095913969 1.498
-0.10977224 0.095913969 1.498
-0.10716873 0.095913969 1.498
-0.10435581 0.095721886 1.495
-0.10175752 0.095721886 1.495
-0.099159226 0.095721886 1.495
-0.096560925 0.095721886 1.495
-0.093962632 0.095721886 1.495
-0.091364339 0.095721886 1.495
-0.088766038 0.095721886 1.495
-0.086340658 0.095913969 1.498
-0.08373715 0.095913969 1.498
-0.081133634 0.095913969 1.498
-0.078530125 0.095913969 1.498
-0.075926617 0.095913969 1.498
-0.073323108 0.095913969 1.498
-0.0707196 0.095913969 1.498
-0.067979671 0.095721886 1.495
-0.065381378 0.095721886 1.495
-0.062783085 0.095721886 1.495
-0.060184784 0.095721886 1.495
-0.057586491 0.095721886 1.495
-0.054988194 0.095721886 1.495
-0.052389897 0.095721886 1.495
-0.049791604 0.095721886 1.495
-0.047193307 0.095721886 1.495
-0.044595011 0.095721886 1.495
-0.041996714 0.095721886 1.495
-0.039398421 0.095721886 1.495
-0.036800124 0.095721886 1.495
-0.034270462 0.095913969 1.498
-0.031666949 0.095913969 1.498
-0.029063441 0.095913969 1.498
-0.02645993 0.095913969 1.498
-0.00042483292 0.095913969 1.498
0.0021786769 0.095913969 1.498
0.0047821868 0.095913969 1.498
0.0073856968 0.095913969 1.498
0.0099892067 0.095913969 1.498
0.012592716 0.095913969 1.498
0.015196226 0.095913969 1.498
0.017799735 0.095913969 1.498
0.020403245 0.095913969 1.498
0.023006756 0.095913969 1.498
0.025610264 0.095913969 1.498
0.028213775 0.095913969 1.498
0.030817285 0.095913969 1.498
0.033420794 0.095913969 1.498
0.036024306 0.095913969 1.498
0.038627815 0.095913969 1.498
0.041231323 0.095913969 1.498
0.043834835 0.095913969 1.498
0.046438344 0.095913969 1.498
0.049041852 0.095913969 1.498
0.051645365 0.095913969 1.498
0.077680461 0.095913969 1.498
0.08028397 0.095913969 1.498
0.082887478 0.095913969 1.498
0.08531978 0.095721886 1.495
0.087918073 0.095721886 1.495
0.090516374 0.095721886 1.495
0.092927814 0.095529795 1.492
0.095520899 0.095529795 1.492
0.098113976 0.095529795 1.492
0.10070706 0.095529795 1.492
0.10330014 0.095529795 1.492
0.10589322 0.095529795 1.492
0.1084863 0.095529795 1.492
0.11107939 0.095529795 1.492
0.11390103 0.095721886 1.495
0.11649933 0.095721886 1.495
0.11909763 0.095721886 1.495
0.12169592 0.095721886 1.495
0.1240448 0.095529795 1.492
0.12663788 0.095529795 1.492
0.12923096 0.095529795 1.492
0.13182405 0.095529795 1.492
0.13441712 0.095529795 1.492
0.1370102 0.095529795 1.492
0.139884 0.095721886 1.495
0.14248228 0.095721886 1.495
0.14508058 0.095721886 1.495
0.14767888 0.095721886 1.495
-0.13841085 0.098517478 1.498
-0.13580735 0.098517478 1.498
-0.13320383 0.098517478 1.498
-0.13060032 0.098517478 1.498
-0.12799682 0.098517478 1.498
-0.1253933 0.098517478 1.498
-0.11497927 0.098517478 1.498
-0.11237576 0.098517478 1.498
-0.10977224 0.098517478 1.498
-0.10716873 0.098517478 1.498
-0.10456523 0.098517478 1.498
-0.10196172 0.098517478 1.498
-0.099358208 0.098517478 1.498
-0.096560925 0.098320179 1.495
-0.093962632 0.098320179 1.495
-0.091364339 0.098320179 1.495
-0.088766038 0.098320179 1.495
-0.086340658 0.098517478 1.498
-0.08373715 0.098517478 1.498
-0.081133634 0.098517478 1.498
-0.078530125 0.098517478 1.498
-0.075926617 0.098517478 1.498
-0.073323108 0.098517478 1.498
-0.0707196 0.098517478 1.498
-0.067979671 0.098320179 1.495
-0.065381378 0.098320179 1.495
-0.062783085 0.098320179 1.495
-0.060184784 0.098320179 1.495
-0.057586491 0.098320179 1.495
-0.054988194 0.098320179 1.495
-0.052389897 0.098320179 1.495
-0.049791604 0.098320179 1.495
-0.047193307 0.098320179 1.495
-0.044595011 0.098320179 1.495
-0.041996714 0.098320179 1.495
-0.039398421 0.098320179 1.495
-0.036800124 0.098320179 1.495
-0.034270462 0.098517478 1.498
-0.031666949 0.098517478 1.498
-0.029063441 0.098517478 1.498
-0.02645993 0.098517478 1.498
-0.0030283427 0.098517478 1.498
-0.00042483292 0.098517478 1.498
0.0021786769 0.098517478 1.498
0.0047821868 0.098517478 1.498
0.0073856968 0.098517478 1.498
0.0099892067 0.098517478 1.498
0.012592716 0.098517478 1.498
0.015196226 0.098517478 1.498
0.017799735 0.098517478 1.498
0.020403245 0.098517478 1.498
0.023006756 0.098517478 1.498
0.025610264 0.098517478 1.498
0.028213775 0.098517478 1.498
0.030817285 0.098517478 1.498
0.033420794 0.098517478 1.498
0.035952158 0.098320179 1.495
0.038550455 0.098320179 1.495
0.041231323 0.098517478 1.498
0.043834835 0.098517478 1.498
0.046438344 0.098517478 1.498
0.049041852 0.098517478 1.498
0.051645365 0.098517478 1.498
0.054248873 0.098517478 1.498
0.056852382 0.098517478 1.498
0.08028397 0.098517478 1.498
0.082887478 0.098517478 1.498
0.085490994 0.098517478 1.498
0.087918073 0.098320179 1.495
0.090516374 0.098320179 1.495
0.093114667 0.098320179 1.495
0.095520899 0.09812288 1.492
0.098113976 0.09812288 1.492
0.10070706 0.09812288 1.492
0.10330014 0.09812288 1.492
0.10589322 0.09812288 1.492
0.1084863 0.09812288 1.492
0.11130274 0.098320179 1.495
0.11390103 0.098320179 1.495
0.11649933 0.098320179 1.495
0.11909763 0.098320179 1.495
0.12169592 0.098320179 1.495
0.12429421 0.098320179 1.495
0.12689251 0.098320179 1.495
0.12949081 0.098320179 1.495
0.13208911 0.098320179 1.495
0.13468739 0.098320179 1.495
0.13728569 0.098320179 1.495
0.139884 0.098320179 1.495
0.14248228 0.098320179 1.495
0.14508058 0.098320179 1.495
0.14767888 0.098320179 1.495
-0.13841085 0.10112099 1.498
-0.13580735 0.10112099 1.498
-0.13320383 0.10112099 1.498
-0.13060032 0.10112099 1.498
-0.12799682 0.10112099 1.498
-0.1253933 0.10112099 1.498
-0.11497927 0.10112099 1.498
-0.11237576 0.10112099 1.498
-0.10977224 0.10112099 1.498
-0.10716873 0.10112099 1.498
-0.10456523 0.10112099 1.498
-0.10196172 0.10112099 1.498
-0.099358208 0.10112099 1.498
-0.0967547 0.10112099 1.498
-0.094151184 0.10112099 1.498
-0.091547675 0.10112099 1.498
-0.088944167 0.10112099 1.498
-0.086340658 0.10112099 1.498
-0.08373715 0.10112099 1.498
-0.081133634 0.10112099 1.498
-0.078530125 0.10112099 1.498
-0.075926617 0.10112099 1.498
-0.073323108 0.10112099 1.498
-0.0707196 0.10112099 1.498
-0.067979671 0.10091847 1.495
-0.065381378 0.10091847 1.495
-0.062783085 0.10091847 1.495
-0.060184784 0.10091847 1.495
-0.057586491 0.10091847 1.495
-0.054988194 0.10091847 1.495
-0.052389897 0.10091847 1.495
-0.049791604 0.10091847 1.495
-0.047193307 0.10091847 1.495
-0.044595011 0.10091847 1.495
-0.041996714 0.10091847 1.495
-0.039398421 0.10091847 1.495
-0.036800124 0.10091847 1.495
-0.034270462 0.10112099 1.498
-0.031666949 0.10112099 1.498
-0.029063441 0.10112099 1.498
-0.02645993 0.10112099 1.498
-0.0030283427 0.10112099 1.498
-0.00042483292 0.10112099 1.498
0.0021786769 0.10112099 1.498
0.0047821868 0.10112099 1.498
0.0073856968 0.10112099 1.498
0.0099892067 0.10112099 1.498
0.012592716 0.10112099 1.498
0.015196226 0.10112099 1.498
0.017799735 0.10112099 1.498
0.020403245 0.10112099 1.498
0.023006756 0.10112099 1.498
0.025610264 0.10112099 1.498
0.028213775 0.10112099 1.498
0.030817285 0.10112099 1.498
0.033420794 0.10112099 1.498
0.035952158 0.10091847 1.495
0.038550455 0.10091847 1.495
0.041231323 0.10112099 1.498
0.043834835 0.10112099 1.498
0.046438344 0.10112099 1.498
0.049041852 0.10112099 1.498
0.051645365 0.10112099 1.498
0.054248873 0.10112099 1.498
0.056852382 0.10112099 1.498
0.059455894 0.10112099 1.498
0.077680461 0.10112099 1.498
0.08028397 0.10112099 1.498
0.082887478 0.10112099 1.498
0.085490994 0.10112099 1.498
0.088094503 0.10112099 1.498
0.090516374 0.10091847 1.495
0.093114667 0.10091847 1.495
0.09571296 0.10091847 1.495
0.09831126 0.10091847 1.495
0.10070706 0.10071596 1.492
0.10330014 0.10071596 1.492
0.10589322 0.10071596 1.492
0.10870444 0.10091847 1.495
0.11130274 0.10091847 1.495
0.11390103 0.10091847 1.495
0.11649933 0.10091847 1.495
0.11909763 0.10091847 1.495
0.12169592 0.10091847 1.495
0.12429421 0.10091847 1.495
0.12689251 0.10091847 1.495
0.12949081 0.10091847 1.495
0.13208911 0.10091847 1.495
0.13468739 0.10091847 1.495
0.13728569 0.10091847 1.495
0.139884 0.10091847 1.495
0.14248228 0.10091847 1.495
0.14508058 0.10091847 1.495
0.14767888 0.10091847 1.495
-0.13841085 0.10372449 1.498
-0.13580735 0.10372449 1.498
-0.13320383 0.10372449 1.498
-0.13060032 0.10372449 1.498
-0.12799682 0.10372449 1.498
-0.1253933 0.10372449 1.498
-0.11497927 0.10372449 1.498
-0.11237576 0.10372449 1.498
-0.10977224 0.10372449 1.498
-0.10716873 0.10372449 1.498
-0.10456523 0.10372449 1.498
-0.10196172 0.10372449 1.498
-0.099358208 0.10372449 1.498
-0.0967547 0.10372449 1.498
-0.094151184 0.10372449 1.498
-0.091547675 0.10372449 1.498
-0.088944167 0.10372449 1.498
-0.086340658 0.10372449 1.498
-0.08373715 0.10372449 1.498
-0.081133634 0.10372449 1.498
-0.078530125 0.10372449 1.498
-0.075926617 0.10372449 1.498
-0.073323108 0.10372449 1.498
-0.0707196 0.10372449 1.498
-0.067979671 0.10351677 1.495
-0.065381378 0.10351677 1.495
-0.062783085 0.10351677 1.495
-0.060184784 0.10351677 1.495
-0.057586491 0.10351677 1.495
-0.054988194 0.10351677 1.495
-0.052389897 0.10351677 1.495
-0.049791604 0.10351677 1.495
-0.047193307 0.10351677 1.495
-0.044595011 0.10351677 1.495
-0.041996714 0.10351677 1.495
-0.039398421 0.10351677 1.495
-0.03687397 0.10372449 1.498
-0.034270462 0.10372449 1.498
-0.031666949 0.10372449 1.498
-0.029063441 0.10372449 1.498
-0.02645993 0.10372449 1.498
-0.0082353624 0.10372449 1.498
-0.0056318524 0.10372449 1.498
-0.0030283427 0.10372449 1.498
-0.00042483292 0.10372449 1.498
0.0021786769 0.10372449 1.498
0.0047821868 0.10372449 1.498
0.0073856968 0.10372449 1.498
0.0099892067 0.10372449 1.498
0.012592716 0.10372449 1.498
0.015196226 0.10372449 1.498
0.017799735 0.10372449 1.498
0.020403245 0.10372449 1.498
0.023006756 0.10372449 1.498
0.025610264 0.10372449 1.498
0.028213775 0.10372449 1.498
0.030755568 0.10351677 1.495
0.033353865 0.10351677 1.495
0.035952158 0.10351677 1.495
0.038550455 0.10351677 1.495
0.041231323 0.10372449 1.498
0.043834835 0.10372449 1.498
0.046438344 0.10372449 1.498
0.049041852 0.10372449 1.498
0.051645365 0.10372449 1.498
0.054248873 0.10372449 1.498
0.056852382 0.10372449 1.498
0.059455894 0.10372449 1.498
0.062059402 0.10372449 1.498
0.064662911 0.10372449 1.498
0.06726642 0.10372449 1.498
0.075076953 0.10372449 1.498
0.077680461 0.10372449 1.498
0.08028397 0.10372449 1.498
0.082887478 0.10372449 1.498
0.085490994 0.10372449 1.498
0.088094503 0.10372449 1.498
0.090698011 0.10372449 1.498
0.09330152 0.10372449 1.498
0.09571296 0.10351677 1.495
0.09831126 0.10351677 1.495
0.10090955 0.10351677 1.495
0.10350785 0.10351677 1.495
0.10610615 0.10351677 1.495
0.10870444 0.10351677 1.495
0.11130274 0.10351677 1.495
0.11390103 0.10351677 1.495
0.11649933 0.10351677 1.495
0.11909763 0.10351677 1.495
0.12169592 0.10351677 1.495
0.12429421 0.10351677 1.495
0.12689251 0.10351677 1.495
0.12949081 0.10351677 1.495
0.13208911 0.10351677 1.495
0.13468739 0.10351677 1.495
0.13728569 0.10351677 1.495
0.139884 0.10351677 1.495
0.14248228 0.10351677 1.495
0.14508058 0.10351677 1.495
0.14767888 0.10351677 1.495
-0.13841085 0.10632801 1.498
-0.13580735 0.10632801 1.498
-0.13320383 0.10632801 1.498
-0.13060032 0.10632801 1.498
-0.12799682 0.10632801 1.498
-0.1253933 0.10632801 1.498
-0.11497927 0.10632801 1.498
-0.11237576 0.10632801 1.498
-0.10977224 0.10632801 1.498
-0.10716873 0.10632801 1.498
-0.10456523 0.10632801 1.498
-0.10196172 0.10632801 1.498
-0.099358208 0.10632801 1.498
-0.0967547 0.10632801 1.498
-0.094151184 0.10632801 1.498
-0.091547675 0.10632801 1.498
-0.088944167 0.10632801 1.498
-0.086340658 0.10632801 1.498
-0.08373715 0.10632801 1.498
-0.081133634 0.10632801 1.498
-0.078530125 0.10632801 1.498
-0.075926617 0.10632801 1.498
-0.073323108 0.10632801 1.498
-0.0707196 0.10632801 1.498
-0.068116091 0.10632801 1.498
-0.065381378 0.10611507 1.495
-0.062783085 0.10611507 1.495
-0.060184784 0.10611507 1.495
-0.057586491 0.10611507 1.495
-0.054988194 0.10611507 1.495
-0.052389897 0.10611507 1.495
-0.049791604 0.10611507 1.495
-0.047193307 0.10611507 1.495
-0.044595011 0.10611507 1.495
-0.041996714 0.10611507 1.495
-0.039398421 0.10611507 1.495
-0.03687397 0.10632801 1.498
-0.034270462 0.10632801 1.498
-0.031666949 0.10632801 1.498
-0.029063441 0.10632801 1.498
-0.0082353624 0.10632801 1.498
-0.0056318524 0.10632801 1.498
-0.0030283427 0.10632801 1.498
-0.00042483292 0.10632801 1.498
0.0021786769 0.10632801 1.498
0.0047821868 0.10632801 1.498
0.0073856968 0.10632801 1.498
0.0099892067 0.10632801 1.498
0.012592716 0.10632801 1.498
0.015196226 0.10632801 1.498
0.017799735 0.10632801 1.498
0.020403245 0.10632801 1.498
0.023006756 0.10632801 1.498
0.025610264 0.10632801 1.498
0.028157271 0.10611507 1.495
0.030755568 0.10611507 1.495
0.033353865 0.10611507 1.495
0.035952158 0.10611507 1.495
0.038550455 0.10611507 1.495
0.041148752 0.10611507 1.495
0.043747045 0.10611507 1.495
0.046438344 0.10632801 1.498
0.049041852 0.10632801 1.498
0.051645365 0.10632801 1.498
0.054140229 0.10611507 1.495
0.056852382 0.10632801 1.498
0.059455894 0.10632801 1.498
0.061935116 0.10611507 1.495
0.064662911 0.10632801 1.498
0.06726642 0.10632801 1.498
0.069869936 0.10632801 1.498
0.072473444 0.10632801 1.498
0.075076953 0.10632801 1.498
0.077680461 0.10632801 1.498
0.08028397 0.10632801 1.498
0.082887478 0.10632801 1.498
0.085490994 0.10632801 1.498
0.088094503 0.10632801 1.498
0.090698011 0.10632801 1.498
0.09330152 0.10632801 1.498
0.095905028 0.10632801 1.498
0.09831126 0.10611507 1.495
0.10090955 0.10611507 1.495
0.10350785 0.10611507 1.495
0.10610615 0.10611507 1.495
0.10870444 0.10611507 1.495
0.11130274 0.10611507 1.495
0.11390103 0.10611507 1.495
0.11649933 0.10611507 1.495
0.11909763 0.10611507 1.495
0.12169592 0.10611507 1.495
0.12429421 0.10611507 1.495
0.12689251 0.10611507 1.495
0.12949081 0.10611507 1.495
0.13208911 0.10611507 1.495
0.13468739 0.10611507 1.495
0.13728569 0.10611507 1.495
0.139884 0.10611507 1.495
0.14248228 0.10611507 1.495
0.14508058 0.10611507 1.495
0.14767888 0.10611507 1.495
-0.13841085 0.10893152 1.498
-0.13580735 0.10893152 1.498
-0.13320383 0.10893152 1.498
-0.13060032 0.10893152 1.498
-0.12799682 0.10893152 1.498
-0.1253933 0.10893152 1.498
-0.12278979 0.10893152 1.498
-0.12018628 0.10893152 1.498
-0.11758278 0.10893152 1.498
-0.11497927 0.10893152 1.498
-0.11237576 0.10893152 1.498
-0.10977224 0.10893152 1.498
-0.10716873 0.10893152 1.498
-0.10456523 0.10893152 1.498
-0.10196172 0.10893152 1.498
-0.099358208 0.10893152 1.498
-0.0967547 0.10893152 1.498
-0.094151184 0.10893152 1.498
-0.091547675 0.10893152 1.498
-0.088944167 0.10893152 1.498
-0.086340658 0.10893152 1.498
-0.08373715 0.10893152 1.498
-0.081133634 0.10893152 1.498
-0.078530125 0.10893152 1.498
-0.075926617 0.10893152 1.498
-0.073323108 0.10893152 1.498
-0.0707196 0.10893152 1.498
-0.068116091 0.10893152 1.498
-0.065512575 0.10893152 1.498
-0.062783085 0.10871336 1.495
-0.060184784 0.10871336 1.495
-0.057586491 0.10871336 1.495
-0.054988194 0.10871336 1.495
-0.052389897 0.10871336 1.495
-0.049791604 0.10871336 1.495
-0.047193307 0.10871336 1.495
-0.044595011 0.10871336 1.495
-0.041996714 0.10871336 1.495
-0.039398421 0.10871336 1.495
-0.03687397 0.10893152 1.498
-0.034270462 0.10893152 1.498
-0.031666949 0.10893152 1.498
-0.029063441 0.10893152 1.498
-0.0056318524 0.10893152 1.498
-0.0030283427 0.10893152 1.498
-0.00042483292 0.10893152 1.498
0.0021786769 0.10893152 1.498
0.0047821868 0.10893152 1.498
0.0073856968 0.10893152 1.498
0.0099892067 0.10893152 1.498
0.012592716 0.10893152 1.498
0.015196226 0.10893152 1.498
0.017799735 0.10893152 1.498
0.020403245 0.10893152 1.498
0.023006756 0.10893152 1.498
0.025610264 0.10893152 1.498
0.028157271 0.10871336 1.495
0.030755568 0.10871336 1.495
0.033353865 0.10871336 1.495
0.035952158 0.10871336 1.495
0.038550455 0.10871336 1.495
0.041148752 0.10871336 1.495
0.043747045 0.10871336 1.495
0.046345342 0.10871336 1.495
0.049041852 0.10893152 1.498
0.051541936 0.10871336 1.495
0.054140229 0.10871336 1.495
0.056738526 0.10871336 1.495
0.059336822 0.10871336 1.495
0.061935116 0.10871336 1.495
0.064533412 0.10871336 1.495
0.067131706 0.10871336 1.495
0.069869936 0.10893152 1.498
0.072473444 0.10893152 1.498
0.075076953 0.10893152 1.498
0.077680461 0.10893152 1.498
0.08028397 0.10893152 1.498
0.082887478 0.10893152 1.498
0.085490994 0.10893152 1.498
0.088094503 0.10893152 1.498
0.090698011 0.10893152 1.498
0.09330152 0.10893152 1.498
0.095905028 0.10893152 1.498
0.098508537 0.10893152 1.498
0.10090955 0.10871336 1.495
0.10350785 0.10871336 1.495
0.10610615 0.10871336 1.495
0.10870444 0.10871336 1.495
0.11130274 0.10871336 1.495
0.11390103 0.10871336 1.495
0.11649933 0.10871336 1.495
0.11909763 0.10871336 1.495
0.12169592 0.10871336 1.495
0.12429421 0.10871336 1.495
0.12689251 0.10871336 1.495
0.12949081 0.10871336 1.495
0.13208911 0.10871336 1.495
0.13468739 0.10871336 1.495
0.13728569 0.10871336 1.495
0.139884 0.10871336 1.495
0.14248228 0.10871336 1.495
0.14508058 0.10871336 1.495
0.14767888 0.10871336 1.495
-0.13841085 0.11153503 1.498
-0.13580735 0.11153503 1.498
-0.13320383 0.11153503 1.498
-0.13060032 0.11153503 1.498
-0.12799682 0.11153503 1.498
-0.1253933 0.11153503 1.498
-0.12278979 0.11153503 1.498
-0.12018628 0.11153503 1.498
-0.11758278 0.11153503 1.498
-0.11497927 0.11153503 1.498
-0.11237576 0.11153503 1.498
-0.10977224 0.11153503 1.498
-0.10716873 0.11153503 1.498
-0.10456523 0.11153503 1.498
-0.10196172 0.11153503 1.498
-0.099358208 0.11153503 1.498
-0.0967547 0.11153503 1.498
-0.094151184 0.11153503 1.498
-0.091547675 0.11153503 1.498
-0.086340658 0.11153503 1.498
-0.075926617 0.11153503 1.498
-0.073323108 0.11153503 1.498
-0.0707196 0.11153503 1.498
-0.068116091 0.11153503 1.498
-0.065512575 0.11153503 1.498
-0.062909067 0.11153503 1.498
-0.060184784 0.11131166 1.495
-0.057586491 0.11131166 1.495
-0.054988194 0.11131166 1.495
-0.052389897 0.11131166 1.495
-0.049791604 0.11131166 1.495
-0.047193307 0.11131166 1.495
-0.044595011 0.11131166 1.495
-0.041996714 0.11131166 1.495
-0.039398421 0.11131166 1.495
-0.03687397 0.11153503 1.498
-0.034270462 0.11153503 1.498
-0.031666949 0.11153503 1.498
-0.029063441 0.11153503 1.498
-0.02645993 0.11153503 1.498
-0.023856422 0.11153503 1.498
-0.021252912 0.11153503 1.498
-0.0030283427 0.11153503 1.498
0.0073856968 0.11153503 1.498
0.0099892067 0.11153503 1.498
0.012592716 0.11153503 1.498
0.015196226 0.11153503 1.498
0.017799735 0.11153503 1.498
0.020362385 0.11131166 1.495
0.02296068 0.11131166 1.495
0.025610264 0.11153503 1.498
0.028157271 0.11131166 1.495
0.030755568 0.11131166 1.495
0.033353865 0.11131166 1.495
0.035952158 0.11131166 1.495
0.038550455 0.11131166 1.495
0.041148752 0.11131166 1.495
0.043747045 0.11131166 1.495
0.046345342 0.11131166 1.495
0.049041852 0.11153503 1.498
0.051541936 0.11131166 1.495
0.054140229 0.11131166 1.495
0.056738526 0.11131166 1.495
0.059336822 0.11131166 1.495
0.061935116 0.11131166 1.495
0.064533412 0.11131166 1.495
0.067131706 0.11131166 1.495
0.069730006 0.11131166 1.495
0.072473444 0.11153503 1.498
0.075076953 0.11153503 1.498
0.077680461 0.11153503 1.498
0.08028397 0.11153503 1.498
0.082887478 0.11153503 1.498
0.085490994 0.11153503 1.498
0.088094503 0.11153503 1.498
0.090698011 0.11153503 1.498
0.09330152 0.11153503 1.498
0.095905028 0.11153503 1.498
0.098508537 0.11153503 1.498
0.10090955 0.11131166 1.495
0.10350785 0.11131166 1.495
0.10610615 0.11131166 1.495
0.10870444 0.11131166 1.495
0.11130274 0.11131166 1.495
0.11390103 0.11131166 1.495
0.11649933 0.11131166 1.495
0.11909763 0.11131166 1.495
0.12169592 0.11131166 1.495
0.12429421 0.11131166 1.495
0.12689251 0.11131166 1.495
0.12949081 0.11131166 1.495
0.13208911 0.11131166 1.495
0.13468739 0.11131166 1.495
0.13728569 0.11131166 1.495
0.139884 0.11131166 1.495
0.14248228 0.11131166 1.495
0.14508058 0.11131166 1.495
0.14767888 0.11131166 1.495
-0.13580735 0.11413854 1.498
-0.13320383 0.11413854 1.498
-0.13060032 0.11413854 1.498
-0.12799682 0.11413854 1.498
-0.1253933 0.11413854 1.498
-0.12278979 0.11413854 1.498
-0.12018628 0.11413854 1.498
-0.11758278 0.11413854 1.498
-0.11497927 0.11413854 1.498
-0.11237576 0.11413854 1.498
-0.10977224 0.11413854 1.498
-0.10716873 0.11413854 1.498
-0.10456523 0.11413854 1.498
-0.10196172 0.11413854 1.498
-0.099358208 0.11413854 1.498
-0.0967547 0.11413854 1.498
-0.094151184 0.11413854 1.498
-0.091547675 0.11413854 1.498
-0.086340658 0.11413854 1.498
-0.073323108 0.11413854 1.498
-0.0707196 0.11413854 1.498
-0.068116091 0.11413854 1.498
-0.065512575 0.11413854 1.498
-0.062909067 0.11413854 1.498
-0.060305558 0.11413854 1.498
-0.057586491 0.11390995 1.495
-0.054988194 0.11390995 1.495
-0.052389897 0.11390995 1.495
-0.049791604 0.11390995 1.495
-0.047193307 0.11390995 1.495
-0.044595011 0.11390995 1.495
-0.041996714 0.11390995 1.495
-0.039477479 0.11413854 1.498
-0.03687397 0.11413854 1.498
-0.034270462 0.11413854 1.498
-0.031666949 0.11413854 1.498
-0.029063441 0.11413854 1.498
-0.02645993 0.11413854 1.498
-0.023856422 0.11413854 1.498
-0.021252912 0.11413854 1.498
0.0099892067 0.11413854 1.498
0.012592716 0.11413854 1.498
0.015196226 0.11413854 1.498
0.017799735 0.11413854 1.498
0.020362385 0.11390995 1.495
0.02296068 0.11390995 1.495
0.025610264 0.11413854 1.498
0.028157271 0.11390995 1.495
0.030755568 0.11390995 1.495
0.033353865 0.11390995 1.495
0.035952158 0.11390995 1.495
0.038550455 0.11390995 1.495
0.041148752 0.11390995 1.495
0.043747045 0.11390995 1.495
0.046345342 0.11390995 1.495
0.048943639 0.11390995 1.495
0.051541936 0.11390995 1.495
0.054140229 0.11390995 1.495
0.056738526 0.11390995 1.495
0.059336822 0.11390995 1.495
0.061935116 0.11390995 1.495
0.064533412 0.11390995 1.495
0.067131706 0.11390995 1.495
0.069730006 0.11390995 1.495
0.072328299 0.11390995 1.495
0.0749266 0.11390995 1.495
0.077680461 0.11413854 1.498
0.08028397 0.11413854 1.498
0.082887478 0.11413854 1.498
0.085490994 0.11413854 1.498
0.088094503 0.11413854 1.498
0.090698011 0.11413854 1.498
0.09330152 0.11413854 1.498
0.095905028 0.11413854 1.498
0.098508537 0.11413854 1.498
0.10111205 0.11413854 1.498
0.10350785 0.11390995 1.495
0.10610615 0.11390995 1.495
0.10870444 0.11390995 1.495
0.11130274 0.11390995 1.495
0.11390103 0.11390995 1.495
0.11649933 0.11390995 1.495
0.11909763 0.11390995 1.495
0.12169592 0.11390995 1.495
0.12429421 0.11390995 1.495
0.12689251 0.11390995 1.495
0.12949081 0.11390995 1.495
0.13208911 0.11390995 1.495
0.13468739 0.11390995 1.495
0.13728569 0.11390995 1.495
0.139884 0.11390995 1.495
0.14248228 0.11390995 1.495
0.14508058 0.11390995 1.495
0.14767888 0.11390995 1.495
-0.13841085 0.11674204 1.498
-0.13580735 0.11674204 1.498
-0.13320383 0.11674204 1.498
-0.13060032 0.11674204 1.498
-0.12799682 0.11674204 1.498
-0.1253933 0.11674204 1.498
-0.12278979 0.11674204 1.498
-0.12018628 0.11674204 1.498
-0.11758278 0.11674204 1.498
-0.11497927 0.11674204 1.498
-0.11237576 0.11674204 1.498
-0.10977224 0.11674204 1.498
-0.10716873 0.11674204 1.498
-0.10456523 0.11674204 1.498
-0.10196172 0.11674204 1.498
-0.099358208 0.11674204 1.498
-0.0967547 0.11674204 1.498
-0.094151184 0.11674204 1.498
-0.091547675 0.11674204 1.498
-0.088944167 0.11674204 1.498
-0.086340658 0.11674204 1.498
-0.0707196 0.11674204 1.498
-0.068116091 0.11674204 1.498
-0.065512575 0.11674204 1.498
-0.062909067 0.11674204 1.498
-0.060305558 0.11674204 1.498
-0.057586491 0.11650825 1.495
-0.054988194 0.11650825 1.495
-0.052389897 0.11650825 1.495
-0.049791604 0.11650825 1.495
-0.047193307 0.11650825 1.495
-0.044595011 0.11650825 1.495
-0.041996714 0.11650825 1.495
-0.039398421 0.11650825 1.495
-0.03687397 0.11674204 1.498
-0.034270462 0.11674204 1.498
-0.031666949 0.11674204 1.498
-0.029063441 0.11674204 1.498
-0.02645993 0.11674204 1.498
-0.023856422 0.11674204 1.498
-0.021252912 0.11674204 1.498
-0.018649401 0.11674204 1.498
-0.013442382 0.11674204 1.498
-0.010838872 0.11674204 1.498
0.012592716 0.11674204 1.498
0.015196226 0.11674204 1.498
0.017799735 0.11674204 1.498
0.020362385 0.11650825 1.495
0.023006756 0.11674204 1.498
0.025610264 0.11674204 1.498
0.028157271 0.11650825 1.495
0.030755568 0.11650825 1.495
0.033353865 0.11650825 1.495
0.035952158 0.11650825 1.495
0.038550455 0.11650825 1.495
0.041148752 0.11650825 1.495
0.043747045 0.11650825 1.495
0.046345342 0.11650825 1.495
0.048943639 0.11650825 1.495
0.051541936 0.11650825 1.495
0.054140229 0.11650825 1.495
0.056738526 0.11650825 1.495
0.059336822 0.11650825 1.495
0.061935116 0.11650825 1.495
0.064533412 0.11650825 1.495
0.067131706 0.11650825 1.495
0.069730006 0.11650825 1.495
0.072328299 0.11650825 1.495
0.0749266 0.11650825 1.495
0.077524893 0.11650825 1.495
0.08028397 0.11674204 1.498
0.082887478 0.11674204 1.498
0.085490994 0.11674204 1.498
0.088094503 0.11674204 1.498
0.090698011 0.11674204 1.498
0.09330152 0.11674204 1.498
0.095905028 0.11674204 1.498
0.098508537 0.11674204 1.498
0.10111205 0.11674204 1.498
0.10350785 0.11650825 1.495
0.10610615 0.11650825 1.495
0.10892258 0.11674204 1.498
0.11130274 0.11650825 1.495
0.11390103 0.11650825 1.495
0.11649933 0.11650825 1.495
0.11909763 0.11650825 1.495
0.12169592 0.11650825 1.495
0.12429421 0.11650825 1.495
0.12689251 0.11650825 1.495
0.12949081 0.11650825 1.495
0.13208911 0.11650825 1.495
0.13468739 0.11650825 1.495
0.13728569 0.11650825 1.495
0.139884 0.11650825 1.495
0.14248228 0.11650825 1.495
0.14508058 0.11650825 1.495
0.14738253 0.11627445 1.492
0.14997561 0.11627445 1.492
-0.13841085 0.11934555 1.498
-0.13580735 0.11934555 1.498
-0.13320383 0.11934555 1.498
-0.13060032 0.11934555 1.498
-0.12799682 0.11934555 1.498
-0.1253933 0.11934555 1.498
-0.12278979 0.11934555 1.498
-0.12018628 0.11934555 1.498
-0.11758278 0.11934555 1.498
-0.11497927 0.11934555 1.498
-0.11237576 0.11934555 1.498
-0.10977224 0.11934555 1.498
-0.10716873 0.11934555 1.498
-0.10456523 0.11934555 1.498
-0.10196172 0.11934555 1.498
-0.099358208 0.11934555 1.498
-0.0967547 0.11934555 1.498
-0.094151184 0.11934555 1.498
-0.091547675 0.11934555 1.498
-0.088944167 0.11934555 1.498
-0.086340658 0.11934555 1.498
-0.068116091 0.11934555 1.498
-0.065512575 0.11934555 1.498
-0.062909067 0.11934555 1.498
-0.060305558 0.11934555 1.498
-0.05770205 0.11934555 1.498
-0.054988194 0.11910655 1.495
-0.052389897 0.11910655 1.495
-0.049791604 0.11910655 1.495
-0.047193307 0.11910655 1.495
-0.044595011 0.11910655 1.495
-0.041996714 0.11910655 1.495
-0.039398421 0.11910655 1.495
-0.03687397 0.11934555 1.498
-0.034270462 0.11934555 1.498
-0.031666949 0.11934555 1.498
-0.029063441 0.11934555 1.498
-0.02645993 0.11934555 1.498
-0.023856422 0.11934555 1.498
-0.021252912 0.11934555 1.498
-0.018649401 0.11934555 1.498
-0.016045893 0.11934555 1.498
-0.013442382 0.11934555 1.498
-0.010838872 0.11934555 1.498
-0.0082353624 0.11934555 1.498
-0.0056318524 0.11934555 1.498
-0.0030283427 0.11934555 1.498
0.012592716 0.11934555 1.498
0.015196226 0.11934555 1.498
0.017799735 0.11934555 1.498
0.020362385 0.11910655 1.495
0.023006756 0.11934555 1.498
0.025610264 0.11934555 1.498
0.028157271 0.11910655 1.495
0.030755568 0.11910655 1.495
0.033353865 0.11910655 1.495
0.035952158 0.11910655 1.495
0.038550455 0.11910655 1.495
0.041148752 0.11910655 1.495
0.043747045 0.11910655 1.495
0.046345342 0.11910655 1.495
0.048943639 0.11910655 1.495
0.051541936 0.11910655 1.495
0.054140229 0.11910655 1.495
0.056738526 0.11910655 1.495
0.059336822 0.11910655 1.495
0.061810832 0.11886753 1.492
0.064403914 0.11886753 1.492
0.067131706 0.11910655 1.495
0.069730006 0.11910655 1.495
0.072328299 0.11910655 1.495
0.0749266 0.11910655 1.495
0.077524893 0.11910655 1.495
0.080123186 0.11910655 1.495
0.082887478 0.11934555 1.498
0.085490994 0.11934555 1.498
0.088094503 0.11934555 1.498
0.090698011 0.11934555 1.498
0.09330152 0.11934555 1.498
0.095905028 0.11934555 1.498
0.098508537 0.11934555 1.498
0.10111205 0.11934555 1.498
0.10371556 0.11934555 1.498
0.10631907 0.11934555 1.498
0.10892258 0.11934555 1.498
0.11152609 0.11934555 1.498
0.11390103 0.11910655 1.495
0.11649933 0.11910655 1.495
0.11909763 0.11910655 1.495
0.12169592 0.11910655 1.495
0.12429421 0.11910655 1.495
0.12689251 0.11910655 1.495
0.12949081 0.11910655 1.495
0.13208911 0.11910655 1.495
0.13468739 0.11910655 1.495
0.13728569 0.11910655 1.495
0.139884 0.11910655 1.495
0.14248228 0.11910655 1.495
0.14508058 0.11910655 1.495
0.14738253 0.11886753 1.492
0.14997561 0.11886753 1.492
-0.13841085 0.12194907 1.498
-0.13580735 0.12194907 1.498
-0.13320383 0.12194907 1.498
-0.13060032 0.12194907 1.498
-0.12799682 0.12194907 1.498
-0.1253933 0.12194907 1.498
-0.12278979 0.12194907 1.498
-0.12018628 0.12194907 1.498
-0.11758278 0.12194907 1.498
-0.11497927 0.12194907 1.498
-0.11237576 0.12194907 1.498
-0.10977224 0.12194907 1.498
-0.10716873 0.12194907 1.498
-0.10456523 0.12194907 1.498
-0.10196172 0.12194907 1.498
-0.099358208 0.12194907 1.498
-0.0967547 0.12194907 1.498
-0.094151184 0.12194907 1.498
-0.091547675 0.12194907 1.498
-0.088944167 0.12194907 1.498
-0.086340658 0.12194907 1.498
-0.08373715 0.12194907 1.498
-0.0707196 0.12194907 1.498
-0.068116091 0.12194907 1.498
-0.065512575 0.12194907 1.498
-0.062909067 0.12194907 1.498
-0.060305558 0.12194907 1.498
-0.05770205 0.12194907 1.498
-0.054988194 0.12170484 1.495
-0.052389897 0.12170484 1.495
-0.049791604 0.12170484 1.495
-0.047193307 0.12170484 1.495
-0.044595011 0.12170484 1.495
-0.041996714 0.12170484 1.495
-0.039477479 0.12194907 1.498
-0.03687397 0.12194907 1.498
-0.034270462 0.12194907 1.498
-0.031666949 0.12194907 1.498
-0.029063441 0.12194907 1.498
-0.02645993 0.12194907 1.498
-0.023808645 0.12170484 1.495
-0.021210348 0.12170484 1.495
-0.018612053 0.12170484 1.495
-0.016045893 0.12194907 1.498
-0.013442382 0.12194907 1.498
-0.010838872 0.12194907 1.498
-0.0082353624 0.12194907 1.498
-0.0056318524 0.12194907 1.498
-0.0030283427 0.12194907 1.498
0.012592716 0.12194907 1.498
0.015196226 0.12194907 1.498
0.017799735 0.12194907 1.498
0.020362385 0.12170484 1.495
0.023006756 0.12194907 1.498
0.025558976 0.12170484 1.495
0.028157271 0.12170484 1.495
0.030755568 0.12170484 1.495
0.033353865 0.12170484 1.495
0.035952158 0.12170484 1.495
0.038550455 0.12170484 1.495
0.041148752 0.12170484 1.495
0.043747045 0.12170484 1.495
0.046345342 0.12170484 1.495
0.048943639 0.12170484 1.495
0.051541936 0.12170484 1.495
0.054031588 0.12146062 1.492
0.05662467 0.12146062 1.492
0.059217751 0.12146062 1.492
0.061810832 0.12146062 1.492
0.064403914 0.12146062 1.492
0.066996999 0.12146062 1.492
0.069590077 0.12146062 1.492
0.072183162 0.12146062 1.492
0.0749266 0.12170484 1.495
0.077524893 0.12170484 1.495
0.080123186 0.12170484 1.495
0.082721487 0.12170484 1.495
0.085490994 0.12194907 1.498
0.088094503 0.12194907 1.498
0.090698011 0.12194907 1.498
0.09330152 0.12194907 1.498
0.095905028 0.12194907 1.498
0.098508537 0.12194907 1.498
0.10111205 0.12194907 1.498
0.10371556 0.12194907 1.498
0.10631907 0.12194907 1.498
0.10892258 0.12194907 1.498
0.11152609 0.12194907 1.498
0.11390103 0.12170484 1.495
0.11649933 0.12170484 1.495
0.11909763 0.12170484 1.495
0.12169592 0.12170484 1.495
0.12429421 0.12170484 1.495
0.12689251 0.12170484 1.495
0.12949081 0.12170484 1.495
0.13208911 0.12170484 1.495
0.13468739 0.12170484 1.495
0.13728569 0.12170484 1.495
0.139884 0.12170484 1.495
0.14248228 0.12170484 1.495
0.14508058 0.12170484 1.495
0.14738253 0.12146062 1.492
0.14997561 0.12146062 1.492
-0.13580735 0.12455258 1.498
-0.13320383 0.12455258 1.498
-0.13060032 0.12455258 1.498
-0.12799682 0.12455258 1.498
-0.1253933 0.12455258 1.498
-0.12278979 0.12455258 1.498
-0.12018628 0.12455258 1.498
-0.11758278 0.12455258 1.498
-0.11497927 0.12455258 1.498
-0.11237576 0.12455258 1.498
-0.10977224 0.12455258 1.498
-0.10716873 0.12455258 1.498
-0.10456523 0.12455258 1.498
-0.10196172 0.12455258 1.498
-0.099358208 0.12455258 1.498
-0.0967547 0.12455258 1.498
-0.094151184 0.12455258 1.498
-0.091547675 0.12455258 1.498
-0.088944167 0.12455258 1.498
-0.086340658 0.12455258 1.498
-0.08373715 0.12455258 1.498
-0.081133634 0.12455258 1.498
-0.078530125 0.12455258 1.498
-0.073323108 0.12455258 1.498
-0.0707196 0.12455258 1.498
-0.068116091 0.12455258 1.498
-0.065512575 0.12455258 1.498
-0.062909067 0.12455258 1.498
-0.060184784 0.12430314 1.495
-0.057586491 0.12430314 1.495
-0.054988194 0.12430314 1.495
-0.052389897 0.12430314 1.495
-0.049791604 0.12430314 1.495
-0.047193307 0.12430314 1.495
-0.044595011 0.12430314 1.495
-0.041996714 0.12430314 1.495
-0.039398421 0.12430314 1.495
-0.036800124 0.12430314 1.495
-0.034270462 0.12455258 1.498
-0.03160353 0.12430314 1.495
-0.029005237 0.12430314 1.495
-0.02640694 0.12430314 1.495
-0.023808645 0.12430314 1.495
-0.021210348 0.12430314 1.495
-0.018612053 0.12430314 1.495
-0.016045893 0.12455258 1.498
-0.013442382 0.12455258 1.498
-0.010838872 0.12455258 1.498
-0.0082353624 0.12455258 1.498
-0.0056318524 0.12455258 1.498
-0.0030283427 0.12455258 1.498
0.012592716 0.12455258 1.498
0.015196226 0.12455258 1.498
0.017799735 0.12455258 1.498
0.020362385 0.12430314 1.495
0.02296068 0.12430314 1.495
0.025558976 0.12430314 1.495
0.028157271 0.12430314 1.495
0.030755568 0.12430314 1.495
0.033353865 0.12430314 1.495
0.035952158 0.12430314 1.495
0.038550455 0.12430314 1.495
0.041148752 0.12430314 1.495
0.043747045 0.12430314 1.495
0.046345342 0.12430314 1.495
0.048943639 0.12430314 1.495
0.051541936 0.12430314 1.495
0.054031588 0.12405369 1.492
0.05662467 0.12405369 1.492
0.059217751 0.12405369 1.492
0.061810832 0.12405369 1.492
0.064403914 0.12405369 1.492
0.066996999 0.12405369 1.492
0.069590077 0.12405369 1.492
0.072183162 0.12405369 1.492
0.0749266 0.12430314 1.495
0.077524893 0.12430314 1.495
0.080123186 0.12430314 1.495
0.082721487 0.12430314 1.495
0.08531978 0.12430314 1.495
0.088094503 0.12455258 1.498
0.090698011 0.12455258 1.498
0.09330152 0.12455258 1.498
0.095905028 0.12455258 1.498
0.098508537 0.12455258 1.498
0.10111205 0.12455258 1.498
0.10371556 0.12455258 1.498
0.10631907 0.12455258 1.498
0.10892258 0.12455258 1.498
0.11130274 0.12430314 1.495
0.11390103 0.12430314 1.495
0.11649933 0.12430314 1.495
0.11909763 0.12430314 1.495
0.12169592 0.12430314 1.495
0.12429421 0.12430314 1.495
0.12689251 0.12430314 1.495
0.12949081 0.12430314 1.495
0.13208911 0.12430314 1.495
0.13468739 0.12430314 1.495
0.13728569 0.12430314 1.495
0.139884 0.12430314 1.495
0.14248228 0.12430314 1.495
0.14508058 0.12430314 1.495
0.14767888 0.12430314 1.495
0.14997561 0.12405369 1.492
-0.13580735 0.12715609 1.498
-0.13320383 0.12715609 1.498
-0.13060032 0.12715609 1.498
-0.12799682 0.12715609 1.498
-0.1253933 0.12715609 1.498
-0.12278979 0.12715609 1.498
-0.12018628 0.12715609 1.498
-0.11758278 0.12715609 1.498
-0.11497927 0.12715609 1.498
-0.11237576 0.12715609 1.498
-0.10977224 0.12715609 1.498
-0.10716873 0.12715609 1.498
-0.10456523 0.12715609 1.498
-0.10196172 0.12715609 1.498
-0.099358208 0.12715609 1.498
-0.0967547 0.12715609 1.498
-0.094151184 0.12715609 1.498
-0.091547675 0.12715609 1.498
-0.088944167 0.12715609 1.498
-0.086340658 0.12715609 1.498
-0.08373715 0.12715609 1.498
-0.081133634 0.12715609 1.498
-0.078530125 0.12715609 1.498
-0.075926617 0.12715609 1.498
-0.073323108 0.12715609 1.498
-0.0707196 0.12715609 1.498
-0.068116091 0.12715609 1.498
-0.065512575 0.12715609 1.498
-0.062909067 0.12715609 1.498
-0.060184784 0.12690143 1.495
-0.057586491 0.12690143 1.495
-0.054988194 0.12690143 1.495
-0.052389897 0.12690143 1.495
-0.049791604 0.12690143 1.495
-0.047193307 0.12690143 1.495
-0.044595011 0.12690143 1.495
-0.041996714 0.12690143 1.495
-0.039398421 0.12690143 1.495
-0.036800124 0.12690143 1.495
-0.034201827 0.12690143 1.495
-0.03160353 0.12690143 1.495
-0.029005237 0.12690143 1.495
-0.02640694 0.12690143 1.495
-0.023808645 0.12690143 1.495
-0.021210348 0.12690143 1.495
-0.018612053 0.12690143 1.495
-0.016013756 0.12690143 1.495
-0.013415461 0.12690143 1.495
-0.010838872 0.12715609 1.498
-0.0082353624 0.12715609 1.498
-0.0056318524 0.12715609 1.498
-0.0030283427 0.12715609 1.498
0.012592716 0.12715609 1.498
0.015196226 0.12715609 1.498
0.017799735 0.12715609 1.498
0.020362385 0.12690143 1.495
0.02296068 0.12690143 1.495
0.025558976 0.12690143 1.495
0.028157271 0.12690143 1.495
0.030755568 0.12690143 1.495
0.033353865 0.12690143 1.495
0.035952158 0.12690143 1.495
0.038550455 0.12690143 1.495
0.041148752 0.12690143 1.495
0.043747045 0.12690143 1.495
0.046345342 0.12690143 1.495
0.048943639 0.12690143 1.495
0.051438507 0.12664677 1.492
0.054031588 0.12664677 1.492
0.05662467 0.12664677 1.492
0.059217751 0.12664677 1.492
0.061810832 0.12664677 1.492
0.064403914 0.12664677 1.492
0.066996999 0.12664677 1.492
0.069590077 0.12664677 1.492
0.072183162 0.12664677 1.492
0.0749266 0.12690143 1.495
0.077524893 0.12690143 1.495
0.080123186 0.12690143 1.495
0.082721487 0.12690143 1.495
0.08531978 0.12690143 1.495
0.088094503 0.12715609 1.498
0.090698011 0.12715609 1.498
0.09330152 0.12715609 1.498
0.095905028 0.12715609 1.498
0.098508537 0.12715609 1.498
0.10111205 0.12715609 1.498
0.10371556 0.12715609 1.498
0.10631907 0.12715609 1.498
0.10870444 0.12690143 1.495
0.11130274 0.12690143 1.495
0.11390103 0.12690143 1.495
0.11649933 0.12690143 1.495
0.11909763 0.12690143 1.495
0.12169592 0.12690143 1.495
0.12429421 0.12690143 1.495
0.12689251 0.12690143 1.495
0.12949081 0.12690143 1.495
0.13208911 0.12690143 1.495
0.13468739 0.12690143 1.495
0.13728569 0.12690143 1.495
0.139884 0.12690143 1.495
0.14248228 0.12690143 1.495
0.14508058 0.12690143 1.495
0.14767888 0.12690143 1.495
-0.13060032 0.12975959 1.498
-0.12799682 0.12975959 1.498
-0.1253933 0.12975959 1.498
-0.12278979 0.12975959 1.498
-0.12018628 0.12975959 1.498
-0.11758278 0.12975959 1.498
-0.11497927 0.12975959 1.498
-0.11237576 0.12975959 1.498
-0.10977224 0.12975959 1.498
-0.10716873 0.12975959 1.498
-0.10456523 0.12975959 1.498
-0.10175752 0.12949973 1.495
-0.099159226 0.12949973 1.495
-0.0967547 0.12975959 1.498
-0.094151184 0.12975959 1.498
-0.091547675 0.12975959 1.498
-0.088944167 0.12975959 1.498
-0.086340658 0.12975959 1.498
-0.08373715 0.12975959 1.498
-0.081133634 0.12975959 1.498
-0.078530125 0.12975959 1.498
-0.075926617 0.12975959 1.498
-0.073323108 0.12975959 1.498
-0.0707196 0.12975959 1.498
-0.068116091 0.12975959 1.498
-0.065512575 0.12975959 1.498
-0.062783085 0.12949973 1.495
-0.060184784 0.12949973 1.495
-0.057586491 0.12949973 1.495
-0.054988194 0.12949973 1.495
-0.052389897 0.12949973 1.495
-0.049791604 0.12949973 1.495
-0.047193307 0.12949973 1.495
-0.044595011 0.12949973 1.495
-0.041996714 0.12949973 1.495
-0.039398421 0.12949973 1.495
-0.036800124 0.12949973 1.495
-0.034201827 0.12949973 1.495
-0.03160353 0.12949973 1.495
-0.029005237 0.12949973 1.495
-0.02640694 0.12949973 1.495
-0.023808645 0.12949973 1.495
-0.021210348 0.12949973 1.495
-0.018612053 0.12949973 1.495
-0.016013756 0.12949973 1.495
-0.013442382 0.12975959 1.498
-0.010838872 0.12975959 1.498
-0.0082353624 0.12975959 1.498
-0.0056318524 0.12975959 1.498
0.012592716 0.12975959 1.498
0.015196226 0.12975959 1.498
0.017764088 0.12949973 1.495
0.020362385 0.12949973 1.495
0.02296068 0.12949973 1.495
0.025558976 0.12949973 1.495
0.028157271 0.12949973 1.495
0.030755568 0.12949973 1.495
0.033353865 0.12949973 1.495
0.035952158 0.12949973 1.495
0.038550455 0.12949973 1.495
0.041148752 0.12949973 1.495
0.043747045 0.12949973 1.495
0.046345342 0.12949973 1.495
0.048943639 0.12949973 1.495
0.051438507 0.12923986 1.492
0.054031588 0.12923986 1.492
0.05662467 0.12923986 1.492
0.059217751 0.12923986 1.492
0.061810832 0.12923986 1.492
0.064403914 0.12923986 1.492
0.066996999 0.12923986 1.492
0.069590077 0.12923986 1.492
0.072183162 0.12923986 1.492
0.0749266 0.12949973 1.495
0.077524893 0.12949973 1.495
0.080123186 0.12949973 1.495
0.082721487 0.12949973 1.495
0.085490994 0.12975959 1.498
0.088094503 0.12975959 1.498
0.090698011 0.12975959 1.498
0.10111205 0.12975959 1.498
0.10371556 0.12975959 1.498
0.10610615 0.12949973 1.495
0.10870444 0.12949973 1.495
0.11130274 0.12949973 1.495
0.11390103 0.12949973 1.495
0.11649933 0.12949973 1.495
0.11909763 0.12949973 1.495
0.12169592 0.12949973 1.495
0.12429421 0.12949973 1.495
0.12689251 0.12949973 1.495
0.12949081 0.12949973 1.495
0.13208911 0.12949973 1.495
0.13468739 0.12949973 1.495
0.13728569 0.12949973 1.495
0.139884 0.12949973 1.495
0.14248228 0.12949973 1.495
0.14508058 0.12949973 1.495
0.14767888 0.12949973 1.495
-0.12278979 0.13236311 1.498
-0.12018628 0.13236311 1.498
-0.11758278 0.13236311 1.498
-0.11497927 0.13236311 1.498
-0.11237576 0.13236311 1.498
-0.10977224 0.13236311 1.498
-0.10716873 0.13236311 1.498
-0.10435581 0.13209802 1.495
-0.10175752 0.13209802 1.495
-0.099159226 0.13209802 1.495
-0.096560925 0.13209802 1.495
-0.093962632 0.13209802 1.495
-0.091364339 0.13209802 1.495
-0.088766038 0.13209802 1.495
-0.086340658 0.13236311 1.498
-0.08373715 0.13236311 1.498
-0.081133634 0.13236311 1.498
-0.078530125 0.13236311 1.498
-0.075926617 0.13236311 1.498
-0.073323108 0.13236311 1.498
-0.0707196 0.13236311 1.498
-0.067979671 0.13209802 1.495
-0.065381378 0.13209802 1.495
-0.062783085 0.13209802 1.495
-0.060184784 0.13209802 1.495
-0.057586491 0.13209802 1.495
-0.054988194 0.13209802 1.495
-0.052389897 0.13209802 1.495
-0.049791604 0.13209802 1.495
-0.047193307 0.13209802 1.495
-0.044595011 0.13209802 1.495
-0.041996714 0.13209802 1.495
-0.039398421 0.13209802 1.495
-0.036800124 0.13209802 1.495
-0.034201827 0.13209802 1.495
-0.03160353 0.13209802 1.495
-0.029005237 0.13209802 1.495
-0.02640694 0.13209802 1.495
-0.023808645 0.13209802 1.495
-0.021210348 0.13209802 1.495
-0.018612053 0.13209802 1.495
-0.016013756 0.13209802 1.495
-0.013442382 0.13236311 1.498
-0.010838872 0.13236311 1.498
-0.0082353624 0.13236311 1.498
-0.0056318524 0.13236311 1.498
0.0099892067 0.13236311 1.498
0.012592716 0.13236311 1.498
0.015196226 0.13236311 1.498
0.017764088 0.13209802 1.495
0.020362385 0.13209802 1.495
0.02296068 0.13209802 1.495
0.025558976 0.13209802 1.495
0.028157271 0.13209802 1.495
0.030755568 0.13209802 1.495
0.033353865 0.13209802 1.495
0.035952158 0.13209802 1.495
0.038550455 0.13209802 1.495
0.041148752 0.13209802 1.495
0.043747045 0.13209802 1.495
0.046345342 0.13209802 1.495
0.048845422 0.13183294 1.492
0.051438507 0.13183294 1.492
0.054031588 0.13183294 1.492
0.05662467 0.13183294 1.492
0.059217751 0.13183294 1.492
0.061810832 0.13183294 1.492
0.064403914 0.13183294 1.492
0.066996999 0.13183294 1.492
0.069590077 0.13183294 1.492
0.072183162 0.13183294 1.492
0.0749266 0.13209802 1.495
0.077524893 0.13209802 1.495
0.080123186 0.13209802 1.495
0.082887478 0.13236311 1.498
0.085490994 0.13236311 1.498
0.088094503 0.13236311 1.498
0.090698011 0.13236311 1.498
0.10111205 0.13236311 1.498
0.10371556 0.13236311 1.498
0.10610615 0.13209802 1.495
0.10870444 0.13209802 1.495
0.11130274 0.13209802 1.495
0.11390103 0.13209802 1.495
0.11649933 0.13209802 1.495
0.11885864 0.13183294 1.492
0.12145171 0.13183294 1.492
0.12429421 0.13209802 1.495
0.12689251 0.13209802 1.495
0.12949081 0.13209802 1.495
0.13208911 0.13209802 1.495
0.13468739 0.13209802 1.495
0.13728569 0.13209802 1.495
0.139884 0.13209802 1.495
0.14248228 0.13209802 1.495
0.14508058 0.13209802 1.495
0.14767888 0.13209802 1.495
-0.11497927 0.13496661 1.498
-0.11237576 0.13496661 1.498
-0.10977224 0.13496661 1.498
-0.10716873 0.13496661 1.498
-0.10456523 0.13496661 1.498
-0.10175752 0.13469632 1.495
-0.099159226 0.13469632 1.495
-0.096560925 0.13469632 1.495
-0.093962632 0.13469632 1.495
-0.091364339 0.13469632 1.495
-0.088766038 0.13469632 1.495
-0.086167745 0.13469632 1.495
-0.083569445 0.13469632 1.495
-0.080971152 0.13469632 1.495
-0.078372858 0.13469632 1.495
-0.075774558 0.13469632 1.495
-0.073176265 0.13469632 1.495
-0.070577972 0.13469632 1.495
-0.067979671 0.13469632 1.495
-0.065381378 0.13469632 1.495
-0.062783085 0.13469632 1.495
-0.060184784 0.13469632 1.495
-0.057586491 0.13469632 1.495
-0.054988194 0.13469632 1.495
-0.052389897 0.13469632 1.495
-0.049691685 0.13442603 1.492
-0.047193307 0.13469632 1.495
-0.044595011 0.13469632 1.495
-0.041996714 0.13469632 1.495
-0.039398421 0.13469632 1.495
-0.036800124 0.13469632 1.495
-0.034201827 0.13469632 1.495
-0.03160353 0.13469632 1.495
-0.029005237 0.13469632 1.495
-0.02640694 0.13469632 1.495
-0.023808645 0.13469632 1.495
-0.021210348 0.13469632 1.495
-0.018612053 0.13469632 1.495
-0.016013756 0.13469632 1.495
-0.013415461 0.13469632 1.495
-0.010838872 0.13496661 1.498
-0.0082353624 0.13496661 1.498
-0.0056318524 0.13496661 1.498
0.0099892067 0.13496661 1.498
0.012592716 0.13496661 1.498
0.015165793 0.13469632 1.495
0.017764088 0.13469632 1.495
0.020362385 0.13469632 1.495
0.02296068 0.13469632 1.495
0.025558976 0.13469632 1.495
0.028157271 0.13469632 1.495
0.030755568 0.13469632 1.495
0.033353865 0.13469632 1.495
0.035952158 0.13469632 1.495
0.038550455 0.13469632 1.495
0.041148752 0.13469632 1.495
0.043747045 0.13469632 1.495
0.04625234 0.13442603 1.492
0.048845422 0.13442603 1.492
0.051438507 0.13442603 1.492
0.054031588 0.13442603 1.492
0.05662467 0.13442603 1.492
0.059217751 0.13442603 1.492
0.061810832 0.13442603 1.492
0.064403914 0.13442603 1.492
0.066996999 0.13442603 1.492
0.069590077 0.13442603 1.492
0.072183162 0.13442603 1.492
0.0749266 0.13469632 1.495
0.077524893 0.13469632 1.495
0.080123186 0.13469632 1.495
0.082887478 0.13496661 1.498
0.085490994 0.13496661 1.498
0.088094503 0.13496661 1.498
0.090698011 0.13496661 1.498
0.10111205 0.13496661 1.498
0.10350785 0.13469632 1.495
0.10610615 0.13469632 1.495
0.10870444 0.13469632 1.495
0.11130274 0.13469632 1.495
0.11390103 0.13469632 1.495
0.11626555 0.13442603 1.492
0.11885864 0.13442603 1.492
0.12145171 0.13442603 1.492
0.12429421 0.13469632 1.495
0.12689251 0.13469632 1.495
0.12949081 0.13469632 1.495
0.13208911 0.13469632 1.495
0.13468739 0.13469632 1.495
0.13728569 0.13469632 1.495
0.139884 0.13469632 1.495
0.14248228 0.13469632 1.495
0.14508058 0.13469632 1.495
0.14767888 0.13469632 1.495
-0.11237576 0.13757013 1.498
-0.10977224 0.13757013 1.498
-0.10716873 0.13757013 1.498
-0.10456523 0.13757013 1.498
-0.10175752 0.13729462 1.495
-0.099159226 0.13729462 1.495
-0.096560925 0.13729462 1.495
-0.093962632 0.13729462 1.495
-0.091364339 0.13729462 1.495
-0.088766038 0.13729462 1.495
-0.086167745 0.13729462 1.495
-0.083569445 0.13729462 1.495
-0.080971152 0.13729462 1.495
-0.078372858 0.13729462 1.495
-0.075774558 0.13729462 1.495
-0.073176265 0.13729462 1.495
-0.070577972 0.13729462 1.495
-0.067979671 0.13729462 1.495
-0.065381378 0.13729462 1.495
-0.062783085 0.13729462 1.495
-0.060184784 0.13729462 1.495
-0.057586491 0.13729462 1.495
-0.054988194 0.13729462 1.495
-0.052389897 0.13729462 1.495
-0.049691685 0.13701911 1.492
-0.047193307 0.13729462 1.495
-0.044595011 0.13729462 1.495
-0.041996714 0.13729462 1.495
-0.039398421 0.13729462 1.495
-0.036800124 0.13729462 1.495
-0.034201827 0.13729462 1.495
-0.03160353 0.13729462 1.495
-0.029005237 0.13729462 1.495
-0.02640694 0.13729462 1.495
-0.023808645 0.13729462 1.495
-0.021210348 0.13729462 1.495
-0.018612053 0.13729462 1.495
-0.016013756 0.13729462 1.495
-0.013415461 0.13729462 1.495
-0.010838872 0.13757013 1.498
-0.0082353624 0.13757013 1.498
-0.0056318524 0.13757013 1.498
0.0099892067 0.13757013 1.498
0.012592716 0.13757013 1.498
0.015165793 0.13729462 1.495
0.017764088 0.13729462 1.495
0.020362385 0.13729462 1.495
0.02296068 0.13729462 1.495
0.025558976 0.13729462 1.495
0.028100768 0.13701911 1.492
0.03069385 0.13701911 1.492
0.033286933 0.13701911 1.492
0.035880014 0.13701911 1.492
0.038473096 0.13701911 1.492
0.041148752 0.13729462 1.495
0.043659259 0.13701911 1.492
0.04625234 0.13701911 1.492
0.048845422 0.13701911 1.492
0.051438507 0.13701911 1.492
0.054031588 0.13701911 1.492
0.05662467 0.13701911 1.492
0.059217751 0.13701911 1.492
0.061810832 0.13701911 1.492
0.064403914 0.13701911 1.492
0.066996999 0.13701911 1.492
0.069590077 0.13701911 1.492
0.072183162 0.13701911 1.492
0.0749266 0.13729462 1.495
0.077524893 0.13729462 1.495
0.080123186 0.13729462 1.495
0.082887478 0.13757013 1.498
0.085490994 0.13757013 1.498
0.088094503 0.13757013 1.498
0.090698011 0.13757013 1.498
0.09330152 0.13757013 1.498
0.095905028 0.13757013 1.498
0.098508537 0.13757013 1.498
0.10111205 0.13757013 1.498
0.10350785 0.13729462 1.495
0.10610615 0.13729462 1.495
0.10870444 0.13729462 1.495
0.11130274 0.13729462 1.495
0.11367247 0.13701911 1.492
0.11626555 0.13701911 1.492
0.11885864 0.13701911 1.492
0.12145171 0.13701911 1.492
0.12429421 0.13729462 1.495
0.12689251 0.13729462 1.495
0.12949081 0.13729462 1.495
0.13208911 0.13729462 1.495
0.13468739 0.13729462 1.495
0.13728569 0.13729462 1.495
0.139884 0.13729462 1.495
0.14248228 0.13729462 1.495
0.14508058 0.13729462 1.495
0.14767888 0.13729462 1.495
-0.10977224 0.14017363 1.498
-0.10716873 0.14017363 1.498
-0.10456523 0.14017363 1.498
-0.10175752 0.13989291 1.495
-0.099159226 0.13989291 1.495
-0.096560925 0.13989291 1.495
-0.093962632 0.13989291 1.495
-0.091364339 0.13989291 1.495
-0.088766038 0.13989291 1.495
-0.086167745 0.13989291 1.495
-0.083569445 0.13989291 1.495
-0.080971152 0.13989291 1.495
-0.078372858 0.13989291 1.495
-0.075774558 0.13989291 1.495
-0.073176265 0.13989291 1.495
-0.070577972 0.13989291 1.495
-0.067979671 0.13989291 1.495
-0.065381378 0.13989291 1.495
-0.062783085 0.13989291 1.495
-0.060184784 0.13989291 1.495
-0.057586491 0.13989291 1.495
-0.054988194 0.13989291 1.495
-0.052389897 0.13989291 1.495
-0.049691685 0.13961218 1.492
-0.047193307 0.13989291 1.495
-0.044595011 0.13989291 1.495
-0.041996714 0.13989291 1.495
-0.039398421 0.13989291 1.495
-0.036800124 0.13989291 1.495
-0.034201827 0.13989291 1.495
-0.03160353 0.13989291 1.495
-0.029005237 0.13989291 1.495
-0.02640694 0.13989291 1.495
-0.023808645 0.13989291 1.495
-0.021210348 0.13989291 1.495
-0.018612053 0.13989291 1.495
-0.016013756 0.13989291 1.495
-0.013415461 0.13989291 1.495
-0.010817165 0.13989291 1.495
-0.0082353624 0.14017363 1.498
-0.0056318524 0.14017363 1.498
-0.0030283427 0.14017363 1.498
0.0073856968 0.14017363 1.498
0.0099892067 0.14017363 1.498
0.012592716 0.14017363 1.498
0.015165793 0.13989291 1.495
0.017764088 0.13989291 1.495
0.020362385 0.13989291 1.495
0.02296068 0.13989291 1.495
0.025507687 0.13961218 1.492
0.028100768 0.13961218 1.492
0.03069385 0.13961218 1.492
0.033286933 0.13961218 1.492
0.035880014 0.13961218 1.492
0.038473096 0.13961218 1.492
0.041066177 0.13961218 1.492
0.043659259 0.13961218 1.492
0.04625234 0.13961218 1.492
0.048845422 0.13961218 1.492
0.051438507 0.13961218 1.492
0.054031588 0.13961218 1.492
0.05662467 0.13961218 1.492
0.059217751 0.13961218 1.492
0.061810832 0.13961218 1.492
0.064403914 0.13961218 1.492
0.066996999 0.13961218 1.492
0.069590077 0.13961218 1.492
0.072183162 0.13961218 1.492
0.0749266 0.13989291 1.495
0.077524893 0.13989291 1.495
0.080123186 0.13989291 1.495
0.082887478 0.14017363 1.498
0.085490994 0.14017363 1.498
0.088094503 0.14017363 1.498
0.090698011 0.14017363 1.498
0.09330152 0.14017363 1.498
0.095905028 0.14017363 1.498
0.098508537 0.14017363 1.498
0.10111205 0.14017363 1.498
0.10350785 0.13989291 1.495
0.10610615 0.13989291 1.495
0.10870444 0.13989291 1.495
0.11107939 0.13961218 1.492
0.11367247 0.13961218 1.492
0.11626555 0.13961218 1.492
0.11885864 0.13961218 1.492
0.12145171 0.13961218 1.492
0.12429421 0.13989291 1.495
0.12689251 0.13989291 1.495
0.12949081 0.13989291 1.495
0.13208911 0.13989291 1.495
0.13468739 0.13989291 1.495
0.13728569 0.13989291 1.495
0.139884 0.13989291 1.495
0.14248228 0.13989291 1.495
0.14508058 0.13989291 1.495
0.14767888 0.13989291 1.495
-0.10716873 0.14277714 1.498
-0.10456523 0.14277714 1.498
-0.10196172 0.14277714 1.498
-0.099159226 0.14249121 1.495
-0.096560925 0.14249121 1.495
-0.093962632 0.14249121 1.495
-0.091364339 0.14249121 1.495
-0.088766038 0.14249121 1.495
-0.086167745 0.14249121 1.495
-0.083569445 0.14249121 1.495
-0.080971152 0.14249121 1.495
-0.078372858 0.14249121 1.495
-0.075774558 0.14249121 1.495
-0.073176265 0.14249121 1.495
-0.070577972 0.14249121 1.495
-0.067979671 0.14249121 1.495
-0.065381378 0.14249121 1.495
-0.062783085 0.14249121 1.495
-0.060184784 0.14249121 1.495
-0.057586491 0.14249121 1.495
-0.054988194 0.14249121 1.495
-0.052389897 0.14249121 1.495
-0.049791604 0.14249121 1.495
-0.047193307 0.14249121 1.495
-0.044595011 0.14249121 1.495
-0.041996714 0.14249121 1.495
-0.039398421 0.14249121 1.495
-0.036800124 0.14249121 1.495
-0.034270462 0.14277714 1.498
-0.031666949 0.14277714 1.498
-0.029005237 0.14249121 1.495
-0.02640694 0.14249121 1.495
-0.023808645 0.14249121 1.495
-0.021210348 0.14249121 1.495
-0.018612053 0.14249121 1.495
-0.016013756 0.14249121 1.495
-0.013415461 0.14249121 1.495
-0.010817165 0.14249121 1.495
-0.0082188696 0.14249121 1.495
-0.0056318524 0.14277714 1.498
-0.0030283427 0.14277714 1.498
-0.00042483292 0.14277714 1.498
0.0047821868 0.14277714 1.498
0.0073856968 0.14277714 1.498
0.0099892067 0.14277714 1.498
0.012592716 0.14277714 1.498
0.015165793 0.14249121 1.495
0.017764088 0.14249121 1.495
0.020362385 0.14249121 1.495
0.022914605 0.14220527 1.492
0.025507687 0.14220527 1.492
0.028100768 0.14220527 1.492
0.03069385 0.14220527 1.492
0.033286933 0.14220527 1.492
0.035880014 0.14220527 1.492
0.038473096 0.14220527 1.492
0.041066177 0.14220527 1.492
0.043659259 0.14220527 1.492
0.04625234 0.14220527 1.492
0.048845422 0.14220527 1.492
0.051438507 0.14220527 1.492
0.054031588 0.14220527 1.492
0.05662467 0.14220527 1.492
0.059217751 0.14220527 1.492
0.061810832 0.14220527 1.492
0.064403914 0.14220527 1.492
0.066996999 0.14220527 1.492
0.069590077 0.14220527 1.492
0.072183162 0.14220527 1.492
0.0749266 0.14249121 1.495
0.077524893 0.14249121 1.495
0.080123186 0.14249121 1.495
0.082887478 0.14277714 1.498
0.085490994 0.14277714 1.498
0.088094503 0.14277714 1.498
0.090698011 0.14277714 1.498
0.09330152 0.14277714 1.498
0.095905028 0.14277714 1.498
0.098508537 0.14277714 1.498
0.10111205 0.14277714 1.498
0.10350785 0.14249121 1.495
0.10610615 0.14249121 1.495
0.1084863 0.14220527 1.492
0.11107939 0.14220527 1.492
0.11367247 0.14220527 1.492
0.11626555 0.14220527 1.492
0.11885864 0.14220527 1.492
0.12145171 0.14220527 1.492
0.12429421 0.14249121 1.495
0.12689251 0.14249121 1.495
0.12949081 0.14249121 1.495
0.13208911 0.14249121 1.495
0.13468739 0.14249121 1.495
0.13728569 0.14249121 1.495
0.139884 0.14249121 1.495
0.14248228 0.14249121 1.495
0.14508058 0.14249121 1.495
0.14767888 0.14249121 1.495
-0.10456523 0.14538066 1.498
-0.10196172 0.14538066 1.498
-0.099358208 0.14538066 1.498
-0.096560925 0.14508951 1.495
-0.093962632 0.14508951 1.495
-0.091364339 0.14508951 1.495
-0.088766038 0.14508951 1.495
-0.086167745 0.14508951 1.495
-0.083569445 0.14508951 1.495
-0.080971152 0.14508951 1.495
-0.078372858 0.14508951 1.495
-0.075774558 0.14508951 1.495
-0.073176265 0.14508951 1.495
-0.070577972 0.14508951 1.495
-0.067979671 0.14508951 1.495
-0.065381378 0.14508951 1.495
-0.062783085 0.14508951 1.495
-0.060184784 0.14508951 1.495
-0.057586491 0.14508951 1.495
-0.054988194 0.14508951 1.495
-0.052389897 0.14508951 1.495
-0.049791604 0.14508951 1.495
-0.047193307 0.14508951 1.495
-0.044595011 0.14508951 1.495
-0.041996714 0.14508951 1.495
-0.039398421 0.14508951 1.495
-0.03687397 0.14538066 1.498
-0.034270462 0.14538066 1.498
-0.031666949 0.14538066 1.498
-0.029063441 0.14538066 1.498
-0.02640694 0.14508951 1.495
-0.023808645 0.14508951 1.495
-0.021210348 0.14508951 1.495
-0.018612053 0.14508951 1.495
-0.016013756 0.14508951 1.495
-0.013415461 0.14508951 1.495
-0.010817165 0.14508951 1.495
-0.0082188696 0.14508951 1.495
-0.0056205736 0.14508951 1.495
-0.0030283427 0.14538066 1.498
-0.00042483292 0.14538066 1.498
0.0021786769 0.14538066 1.498
0.0047821868 0.14538066 1.498
0.0073856968 0.14538066 1.498
0.0099892067 0.14538066 1.498
0.012592716 0.14538066 1.498
0.015165793 0.14508951 1.495
0.017764088 0.14508951 1.495
0.020321524 0.14479835 1.492
0.022914605 0.14479835 1.492
0.025507687 0.14479835 1.492
0.028100768 0.14479835 1.492
0.03069385 0.14479835 1.492
0.033286933 0.14479835 1.492
0.035880014 0.14479835 1.492
0.038473096 0.14479835 1.492
0.041066177 0.14479835 1.492
0.043659259 0.14479835 1.492
0.04625234 0.14479835 1.492
0.048845422 0.14479835 1.492
0.051438507 0.14479835 1.492
0.054031588 0.14479835 1.492
0.05662467 0.14479835 1.492
0.059217751 0.14479835 1.492
0.061810832 0.14479835 1.492
0.064403914 0.14479835 1.492
0.066996999 0.14479835 1.492
0.069590077 0.14479835 1.492
0.072183162 0.14479835 1.492
0.0749266 0.14508951 1.495
0.077524893 0.14508951 1.495
0.080123186 0.14508951 1.495
0.082887478 0.14538066 1.498
0.085490994 0.14538066 1.498
0.088094503 0.14538066 1.498
0.090698011 0.14538066 1.498
0.09330152 0.14538066 1.498
0.095905028 0.14538066 1.498
0.098508537 0.14538066 1.498
0.10090955 0.14508951 1.495
0.10350785 0.14508951 1.495
0.10589322 0.14479835 1.492
0.1084863 0.14479835 1.492
0.11107939 0.14479835 1.492
0.11367247 0.14479835 1.492
0.11626555 0.14479835 1.492
0.11885864 0.14479835 1.492
0.12169592 0.14508951 1.495
0.12429421 0.14508951 1.495
0.12689251 0.14508951 1.495
0.12949081 0.14508951 1.495
0.13208911 0.14508951 1.495
0.13468739 0.14508951 1.495
0.13728569 0.14508951 1.495
0.139884 0.14508951 1.495
0.14248228 0.14508951 1.495
0.14508058 0.14508951 1.495
0.14767888 0.14508951 1.495
-0.10456523 0.14798416 1.498
-0.10196172 0.14798416 1.498
-0.099358208 0.14798416 1.498
-0.0967547 0.14798416 1.498
-0.093962632 0.14768779 1.495
-0.091364339 0.14768779 1.495
-0.088766038 0.14768779 1.495
-0.086167745 0.14768779 1.495
-0.083569445 0.14768779 1.495
-0.080971152 0.14768779 1.495
-0.078372858 0.14768779 1.495
-0.075774558 0.14768779 1.495
-0.073176265 0.14768779 1.495
-0.070577972 0.14768779 1.495
-0.067979671 0.14768779 1.495
-0.065381378 0.14768779 1.495
-0.062783085 0.14768779 1.495
-0.060184784 0.14768779 1.495
-0.057586491 0.14768779 1.495
-0.054988194 0.14768779 1.495
-0.052389897 0.14768779 1.495
-0.049791604 0.14768779 1.495
-0.047193307 0.14768779 1.495
-0.044595011 0.14768779 1.495
-0.041996714 0.14768779 1.495
-0.039477479 0.14798416 1.498
-0.03687397 0.14798416 1.498
-0.034270462 0.14798416 1.498
-0.031666949 0.14798416 1.498
-0.029063441 0.14798416 1.498
-0.02645993 0.14798416 1.498
-0.023808645 0.14768779 1.495
-0.021210348 0.14768779 1.495
-0.018612053 0.14768779 1.495
-0.016013756 0.14768779 1.495
-0.013415461 0.14768779 1.495
-0.010817165 0.14768779 1.495
-0.0082188696 0.14768779 1.495
-0.0056205736 0.14768779 1.495
-0.003022278 0.14768779 1.495
-0.00042483292 0.14798416 1.498
0.0021786769 0.14798416 1.498
0.0047821868 0.14798416 1.498
0.0073856968 0.14798416 1.498
0.0099892067 0.14798416 1.498
0.012567497 0.14768779 1.495
0.015165793 0.14768779 1.495
0.017764088 0.14768779 1.495
0.020321524 0.14739144 1.492
0.022914605 0.14739144 1.492
0.025507687 0.14739144 1.492
0.028100768 0.14739144 1.492
0.03069385 0.14739144 1.492
0.033286933 0.14739144 1.492
0.035880014 0.14739144 1.492
0.038473096 0.14739144 1.492
0.041066177 0.14739144 1.492
0.043659259 0.14739144 1.492
0.04625234 0.14739144 1.492
0.048845422 0.14739144 1.492
0.051438507 0.14739144 1.492
0.054031588 0.14739144 1.492
0.05662467 0.14739144 1.492
0.059217751 0.14739144 1.492
0.061810832 0.14739144 1.492
0.064403914 0.14739144 1.492
0.066996999 0.14739144 1.492
0.069590077 0.14739144 1.492
0.072183162 0.14739144 1.492
0.0749266 0.14768779 1.495
0.077524893 0.14768779 1.495
0.080123186 0.14768779 1.495
0.082887478 0.14798416 1.498
0.085490994 0.14798416 1.498
0.088094503 0.14798416 1.498
0.090698011 0.14798416 1.498
0.09330152 0.14798416 1.498
0.095905028 0.14798416 1.498
0.09831126 0.14768779 1.495
0.10090955 0.14768779 1.495
0.10350785 0.14768779 1.495
0.10589322 0.14739144 1.492
0.1084863 0.14739144 1.492
0.11107939 0.14739144 1.492
0.11367247 0.14739144 1.492
0.11626555 0.14739144 1.492
0.11885864 0.14739144 1.492
0.12169592 0.14768779 1.495
0.12429421 0.14768779 1.495
0.12689251 0.14768779 1.495
0.12949081 0.14768779 1.495
0.13208911 0.14768779 1.495
0.13468739 0.14768779 1.495
0.13728569 0.14768779 1.495
0.139884 0.14768779 1.495
0.14248228 0.14768779 1.495
0.14508058 0.14768779 1.495
0.14767888 0.14768779 1.495
0.020321524 0.14998451 1.492
0.022914605 0.14998451 1.492
0.025507687 0.14998451 1.492
0.028100768 0.14998451 1.492
0.03069385 0.14998451 1.492
0.033286933 0.14998451 1.492
0.035880014 0.14998451 1.492
0.038473096 0.14998451 1.492
0.041066177 0.14998451 1.492
0.043659259 0.14998451 1.492
0.04625234 0.14998451 1.492
0.048845422 0.14998451 1.492
0.051438507 0.14998451 1.492
0.054031588 0.14998451 1.492
0.05662467 0.14998451 1.492
0.059217751 0.14998451 1.492
0.061810832 0.14998451 1.492
0.064403914 0.14998451 1.492
0.066996999 0.14998451 1.492
0.069590077 0.14998451 1.492
0.072183162 0.14998451 1.492
0.10589322 0.14998451 1.492
0.1084863 0.14998451 1.492
0.11107939 0.14998451 1.492
0.11367247 0.14998451 1.492
0.11626555 0.14998451 1.492
